vtuber_id,name,name_en,platform,channel_id,channel_url,channel_name,followers,debut_date,affiliation,last_live_at,last_live_title,twitter_id,community_link,source,collected_at
WYe5yUR7db86Rbqf9H3q,샤르망,,youtube,UCiWqkt4_1wzWtvCuUAe0fTA,https://www.youtube.com/channel/UCiWqkt4_1wzWtvCuUAe0fTA,샤르망 [ Charmante ],6570,2023-11-19,,2026-09-01 12:00:05,12시 입중계 나히아 더이상 미룰 수 없다! [ 이브닛 ],charmante_owo,https://cafe.naver.com/godanssity,mysmallvtuber.net,2026-09-01T03:00:43Z
WYe5yUR7db86Rbqf9H3q,샤르망,,youtube,UC-Q-L_gwoOYsppZ3d8z1uJA,https://www.youtube.com/channel/UC-Q-L_gwoOYsppZ3d8z1uJA,샤르망 다시보기,2140,2023-11-19,,2026-09-01 12:00:05,12시 입중계 나히아 더이상 미룰 수 없다! [ 이브닛 ],charmante_owo,https://cafe.naver.com/godanssity,mysmallvtuber.net,2026-09-01T03:00:43Z
WYe5yUR7db86Rbqf9H3q,샤르망,,soop,owozzz,https://ch.sooplive.co.kr/owozzz,샤르망,41546,2023-11-19,,2026-09-01 12:00:05,12시 입중계 나히아 더이상 미룰 수 없다! [ 이브닛 ],charmante_owo,https://cafe.naver.com/godanssity,mysmallvtuber.net,2026-09-01T03:00:43Z
vDLyHP4jaefRSjHbAMc2,라벤_,,youtube,UCqmRlPCeFrYNEUyuf6_H5YA,https://www.youtube.com/channel/UCqmRlPCeFrYNEUyuf6_H5YA,라벤,20500,2022-02-23,,2026-09-01 11:53:03,[한보름] :: 본진 없는 오빵이 인누와잇💕즉방109💕,laven_d_0223,https://cafe.naver.com/lavend0710,mysmallvtuber.net,2026-09-01T03:00:43Z
vDLyHP4jaefRSjHbAMc2,라벤_,,youtube,UCyxmbWaGRgZKR4IknvAnCPw,https://www.youtube.com/channel/UCyxmbWaGRgZKR4IknvAnCPw,라벤더 밭,2150,2022-02-23,,2026-09-01 11:53:03,[한보름] :: 본진 없는 오빵이 인누와잇💕즉방109💕,laven_d_0223,https://cafe.naver.com/lavend0710,mysmallvtuber.net,2026-09-01T03:00:43Z
vDLyHP4jaefRSjHbAMc2,라벤_,,soop,lavend0710,https://ch.sooplive.co.kr/lavend0710,라벤_,4274,2022-02-23,,2026-09-01 11:53:03,[한보름] :: 본진 없는 오빵이 인누와잇💕즉방109💕,laven_d_0223,https://cafe.naver.com/lavend0710,mysmallvtuber.net,2026-09-01T03:00:43Z
ZHXWLtPv9X8wGsmzwLxa,쿠로카미 아우 Wishing,Wishing,youtube,UCTpSTKncfIevw7O9hAM62HQ,https://www.youtube.com/channel/UCTpSTKncfIevw7O9hAM62HQ,쿠로카미 아우,766,2024-08-04,,2026-09-01 11:59:03,노래해용🥰,wishing_awoo,https://cafe.naver.com/wishinglive,mysmallvtuber.net,2026-09-01T03:00:43Z
ZHXWLtPv9X8wGsmzwLxa,쿠로카미 아우 Wishing,Wishing,youtube,UCh8mdWEcyyu0r49bJmdF1BA,https://www.youtube.com/channel/UCh8mdWEcyyu0r49bJmdF1BA,아우 다시보기,140,2024-08-04,,2026-09-01 11:59:03,노래해용🥰,wishing_awoo,https://cafe.naver.com/wishinglive,mysmallvtuber.net,2026-09-01T03:00:43Z
ZHXWLtPv9X8wGsmzwLxa,쿠로카미 아우 Wishing,Wishing,chzzk,87ab79cf66adbbba8dc854ff8a030636,https://chzzk.naver.com/87ab79cf66adbbba8dc854ff8a030636,쿠로카미 아우 Wishing,3011,2024-08-04,,2026-09-01 11:59:03,노래해용🥰,wishing_awoo,https://cafe.naver.com/wishinglive,mysmallvtuber.net,2026-09-01T03:00:43Z
n4SU9PrSgUR5HMZeTTQp,빵룽,,youtube,UCVWZqtCQeIAWYmLj4-VAo8w,https://www.youtube.com/channel/UCVWZqtCQeIAWYmLj4-VAo8w,빵룽,22900,2019-01-12,,2026-09-01 12:00:05,✿ 일찍 일어난 여우는 피곤하다 🫠,roong__2,https://cafe.naver.com/roongcafe,mysmallvtuber.net,2026-09-01T03:00:43Z
n4SU9PrSgUR5HMZeTTQp,빵룽,,youtube,UCb6KXs7_WH6L0tI0DiKv1SA,https://www.youtube.com/channel/UCb6KXs7_WH6L0tI0DiKv1SA,빵룽 되새김질,4590,2019-01-12,,2026-09-01 12:00:05,✿ 일찍 일어난 여우는 피곤하다 🫠,roong__2,https://cafe.naver.com/roongcafe,mysmallvtuber.net,2026-09-01T03:00:43Z
n4SU9PrSgUR5HMZeTTQp,빵룽,,chzzk,a3c5623862d0d1dda383f5efbc39c6f4,https://chzzk.naver.com/a3c5623862d0d1dda383f5efbc39c6f4,빵룽,20635,2019-01-12,,2026-09-01 12:00:05,✿ 일찍 일어난 여우는 피곤하다 🫠,roong__2,https://cafe.naver.com/roongcafe,mysmallvtuber.net,2026-09-01T03:00:43Z
jRTKQSwNjxKKPCPkLEdD,나유타Nayuta,Nayuta,youtube,UCnUUx5um7SzSgv56Z7tNxNw,https://www.youtube.com/channel/UCnUUx5um7SzSgv56Z7tNxNw,나유타Nayuta,31800,2025-02-10,,2026-09-01 11:56:03,❗❗❗❗❗❗2 4 시 간 방 송 ❗❗❗❗❗❗,gnlvld_22,https://discord.com/invite/mBebXMBq2c,mysmallvtuber.net,2026-09-01T03:00:43Z
jRTKQSwNjxKKPCPkLEdD,나유타Nayuta,Nayuta,chzzk,75293eddfa6275b8653e20ef9edddee9,https://chzzk.naver.com/75293eddfa6275b8653e20ef9edddee9,나유타Nayuta,3101,2025-02-10,,2026-09-01 11:56:03,❗❗❗❗❗❗2 4 시 간 방 송 ❗❗❗❗❗❗,gnlvld_22,https://discord.com/invite/mBebXMBq2c,mysmallvtuber.net,2026-09-01T03:00:43Z
ZMcLK9xTUEQgCdVptxnS,마리엘,,youtube,UCZNjPT1roGsJWpyk0PUf8eg,https://www.youtube.com/channel/UCZNjPT1roGsJWpyk0PUf8eg,마리엘,11800,2024-12-24,,2026-09-01 11:52:03,[모아이] 아침 힐링소통 (33/330),S2_Mariel,https://cafe.naver.com/elverland,mysmallvtuber.net,2026-09-01T03:00:43Z
ZMcLK9xTUEQgCdVptxnS,마리엘,,soop,s2mariel,https://ch.sooplive.co.kr/s2mariel,마리엘,1670,2024-12-24,,2026-09-01 11:52:03,[모아이] 아침 힐링소통 (33/330),S2_Mariel,https://cafe.naver.com/elverland,mysmallvtuber.net,2026-09-01T03:00:43Z
wuC565QuSCJsMtAbqFKR,힌콕,,youtube,UC6mjfW-hFicoie2ZT5IUVGA,https://www.youtube.com/channel/UC6mjfW-hFicoie2ZT5IUVGA,힌콕 HINQOC,10800,,,2026-09-01 11:56:03,17시간 회의 후 방송으로 피신,hinqocorv,,mysmallvtuber.net,2026-09-01T03:00:43Z
wuC565QuSCJsMtAbqFKR,힌콕,,soop,hinqocorv,https://ch.sooplive.co.kr/hinqocorv,힌콕,12047,,,2026-09-01 11:56:03,17시간 회의 후 방송으로 피신,hinqocorv,,mysmallvtuber.net,2026-09-01T03:00:43Z
fg3ygwr3WBvD2GDksR7T,뮤리벨렌,,youtube,UCL-Grc9abeU61MyN7-2CVhQ,https://www.youtube.com/channel/UCL-Grc9abeU61MyN7-2CVhQ,뮤리벨렌 베타,502,2024-08-01,,2026-09-01 11:58:03,히히,baleine0501,https://cafe.naver.com/baleine0501,mysmallvtuber.net,2026-09-01T03:00:43Z
fg3ygwr3WBvD2GDksR7T,뮤리벨렌,,youtube,UC4BQnAIQr1-pp3rSrCGgdgw,https://www.youtube.com/channel/UC4BQnAIQr1-pp3rSrCGgdgw,뮤리보기,201,2024-08-01,,2026-09-01 11:58:03,히히,baleine0501,https://cafe.naver.com/baleine0501,mysmallvtuber.net,2026-09-01T03:00:43Z
fg3ygwr3WBvD2GDksR7T,뮤리벨렌,,chzzk,92bfebace004726ea337b3b911f579fe,https://chzzk.naver.com/92bfebace004726ea337b3b911f579fe,뮤리벨렌,3326,2024-08-01,,2026-09-01 11:58:03,히히,baleine0501,https://cafe.naver.com/baleine0501,mysmallvtuber.net,2026-09-01T03:00:43Z
jFzMqR2jFtSUjd29U5g6,백소라♪,,soop,whitesora,https://ch.sooplive.co.kr/whitesora,백소라♪,1170,2025-08-02,,2026-09-01 11:53:03,포켓몬 카드깡 / TCG 카드 시뮬레이터 [비키니 방셀ㅣ!룰렛ㅣ즐찾 노래 ],,,mysmallvtuber.net,2026-09-01T03:00:43Z
YSWnhqgVNtjPnPHmmnTz,미니멜로,,youtube,UC8vRXCc8WyRfJijmMrbEgMQ,https://www.youtube.com/channel/UC8vRXCc8WyRfJijmMrbEgMQ,미니멜로,18400,2025-02-14,,2026-09-01 11:55:04,햐🍓,luyminy,https://cafe.naver.com/minimallow,mysmallvtuber.net,2026-09-01T03:00:43Z
YSWnhqgVNtjPnPHmmnTz,미니멜로,,youtube,UCR88yyw5P5sgUJOw_ZDln6g,https://www.youtube.com/channel/UCR88yyw5P5sgUJOw_ZDln6g,미니멜로 도서관,22900,2025-02-14,,2026-09-01 11:55:04,햐🍓,luyminy,https://cafe.naver.com/minimallow,mysmallvtuber.net,2026-09-01T03:00:43Z
YSWnhqgVNtjPnPHmmnTz,미니멜로,,chzzk,e4b12ad6a22d3e8d1dd8a79522cca667,https://chzzk.naver.com/e4b12ad6a22d3e8d1dd8a79522cca667,미니멜로,18514,2025-02-14,,2026-09-01 11:55:04,햐🍓,luyminy,https://cafe.naver.com/minimallow,mysmallvtuber.net,2026-09-01T03:00:43Z
ua2U3DTKHVeCeHBUGPAM,테 테,,youtube,UCY_QriYZx5S98JMtXwl-A6g,https://www.youtube.com/channel/UCY_QriYZx5S98JMtXwl-A6g,테테,551,,,2026-09-01 12:00:05,[ʚ🩷ɞ] ꉂ(˶ˊᗜˋ˶) 초월자 갈 수 있을까?🩷,,https://cafe.naver.com/tete0701,mysmallvtuber.net,2026-09-01T03:00:43Z
ua2U3DTKHVeCeHBUGPAM,테 테,,chzzk,af51552244c8bdc6d3a8202303554377,https://chzzk.naver.com/af51552244c8bdc6d3a8202303554377,테 테,1726,,,2026-09-01 12:00:05,[ʚ🩷ɞ] ꉂ(˶ˊᗜˋ˶) 초월자 갈 수 있을까?🩷,,https://cafe.naver.com/tete0701,mysmallvtuber.net,2026-09-01T03:00:43Z
hrXAHNf6UEupzGzeCYWJ,야튀,,youtube,UCMPF2NqOor1fm2Dr4wD6F7A,https://www.youtube.com/channel/UCMPF2NqOor1fm2Dr4wD6F7A,야튀,7060,2023-03-25,,2026-09-01 11:58:03,올림포스 가디언 같이볼사람?💜,,https://cafe.naver.com/tiyas2,mysmallvtuber.net,2026-09-01T03:00:43Z
hrXAHNf6UEupzGzeCYWJ,야튀,,chzzk,aaeef066de9c7ccf3693297a45ab9d9d,https://chzzk.naver.com/aaeef066de9c7ccf3693297a45ab9d9d,야튀,11278,2023-03-25,,2026-09-01 11:58:03,올림포스 가디언 같이볼사람?💜,,https://cafe.naver.com/tiyas2,mysmallvtuber.net,2026-09-01T03:00:43Z
sATSZwsE6WLFTpzSVuRF,위즐리어카,,youtube,UChBGp_7Sef_037Tvz09WKqw,https://www.youtube.com/channel/UChBGp_7Sef_037Tvz09WKqw,위즐리어카,2710,2023-09-16,,2026-09-01 11:57:03,🦔 한 달 만이구나! 얘들아 푸하하~ 💛,How_wizl,https://cafe.naver.com/vhowstoryv,mysmallvtuber.net,2026-09-01T03:00:43Z
sATSZwsE6WLFTpzSVuRF,위즐리어카,,youtube,UCH8LbMKc7W4HtkjSmtzSLzA,https://www.youtube.com/channel/UCH8LbMKc7W4HtkjSmtzSLzA,위즐이는 게이머가 될 거야,547,2023-09-16,,2026-09-01 11:57:03,🦔 한 달 만이구나! 얘들아 푸하하~ 💛,How_wizl,https://cafe.naver.com/vhowstoryv,mysmallvtuber.net,2026-09-01T03:00:43Z
sATSZwsE6WLFTpzSVuRF,위즐리어카,,chzzk,e43e57d18238478ab373d447b8017d36,https://chzzk.naver.com/e43e57d18238478ab373d447b8017d36,위즐리어카,2951,2023-09-16,,2026-09-01 11:57:03,🦔 한 달 만이구나! 얘들아 푸하하~ 💛,How_wizl,https://cafe.naver.com/vhowstoryv,mysmallvtuber.net,2026-09-01T03:00:43Z
rWfYBA6CsVw9bsJdmDs3,튜베로즈n월하향,n,youtube,UC-gINOq3-5Bpoe2abkIwNYw,https://www.youtube.com/channel/UC-gINOq3-5Bpoe2abkIwNYw,튜베로즈🦋🌿,128,2024-06-16,,2026-09-01 11:53:03,"[다정한 화원, 즐거운 휴식처] 출근 전 나푸리🦋🌿와 함께하는 스터디 윗 미",Tuberose_Fairy,https://discord.gg/pbjeSHAcxc,mysmallvtuber.net,2026-09-01T03:00:43Z
rWfYBA6CsVw9bsJdmDs3,튜베로즈n월하향,n,chzzk,43602c4b1877b8eec7d5c0fbe18be59b,https://chzzk.naver.com/43602c4b1877b8eec7d5c0fbe18be59b,튜베로즈n월하향,310,2024-06-16,,2026-09-01 11:53:03,"[다정한 화원, 즐거운 휴식처] 출근 전 나푸리🦋🌿와 함께하는 스터디 윗 미",Tuberose_Fairy,https://discord.gg/pbjeSHAcxc,mysmallvtuber.net,2026-09-01T03:00:43Z
NDkTNpwWUrrpzzFXUeVP,이루희,,youtube,UCIRgBxEeYZLBDtPiNYyIvQw,https://www.youtube.com/channel/UCIRgBxEeYZLBDtPiNYyIvQw,이루희 RUHEE,808,2025-05-31,,2026-09-01 11:54:03,아침 오빵이들 월루맛집 33/330(12연차+즉방),,https://cafe.naver.com/mingkymya,mysmallvtuber.net,2026-09-01T03:00:43Z
NDkTNpwWUrrpzzFXUeVP,이루희,,soop,mingkymya,https://ch.sooplive.co.kr/mingkymya,이루희,3810,2025-05-31,,2026-09-01 11:54:03,아침 오빵이들 월루맛집 33/330(12연차+즉방),,https://cafe.naver.com/mingkymya,mysmallvtuber.net,2026-09-01T03:00:43Z
BLXmj4CjVdNCFgmXNZVD,네링_,,youtube,UCv9anYV9oUDxz7iXVDJfRnQ,https://www.youtube.com/channel/UCv9anYV9oUDxz7iXVDJfRnQ,네링 Music Official,8150,2022-03-20,,2026-09-01 11:16:03,[메르헨] 첫 방송,Nering_HR,https://cafe.naver.com/marchenfancafe,mysmallvtuber.net,2026-09-01T03:00:43Z
BLXmj4CjVdNCFgmXNZVD,네링_,,youtube,UCo38e_LMkt6czhFNrKZXaTg,https://www.youtube.com/channel/UCo38e_LMkt6czhFNrKZXaTg,링구링구,493,2022-03-20,,2026-09-01 11:16:03,[메르헨] 첫 방송,Nering_HR,https://cafe.naver.com/marchenfancafe,mysmallvtuber.net,2026-09-01T03:00:43Z
BLXmj4CjVdNCFgmXNZVD,네링_,,soop,nering0117,https://ch.sooplive.co.kr/nering0117,네링_,4742,2022-03-20,,2026-09-01 11:16:03,[메르헨] 첫 방송,Nering_HR,https://cafe.naver.com/marchenfancafe,mysmallvtuber.net,2026-09-01T03:00:43Z
aQeqP73P9Qc8rFy9abV3,가도아,,youtube,UCGWx0o6nS9XbLPIXYFDajQA,https://www.youtube.com/channel/UCGWx0o6nS9XbLPIXYFDajQA,가도아 _ 돠의 스타레일 채널,6060,2024-12-07,,2026-09-01 11:57:03,돠의 무료 계정상담 & 대리클! (4.5 이상중재 도와드려요!),,https://cafe.naver.com/gogodoa,mysmallvtuber.net,2026-09-01T03:00:43Z
aQeqP73P9Qc8rFy9abV3,가도아,,chzzk,8088ba35af7d2a4776590fbcc1d5a462,https://chzzk.naver.com/8088ba35af7d2a4776590fbcc1d5a462,가도아,2078,2024-12-07,,2026-09-01 11:57:03,돠의 무료 계정상담 & 대리클! (4.5 이상중재 도와드려요!),,https://cafe.naver.com/gogodoa,mysmallvtuber.net,2026-09-01T03:00:43Z
qErmPHWrXWPft9sD1Qwp,월야화랑,,youtube,UCLt5k6GHxK-wt5ZsXOcAmKg,https://www.youtube.com/channel/UCLt5k6GHxK-wt5ZsXOcAmKg,월야화랑,4010,2021-01-25,,2026-09-01 11:54:03,[ 명조 ] 제발 튕기지만 말아다오!! 9월도 잘 부탁드립니다! 3장 2막,wolyahwalang,https://cafe.naver.com/wolyahwalang,mysmallvtuber.net,2026-09-01T03:00:43Z
qErmPHWrXWPft9sD1Qwp,월야화랑,,youtube,UCwp5_o8fcJ4Nh9qUqCWl1Kw,https://www.youtube.com/channel/UCwp5_o8fcJ4Nh9qUqCWl1Kw,월야화랑 다시보기,593,2021-01-25,,2026-09-01 11:54:03,[ 명조 ] 제발 튕기지만 말아다오!! 9월도 잘 부탁드립니다! 3장 2막,wolyahwalang,https://cafe.naver.com/wolyahwalang,mysmallvtuber.net,2026-09-01T03:00:43Z
qErmPHWrXWPft9sD1Qwp,월야화랑,,chzzk,3553849193a26f157ba0b83d6ea1857d,https://chzzk.naver.com/3553849193a26f157ba0b83d6ea1857d,월야화랑,3921,2021-01-25,,2026-09-01 11:54:03,[ 명조 ] 제발 튕기지만 말아다오!! 9월도 잘 부탁드립니다! 3장 2막,wolyahwalang,https://cafe.naver.com/wolyahwalang,mysmallvtuber.net,2026-09-01T03:00:43Z
JBdr8psdu6j87h3FpcsZ,바또랑,,youtube,UChTu7_a-f8yvxaOK-02_QYg,https://www.youtube.com/channel/UChTu7_a-f8yvxaOK-02_QYg,바또랑 【이매방랑】,2780,,,2026-09-01 11:38:03,경 🎊 베스트 스트리머 🎊 축,,https://cafe.naver.com/imaebanglang,mysmallvtuber.net,2026-09-01T03:00:43Z
JBdr8psdu6j87h3FpcsZ,바또랑,,soop,bttolang,https://ch.sooplive.co.kr/bttolang,바또랑,1053,,,2026-09-01 11:38:03,경 🎊 베스트 스트리머 🎊 축,,https://cafe.naver.com/imaebanglang,mysmallvtuber.net,2026-09-01T03:00:43Z
ds9AxAE7WNf7W6XHuUdB,유메노 모코,,chzzk,be5a6639bbe6886288d26ac8be73469f,https://chzzk.naver.com/be5a6639bbe6886288d26ac8be73469f,유메노 모코,265,,,2026-09-01 11:19:03,"무료 계정상담 및 대리클(시련, 고위험, 궤도)",,,mysmallvtuber.net,2026-09-01T03:00:43Z
8jfpmr7FnZsYwE7pnhuK,김 데쿠,,youtube,UCJ9cZCz0O5as4c8m2S8HCtg,https://www.youtube.com/channel/UCJ9cZCz0O5as4c8m2S8HCtg,데쿠 Deku,587,2023-01-05,,2026-09-01 11:52:03,안뇽하세여 ϵ( ‘◇’ )϶,,https://cafe.naver.com/dekuzzang,mysmallvtuber.net,2026-09-01T03:00:43Z
8jfpmr7FnZsYwE7pnhuK,김 데쿠,,chzzk,aacb6131c12f38adb9c22943c15ac761,https://chzzk.naver.com/aacb6131c12f38adb9c22943c15ac761,김 데쿠,1762,2023-01-05,,2026-09-01 11:52:03,안뇽하세여 ϵ( ‘◇’ )϶,,https://cafe.naver.com/dekuzzang,mysmallvtuber.net,2026-09-01T03:00:43Z
S599dTykFBEhNKEZ8n64,손냐미强,,youtube,UCM191-N8PgQ1BYMGNTK-h7Q,https://www.youtube.com/channel/UCM191-N8PgQ1BYMGNTK-h7Q,손냐미,1440,2022-07-11,,2026-09-01 11:54:03,9월도 잘부탁할게,S_nyami_,https://discord.com/invite/DpmEaD3zJH,mysmallvtuber.net,2026-09-01T03:00:43Z
S599dTykFBEhNKEZ8n64,손냐미强,,soop,snyami,https://ch.sooplive.co.kr/snyami,손냐미强,4424,2022-07-11,,2026-09-01 11:54:03,9월도 잘부탁할게,S_nyami_,https://discord.com/invite/DpmEaD3zJH,mysmallvtuber.net,2026-09-01T03:00:43Z
SpBQp456yB2AvJZTKNHu,실키아,,youtube,UC9T6mWOyYRYLb9J7YmDuGMw,https://www.youtube.com/channel/UC9T6mWOyYRYLb9J7YmDuGMw,실키아,1600,2022-06-17,,2026-09-01 11:58:03,아침은 역시 이터널 리턴이지! (버튜버 롤 대회 인원 모집 중),Silkia_Vtuber,,mysmallvtuber.net,2026-09-01T03:00:43Z
SpBQp456yB2AvJZTKNHu,실키아,,chzzk,f9f5fda096ff44d36127036cd18b0db2,https://chzzk.naver.com/f9f5fda096ff44d36127036cd18b0db2,실키아,1590,2022-06-17,,2026-09-01 11:58:03,아침은 역시 이터널 리턴이지! (버튜버 롤 대회 인원 모집 중),Silkia_Vtuber,,mysmallvtuber.net,2026-09-01T03:00:43Z
mFH8R6XM5wMJQRgcHCNg,로쥬마리,,youtube,UCe-bh49zSgiNuP5Ani7xuOA,https://www.youtube.com/channel/UCe-bh49zSgiNuP5Ani7xuOA,로쥬마리 Rozyumari,5380,2021-07-21,,2026-09-01 11:54:03,why성과사춘기를 더 재미있게 본 여자의 올림포스 가디언 같이보기! 16화부터~ ٩ʕ◕౪◕ʔو,,https://cafe.naver.com/marifancafe,mysmallvtuber.net,2026-09-01T03:00:43Z
mFH8R6XM5wMJQRgcHCNg,로쥬마리,,youtube,UC7fsMs4UxQYrS1W2fmkKxCw,https://www.youtube.com/channel/UC7fsMs4UxQYrS1W2fmkKxCw,롱쥬마리,508,2021-07-21,,2026-09-01 11:54:03,why성과사춘기를 더 재미있게 본 여자의 올림포스 가디언 같이보기! 16화부터~ ٩ʕ◕౪◕ʔو,,https://cafe.naver.com/marifancafe,mysmallvtuber.net,2026-09-01T03:00:43Z
mFH8R6XM5wMJQRgcHCNg,로쥬마리,,chzzk,d7fcdd7413c90d58e81f4720273795b2,https://chzzk.naver.com/d7fcdd7413c90d58e81f4720273795b2,로쥬마리,4010,2021-07-21,,2026-09-01 11:54:03,why성과사춘기를 더 재미있게 본 여자의 올림포스 가디언 같이보기! 16화부터~ ٩ʕ◕౪◕ʔو,,https://cafe.naver.com/marifancafe,mysmallvtuber.net,2026-09-01T03:00:43Z
V6k4CKrHYES4Dejt2kUY,도월하,,youtube,UCt8qot21__2n65Bezy5Qj2g,https://www.youtube.com/channel/UCt8qot21__2n65Bezy5Qj2g,도월하,579,2024-05-12,,2026-09-01 11:54:03,❤️스치면 열혈❤️33/즉방201/330(11연차),dowolha,https://cafe.naver.com/twitchwolha,mysmallvtuber.net,2026-09-01T03:00:43Z
V6k4CKrHYES4Dejt2kUY,도월하,,youtube,UCapfXBOkITHbhjya7fG4X7g,https://www.youtube.com/channel/UCapfXBOkITHbhjya7fG4X7g,도월하의 다시보기,45,2024-05-12,,2026-09-01 11:54:03,❤️스치면 열혈❤️33/즉방201/330(11연차),dowolha,https://cafe.naver.com/twitchwolha,mysmallvtuber.net,2026-09-01T03:00:43Z
V6k4CKrHYES4Dejt2kUY,도월하,,soop,soya4567,https://ch.sooplive.co.kr/soya4567,도월하,1104,2024-05-12,,2026-09-01 11:54:03,❤️스치면 열혈❤️33/즉방201/330(11연차),dowolha,https://cafe.naver.com/twitchwolha,mysmallvtuber.net,2026-09-01T03:00:43Z
JFp5RebCwuxGTRLJ2TKR,루리 아야카,,youtube,UCkRNsXosDEql33E3ekgbB2Q,https://www.youtube.com/channel/UCkRNsXosDEql33E3ekgbB2Q,루리 아야캬 瑠璃 あやか,323,2026-05-30,,2026-09-01 11:14:03,"【신입】1,000팔 도와주세요!! 명조 3장부터 시작합니다~",Lurie_Ayaka0,https://cafe.naver.com/lurieayaka,mysmallvtuber.net,2026-09-01T03:00:43Z
JFp5RebCwuxGTRLJ2TKR,루리 아야카,,youtube,UCoXAU-CSgm7RosDTaglLCKg,https://www.youtube.com/channel/UCoXAU-CSgm7RosDTaglLCKg,아야카의 비밀창고,68,2026-05-30,,2026-09-01 11:14:03,"【신입】1,000팔 도와주세요!! 명조 3장부터 시작합니다~",Lurie_Ayaka0,https://cafe.naver.com/lurieayaka,mysmallvtuber.net,2026-09-01T03:00:43Z
JFp5RebCwuxGTRLJ2TKR,루리 아야카,,chzzk,ee2d75e01aeaac998017817f7b263c09,https://chzzk.naver.com/ee2d75e01aeaac998017817f7b263c09,루리 아야카,551,2026-05-30,,2026-09-01 11:14:03,"【신입】1,000팔 도와주세요!! 명조 3장부터 시작합니다~",Lurie_Ayaka0,https://cafe.naver.com/lurieayaka,mysmallvtuber.net,2026-09-01T03:00:43Z
wheRthq84WY88FcEySuK,첼시냥,,youtube,UC2ySLm9Jf7BF3OfkGhhjSxA,https://www.youtube.com/channel/UC2ySLm9Jf7BF3OfkGhhjSxA,첼시냥,965,2024-11-22,,2026-09-01 10:03:03,안녕하세요? (신의상 룰렛🎰33/149),chelsea_me0w,,mysmallvtuber.net,2026-09-01T03:00:43Z
wheRthq84WY88FcEySuK,첼시냥,,youtube,UC-DR-LVRTMS5sNLZ2M3wtSg,https://www.youtube.com/channel/UC-DR-LVRTMS5sNLZ2M3wtSg,숨겨진 냥이의 일기장,72,2024-11-22,,2026-09-01 10:03:03,안녕하세요? (신의상 룰렛🎰33/149),chelsea_me0w,,mysmallvtuber.net,2026-09-01T03:00:43Z
wheRthq84WY88FcEySuK,첼시냥,,soop,chelseanya,https://ch.sooplive.co.kr/chelseanya,첼시냥,2074,2024-11-22,,2026-09-01 10:03:03,안녕하세요? (신의상 룰렛🎰33/149),chelsea_me0w,,mysmallvtuber.net,2026-09-01T03:00:43Z
hvX2aMhXV56XzXydGCsr,ㅎㄹㄹㅎㄹㄹ,,youtube,UCYjx0U22SkRH4ENX-oKc_yw,https://www.youtube.com/channel/UCYjx0U22SkRH4ENX-oKc_yw,ㅎㄹㄹ,3580,2025-05-26,,2026-09-01 11:02:03,잘잤어? 오전지킴이 와떠🤍,,https://cafe.naver.com/hrrhrr,mysmallvtuber.net,2026-09-01T03:00:43Z
hvX2aMhXV56XzXydGCsr,ㅎㄹㄹㅎㄹㄹ,,youtube,UCq34TX7ucXB3UrqUzaEopEQ,https://www.youtube.com/channel/UCq34TX7ucXB3UrqUzaEopEQ,호로롱,152,2025-05-26,,2026-09-01 11:02:03,잘잤어? 오전지킴이 와떠🤍,,https://cafe.naver.com/hrrhrr,mysmallvtuber.net,2026-09-01T03:00:43Z
hvX2aMhXV56XzXydGCsr,ㅎㄹㄹㅎㄹㄹ,,chzzk,733ac918d624f6034f8786efc318e433,https://chzzk.naver.com/733ac918d624f6034f8786efc318e433,ㅎㄹㄹㅎㄹㄹ,6018,2025-05-26,,2026-09-01 11:02:03,잘잤어? 오전지킴이 와떠🤍,,https://cafe.naver.com/hrrhrr,mysmallvtuber.net,2026-09-01T03:00:43Z
q3jkcLsCwsJ2AXdLZMSK,뿌요,,youtube,UCau7akR1H0oGFBt7V_Ux03g,https://www.youtube.com/channel/UCau7akR1H0oGFBt7V_Ux03g,뿌요ぷよ,2110,2022-10-22,,2026-09-01 11:51:03,아침 뿌요~ 9월 룰렛 오픈! 33/330,puyo_online,,mysmallvtuber.net,2026-09-01T03:00:43Z
q3jkcLsCwsJ2AXdLZMSK,뿌요,,soop,puyo0805,https://ch.sooplive.co.kr/puyo0805,뿌요,3553,2022-10-22,,2026-09-01 11:51:03,아침 뿌요~ 9월 룰렛 오픈! 33/330,puyo_online,,mysmallvtuber.net,2026-09-01T03:00:43Z
hqnfhg5dPUbbZL5L7gkW,이 아니,,youtube,UC9LG1vUDTffjYNwPKzTFyrA,https://www.youtube.com/channel/UC9LG1vUDTffjYNwPKzTFyrA,아니 노래 한다니깐,5610,2022-11-13,,2026-09-01 11:44:03,새로운 노동을 해볼까? 이세계는 무엇일까..,lee_a_ni,https://cafe.naver.com/goldanghome,mysmallvtuber.net,2026-09-01T03:00:43Z
hqnfhg5dPUbbZL5L7gkW,이 아니,,youtube,UCccyieaT-GL8_5z1CLCIuvg,https://www.youtube.com/channel/UCccyieaT-GL8_5z1CLCIuvg,이아니 VOD,3760,2022-11-13,,2026-09-01 11:44:03,새로운 노동을 해볼까? 이세계는 무엇일까..,lee_a_ni,https://cafe.naver.com/goldanghome,mysmallvtuber.net,2026-09-01T03:00:43Z
hqnfhg5dPUbbZL5L7gkW,이 아니,,chzzk,eef5c2238f1667a915855c644ac4f975,https://chzzk.naver.com/eef5c2238f1667a915855c644ac4f975,이 아니,9250,2022-11-13,,2026-09-01 11:44:03,새로운 노동을 해볼까? 이세계는 무엇일까..,lee_a_ni,https://cafe.naver.com/goldanghome,mysmallvtuber.net,2026-09-01T03:00:43Z
QmPTVYNyvB4msc23Yrcj,냥슈 CATSHU,CATSHU,youtube,UCPg2jbReZg9lRnENI2o6kEw,https://www.youtube.com/channel/UCPg2jbReZg9lRnENI2o6kEw,냥슈 CATSHU,135,2026-08-16,,2026-09-01 09:05:06,출근길 오전 라디오 ~ ^^ ;,nyangsyu118412,https://cafe.naver.com/catshubagi,mysmallvtuber.net,2026-09-01T03:00:43Z
QmPTVYNyvB4msc23Yrcj,냥슈 CATSHU,CATSHU,youtube,UC57YVIR0mxzIq8DGLok9QlQ,https://www.youtube.com/channel/UC57YVIR0mxzIq8DGLok9QlQ,냥슈 다시보기,71,2026-08-16,,2026-09-01 09:05:06,출근길 오전 라디오 ~ ^^ ;,nyangsyu118412,https://cafe.naver.com/catshubagi,mysmallvtuber.net,2026-09-01T03:00:43Z
QmPTVYNyvB4msc23Yrcj,냥슈 CATSHU,CATSHU,chzzk,c662c103aed2b541487e1aaaa44bc4ec,https://chzzk.naver.com/c662c103aed2b541487e1aaaa44bc4ec,냥슈 CATSHU,687,2026-08-16,,2026-09-01 09:05:06,출근길 오전 라디오 ~ ^^ ;,nyangsyu118412,https://cafe.naver.com/catshubagi,mysmallvtuber.net,2026-09-01T03:00:43Z
yS4Rj88VLqXTqAHZQMwK,해블린,,youtube,UCm8cHb6dLX6ZpDsV1DevNFA,https://www.youtube.com/channel/UCm8cHb6dLX6ZpDsV1DevNFA,해블린,7440,2021-09-16,,2026-09-01 11:54:03,모닝 구구덕 이게 되네,haevelyn__,https://cafe.naver.com/haevelyn,mysmallvtuber.net,2026-09-01T03:00:43Z
yS4Rj88VLqXTqAHZQMwK,해블린,,youtube,UC2vzJvtMCP-hmOwEkgVUw4g,https://www.youtube.com/channel/UC2vzJvtMCP-hmOwEkgVUw4g,해블린풀코스,863,2021-09-16,,2026-09-01 11:54:03,모닝 구구덕 이게 되네,haevelyn__,https://cafe.naver.com/haevelyn,mysmallvtuber.net,2026-09-01T03:00:43Z
yS4Rj88VLqXTqAHZQMwK,해블린,,chzzk,e14259667937be6e561d28ab156718be,https://chzzk.naver.com/e14259667937be6e561d28ab156718be,해블린,33229,2021-09-16,,2026-09-01 11:54:03,모닝 구구덕 이게 되네,haevelyn__,https://cafe.naver.com/haevelyn,mysmallvtuber.net,2026-09-01T03:00:43Z
GJxnUxhqdYa5cmDb2m3P,쥬리JURI,JURI,youtube,UCz1TErEM6UyBkvmmFFbCT8g,https://www.youtube.com/channel/UCz1TErEM6UyBkvmmFFbCT8g,쥬리,394,2024-09-30,,2026-09-01 10:59:03,2장 8막,,https://cafe.naver.com/wbfljuri,mysmallvtuber.net,2026-09-01T03:00:43Z
GJxnUxhqdYa5cmDb2m3P,쥬리JURI,JURI,chzzk,5736d20e3e18afc5408e9b54190e6c16,https://chzzk.naver.com/5736d20e3e18afc5408e9b54190e6c16,쥬리JURI,1708,2024-09-30,,2026-09-01 10:59:03,2장 8막,,https://cafe.naver.com/wbfljuri,mysmallvtuber.net,2026-09-01T03:00:43Z
5hkbffVfsT4kUnFM9c9p,베쿠♬,,youtube,UCNt2oeh3zRRcvWihLriecMA,https://www.youtube.com/channel/UCNt2oeh3zRRcvWihLriecMA,베쿠 / BEKU,694,2023-10-24,,2026-09-01 10:28:02,9월1일입니다얼른일어나서저에게리캡을제출하세요,,,mysmallvtuber.net,2026-09-01T03:00:43Z
5hkbffVfsT4kUnFM9c9p,베쿠♬,,soop,bekuku,https://ch.sooplive.co.kr/bekuku,베쿠♬,2705,2023-10-24,,2026-09-01 10:28:02,9월1일입니다얼른일어나서저에게리캡을제출하세요,,,mysmallvtuber.net,2026-09-01T03:00:43Z
SCU99nhkZcqLq9QLGGvm,하라페코 모모모 Wishing,Wishing,youtube,UCZ1ZNMMScd8i3PK7qmU1zaA,https://www.youtube.com/channel/UCZ1ZNMMScd8i3PK7qmU1zaA,하라페코 모모모,1930,2024-08-04,,2026-09-01 09:57:03,학교가기싫다,wishing_momomo,https://cafe.naver.com/wishinglive,mysmallvtuber.net,2026-09-01T03:00:43Z
SCU99nhkZcqLq9QLGGvm,하라페코 모모모 Wishing,Wishing,youtube,UClsWwCjGMC9_K-QtDLBs8Uw,https://www.youtube.com/channel/UClsWwCjGMC9_K-QtDLBs8Uw,모모모 다시보기,927,2024-08-04,,2026-09-01 09:57:03,학교가기싫다,wishing_momomo,https://cafe.naver.com/wishinglive,mysmallvtuber.net,2026-09-01T03:00:43Z
SCU99nhkZcqLq9QLGGvm,하라페코 모모모 Wishing,Wishing,chzzk,cc111c664f8e6a2ce297fd9a52db5636,https://chzzk.naver.com/cc111c664f8e6a2ce297fd9a52db5636,하라페코 모모모 Wishing,8004,2024-08-04,,2026-09-01 09:57:03,학교가기싫다,wishing_momomo,https://cafe.naver.com/wishinglive,mysmallvtuber.net,2026-09-01T03:00:43Z
nDmEG57u6XpyMwrkABpZ,일오 채널,,youtube,UC9K23k9FslXmO_Hzp4I_EVA,https://www.youtube.com/channel/UC9K23k9FslXmO_Hzp4I_EVA,일오,443,2024-11-01,,2026-09-01 11:56:03,🐭 저격 방송! 히트맨 처음 하는 일오의 암살 일지,15f_Vtuber,https://cafe.naver.com/15lovesyou,mysmallvtuber.net,2026-09-01T03:00:43Z
nDmEG57u6XpyMwrkABpZ,일오 채널,,chzzk,97bf6a96e19616aba1a5f95e5dc0a901,https://chzzk.naver.com/97bf6a96e19616aba1a5f95e5dc0a901,일오 채널,3515,2024-11-01,,2026-09-01 11:56:03,🐭 저격 방송! 히트맨 처음 하는 일오의 암살 일지,15f_Vtuber,https://cafe.naver.com/15lovesyou,mysmallvtuber.net,2026-09-01T03:00:43Z
KZ99yyqfC5hfpLMgJ252,감 규 리,,youtube,UCKkIXeVBdRv_eobk1dTAczg,https://www.youtube.com/channel/UCKkIXeVBdRv_eobk1dTAczg,감규리,153000,2022-02-02,,2026-09-01 10:44:03,자다깨서 롤체(⩌⩊⩌),Gam2gyuri,https://discord.gg/2nW25VS2hN,mysmallvtuber.net,2026-09-01T03:00:43Z
KZ99yyqfC5hfpLMgJ252,감 규 리,,youtube,UC-H_hOWqreML9zQeVawEkjg,https://www.youtube.com/channel/UC-H_hOWqreML9zQeVawEkjg,감규리 다시보기,7590,2022-02-02,,2026-09-01 10:44:03,자다깨서 롤체(⩌⩊⩌),Gam2gyuri,https://discord.gg/2nW25VS2hN,mysmallvtuber.net,2026-09-01T03:00:43Z
KZ99yyqfC5hfpLMgJ252,감 규 리,,chzzk,3b3fe69e8b274ccaa4fd56ce9680a1f5,https://chzzk.naver.com/3b3fe69e8b274ccaa4fd56ce9680a1f5,감 규 리,35653,2022-02-02,,2026-09-01 10:44:03,자다깨서 롤체(⩌⩊⩌),Gam2gyuri,https://discord.gg/2nW25VS2hN,mysmallvtuber.net,2026-09-01T03:00:43Z
Xj6qWqMnqZv6bYHwVecm,연이나,,youtube,UCMcE8VEgw6BwBWRVaAe8CFQ,https://www.youtube.com/channel/UCMcE8VEgw6BwBWRVaAe8CFQ,연이나 HoweverIna,791,2025-02-25,,2026-09-01 07:24:03,아침약먹는거까먹음,however_ina,https://ciety.xyz/@howeverina,mysmallvtuber.net,2026-09-01T03:00:43Z
Xj6qWqMnqZv6bYHwVecm,연이나,,youtube,UCpQzO7xXE2PQcjQShzYHw6g,https://www.youtube.com/channel/UCpQzO7xXE2PQcjQShzYHw6g,연이나(However_Ina),12,2025-02-25,,2026-09-01 07:24:03,아침약먹는거까먹음,however_ina,https://ciety.xyz/@howeverina,mysmallvtuber.net,2026-09-01T03:00:43Z
Xj6qWqMnqZv6bYHwVecm,연이나,,chzzk,1bba9a34d4d2b8b998c36c5cdbc9f4fe,https://chzzk.naver.com/1bba9a34d4d2b8b998c36c5cdbc9f4fe,연이나,284,2025-02-25,,2026-09-01 07:24:03,아침약먹는거까먹음,however_ina,https://ciety.xyz/@howeverina,mysmallvtuber.net,2026-09-01T03:00:43Z
GZADYJxC9fex72MSYZ8p,푸후,,youtube,UC0sWvYDGJTbscoVTw3I05sw,https://www.youtube.com/channel/UC0sWvYDGJTbscoVTw3I05sw,푸후(쌍둥이 아이돌),8710,2023-08-28,,2026-09-01 11:53:03,봉누도 불합격 했습니다...-추석 반캠!+굿즈 판매중!,Puru_Huru_,https://cafe.naver.com/puhu,mysmallvtuber.net,2026-09-01T03:00:43Z
GZADYJxC9fex72MSYZ8p,푸후,,chzzk,2cf1367e97d68909b024b368d2c4683c,https://chzzk.naver.com/2cf1367e97d68909b024b368d2c4683c,푸후,10522,2023-08-28,,2026-09-01 11:53:03,봉누도 불합격 했습니다...-추석 반캠!+굿즈 판매중!,Puru_Huru_,https://cafe.naver.com/puhu,mysmallvtuber.net,2026-09-01T03:00:43Z
xTFx7XT7nn5gsU55mM5h,강시나,,youtube,UChjy9Npd9xb5M2qDqqSLWYw,https://www.youtube.com/channel/UChjy9Npd9xb5M2qDqqSLWYw,강시나,1220,2022-05-02,,2026-09-01 07:28:02,우우운동 ⌯ᵔ⤙ᵔ⌯,cinamoniyo,https://cafe.naver.com/cinamoniyo,mysmallvtuber.net,2026-09-01T03:00:43Z
xTFx7XT7nn5gsU55mM5h,강시나,,youtube,UCB1_b-yXMEEMJ8mTyq2wGog,https://www.youtube.com/channel/UCB1_b-yXMEEMJ8mTyq2wGog,긴시나,1450,2022-05-02,,2026-09-01 07:28:02,우우운동 ⌯ᵔ⤙ᵔ⌯,cinamoniyo,https://cafe.naver.com/cinamoniyo,mysmallvtuber.net,2026-09-01T03:00:43Z
xTFx7XT7nn5gsU55mM5h,강시나,,chzzk,5f719bd1503f427ecf780da6ab10dcd6,https://chzzk.naver.com/5f719bd1503f427ecf780da6ab10dcd6,강시나,2027,2022-05-02,,2026-09-01 07:28:02,우우운동 ⌯ᵔ⤙ᵔ⌯,cinamoniyo,https://cafe.naver.com/cinamoniyo,mysmallvtuber.net,2026-09-01T03:00:43Z
AqzJDpwMVNaBfdguWGHu,이루코 니아,,youtube,UCA_uNVIxWhFjcwPeYnuRi_A,https://www.youtube.com/channel/UCA_uNVIxWhFjcwPeYnuRi_A,이루코 니아,2590,2021-10-27,,2026-09-01 11:47:03,원신 뉴비입니다 친추환영! 밤샛음ㅎㅎ ( ・∇・),nianyang123,,mysmallvtuber.net,2026-09-01T03:00:43Z
AqzJDpwMVNaBfdguWGHu,이루코 니아,,chzzk,d8c3a1ffb0706d6c283752dda2f3c737,https://chzzk.naver.com/d8c3a1ffb0706d6c283752dda2f3c737,이루코 니아,3327,2021-10-27,,2026-09-01 11:47:03,원신 뉴비입니다 친추환영! 밤샛음ㅎㅎ ( ・∇・),nianyang123,,mysmallvtuber.net,2026-09-01T03:00:43Z
JaMN37s4zDsbmEEhMTYc,모이로 냐아,,youtube,UCvc7M6783PaUmLkqbMdXnVA,https://www.youtube.com/channel/UCvc7M6783PaUmLkqbMdXnVA,모이로 냐아 MOIRO NYAA,1060,2025-12-27,,2026-09-01 09:58:03,비오는 날 미소녀와 단 둘이  =｀ω´=,moironyaa,https://cafe.naver.com/moironya,mysmallvtuber.net,2026-09-01T03:00:43Z
JaMN37s4zDsbmEEhMTYc,모이로 냐아,,youtube,UCi81W7g437jxm8gdRx_UJjA,https://www.youtube.com/channel/UCi81W7g437jxm8gdRx_UJjA,다시보냐아,53,2025-12-27,,2026-09-01 09:58:03,비오는 날 미소녀와 단 둘이  =｀ω´=,moironyaa,https://cafe.naver.com/moironya,mysmallvtuber.net,2026-09-01T03:00:43Z
JaMN37s4zDsbmEEhMTYc,모이로 냐아,,chzzk,9d04682bfb43e37a4c058e7e5c1386e3,https://chzzk.naver.com/9d04682bfb43e37a4c058e7e5c1386e3,모이로 냐아,1203,2025-12-27,,2026-09-01 09:58:03,비오는 날 미소녀와 단 둘이  =｀ω´=,moironyaa,https://cafe.naver.com/moironya,mysmallvtuber.net,2026-09-01T03:00:43Z
cXGzkeduaywDmX36bJ8h,스텔레쨩,,chzzk,cbf4e8c0a64f2edc1820e3fd1ce6c5ef,https://chzzk.naver.com/cbf4e8c0a64f2edc1820e3fd1ce6c5ef,스텔레쨩,540,2024-09-20,,2026-09-01 06:13:03,총력전 15000등이라 너무 스트레스야 그래서 풀어야겠어 [버미육],stelle_scarlett,https://discord.gg/QgsTEXKZgB,mysmallvtuber.net,2026-09-01T03:00:43Z
6a3VWBjTg3bg9EuzybFa,하루나엘,,youtube,UCAU7X5T4lNWWEi_asdNQnog,https://www.youtube.com/channel/UCAU7X5T4lNWWEi_asdNQnog,하루나엘,1670,2023-04-13,,2026-09-01 05:26:03,[하루나엘] 호이4하러 옴...,HaRuNa__L,https://cafe.naver.com/pitapatrand,mysmallvtuber.net,2026-09-01T03:00:43Z
6a3VWBjTg3bg9EuzybFa,하루나엘,,youtube,UC67r9HmV4Ql5G0jQ7xcO68g,https://www.youtube.com/channel/UC67r9HmV4Ql5G0jQ7xcO68g,하루나엘 다시보기,537,2023-04-13,,2026-09-01 05:26:03,[하루나엘] 호이4하러 옴...,HaRuNa__L,https://cafe.naver.com/pitapatrand,mysmallvtuber.net,2026-09-01T03:00:43Z
6a3VWBjTg3bg9EuzybFa,하루나엘,,chzzk,3d11f301d71cce5bcd1e96bbaec314be,https://chzzk.naver.com/3d11f301d71cce5bcd1e96bbaec314be,하루나엘,5908,2023-04-13,,2026-09-01 05:26:03,[하루나엘] 호이4하러 옴...,HaRuNa__L,https://cafe.naver.com/pitapatrand,mysmallvtuber.net,2026-09-01T03:00:43Z
HpAUkRuqRhas3GByHYkU,냐라,,youtube,UCKtS9sxKlZYxKeU4Ah3fpjg,https://www.youtube.com/channel/UCKtS9sxKlZYxKeU4Ah3fpjg,냐라,809,,,2026-09-01 07:53:03,취중 탑골 노래방(⩌ㅠ⩌)/,nyala1215,https://cafe.naver.com/nyala,mysmallvtuber.net,2026-09-01T03:00:43Z
HpAUkRuqRhas3GByHYkU,냐라,,chzzk,daf2c99a232dd3ebebf5cda474c9763a,https://chzzk.naver.com/daf2c99a232dd3ebebf5cda474c9763a,냐라,1541,,,2026-09-01 07:53:03,취중 탑골 노래방(⩌ㅠ⩌)/,nyala1215,https://cafe.naver.com/nyala,mysmallvtuber.net,2026-09-01T03:00:43Z
pVJXmVUDnTV7q8SWTydj,윤이온,,youtube,UC9z6-GreqrH7h63-EvRiXcw,https://www.youtube.com/channel/UC9z6-GreqrH7h63-EvRiXcw,윤이온,971,2023-08-15,,2026-09-01 02:39:03,테방,virtual_Yunion,,mysmallvtuber.net,2026-09-01T03:00:43Z
pVJXmVUDnTV7q8SWTydj,윤이온,,soop,yunion0227,https://ch.sooplive.co.kr/yunion0227,윤이온,1547,2023-08-15,,2026-09-01 02:39:03,테방,virtual_Yunion,,mysmallvtuber.net,2026-09-01T03:00:43Z
mX8XXf8Fx2ye8XQRS7Ld,이 늘,,youtube,UCUADBfdOKf5jhvlhADbgShQ,https://www.youtube.com/channel/UCUADBfdOKf5jhvlhADbgShQ,이늘,1080,,,2026-09-01 05:37:02,호이 전문스머인 이늘은 호이 멀티 절대 안빠짐💖유입환영💖,,https://cafe.naver.com/pingz,mysmallvtuber.net,2026-09-01T03:00:43Z
mX8XXf8Fx2ye8XQRS7Ld,이 늘,,chzzk,1482d68b3478d2962e9d000ed6a33167,https://chzzk.naver.com/1482d68b3478d2962e9d000ed6a33167,이 늘,6672,,,2026-09-01 05:37:02,호이 전문스머인 이늘은 호이 멀티 절대 안빠짐💖유입환영💖,,https://cafe.naver.com/pingz,mysmallvtuber.net,2026-09-01T03:00:43Z
rjREtH57jz5sadZQz3gp,배토Baeto,Baeto,youtube,UC5mTN8Xnzgn5mcRdi4yOP0Q,https://www.youtube.com/channel/UC5mTN8Xnzgn5mcRdi4yOP0Q,배토 Baeto,1010,2024-03-24,,2026-09-01 05:00:04,잔잔바리하게 노래하기 분내 on 노래무료신청🐰🌙,baeto0324,https://cafe.naver.com/qoxh0324,mysmallvtuber.net,2026-09-01T03:00:43Z
rjREtH57jz5sadZQz3gp,배토Baeto,Baeto,chzzk,65e49b4f2591867014403f2599f0b493,https://chzzk.naver.com/65e49b4f2591867014403f2599f0b493,배토Baeto,3113,2024-03-24,,2026-09-01 05:00:04,잔잔바리하게 노래하기 분내 on 노래무료신청🐰🌙,baeto0324,https://cafe.naver.com/qoxh0324,mysmallvtuber.net,2026-09-01T03:00:43Z
g5MGhDWrphepWxCcaeH8,이치카 히비,,youtube,UC-x7n_uteYk1dLAdkXoTsMw,https://www.youtube.com/channel/UC-x7n_uteYk1dLAdkXoTsMw,이치카 히비 ICHIKA HIBI,3000,2024-06-30,,2026-09-01 02:13:02,진짜 이 곡을 공식커버 했다고?,Aquabel_hibi,https://cafe.naver.com/aquabel,mysmallvtuber.net,2026-09-01T03:00:43Z
g5MGhDWrphepWxCcaeH8,이치카 히비,,chzzk,206afc6829e734e662ed0bf24dcbac0e,https://chzzk.naver.com/206afc6829e734e662ed0bf24dcbac0e,이치카 히비,14296,2024-06-30,,2026-09-01 02:13:02,진짜 이 곡을 공식커버 했다고?,Aquabel_hibi,https://cafe.naver.com/aquabel,mysmallvtuber.net,2026-09-01T03:00:43Z
fN7vy8cfmnGZJmaL3Z3p,냐땅이,,youtube,UCOxqlVNbkPgLX3HS2QVP8Pw,https://www.youtube.com/channel/UCOxqlVNbkPgLX3HS2QVP8Pw,냐땅이,2620,2022-02-22,,2026-09-01 01:13:03,[3DIO] 치유 ASMR ദ്ദി*ˊᗜˋ*),nh4721,https://cafe.naver.com/nh4721,mysmallvtuber.net,2026-09-01T03:00:43Z
fN7vy8cfmnGZJmaL3Z3p,냐땅이,,youtube,UCAseSKOdWDZp49tvQCAzKBQ,https://www.youtube.com/channel/UCAseSKOdWDZp49tvQCAzKBQ,냐땅이 다시보기,81,2022-02-22,,2026-09-01 01:13:03,[3DIO] 치유 ASMR ദ്ദി*ˊᗜˋ*),nh4721,https://cafe.naver.com/nh4721,mysmallvtuber.net,2026-09-01T03:00:43Z
fN7vy8cfmnGZJmaL3Z3p,냐땅이,,chzzk,2f050f29c9924122356ac91765f17e56,https://chzzk.naver.com/2f050f29c9924122356ac91765f17e56,냐땅이,2115,2022-02-22,,2026-09-01 01:13:03,[3DIO] 치유 ASMR ദ്ദി*ˊᗜˋ*),nh4721,https://cafe.naver.com/nh4721,mysmallvtuber.net,2026-09-01T03:00:43Z
CCkWfjfE3wa5AkzMC5ud,망징이,,youtube,UC_hftLL-ydsJd1YpcBZ_09g,https://www.youtube.com/channel/UC_hftLL-ydsJd1YpcBZ_09g,망징이 다시보기,4120,2025-03-28,,2026-09-01 02:33:03,"안녕, 봉누도 떨어진 하꼬 망징입니다",mangjing1213,https://cafe.naver.com/mangjing12,mysmallvtuber.net,2026-09-01T03:00:43Z
CCkWfjfE3wa5AkzMC5ud,망징이,,chzzk,5b1edd3b95c1513cb502ca2cdd391670,https://chzzk.naver.com/5b1edd3b95c1513cb502ca2cdd391670,망징이,4953,2025-03-28,,2026-09-01 02:33:03,"안녕, 봉누도 떨어진 하꼬 망징입니다",mangjing1213,https://cafe.naver.com/mangjing12,mysmallvtuber.net,2026-09-01T03:00:43Z
tMyNmFGmSybYX7mX8GsG,니야,,youtube,UC_B3xG40Yn1gRGzbjfWMn5A,https://www.youtube.com/channel/UC_B3xG40Yn1gRGzbjfWMn5A,니야 Music,3300,2022-12-10,,2026-09-01 01:22:03,봉누도 떨어졌어요,,https://cafe.naver.com/niya221210,mysmallvtuber.net,2026-09-01T03:00:43Z
tMyNmFGmSybYX7mX8GsG,니야,,youtube,UCj-68Dva1yMqsbFZykcSn6g,https://www.youtube.com/channel/UCj-68Dva1yMqsbFZykcSn6g,니야 다시보기,1280,2022-12-10,,2026-09-01 01:22:03,봉누도 떨어졌어요,,https://cafe.naver.com/niya221210,mysmallvtuber.net,2026-09-01T03:00:43Z
tMyNmFGmSybYX7mX8GsG,니야,,chzzk,a8b44e07ea2e2a583aab4804f92ae0ba,https://chzzk.naver.com/a8b44e07ea2e2a583aab4804f92ae0ba,니야,11586,2022-12-10,,2026-09-01 01:22:03,봉누도 떨어졌어요,,https://cafe.naver.com/niya221210,mysmallvtuber.net,2026-09-01T03:00:43Z
hRGN3ZbRq3fsbfZLCaqp,모로이 모나,,youtube,UCOpiMTfLHECMdjJ7DZX9wrw,https://www.youtube.com/channel/UCOpiMTfLHECMdjJ7DZX9wrw,모로이 모나 MOROI MONA,526,2025-07-20,,2026-09-01 01:24:03,?? 봉누도 2 합격했어요!!!!!!!!!,MoroiMona,https://cafe.naver.com/darakcast,mysmallvtuber.net,2026-09-01T03:00:43Z
hRGN3ZbRq3fsbfZLCaqp,모로이 모나,,youtube,UCOJqOopYLxSCmmUXsfxL8Ow,https://www.youtube.com/channel/UCOJqOopYLxSCmmUXsfxL8Ow,모로이 모나 다시보기,228,2025-07-20,,2026-09-01 01:24:03,?? 봉누도 2 합격했어요!!!!!!!!!,MoroiMona,https://cafe.naver.com/darakcast,mysmallvtuber.net,2026-09-01T03:00:43Z
hRGN3ZbRq3fsbfZLCaqp,모로이 모나,,chzzk,f795b445d35db5ece3d1d614c1355def,https://chzzk.naver.com/f795b445d35db5ece3d1d614c1355def,모로이 모나,3502,2025-07-20,,2026-09-01 01:24:03,?? 봉누도 2 합격했어요!!!!!!!!!,MoroiMona,https://cafe.naver.com/darakcast,mysmallvtuber.net,2026-09-01T03:00:43Z
enhP93h5vmvPR7Kxw7AQ,우사미 미유,,youtube,UCV35vdFxb1TxfBhZ_t37Zlw,https://www.youtube.com/channel/UCV35vdFxb1TxfBhZ_t37Zlw,Usami Miyu Ch. 宇佐美ミユ,915,2022-12-24,,2026-09-01 02:52:02,봉누도2 결과 발표했대!!!,Miyu_Usami,https://discord.com/invite/G8aYubAHBH,mysmallvtuber.net,2026-09-01T03:00:43Z
enhP93h5vmvPR7Kxw7AQ,우사미 미유,,chzzk,dac66ac2fc9b0d075ca026b136341570,https://chzzk.naver.com/dac66ac2fc9b0d075ca026b136341570,우사미 미유,4688,2022-12-24,,2026-09-01 02:52:02,봉누도2 결과 발표했대!!!,Miyu_Usami,https://discord.com/invite/G8aYubAHBH,mysmallvtuber.net,2026-09-01T03:00:43Z
xME4RpJ9k7MNkEBGjM42,페리스 울프,,youtube,UCRuvX85rEXgbwq425YLG2gg,https://www.youtube.com/channel/UCRuvX85rEXgbwq425YLG2gg,페리스 울프 / FerirsWolf,577,2022-03-25,,2026-09-01 02:37:03,게임 속 마을을 만들어보자!!,,https://discord.com/invite/GRaNZ9MxXB,mysmallvtuber.net,2026-09-01T03:00:43Z
xME4RpJ9k7MNkEBGjM42,페리스 울프,,chzzk,8edb3df561efb7f67f3b4533ee285574,https://chzzk.naver.com/8edb3df561efb7f67f3b4533ee285574,페리스 울프,560,2022-03-25,,2026-09-01 02:37:03,게임 속 마을을 만들어보자!!,,https://discord.com/invite/GRaNZ9MxXB,mysmallvtuber.net,2026-09-01T03:00:43Z
wvaZhRSWTKKDhAnQVFzp,초슈야,,youtube,UCoSLkw1qISMplbLHdmY7GUw,https://www.youtube.com/channel/UCoSLkw1qISMplbLHdmY7GUw,초슈야,3940,,,2026-09-01 00:12:03,봉...누도 이거 진짜에요...!?,,https://cafe.naver.com/dream4364,mysmallvtuber.net,2026-09-01T03:00:43Z
wvaZhRSWTKKDhAnQVFzp,초슈야,,youtube,UC-8upmNmuPnuC5GSw3YxM9A,https://www.youtube.com/channel/UC-8upmNmuPnuC5GSw3YxM9A,초슈야의 전자레인지,560,,,2026-09-01 00:12:03,봉...누도 이거 진짜에요...!?,,https://cafe.naver.com/dream4364,mysmallvtuber.net,2026-09-01T03:00:43Z
wvaZhRSWTKKDhAnQVFzp,초슈야,,chzzk,2589896226ea56ac81886a7b46103975,https://chzzk.naver.com/2589896226ea56ac81886a7b46103975,초슈야,5946,,,2026-09-01 00:12:03,봉...누도 이거 진짜에요...!?,,https://cafe.naver.com/dream4364,mysmallvtuber.net,2026-09-01T03:00:43Z
6fXFACkdFSuKvWgPbaWw,도롱챠,,chzzk,539ddad723de57dcbff8b11f27877a90,https://chzzk.naver.com/539ddad723de57dcbff8b11f27877a90,도롱챠,28952,2020-12-08,,2026-09-01 02:51:02,월요일,,,mysmallvtuber.net,2026-09-01T03:00:43Z
RfzBGBegCNfKGFXCUPeR,소라카리,,youtube,UCXoANfx1B1EdCFRXgXmhacw,https://www.youtube.com/channel/UCXoANfx1B1EdCFRXgXmhacw,소라카리 Ch. SORAKRI,3370,2021-08-15,,2026-09-01 01:12:02,데드 바이 데이라이트 4일차 뉴비 생존마 짧방【첫 플레이】,Sorakarich,,mysmallvtuber.net,2026-09-01T03:00:43Z
RfzBGBegCNfKGFXCUPeR,소라카리,,chzzk,41b4502c36916213e87afdcbb3b76b7c,https://chzzk.naver.com/41b4502c36916213e87afdcbb3b76b7c,소라카리,945,2021-08-15,,2026-09-01 01:12:02,데드 바이 데이라이트 4일차 뉴비 생존마 짧방【첫 플레이】,Sorakarich,,mysmallvtuber.net,2026-09-01T03:00:43Z
rETb9EC6mB4xW8r8TraL,볼빵소,,youtube,UCN2Qh7n5O0HRdB5WrGY2x2g,https://www.youtube.com/channel/UCN2Qh7n5O0HRdB5WrGY2x2g,뿌앙,4500,2023-08-06,,2026-09-01 01:47:02,웅 빵소 스타크래프트 리마스터 캠페인 완전 뉴비니까 훈수해주세요 저그편임,bbangbbang__20,https://cafe.naver.com/bbangbbangppuzzi,mysmallvtuber.net,2026-09-01T03:00:43Z
rETb9EC6mB4xW8r8TraL,볼빵소,,youtube,UC0E98CdB0q5sVRQhzN6_nnQ,https://www.youtube.com/channel/UC0E98CdB0q5sVRQhzN6_nnQ,볼빵소의 빵빵일지,1540,2023-08-06,,2026-09-01 01:47:02,웅 빵소 스타크래프트 리마스터 캠페인 완전 뉴비니까 훈수해주세요 저그편임,bbangbbang__20,https://cafe.naver.com/bbangbbangppuzzi,mysmallvtuber.net,2026-09-01T03:00:43Z
rETb9EC6mB4xW8r8TraL,볼빵소,,chzzk,8a79129b34e042fcd825fbffc3f52c99,https://chzzk.naver.com/8a79129b34e042fcd825fbffc3f52c99,볼빵소,4740,2023-08-06,,2026-09-01 01:47:02,웅 빵소 스타크래프트 리마스터 캠페인 완전 뉴비니까 훈수해주세요 저그편임,bbangbbang__20,https://cafe.naver.com/bbangbbangppuzzi,mysmallvtuber.net,2026-09-01T03:00:43Z
8SakwbsJRGa73nBCdbcJ,쵸요링,,youtube,UCZH33EqbIaft5m3_CIrQDiQ,https://www.youtube.com/channel/UCZH33EqbIaft5m3_CIrQDiQ,쵸요링,12300,2022-11-02,,2026-09-01 04:12:03,이대로도 충분해!,nadayaho_,https://cafe.naver.com/nadyaho,mysmallvtuber.net,2026-09-01T03:00:43Z
8SakwbsJRGa73nBCdbcJ,쵸요링,,chzzk,e008490d3464797704feac3b9ad8fe67,https://chzzk.naver.com/e008490d3464797704feac3b9ad8fe67,쵸요링,5009,2022-11-02,,2026-09-01 04:12:03,이대로도 충분해!,nadayaho_,https://cafe.naver.com/nadyaho,mysmallvtuber.net,2026-09-01T03:00:43Z
pJUQQytNLDCRB8wgpkHJ,메르 Mer,Mer,chzzk,d65a8e803c67677eaeb198754f733538,https://chzzk.naver.com/d65a8e803c67677eaeb198754f733538,메르 Mer,651,,,2026-08-31 23:51:03,4st ANIBER SORRY,mer3in_vt,,mysmallvtuber.net,2026-09-01T03:00:43Z
qsATUSJMv7P8eXtUyz79,스위데,,youtube,UCNYcBOFNGA9WlYWatHxl1gA,https://www.youtube.com/channel/UCNYcBOFNGA9WlYWatHxl1gA,스위데 Swideh,4970,,,2026-09-01 04:44:02,🌠 한강 노래 버스킹 (곧 룰렛마감 33/330),,https://cafe.naver.com/swideh,mysmallvtuber.net,2026-09-01T03:00:43Z
qsATUSJMv7P8eXtUyz79,스위데,,soop,swideh,https://ch.sooplive.co.kr/swideh,스위데,12920,,,2026-09-01 04:44:02,🌠 한강 노래 버스킹 (곧 룰렛마감 33/330),,https://cafe.naver.com/swideh,mysmallvtuber.net,2026-09-01T03:00:43Z
NSqSjecbz5bKJJGeQ2n9,연소화 Sohwa,Sohwa,youtube,UCbxdfLS75bq3G6aRPYHLpkQ,https://www.youtube.com/channel/UCbxdfLS75bq3G6aRPYHLpkQ,연소화 Yeonsohwa,1160,2025-04-23,,2026-09-01 02:02:03,일본의 시골 생활,YeonSoHwa,https://discord.com/invite/35tCGGzRuq,mysmallvtuber.net,2026-09-01T03:00:43Z
NSqSjecbz5bKJJGeQ2n9,연소화 Sohwa,Sohwa,youtube,UC7aBYiucoc2TWoQBGvy-fHw,https://www.youtube.com/channel/UC7aBYiucoc2TWoQBGvy-fHw,연소화 다시보기,63,2025-04-23,,2026-09-01 02:02:03,일본의 시골 생활,YeonSoHwa,https://discord.com/invite/35tCGGzRuq,mysmallvtuber.net,2026-09-01T03:00:43Z
NSqSjecbz5bKJJGeQ2n9,연소화 Sohwa,Sohwa,chzzk,bc630aa88c2753dbac14a09fd4901890,https://chzzk.naver.com/bc630aa88c2753dbac14a09fd4901890,연소화 Sohwa,841,2025-04-23,,2026-09-01 02:02:03,일본의 시골 생활,YeonSoHwa,https://discord.com/invite/35tCGGzRuq,mysmallvtuber.net,2026-09-01T03:00:43Z
BnA4KZkYEktaZJQkHYuj,티아나 스이,,youtube,UC0o-b9zuF8yEmFodH5YBSVw,https://www.youtube.com/channel/UC0o-b9zuF8yEmFodH5YBSVw,티아나 스이 TIANA SEUI,3090,2024-05-25,,2026-09-01 00:06:02,게릴라 깜짝등장이얌💙,seui_vpbs,https://cafe.naver.com/playbyschool,mysmallvtuber.net,2026-09-01T03:00:43Z
BnA4KZkYEktaZJQkHYuj,티아나 스이,,youtube,UCJgnhZswQ8itU2Adi_lVP6g,https://www.youtube.com/channel/UCJgnhZswQ8itU2Adi_lVP6g,티아나 스이 다싀보기,1170,2024-05-25,,2026-09-01 00:06:02,게릴라 깜짝등장이얌💙,seui_vpbs,https://cafe.naver.com/playbyschool,mysmallvtuber.net,2026-09-01T03:00:43Z
BnA4KZkYEktaZJQkHYuj,티아나 스이,,chzzk,8f3661d67e49f0b84736059952d59f06,https://chzzk.naver.com/8f3661d67e49f0b84736059952d59f06,티아나 스이,7252,2024-05-25,,2026-09-01 00:06:02,게릴라 깜짝등장이얌💙,seui_vpbs,https://cafe.naver.com/playbyschool,mysmallvtuber.net,2026-09-01T03:00:43Z
szGUsTc5Db3PzzqxKaUC,그나로,,youtube,UCIrfspU4YLMa6hO7aXx1kUg,https://www.youtube.com/channel/UCIrfspU4YLMa6hO7aXx1kUg,그나로 Gnaro,1650,,,2026-09-01 04:58:03,✨[배그] 로 후열? 조금 하다 갑니당,Uta_Gnaro,https://cafe.naver.com/gnaro,mysmallvtuber.net,2026-09-01T03:00:43Z
szGUsTc5Db3PzzqxKaUC,그나로,,youtube,UCPkDaVJCvfd9O8Wo4G2oIeQ,https://www.youtube.com/channel/UCPkDaVJCvfd9O8Wo4G2oIeQ,그나로 다시보기,148,,,2026-09-01 04:58:03,✨[배그] 로 후열? 조금 하다 갑니당,Uta_Gnaro,https://cafe.naver.com/gnaro,mysmallvtuber.net,2026-09-01T03:00:43Z
szGUsTc5Db3PzzqxKaUC,그나로,,chzzk,f4c2ff0be58895c211652674f2f19ffa,https://chzzk.naver.com/f4c2ff0be58895c211652674f2f19ffa,그나로,2350,,,2026-09-01 04:58:03,✨[배그] 로 후열? 조금 하다 갑니당,Uta_Gnaro,https://cafe.naver.com/gnaro,mysmallvtuber.net,2026-09-01T03:00:43Z
CNKjcbp9wdKFd4wuM4PM,시로우미 미루루,,youtube,UC0ku1TXwKCLuRvwUfQGRogQ,https://www.youtube.com/channel/UC0ku1TXwKCLuRvwUfQGRogQ,Miruru Ch. 시로우미 미루루ASMR,5540,,,2026-09-01 01:29:03,【黑3DIO / ASMR & SING 】 아마두 3D음향이 느껴지는 3DIO 자장가 방송!｜자장가 ASMR,SiroumiMiruru,https://cafe.naver.com/rurudrug,mysmallvtuber.net,2026-09-01T03:00:43Z
CNKjcbp9wdKFd4wuM4PM,시로우미 미루루,,chzzk,3e4cec21aa539da475b12e6f294ee766,https://chzzk.naver.com/3e4cec21aa539da475b12e6f294ee766,시로우미 미루루,2903,,,2026-09-01 01:29:03,【黑3DIO / ASMR & SING 】 아마두 3D음향이 느껴지는 3DIO 자장가 방송!｜자장가 ASMR,SiroumiMiruru,https://cafe.naver.com/rurudrug,mysmallvtuber.net,2026-09-01T03:00:43Z
k5pduGPFCS3ycGf8aUgQ,이호 E2HO,E2HO,youtube,UCfSRLly_Yah1pzu3WWreNDw,https://www.youtube.com/channel/UCfSRLly_Yah1pzu3WWreNDw,이호 E2HO,67,2024-11-22,,2026-09-01 02:32:03,[V/유입환영] 영도데이 열심히 영도 보는쥬,E2HO_,,mysmallvtuber.net,2026-09-01T03:00:43Z
k5pduGPFCS3ycGf8aUgQ,이호 E2HO,E2HO,youtube,UCg5LtJRJtHIxOudjxSyfaLQ,https://www.youtube.com/channel/UCg5LtJRJtHIxOudjxSyfaLQ,풀버전이호,10,2024-11-22,,2026-09-01 02:32:03,[V/유입환영] 영도데이 열심히 영도 보는쥬,E2HO_,,mysmallvtuber.net,2026-09-01T03:00:43Z
k5pduGPFCS3ycGf8aUgQ,이호 E2HO,E2HO,chzzk,21a7930c695a00f84d432bf4f9a9d158,https://chzzk.naver.com/21a7930c695a00f84d432bf4f9a9d158,이호 E2HO,771,2024-11-22,,2026-09-01 02:32:03,[V/유입환영] 영도데이 열심히 영도 보는쥬,E2HO_,,mysmallvtuber.net,2026-09-01T03:00:43Z
Ms4KAnt7UqJSXYXGHcEd,다미네캔따개 미요Miyo,Miyo,youtube,UCXp8Zjf3-MqniM_hFXdxOAw,https://www.youtube.com/channel/UCXp8Zjf3-MqniM_hFXdxOAw,다미네캔따개 미요Miyo,1,2025-12-15,,2026-09-01 00:46:02,우리 방송 정상영업 합니다 ૮๑′0`๑ა,dami_canopener,https://cafe.naver.com/damiscanopener,mysmallvtuber.net,2026-09-01T03:00:43Z
Ms4KAnt7UqJSXYXGHcEd,다미네캔따개 미요Miyo,Miyo,youtube,UCTSZhR_R-dkM-tCOue28YoA,https://www.youtube.com/channel/UCTSZhR_R-dkM-tCOue28YoA,다미네캔따개 미요Miyo 다시보기,14,2025-12-15,,2026-09-01 00:46:02,우리 방송 정상영업 합니다 ૮๑′0`๑ა,dami_canopener,https://cafe.naver.com/damiscanopener,mysmallvtuber.net,2026-09-01T03:00:43Z
Ms4KAnt7UqJSXYXGHcEd,다미네캔따개 미요Miyo,Miyo,chzzk,170033804ad3bf4727999fbb2dfff931,https://chzzk.naver.com/170033804ad3bf4727999fbb2dfff931,다미네캔따개 미요Miyo,1094,2025-12-15,,2026-09-01 00:46:02,우리 방송 정상영업 합니다 ૮๑′0`๑ა,dami_canopener,https://cafe.naver.com/damiscanopener,mysmallvtuber.net,2026-09-01T03:00:43Z
bdXjKsZtpJqCF8eaFTrf,따리DDARY,DDARY,youtube,UCvk7-niWI5cJBRzWBgAoyfw,https://www.youtube.com/channel/UCvk7-niWI5cJBRzWBgAoyfw,따리,61,2025-03-15,,2026-09-01 01:01:03,허위매물,ddary_bbo,https://cafe.naver.com/fotionclass,mysmallvtuber.net,2026-09-01T03:00:43Z
bdXjKsZtpJqCF8eaFTrf,따리DDARY,DDARY,youtube,UCZ4q8qifjC4isbyrj5Xxi8g,https://www.youtube.com/channel/UCZ4q8qifjC4isbyrj5Xxi8g,따리를 다시봐요,28,2025-03-15,,2026-09-01 01:01:03,허위매물,ddary_bbo,https://cafe.naver.com/fotionclass,mysmallvtuber.net,2026-09-01T03:00:43Z
bdXjKsZtpJqCF8eaFTrf,따리DDARY,DDARY,chzzk,0d97f92e538f91caacdeea24ee3dd340,https://chzzk.naver.com/0d97f92e538f91caacdeea24ee3dd340,따리DDARY,778,2025-03-15,,2026-09-01 01:01:03,허위매물,ddary_bbo,https://cafe.naver.com/fotionclass,mysmallvtuber.net,2026-09-01T03:00:43Z
sasN2zEqpagTST54whp2,노아 NOA,NOA,chzzk,1b7263344f2fb5f0713832e670fb9c39,https://chzzk.naver.com/1b7263344f2fb5f0713832e670fb9c39,노아 NOA,1555,2024-10-06,,2026-09-01 02:24:03,"[V/데뷔 D+12]지나다 , 눈 마주친 네 생각으로 가득해💙",,https://cafe.naver.com/akizuki,mysmallvtuber.net,2026-09-01T03:00:43Z
fAnTEfNGcpeqfTCMd39u,기령,,youtube,UC1HOT8mt_oGse4J68_WAaWQ,https://www.youtube.com/channel/UC1HOT8mt_oGse4J68_WAaWQ,기령,148000,2021-12-17,,2026-09-01 00:10:03,앙앙앙 하러 온 곰,Giryung1003,https://cafe.naver.com/kilyung,mysmallvtuber.net,2026-09-01T03:00:43Z
fAnTEfNGcpeqfTCMd39u,기령,,youtube,UCXAOEesg0u_yUF301bZz8HA,https://www.youtube.com/channel/UCXAOEesg0u_yUF301bZz8HA,기이이인령,2610,2021-12-17,,2026-09-01 00:10:03,앙앙앙 하러 온 곰,Giryung1003,https://cafe.naver.com/kilyung,mysmallvtuber.net,2026-09-01T03:00:43Z
fAnTEfNGcpeqfTCMd39u,기령,,chzzk,2fe88ab2b731edd48b7b11feaedbf294,https://chzzk.naver.com/2fe88ab2b731edd48b7b11feaedbf294,기령,12299,2021-12-17,,2026-09-01 00:10:03,앙앙앙 하러 온 곰,Giryung1003,https://cafe.naver.com/kilyung,mysmallvtuber.net,2026-09-01T03:00:43Z
PVhXffpdFtWMQ4mQPbd4,리라이,,youtube,UCnz4GhoT9TMqzaJEHCe4sLw,https://www.youtube.com/channel/UCnz4GhoT9TMqzaJEHCe4sLw,리라이,571,2021-09-12,,2026-09-01 01:35:06,"배고프다...배고파아아아아아!!!!!!!!!!!!!!!!!!!!!!(w.허니팝, 쿠요미)",lilie_lila,https://discord.com/invite/qWbwkZWryD,mysmallvtuber.net,2026-09-01T03:00:43Z
PVhXffpdFtWMQ4mQPbd4,리라이,,chzzk,fbff8a81c97820657ffd36194489bfaa,https://chzzk.naver.com/fbff8a81c97820657ffd36194489bfaa,리라이,792,2021-09-12,,2026-09-01 01:35:06,"배고프다...배고파아아아아아!!!!!!!!!!!!!!!!!!!!!!(w.허니팝, 쿠요미)",lilie_lila,https://discord.com/invite/qWbwkZWryD,mysmallvtuber.net,2026-09-01T03:00:43Z
2gDTkMuXAFetmzu2LRDU,세리얀,,youtube,UC3lINKPh9X7olhP8PnYtvPg,https://www.youtube.com/channel/UC3lINKPh9X7olhP8PnYtvPg,세리얀SERIYAN,936,2024-08-31,,2026-09-01 07:59:03,"[카단]일단 오늘은 화질 구림방송(,,ºᗜ​º,,*)*ᕷ˖°",seriyan01,https://cafe.naver.com/yan01,mysmallvtuber.net,2026-09-01T03:00:43Z
2gDTkMuXAFetmzu2LRDU,세리얀,,chzzk,3878fc3da3ddcda1fad68457ab9e6783,https://chzzk.naver.com/3878fc3da3ddcda1fad68457ab9e6783,세리얀,5587,2024-08-31,,2026-09-01 07:59:03,"[카단]일단 오늘은 화질 구림방송(,,ºᗜ​º,,*)*ᕷ˖°",seriyan01,https://cafe.naver.com/yan01,mysmallvtuber.net,2026-09-01T03:00:43Z
YG698BDGw63RNjRpYu7j,샤켓,,youtube,UCfxb88EGB-o7z4UDlOAJGJQ,https://www.youtube.com/channel/UCfxb88EGB-o7z4UDlOAJGJQ,샤켓 SHACET,142,2022-01-04,,2026-09-01 03:20:03,[짧뱅] 용비늘 복권 긁을까 말까?! (*•̀ - •́*)و  (아이라/11만빙결),sha_cet,https://cafe.naver.com/shacett,mysmallvtuber.net,2026-09-01T03:00:43Z
YG698BDGw63RNjRpYu7j,샤켓,,youtube,UCEDPz-Hu-SuRQlFgwylmjGQ,https://www.youtube.com/channel/UCEDPz-Hu-SuRQlFgwylmjGQ,샤켓 토크,96,2022-01-04,,2026-09-01 03:20:03,[짧뱅] 용비늘 복권 긁을까 말까?! (*•̀ - •́*)و  (아이라/11만빙결),sha_cet,https://cafe.naver.com/shacett,mysmallvtuber.net,2026-09-01T03:00:43Z
YG698BDGw63RNjRpYu7j,샤켓,,chzzk,949ae8645613f060665ab4439ff9d8d4,https://chzzk.naver.com/949ae8645613f060665ab4439ff9d8d4,샤켓,1823,2022-01-04,,2026-09-01 03:20:03,[짧뱅] 용비늘 복권 긁을까 말까?! (*•̀ - •́*)و  (아이라/11만빙결),sha_cet,https://cafe.naver.com/shacett,mysmallvtuber.net,2026-09-01T03:00:43Z
L4QdxkE5u3X4NAjqmPXD,므메 mume,mume,youtube,UC2ip4HC1PemGNePtle6eKdg,https://www.youtube.com/channel/UC2ip4HC1PemGNePtle6eKdg,므메 mume,39,2025-11-07,,2026-09-01 02:48:02,˚₊‧꒰ა 1장 6막 ! 명조 늅늅이 받아라에오 ;ㅅ; ໒꒱ ‧₊˚,muemei1107,https://cafe.naver.com/muemeicafe,mysmallvtuber.net,2026-09-01T03:00:43Z
L4QdxkE5u3X4NAjqmPXD,므메 mume,mume,chzzk,1719cd70a390172a286f31eeea644272,https://chzzk.naver.com/1719cd70a390172a286f31eeea644272,므메 mume,806,2025-11-07,,2026-09-01 02:48:02,˚₊‧꒰ა 1장 6막 ! 명조 늅늅이 받아라에오 ;ㅅ; ໒꒱ ‧₊˚,muemei1107,https://cafe.naver.com/muemeicafe,mysmallvtuber.net,2026-09-01T03:00:43Z
uKNfrN8xnySNxdWsXCmV,꾸이링,,youtube,UCbxsSGvSbl3HeWno4jxTCHg,https://www.youtube.com/channel/UCbxsSGvSbl3HeWno4jxTCHg,꾸이링튜브,1030,2020-02-07,,2026-09-01 01:18:03,이제 갠차나!!,0guiling01,https://cafe.naver.com/guiling,mysmallvtuber.net,2026-09-01T03:00:43Z
uKNfrN8xnySNxdWsXCmV,꾸이링,,youtube,UC4xN-bNVarW_gH5WWAjiZxg,https://www.youtube.com/channel/UC4xN-bNVarW_gH5WWAjiZxg,꾸이링다시보기,759,2020-02-07,,2026-09-01 01:18:03,이제 갠차나!!,0guiling01,https://cafe.naver.com/guiling,mysmallvtuber.net,2026-09-01T03:00:43Z
uKNfrN8xnySNxdWsXCmV,꾸이링,,chzzk,27b38f9ce948643d639f6abfc2788b15,https://chzzk.naver.com/27b38f9ce948643d639f6abfc2788b15,꾸이링,3885,2020-02-07,,2026-09-01 01:18:03,이제 갠차나!!,0guiling01,https://cafe.naver.com/guiling,mysmallvtuber.net,2026-09-01T03:00:43Z
fxyJRhBFX8tRTQM4XsSq,벌꾸루,,youtube,UCTRd_p7s1jlFhRoxH-6877Q,https://www.youtube.com/channel/UCTRd_p7s1jlFhRoxH-6877Q,벌꾸루,1680,2026-02-25,,2026-08-31 22:38:03,착하게 살기 1일차 💛,,https://cafe.naver.com/kkultteokzip,mysmallvtuber.net,2026-09-01T03:00:43Z
fxyJRhBFX8tRTQM4XsSq,벌꾸루,,chzzk,a639227231fc64bcfa7490c3706a347a,https://chzzk.naver.com/a639227231fc64bcfa7490c3706a347a,벌꾸루,383,2026-02-25,,2026-08-31 22:38:03,착하게 살기 1일차 💛,,https://cafe.naver.com/kkultteokzip,mysmallvtuber.net,2026-09-01T03:00:43Z
2e9ucE6xzaxdWq3YgDR8,데메트루,,youtube,UCE17nMphXimMPT6dgLYkk7A,https://www.youtube.com/channel/UCE17nMphXimMPT6dgLYkk7A,데메트루,266,2019-12-19,,2026-09-01 04:17:03,[V/유입환영] 난 왜 비키니..?(w.니츈),demeteulu_8,https://cafe.naver.com/bluegrayckdo6,mysmallvtuber.net,2026-09-01T03:00:43Z
2e9ucE6xzaxdWq3YgDR8,데메트루,,chzzk,a60a100f92b18c63eb7d238aec8d29a0,https://chzzk.naver.com/a60a100f92b18c63eb7d238aec8d29a0,데메트루,1346,2019-12-19,,2026-09-01 04:17:03,[V/유입환영] 난 왜 비키니..?(w.니츈),demeteulu_8,https://cafe.naver.com/bluegrayckdo6,mysmallvtuber.net,2026-09-01T03:00:43Z
rYUxKpe2AKr7nMQYrkrw,유세화 USeHwa,USeHwa,youtube,UCwUsJqMEe2_KAMZ2zOxBCWg,https://www.youtube.com/channel/UCwUsJqMEe2_KAMZ2zOxBCWg,세화USeHwa,567,2023-07-01,,2026-08-31 23:28:03,11시 30분의 신데렐라 공듀,usehwa_Twich,,mysmallvtuber.net,2026-09-01T03:00:43Z
rYUxKpe2AKr7nMQYrkrw,유세화 USeHwa,USeHwa,chzzk,4cefed5d05e0bd4a683f5115722d5cb3,https://chzzk.naver.com/4cefed5d05e0bd4a683f5115722d5cb3,유세화 USeHwa,1703,2023-07-01,,2026-08-31 23:28:03,11시 30분의 신데렐라 공듀,usehwa_Twich,,mysmallvtuber.net,2026-09-01T03:00:43Z
GvWzLqbJr7beUUYsbrxE,데블리쉬,,chzzk,e823de7448ae3fa30b25185ea4ed1618,https://chzzk.naver.com/e823de7448ae3fa30b25185ea4ed1618,데블리쉬,611,2023-02-22,,2026-09-01 03:57:03,260831) 디아 래더로 마무리,devilish_chzzk,,mysmallvtuber.net,2026-09-01T03:00:43Z
pnaBb5my9UrBfP96gjNL,민네,,youtube,UC27ZzCg6hvUGUTfhR_Dp23Q,https://www.youtube.com/channel/UC27ZzCg6hvUGUTfhR_Dp23Q,민네 Minne,17800,2023-07-06,,2026-09-01 01:12:02,"오리정리asmr,,",MinneVT,https://cafe.naver.com/minnespaceship,mysmallvtuber.net,2026-09-01T03:00:43Z
pnaBb5my9UrBfP96gjNL,민네,,youtube,UCutTrr9QN9qDjxPrtZvPlog,https://www.youtube.com/channel/UCutTrr9QN9qDjxPrtZvPlog,Minne ASMR,37600,2023-07-06,,2026-09-01 01:12:02,"오리정리asmr,,",MinneVT,https://cafe.naver.com/minnespaceship,mysmallvtuber.net,2026-09-01T03:00:43Z
pnaBb5my9UrBfP96gjNL,민네,,chzzk,dd3f969930648997b95c222776e38172,https://chzzk.naver.com/dd3f969930648997b95c222776e38172,민네,10843,2023-07-06,,2026-09-01 01:12:02,"오리정리asmr,,",MinneVT,https://cafe.naver.com/minnespaceship,mysmallvtuber.net,2026-09-01T03:00:43Z
4yYVZsJNBT8E8Fx95vW6,비올레타 모네,,youtube,UC0dF0Yr7PVddxuIHp_xsFZg,https://www.youtube.com/channel/UC0dF0Yr7PVddxuIHp_xsFZg,비올레타 모네 Violeta Mone,8630,,,2026-09-01 02:59:02,멀미 멀미 멀미,Mone_Projecti,https://cafe.naver.com/projectiofficial,mysmallvtuber.net,2026-09-01T03:00:43Z
4yYVZsJNBT8E8Fx95vW6,비올레타 모네,,youtube,UCB92N2VKhlyqWm9bFB3xpgQ,https://www.youtube.com/channel/UCB92N2VKhlyqWm9bFB3xpgQ,비올레타 모네 다시보기,1290,,,2026-09-01 02:59:02,멀미 멀미 멀미,Mone_Projecti,https://cafe.naver.com/projectiofficial,mysmallvtuber.net,2026-09-01T03:00:43Z
4yYVZsJNBT8E8Fx95vW6,비올레타 모네,,chzzk,5c897b3e639045ca6e314bbaff991f73,https://chzzk.naver.com/5c897b3e639045ca6e314bbaff991f73,비올레타 모네,23916,,,2026-09-01 02:59:02,멀미 멀미 멀미,Mone_Projecti,https://cafe.naver.com/projectiofficial,mysmallvtuber.net,2026-09-01T03:00:43Z
3Zx9cJwFUZzeZbsJJBpd,이새난,,youtube,UCf1DklM5kyvJz4VyCDSQmTA,https://www.youtube.com/channel/UCf1DklM5kyvJz4VyCDSQmTA,이새난 YouTube,6350,2022-01-09,,2026-09-01 01:47:02,"💠아니, 자려니까 포코피아 더 하고 싶어서... |•'-'•)و✧",Senan_Note,https://discord.com/invite/YXnZ4wJCwh,mysmallvtuber.net,2026-09-01T03:00:43Z
3Zx9cJwFUZzeZbsJJBpd,이새난,,chzzk,b48485e5e917f5f5896fdf89b1f48c9f,https://chzzk.naver.com/b48485e5e917f5f5896fdf89b1f48c9f,이새난,2824,2022-01-09,,2026-09-01 01:47:02,"💠아니, 자려니까 포코피아 더 하고 싶어서... |•'-'•)و✧",Senan_Note,https://discord.com/invite/YXnZ4wJCwh,mysmallvtuber.net,2026-09-01T03:00:43Z
DRSZ93gBqzRGFhauB3AX,김시루콩,,youtube,UCKKj_2P7UWBwDBULFBVPKmw,https://www.youtube.com/channel/UCKKj_2P7UWBwDBULFBVPKmw,김시루콩,27,2025-08-17,,2026-09-01 01:01:03,골드를 향해서,Kim_Sirukong,https://cafe.naver.com/sirukong,mysmallvtuber.net,2026-09-01T03:00:43Z
DRSZ93gBqzRGFhauB3AX,김시루콩,,chzzk,ae36c0e59619e66308b90db60c81057d,https://chzzk.naver.com/ae36c0e59619e66308b90db60c81057d,김시루콩,527,2025-08-17,,2026-09-01 01:01:03,골드를 향해서,Kim_Sirukong,https://cafe.naver.com/sirukong,mysmallvtuber.net,2026-09-01T03:00:43Z
kamF4vkcVUPhyHSFhZh7,이토리,,youtube,UCISU8_2d0NH12obgRQD9fmA,https://www.youtube.com/channel/UCISU8_2d0NH12obgRQD9fmA,이토리 다시보기,737,,,2026-09-01 00:54:03,세피리아 응애,itorilv1,https://cafe.naver.com/itoria,mysmallvtuber.net,2026-09-01T03:00:43Z
kamF4vkcVUPhyHSFhZh7,이토리,,chzzk,ecf489fb67472a4a3d71909942132a9c,https://chzzk.naver.com/ecf489fb67472a4a3d71909942132a9c,이토리,929,,,2026-09-01 00:54:03,세피리아 응애,itorilv1,https://cafe.naver.com/itoria,mysmallvtuber.net,2026-09-01T03:00:43Z
lf5D82a6YmUpqY33I3Re,데인문 언체인드,,youtube,UCuTzELh43r6Ns9MtNlzgc-g,https://www.youtube.com/channel/UCuTzELh43r6Ns9MtNlzgc-g,데인문 언체인드 / THEINMOON UNCHAINED,1690,2022-08-15,,2026-09-01 00:50:05,조용한 데인문.,Theinmoon_,,mysmallvtuber.net,2026-09-01T03:00:43Z
lf5D82a6YmUpqY33I3Re,데인문 언체인드,,youtube,UCKHd02p3iKO7gpSfCtdKeFQ,https://www.youtube.com/channel/UCKHd02p3iKO7gpSfCtdKeFQ,데인문 아카이브 / THEINMOON ARCHIVE,183,2022-08-15,,2026-09-01 00:50:05,조용한 데인문.,Theinmoon_,,mysmallvtuber.net,2026-09-01T03:00:43Z
lf5D82a6YmUpqY33I3Re,데인문 언체인드,,chzzk,14a147ac667ed76ae97fe61cb6837c32,https://chzzk.naver.com/14a147ac667ed76ae97fe61cb6837c32,데인문 언체인드,590,2022-08-15,,2026-09-01 00:50:05,조용한 데인문.,Theinmoon_,,mysmallvtuber.net,2026-09-01T03:00:43Z
4UxekaFu7QXvP9wLazr3,김아테 l Ate,l Ate,youtube,UCyUm1IF1GvhL8sFaK_Ga3ew,https://www.youtube.com/channel/UCyUm1IF1GvhL8sFaK_Ga3ew,아테 Ate,3530,2025-02-23,,2026-09-01 02:39:03,아프로디테가 보는 흥이 다 깨져버렸으니 책임져.,otw_ate,https://cafe.naver.com/otwoffical,mysmallvtuber.net,2026-09-01T03:00:43Z
4UxekaFu7QXvP9wLazr3,김아테 l Ate,l Ate,youtube,UC_wovpl7Vqg6P2DNCxIhUZg,https://www.youtube.com/channel/UC_wovpl7Vqg6P2DNCxIhUZg,김뒷태의 이중생활,894,2025-02-23,,2026-09-01 02:39:03,아프로디테가 보는 흥이 다 깨져버렸으니 책임져.,otw_ate,https://cafe.naver.com/otwoffical,mysmallvtuber.net,2026-09-01T03:00:43Z
4UxekaFu7QXvP9wLazr3,김아테 l Ate,l Ate,chzzk,f42e97f59c3177b8686dccfbf90792dd,https://chzzk.naver.com/f42e97f59c3177b8686dccfbf90792dd,김아테 l Ate,8342,2025-02-23,,2026-09-01 02:39:03,아프로디테가 보는 흥이 다 깨져버렸으니 책임져.,otw_ate,https://cafe.naver.com/otwoffical,mysmallvtuber.net,2026-09-01T03:00:43Z
t4bgVEgEwfRZF49vKr6U,시스네,,youtube,UC_rXopl6s9UnZwyqfPZtLpg,https://www.youtube.com/channel/UC_rXopl6s9UnZwyqfPZtLpg,시스네,1100,2026-05-05,,2026-09-01 10:27:02,[76일] 어흐한 공겜이라면서요 기대할게요,cisnes_,https://cafe.naver.com/cisnes,mysmallvtuber.net,2026-09-01T03:00:43Z
t4bgVEgEwfRZF49vKr6U,시스네,,youtube,UC9A6d9cZ4SxQ_FIEtcL_GyA,https://www.youtube.com/channel/UC9A6d9cZ4SxQ_FIEtcL_GyA,스네 모아보기,241,2026-05-05,,2026-09-01 10:27:02,[76일] 어흐한 공겜이라면서요 기대할게요,cisnes_,https://cafe.naver.com/cisnes,mysmallvtuber.net,2026-09-01T03:00:43Z
t4bgVEgEwfRZF49vKr6U,시스네,,chzzk,c3355ea2b3bea6c646789510796379d6,https://chzzk.naver.com/c3355ea2b3bea6c646789510796379d6,시스네,576,2026-05-05,,2026-09-01 10:27:02,[76일] 어흐한 공겜이라면서요 기대할게요,cisnes_,https://cafe.naver.com/cisnes,mysmallvtuber.net,2026-09-01T03:00:43Z
dRZumgJPMshNkwNaBVUf,우미미즈,,youtube,UCRu0Haymmbh4AomtdqUdJNw,https://www.youtube.com/channel/UCRu0Haymmbh4AomtdqUdJNw,우미미즈 TV,307,2023-02-24,,2026-09-01 02:50:05,[ 게임 ] 본격! 뇌 빼고 즐기는(?) 티바트 모험!ㅋㅋ (녹화 o),umimizu1030,https://cafe.naver.com/purpleknipo,mysmallvtuber.net,2026-09-01T03:00:43Z
dRZumgJPMshNkwNaBVUf,우미미즈,,youtube,UCH80TTUp1M_CGtXS8YNXjfg,https://www.youtube.com/channel/UCH80TTUp1M_CGtXS8YNXjfg,우미미즈 다시보기,56,2023-02-24,,2026-09-01 02:50:05,[ 게임 ] 본격! 뇌 빼고 즐기는(?) 티바트 모험!ㅋㅋ (녹화 o),umimizu1030,https://cafe.naver.com/purpleknipo,mysmallvtuber.net,2026-09-01T03:00:43Z
dRZumgJPMshNkwNaBVUf,우미미즈,,chzzk,9cca37ae66bea22b4516bd2dcd1fb566,https://chzzk.naver.com/9cca37ae66bea22b4516bd2dcd1fb566,우미미즈,248,2023-02-24,,2026-09-01 02:50:05,[ 게임 ] 본격! 뇌 빼고 즐기는(?) 티바트 모험!ㅋㅋ (녹화 o),umimizu1030,https://cafe.naver.com/purpleknipo,mysmallvtuber.net,2026-09-01T03:00:43Z
8QGxMh35q8heBwT5azUP,족제비와토끼,,chzzk,b20c3fe90315b3b88964dbe9dea7f27a,https://chzzk.naver.com/b20c3fe90315b3b88964dbe9dea7f27a,족제비와토끼,7589,,,2026-09-01 00:50:05,조용한 방송,,,mysmallvtuber.net,2026-09-01T03:00:43Z
uZNQt3dcqANce9HSr9jZ,꽁구마,,youtube,UC1sF0SOOV23cUiYgaapOWRw,https://www.youtube.com/channel/UC1sF0SOOV23cUiYgaapOWRw,꽁구마,1170,2025-02-01,,2026-08-31 22:54:03,유니콘과 페가수스가 싸우면 누가 이길까,kkongguma,https://cafe.naver.com/kkonggumas2,mysmallvtuber.net,2026-09-01T03:00:43Z
uZNQt3dcqANce9HSr9jZ,꽁구마,,chzzk,3ea47d1b635b154d30f20ce0e6ce6b13,https://chzzk.naver.com/3ea47d1b635b154d30f20ce0e6ce6b13,꽁구마,1311,2025-02-01,,2026-08-31 22:54:03,유니콘과 페가수스가 싸우면 누가 이길까,kkongguma,https://cafe.naver.com/kkonggumas2,mysmallvtuber.net,2026-09-01T03:00:43Z
qZaBTEsH5XgHj6wner4G,강재히,,youtube,UC7iUfFL3Z1Y_0K4IbHXRzVg,https://www.youtube.com/channel/UC7iUfFL3Z1Y_0K4IbHXRzVg,강재히 다시보기,35,2024-10-14,,2026-09-01 08:00:05,반갑구리,,https://cafe.naver.com/jaehee1309,mysmallvtuber.net,2026-09-01T03:00:43Z
qZaBTEsH5XgHj6wner4G,강재히,,chzzk,63a1cb463032bb9d88ee5fd17c1a0a3f,https://chzzk.naver.com/63a1cb463032bb9d88ee5fd17c1a0a3f,강재히,1266,2024-10-14,,2026-09-01 08:00:05,반갑구리,,https://cafe.naver.com/jaehee1309,mysmallvtuber.net,2026-09-01T03:00:43Z
GHP2XUHzUFhPc2c59NEj,라디유,,youtube,UC44QE3DVUuDrhUC5yp4zRYQ,https://www.youtube.com/channel/UC44QE3DVUuDrhUC5yp4zRYQ,라디유,333000,2019-10-28,,2026-08-31 22:26:03,너때문에 흥이깨졌잖아 책임져 보러옴!,radiyoui,https://cafe.naver.com/radiyu,mysmallvtuber.net,2026-09-01T03:00:43Z
GHP2XUHzUFhPc2c59NEj,라디유,,chzzk,68f895c59a1043bc5019b5e08c83a5c5,https://chzzk.naver.com/68f895c59a1043bc5019b5e08c83a5c5,라디유,78162,2019-10-28,,2026-08-31 22:26:03,너때문에 흥이깨졌잖아 책임져 보러옴!,radiyoui,https://cafe.naver.com/radiyu,mysmallvtuber.net,2026-09-01T03:00:43Z
Hxe2RdEHFkEe2j9F6vZX,묘링 Myoring,Myoring,youtube,UCGcQFzbYih2BFVso6Y0DJbg,https://www.youtube.com/channel/UCGcQFzbYih2BFVso6Y0DJbg,묘링,470,2024-10-10,,2026-09-01 05:57:03,마지막은 롤체 한판!,myoring_,https://cafe.naver.com/tokkibyeol,mysmallvtuber.net,2026-09-01T03:00:43Z
Hxe2RdEHFkEe2j9F6vZX,묘링 Myoring,Myoring,youtube,UCKdvvWs6ibM21cGHT5vSfhw,https://www.youtube.com/channel/UCKdvvWs6ibM21cGHT5vSfhw,묘링 다시보기,241,2024-10-10,,2026-09-01 05:57:03,마지막은 롤체 한판!,myoring_,https://cafe.naver.com/tokkibyeol,mysmallvtuber.net,2026-09-01T03:00:43Z
Hxe2RdEHFkEe2j9F6vZX,묘링 Myoring,Myoring,chzzk,ff5c50ee96f6871112f776679ea2c4ee,https://chzzk.naver.com/ff5c50ee96f6871112f776679ea2c4ee,묘링 Myoring,1799,2024-10-10,,2026-09-01 05:57:03,마지막은 롤체 한판!,myoring_,https://cafe.naver.com/tokkibyeol,mysmallvtuber.net,2026-09-01T03:00:43Z
hxHEtVwLEw1eNLO9FwRU,달체솜,,youtube,UCtFGm914jXb9sJSM8YiKhhw,https://www.youtube.com/channel/UCtFGm914jXb9sJSM8YiKhhw,달체솜,3010,2022-02-21,,2026-09-01 01:22:03,[HOV 지원] 여름의 마지막! 방구석 락?페스티벌❤️[오프라인],Dalchesom,https://cafe.naver.com/chesom,mysmallvtuber.net,2026-09-01T03:00:43Z
hxHEtVwLEw1eNLO9FwRU,달체솜,,soop,dalchesom,https://ch.sooplive.co.kr/dalchesom,달체솜,7180,2022-02-21,,2026-09-01 01:22:03,[HOV 지원] 여름의 마지막! 방구석 락?페스티벌❤️[오프라인],Dalchesom,https://cafe.naver.com/chesom,mysmallvtuber.net,2026-09-01T03:00:43Z
x4W8BvHyhBXQDJhgwQVs,마냐나,,youtube,UCMEtLT7PFwWES9ho8BhNM4w,https://www.youtube.com/channel/UCMEtLT7PFwWES9ho8BhNM4w,마냐나,599,2023-05-10,,2026-09-01 01:09:03,인어 김만냐 실존 /ᐠ_ ꞈ _ᐟ\ɴʏᴀ,manyana158,https://cafe.naver.com/manyana158,mysmallvtuber.net,2026-09-01T03:00:43Z
x4W8BvHyhBXQDJhgwQVs,마냐나,,youtube,UC7hxHMdP2KRq3mCS2G8Pqlg,https://www.youtube.com/channel/UC7hxHMdP2KRq3mCS2G8Pqlg,다시만냐,260,2023-05-10,,2026-09-01 01:09:03,인어 김만냐 실존 /ᐠ_ ꞈ _ᐟ\ɴʏᴀ,manyana158,https://cafe.naver.com/manyana158,mysmallvtuber.net,2026-09-01T03:00:43Z
x4W8BvHyhBXQDJhgwQVs,마냐나,,chzzk,f4022e7c7403c765dda995b30369577c,https://chzzk.naver.com/f4022e7c7403c765dda995b30369577c,마냐나,1394,2023-05-10,,2026-09-01 01:09:03,인어 김만냐 실존 /ᐠ_ ꞈ _ᐟ\ɴʏᴀ,manyana158,https://cafe.naver.com/manyana158,mysmallvtuber.net,2026-09-01T03:00:43Z
hsgbyjKjxVagpjZMTZjS,미엘 스윗하트 HAVEN,HAVEN,youtube,UCiUC_hf5CHzPD2ni2AtEZeg,https://www.youtube.com/channel/UCiUC_hf5CHzPD2ni2AtEZeg,미엘 ASMR Ch,852,2025-08-16,,2026-09-01 05:30:05,나 여보닮은 아기 만들고싶은데...💕,MIEL_haven,https://cafe.naver.com/havenproduction,mysmallvtuber.net,2026-09-01T03:00:43Z
hsgbyjKjxVagpjZMTZjS,미엘 스윗하트 HAVEN,HAVEN,youtube,UCKGcVAdwXnWC0JMm-4tw5tw,https://www.youtube.com/channel/UCKGcVAdwXnWC0JMm-4tw5tw,미엘 스윗하트 Miel Sweetheart ch,407,2025-08-16,,2026-09-01 05:30:05,나 여보닮은 아기 만들고싶은데...💕,MIEL_haven,https://cafe.naver.com/havenproduction,mysmallvtuber.net,2026-09-01T03:00:43Z
hsgbyjKjxVagpjZMTZjS,미엘 스윗하트 HAVEN,HAVEN,chzzk,cf882ca21960c190dd6af5c8332d3876,https://chzzk.naver.com/cf882ca21960c190dd6af5c8332d3876,미엘 스윗하트 HAVEN,2797,2025-08-16,,2026-09-01 05:30:05,나 여보닮은 아기 만들고싶은데...💕,MIEL_haven,https://cafe.naver.com/havenproduction,mysmallvtuber.net,2026-09-01T03:00:43Z
B2JKCXCkyjdTp3NjmcRK,원사비,,youtube,UCJHk9HWbXU9ln5XApEYpf9A,https://www.youtube.com/channel/UCJHk9HWbXU9ln5XApEYpf9A,원사비,1650,2022-08-26,,2026-08-31 23:57:02,진짜 8월의 마지막 날,Onesabi_Vtuber,https://cafe.naver.com/onesabi,mysmallvtuber.net,2026-09-01T03:00:43Z
B2JKCXCkyjdTp3NjmcRK,원사비,,chzzk,2ec15ebae15c6fff39ec24ce8a8828de,https://chzzk.naver.com/2ec15ebae15c6fff39ec24ce8a8828de,원사비,1464,2022-08-26,,2026-08-31 23:57:02,진짜 8월의 마지막 날,Onesabi_Vtuber,https://cafe.naver.com/onesabi,mysmallvtuber.net,2026-09-01T03:00:43Z
sJLuzcWn2merHa9HfxCH,루빈 LUVIN,LUVIN,youtube,UCT_zytTjKpU8CPwfwnkxgrQ,https://www.youtube.com/channel/UCT_zytTjKpU8CPwfwnkxgrQ,루빈 Luvin,1210,,,2026-09-01 01:58:02,[3000팔로워 감사합니다!] 이벤트 설명 + 버거치킨추첨(완료) / 9월도 다들 행복하세요!,luvin_winter_,https://cafe.naver.com/luvinwinter00,mysmallvtuber.net,2026-09-01T03:00:43Z
sJLuzcWn2merHa9HfxCH,루빈 LUVIN,LUVIN,youtube,UC1Hbbzn67K5itZZBbD6B-FQ,https://www.youtube.com/channel/UC1Hbbzn67K5itZZBbD6B-FQ,긴루빈,97,,,2026-09-01 01:58:02,[3000팔로워 감사합니다!] 이벤트 설명 + 버거치킨추첨(완료) / 9월도 다들 행복하세요!,luvin_winter_,https://cafe.naver.com/luvinwinter00,mysmallvtuber.net,2026-09-01T03:00:43Z
sJLuzcWn2merHa9HfxCH,루빈 LUVIN,LUVIN,chzzk,6bfe9d40bfdc073643e9535b4718423b,https://chzzk.naver.com/6bfe9d40bfdc073643e9535b4718423b,루빈 LUVIN,3174,,,2026-09-01 01:58:02,[3000팔로워 감사합니다!] 이벤트 설명 + 버거치킨추첨(완료) / 9월도 다들 행복하세요!,luvin_winter_,https://cafe.naver.com/luvinwinter00,mysmallvtuber.net,2026-09-01T03:00:43Z
2FZFkqhjsbvmC5NzVhNV,하리_HARI,HARI,youtube,UCfHB-f14_PNq8EJn6SmvJ0w,https://www.youtube.com/channel/UCfHB-f14_PNq8EJn6SmvJ0w,하리 HARI [VRECORD],701,2024-11-23,,2026-09-01 00:42:03,🦴달려온 가나디🦴,vrecord_hari,https://cafe.naver.com/vrecord,mysmallvtuber.net,2026-09-01T03:00:43Z
2FZFkqhjsbvmC5NzVhNV,하리_HARI,HARI,soop,harivrecord,https://ch.sooplive.co.kr/harivrecord,하리_HARI,1808,2024-11-23,,2026-09-01 00:42:03,🦴달려온 가나디🦴,vrecord_hari,https://cafe.naver.com/vrecord,mysmallvtuber.net,2026-09-01T03:00:43Z
3SfKTQ5SFX8e7JZDDGWJ,가을솔,,chzzk,45d0e65f8c9f98557a595b9d12736f70,https://chzzk.naver.com/45d0e65f8c9f98557a595b9d12736f70,가을솔,1781,,,2026-09-01 03:07:03,✨💖💕✨ 곤듀 쫌보이이이이두 스따뜨 ^^✧⁺⸜(●′▾‵●)⸝⁺✧🐣🤣,,https://discord.com/invite/838MBPKukA,mysmallvtuber.net,2026-09-01T03:00:43Z
4YcE3z5WmCxNHAHkxynv,나송진,,youtube,UC16TqNvgNg5TFBlRP3p98aA,https://www.youtube.com/channel/UC16TqNvgNg5TFBlRP3p98aA,나송진,136,2024-10-24,,2026-09-01 00:39:03,[유입환영] 아잇 지각이다 지각~,NaSongjin,https://discord.gg/NrQWG2hzYB,mysmallvtuber.net,2026-09-01T03:00:43Z
4YcE3z5WmCxNHAHkxynv,나송진,,chzzk,74e79142b1db379dce32040c7ba3316e,https://chzzk.naver.com/74e79142b1db379dce32040c7ba3316e,나송진,670,2024-10-24,,2026-09-01 00:39:03,[유입환영] 아잇 지각이다 지각~,NaSongjin,https://discord.gg/NrQWG2hzYB,mysmallvtuber.net,2026-09-01T03:00:43Z
RrPrGBCaHH3rpfaMn2xD,레우로,,youtube,UCgfbaijcPkUWMw0HOpYuLUw,https://www.youtube.com/channel/UCgfbaijcPkUWMw0HOpYuLUw,Leuro_레우로_レウロ,264,2022-02-26,,2026-08-31 23:36:03,날이 많이 습해져서 클라우드섬도 습도가 올라갔는데???,Leuro_v,https://cafe.naver.com/leurogreen,mysmallvtuber.net,2026-09-01T03:00:43Z
RrPrGBCaHH3rpfaMn2xD,레우로,,chzzk,3ac36eead7d987339191808f06e066db,https://chzzk.naver.com/3ac36eead7d987339191808f06e066db,레우로,876,2022-02-26,,2026-08-31 23:36:03,날이 많이 습해져서 클라우드섬도 습도가 올라갔는데???,Leuro_v,https://cafe.naver.com/leurogreen,mysmallvtuber.net,2026-09-01T03:00:43Z
jXG76RDGYrM9GVUwbqDb,자쿠로 I 에델리안,I,youtube,UCIFQ5yddGoyydsLS9vIJ-Kw,https://www.youtube.com/channel/UCIFQ5yddGoyydsLS9vIJ-Kw,자쿠로 알만다이트 【 에델리안 】,277,2024-10-05,,2026-09-01 00:36:03,[V/유입환영] 月요일 夜한 밤  【 에델리안 】,PN_zakuro,https://cafe.naver.com/paranet,mysmallvtuber.net,2026-09-01T03:00:43Z
jXG76RDGYrM9GVUwbqDb,자쿠로 I 에델리안,I,chzzk,bb49ddcb2a273b25a4bb3aee549d0839,https://chzzk.naver.com/bb49ddcb2a273b25a4bb3aee549d0839,자쿠로 I 에델리안,524,2024-10-05,,2026-09-01 00:36:03,[V/유입환영] 月요일 夜한 밤  【 에델리안 】,PN_zakuro,https://cafe.naver.com/paranet,mysmallvtuber.net,2026-09-01T03:00:43Z
U6YVySURh79SL2h6Afg3,윤이제,,youtube,UCI6GdrsqBTNRA_T5gMq9nBA,https://www.youtube.com/channel/UCI6GdrsqBTNRA_T5gMq9nBA,윤이제 EZE,88700,2023-11-25,,2026-09-01 02:52:02,[블리즈/청팀장]💙 나왔네 앙마이졔👿,YunEze1017,https://cafe.naver.com/vlyz,mysmallvtuber.net,2026-09-01T03:00:43Z
U6YVySURh79SL2h6Afg3,윤이제,,youtube,UC0MTwe1hbz8X2J2Ta9L7QXQ,https://www.youtube.com/channel/UC0MTwe1hbz8X2J2Ta9L7QXQ,이제 EZE VOD,1340,2023-11-25,,2026-09-01 02:52:02,[블리즈/청팀장]💙 나왔네 앙마이졔👿,YunEze1017,https://cafe.naver.com/vlyz,mysmallvtuber.net,2026-09-01T03:00:43Z
U6YVySURh79SL2h6Afg3,윤이제,,soop,eze1017,https://ch.sooplive.co.kr/eze1017,윤이제,19639,2023-11-25,,2026-09-01 02:52:02,[블리즈/청팀장]💙 나왔네 앙마이졔👿,YunEze1017,https://cafe.naver.com/vlyz,mysmallvtuber.net,2026-09-01T03:00:43Z
D3TvQnf8TJQDwXCwHWVM,땽땽,,youtube,UC_W9usEqzkpuvNMYRE5PNUg,https://www.youtube.com/channel/UC_W9usEqzkpuvNMYRE5PNUg,땽땽,207,2024-12-13,,2026-09-01 01:19:03,🐻 비가 추적추적... 🐻,,https://cafe.naver.com/ddnut,mysmallvtuber.net,2026-09-01T03:00:43Z
D3TvQnf8TJQDwXCwHWVM,땽땽,,youtube,UCPe7Yl3Xm2sx4DjyTofNYLw,https://www.youtube.com/channel/UCPe7Yl3Xm2sx4DjyTofNYLw,땽땽한 다시보기,15,2024-12-13,,2026-09-01 01:19:03,🐻 비가 추적추적... 🐻,,https://cafe.naver.com/ddnut,mysmallvtuber.net,2026-09-01T03:00:43Z
D3TvQnf8TJQDwXCwHWVM,땽땽,,chzzk,e11eb90cdeaead6cc22fd03779373c5a,https://chzzk.naver.com/e11eb90cdeaead6cc22fd03779373c5a,땽땽,1394,2024-12-13,,2026-09-01 01:19:03,🐻 비가 추적추적... 🐻,,https://cafe.naver.com/ddnut,mysmallvtuber.net,2026-09-01T03:00:43Z
Kf9gSaADOMTqZHRDO2YH,비몽♪,,youtube,UCnWEtTLqxplJccIRh3sFjJg,https://www.youtube.com/channel/UCnWEtTLqxplJccIRh3sFjJg,비몽 Beemong,43800,2022-08-06,,2026-09-01 02:35:03,[이브닛]간만에 구플뱅 'ㅅ',beemong_,https://discord.com/invite/MYrArAmuYp,mysmallvtuber.net,2026-09-01T03:00:43Z
Kf9gSaADOMTqZHRDO2YH,비몽♪,,youtube,UC-PEEzHOQCgAA2X96WAndpg,https://www.youtube.com/channel/UC-PEEzHOQCgAA2X96WAndpg,비몽 아카이브,991,2022-08-06,,2026-09-01 02:35:03,[이브닛]간만에 구플뱅 'ㅅ',beemong_,https://discord.com/invite/MYrArAmuYp,mysmallvtuber.net,2026-09-01T03:00:43Z
Kf9gSaADOMTqZHRDO2YH,비몽♪,,soop,beemong,https://ch.sooplive.co.kr/beemong,비몽♪,36798,2022-08-06,,2026-09-01 02:35:03,[이브닛]간만에 구플뱅 'ㅅ',beemong_,https://discord.com/invite/MYrArAmuYp,mysmallvtuber.net,2026-09-01T03:00:43Z
E6wWQDsF2dUAdTkfjsgf,홍세비,,youtube,UCj1kn1PezctpLcoRUaVhYIA,https://www.youtube.com/channel/UCj1kn1PezctpLcoRUaVhYIA,홍세비,493,2022-03-05,,2026-09-01 01:43:03,잔홍 그리기끝 구미호(일본어음성/드롭스O),Hong_Sebi_,https://cafe.naver.com/hongsebi,mysmallvtuber.net,2026-09-01T03:00:43Z
E6wWQDsF2dUAdTkfjsgf,홍세비,,youtube,UC12FEJavRqOWVPvkzGhuvVw,https://www.youtube.com/channel/UC12FEJavRqOWVPvkzGhuvVw,홍세비 다시보기,377,2022-03-05,,2026-09-01 01:43:03,잔홍 그리기끝 구미호(일본어음성/드롭스O),Hong_Sebi_,https://cafe.naver.com/hongsebi,mysmallvtuber.net,2026-09-01T03:00:43Z
E6wWQDsF2dUAdTkfjsgf,홍세비,,chzzk,34d8c6707022b00e68b96437c5f8b4b9,https://chzzk.naver.com/34d8c6707022b00e68b96437c5f8b4b9,홍세비,1585,2022-03-05,,2026-09-01 01:43:03,잔홍 그리기끝 구미호(일본어음성/드롭스O),Hong_Sebi_,https://cafe.naver.com/hongsebi,mysmallvtuber.net,2026-09-01T03:00:43Z
aRTKFZzHqXUHep5QD5tr,유다히,,youtube,UCtmXoV68351T9qgoALoW-XQ,https://www.youtube.com/channel/UCtmXoV68351T9qgoALoW-XQ,리트라 E. 유다히 retry udie,534,2023-10-01,,2026-09-01 01:12:02,[처음봄]올림푸수가디건 내림푸수가디건 엌ㅋㅋㅋㅋㅋㅋㅋㅋㅋㅋㅋㅋㅋㅋㅋㅋㅋㅋㅋㅋㅋㅋㅋㅋㅋㅋㅋㅋㅋㅋㅋㅋㅋㅋㅋㅋㅋㅋㅋㅋㅋㅋㅋㅋㅋㅋㅋㅋㅋㅋㅋㅋㅋㅋㅋㅋㅋㅋㅋㅋㅋㅋㅋㅋㅋㅋㅋ / ~٩( ᐛ )?,retryudie,https://cafe.naver.com/kimchiwatt,mysmallvtuber.net,2026-09-01T03:00:43Z
aRTKFZzHqXUHep5QD5tr,유다히,,youtube,UCXC5FdCYZPem-mcC2kQ6lCQ,https://www.youtube.com/channel/UCXC5FdCYZPem-mcC2kQ6lCQ,유다히 다시보기,249,2023-10-01,,2026-09-01 01:12:02,[처음봄]올림푸수가디건 내림푸수가디건 엌ㅋㅋㅋㅋㅋㅋㅋㅋㅋㅋㅋㅋㅋㅋㅋㅋㅋㅋㅋㅋㅋㅋㅋㅋㅋㅋㅋㅋㅋㅋㅋㅋㅋㅋㅋㅋㅋㅋㅋㅋㅋㅋㅋㅋㅋㅋㅋㅋㅋㅋㅋㅋㅋㅋㅋㅋㅋㅋㅋㅋㅋㅋㅋㅋㅋㅋㅋ / ~٩( ᐛ )?,retryudie,https://cafe.naver.com/kimchiwatt,mysmallvtuber.net,2026-09-01T03:00:43Z
aRTKFZzHqXUHep5QD5tr,유다히,,chzzk,e630c27b3c51307c1a064213a4a000bd,https://chzzk.naver.com/e630c27b3c51307c1a064213a4a000bd,유다히,3044,2023-10-01,,2026-09-01 01:12:02,[처음봄]올림푸수가디건 내림푸수가디건 엌ㅋㅋㅋㅋㅋㅋㅋㅋㅋㅋㅋㅋㅋㅋㅋㅋㅋㅋㅋㅋㅋㅋㅋㅋㅋㅋㅋㅋㅋㅋㅋㅋㅋㅋㅋㅋㅋㅋㅋㅋㅋㅋㅋㅋㅋㅋㅋㅋㅋㅋㅋㅋㅋㅋㅋㅋㅋㅋㅋㅋㅋㅋㅋㅋㅋㅋㅋ / ~٩( ᐛ )?,retryudie,https://cafe.naver.com/kimchiwatt,mysmallvtuber.net,2026-09-01T03:00:43Z
K5UNTYN7EwTByKWgLdyu,키미도리 메로,,youtube,UCEuLCV70Fm4Ua3zn-261HhQ,https://www.youtube.com/channel/UCEuLCV70Fm4Ua3zn-261HhQ,키미도리_메로 KIMIDORI MERO,62200,2023-09-16,,2026-09-01 00:36:03,스쿨미즈가 잘 어울리는 나 ㅎㅅㅎ,mero_kimidori,https://cafe.naver.com/everydaymero,mysmallvtuber.net,2026-09-01T03:00:43Z
K5UNTYN7EwTByKWgLdyu,키미도리 메로,,youtube,UCMkypLHgCec4wtliFpyny2g,https://www.youtube.com/channel/UCMkypLHgCec4wtliFpyny2g,조커TV,186,2023-09-16,,2026-09-01 00:36:03,스쿨미즈가 잘 어울리는 나 ㅎㅅㅎ,mero_kimidori,https://cafe.naver.com/everydaymero,mysmallvtuber.net,2026-09-01T03:00:43Z
K5UNTYN7EwTByKWgLdyu,키미도리 메로,,chzzk,33d58e8eb2014d6e6c5eb74dcc587ebd,https://chzzk.naver.com/33d58e8eb2014d6e6c5eb74dcc587ebd,키미도리 메로,15663,2023-09-16,,2026-09-01 00:36:03,스쿨미즈가 잘 어울리는 나 ㅎㅅㅎ,mero_kimidori,https://cafe.naver.com/everydaymero,mysmallvtuber.net,2026-09-01T03:00:43Z
B9HUp3afLwhZ2eMhVzQY,와이안,,youtube,UCiCtRyJIDB1oWeytRwd44BA,https://www.youtube.com/channel/UCiCtRyJIDB1oWeytRwd44BA,와이안의 이안바,79,2025-05-15,,2026-08-31 23:42:03,[유입환영]퇴근길에 이어폰 없어진 바텐더,wyan_official,,mysmallvtuber.net,2026-09-01T03:00:43Z
B9HUp3afLwhZ2eMhVzQY,와이안,,chzzk,dce8163af8770f85ee1119b4ac1c0619,https://chzzk.naver.com/dce8163af8770f85ee1119b4ac1c0619,와이안,319,2025-05-15,,2026-08-31 23:42:03,[유입환영]퇴근길에 이어폰 없어진 바텐더,wyan_official,,mysmallvtuber.net,2026-09-01T03:00:43Z
x59beqtuUzpbscyEzJN6,사사야키 리네,,youtube,UCWJzY43dtKa9d2LnFSRcVCQ,https://www.youtube.com/channel/UCWJzY43dtKa9d2LnFSRcVCQ,사사야키 리네 【HIDOCUTION】,1020,2024-11-23,,2026-08-31 21:44:03,🩵잠깐의 공지?ㅣ💌히도쿠션,Sasayaki_reine,https://hez.gg/fan-city/jFIeg8VIF4oPeVNaTUv2,mysmallvtuber.net,2026-09-01T03:00:43Z
x59beqtuUzpbscyEzJN6,사사야키 리네,,youtube,UC9dKvCFe1-eDgFUrZiXukNg,https://www.youtube.com/channel/UC9dKvCFe1-eDgFUrZiXukNg,긴 리네 다시보기,38,2024-11-23,,2026-08-31 21:44:03,🩵잠깐의 공지?ㅣ💌히도쿠션,Sasayaki_reine,https://hez.gg/fan-city/jFIeg8VIF4oPeVNaTUv2,mysmallvtuber.net,2026-09-01T03:00:43Z
x59beqtuUzpbscyEzJN6,사사야키 리네,,chzzk,e9009ccf115e0a550d44158bdbb2fc83,https://chzzk.naver.com/e9009ccf115e0a550d44158bdbb2fc83,사사야키 리네,483,2024-11-23,,2026-08-31 21:44:03,🩵잠깐의 공지?ㅣ💌히도쿠션,Sasayaki_reine,https://hez.gg/fan-city/jFIeg8VIF4oPeVNaTUv2,mysmallvtuber.net,2026-09-01T03:00:43Z
w2zrd6dDaswmaRUTU6pT,빱찌,,youtube,UCTSkjPPvz1b3y4yaHPR8c7w,https://www.youtube.com/channel/UCTSkjPPvz1b3y4yaHPR8c7w,뚜루띠안 빱찌,1470,2025-03-28,,2026-09-01 00:54:03,🛸 달려보쟈잇👽,,https://cafe.naver.com/bbabzzi,mysmallvtuber.net,2026-09-01T03:00:43Z
w2zrd6dDaswmaRUTU6pT,빱찌,,chzzk,b9a9c0046303e93448e799900347a3d2,https://chzzk.naver.com/b9a9c0046303e93448e799900347a3d2,빱찌,901,2025-03-28,,2026-09-01 00:54:03,🛸 달려보쟈잇👽,,https://cafe.naver.com/bbabzzi,mysmallvtuber.net,2026-09-01T03:00:43Z
PEWAMRcUrk9Fj6p7dFAd,한류월,,youtube,UCFHwcns2Hym2CVgTmFc_4Mw,https://www.youtube.com/channel/UCFHwcns2Hym2CVgTmFc_4Mw,한류월,146,2019-12-05,,2026-08-31 21:44:03,🐼 오늘은 같이 보기하는날!!!,Ryuwall_,https://cafe.naver.com/ryuwall,mysmallvtuber.net,2026-09-01T03:00:43Z
PEWAMRcUrk9Fj6p7dFAd,한류월,,youtube,UCxiOBGO4PGwopIGGR6CU3-g,https://www.youtube.com/channel/UCxiOBGO4PGwopIGGR6CU3-g,한시보기,19,2019-12-05,,2026-08-31 21:44:03,🐼 오늘은 같이 보기하는날!!!,Ryuwall_,https://cafe.naver.com/ryuwall,mysmallvtuber.net,2026-09-01T03:00:43Z
PEWAMRcUrk9Fj6p7dFAd,한류월,,chzzk,ef935e68b61168fbe647f70f0f00431c,https://chzzk.naver.com/ef935e68b61168fbe647f70f0f00431c,한류월,323,2019-12-05,,2026-08-31 21:44:03,🐼 오늘은 같이 보기하는날!!!,Ryuwall_,https://cafe.naver.com/ryuwall,mysmallvtuber.net,2026-09-01T03:00:43Z
XpCAEUyJscNUyyHhcdJ5,우엉초,,chzzk,cf508ad755c0e3bf1a66d7649cf2cbf0,https://chzzk.naver.com/cf508ad755c0e3bf1a66d7649cf2cbf0,우엉초,211,,,2026-09-01 00:06:02,오랜만에 하는 마듀스 시참 뱅송 (시참방 번호: 958114) _브금 추천 받음,,https://cafe.naver.com/ueoncho,mysmallvtuber.net,2026-09-01T03:00:43Z
PtBUBM9ktAHqft8Ft8WB,리마 파트로나,,youtube,UC0_l5EmFAJnEz3KfArXnFAQ,https://www.youtube.com/channel/UC0_l5EmFAJnEz3KfArXnFAQ,리마 파트로나,2620,2022-01-09,,2026-09-01 08:54:03,🐰 추리 퍼팩트로 끝냄! 후열 림월드 (목표: 이명 사라지기) 🐰₍ᐢ › ༝ ‹ ᐢ₎ !,rima_patrona,https://discord.gg/Gc4h7D5j8T,mysmallvtuber.net,2026-09-01T03:00:43Z
PtBUBM9ktAHqft8Ft8WB,리마 파트로나,,youtube,UCactal0XJKAbuA1L0tGgoKQ,https://www.youtube.com/channel/UCactal0XJKAbuA1L0tGgoKQ,리마의 큰 공방,507,2022-01-09,,2026-09-01 08:54:03,🐰 추리 퍼팩트로 끝냄! 후열 림월드 (목표: 이명 사라지기) 🐰₍ᐢ › ༝ ‹ ᐢ₎ !,rima_patrona,https://discord.gg/Gc4h7D5j8T,mysmallvtuber.net,2026-09-01T03:00:43Z
PtBUBM9ktAHqft8Ft8WB,리마 파트로나,,chzzk,0f8dd536173906358d479d641bc3bca3,https://chzzk.naver.com/0f8dd536173906358d479d641bc3bca3,리마 파트로나,2812,2022-01-09,,2026-09-01 08:54:03,🐰 추리 퍼팩트로 끝냄! 후열 림월드 (목표: 이명 사라지기) 🐰₍ᐢ › ༝ ‹ ᐢ₎ !,rima_patrona,https://discord.gg/Gc4h7D5j8T,mysmallvtuber.net,2026-09-01T03:00:43Z
6YpGWwy2fCWXbZVUtvPh,이샤 ISHA,ISHA,youtube,UCjOHYSMHHenIR_rFaJTNtGA,https://www.youtube.com/channel/UCjOHYSMHHenIR_rFaJTNtGA,이샤,47400,2025-09-27,,2026-09-01 01:12:02,비키니....,ishawaddo,,mysmallvtuber.net,2026-09-01T03:00:43Z
6YpGWwy2fCWXbZVUtvPh,이샤 ISHA,ISHA,chzzk,d9c00ea08106b660e26abcd730e7d796,https://chzzk.naver.com/d9c00ea08106b660e26abcd730e7d796,이샤 ISHA,46098,2025-09-27,,2026-09-01 01:12:02,비키니....,ishawaddo,,mysmallvtuber.net,2026-09-01T03:00:43Z
dCb7ARcJuUBjhrNF94cp,리리스_,,youtube,UCzRDavN21iJ5X4MCwwpM8Jw,https://www.youtube.com/channel/UCzRDavN21iJ5X4MCwwpM8Jw,리리스 LILITH,1360,2024-03-16,,2026-08-31 23:09:02,방송,vrecord_lilith,https://cafe.naver.com/vrecord,mysmallvtuber.net,2026-09-01T03:00:43Z
dCb7ARcJuUBjhrNF94cp,리리스_,,youtube,UC6lwwCv0K9Wawn-__o4Rbgg,https://www.youtube.com/channel/UC6lwwCv0K9Wawn-__o4Rbgg,리리스 다시보기,400,2024-03-16,,2026-08-31 23:09:02,방송,vrecord_lilith,https://cafe.naver.com/vrecord,mysmallvtuber.net,2026-09-01T03:00:43Z
dCb7ARcJuUBjhrNF94cp,리리스_,,soop,lilith1211,https://ch.sooplive.co.kr/lilith1211,리리스_,4620,2024-03-16,,2026-08-31 23:09:02,방송,vrecord_lilith,https://cafe.naver.com/vrecord,mysmallvtuber.net,2026-09-01T03:00:43Z
Za3Wkcsq93SN3RCZqzVa,토종 아오리,,youtube,UCad0dZKUGJOqTifxLqDi4Wg,https://www.youtube.com/channel/UCad0dZKUGJOqTifxLqDi4Wg,토종 아오리 Aori,11900,2021-07-17,,2026-09-01 06:30:02,힐링 노래🎹노래 짧게 하고 갈게요,,https://cafe.naver.com/aori2313,mysmallvtuber.net,2026-09-01T03:00:43Z
Za3Wkcsq93SN3RCZqzVa,토종 아오리,,chzzk,81bd5b50f0c0728128442daf7db626fc,https://chzzk.naver.com/81bd5b50f0c0728128442daf7db626fc,토종 아오리,20446,2021-07-17,,2026-09-01 06:30:02,힐링 노래🎹노래 짧게 하고 갈게요,,https://cafe.naver.com/aori2313,mysmallvtuber.net,2026-09-01T03:00:43Z
f2AY9feBKjtkjprJauNF,쁘밍,,youtube,UCb4SKHYmyfYMSN9NrP7fQPg,https://www.youtube.com/channel/UCb4SKHYmyfYMSN9NrP7fQPg,쁘밍,2780,2019-06-25,,2026-09-01 00:41:03,🐰토끼가 하는 토끼게임🐰세피리아🐰,bbuming_vt,https://cafe.naver.com/bbuming,mysmallvtuber.net,2026-09-01T03:00:43Z
f2AY9feBKjtkjprJauNF,쁘밍,,chzzk,0537e132c47b6d4fa46650e30ba39d4a,https://chzzk.naver.com/0537e132c47b6d4fa46650e30ba39d4a,쁘밍,2731,2019-06-25,,2026-09-01 00:41:03,🐰토끼가 하는 토끼게임🐰세피리아🐰,bbuming_vt,https://cafe.naver.com/bbuming,mysmallvtuber.net,2026-09-01T03:00:43Z
6ws34eA3qcf5WGpCAMsH,아이샤 AISHA,AISHA,youtube,UCSwOP8NkNo_53426EDrBZFA,https://www.youtube.com/channel/UCSwOP8NkNo_53426EDrBZFA,아이샤 AISHA,2890,,,2026-08-31 23:24:03,~^^~,imaishaaa_,https://cafe.naver.com/aishabang,mysmallvtuber.net,2026-09-01T03:00:43Z
6ws34eA3qcf5WGpCAMsH,아이샤 AISHA,AISHA,youtube,UCabuIWqKFlOMFEJyjI7EbPA,https://www.youtube.com/channel/UCabuIWqKFlOMFEJyjI7EbPA,아이샤 AISHA 다시보기,221,,,2026-08-31 23:24:03,~^^~,imaishaaa_,https://cafe.naver.com/aishabang,mysmallvtuber.net,2026-09-01T03:00:43Z
6ws34eA3qcf5WGpCAMsH,아이샤 AISHA,AISHA,chzzk,2c749fa90d6281bf17bf4dd1a444fe7b,https://chzzk.naver.com/2c749fa90d6281bf17bf4dd1a444fe7b,아이샤 AISHA,2372,,,2026-08-31 23:24:03,~^^~,imaishaaa_,https://cafe.naver.com/aishabang,mysmallvtuber.net,2026-09-01T03:00:43Z
p8RqTMfAvqq83s7t7VYX,정묘린,,youtube,UChGjiF-6n3GXsP-gTI_RM4g,https://www.youtube.com/channel/UChGjiF-6n3GXsP-gTI_RM4g,묘린,825,2024-08-10,,2026-09-01 00:24:03,옵린이에요 잘 못함!!! 캬하하하하,Myo_Moon_,https://cafe.naver.com/myomoon,mysmallvtuber.net,2026-09-01T03:00:43Z
p8RqTMfAvqq83s7t7VYX,정묘린,,youtube,UCZ8qgQqE40leRS9nQzElZDQ,https://www.youtube.com/channel/UCZ8qgQqE40leRS9nQzElZDQ,묘린's 다시보기,230,2024-08-10,,2026-09-01 00:24:03,옵린이에요 잘 못함!!! 캬하하하하,Myo_Moon_,https://cafe.naver.com/myomoon,mysmallvtuber.net,2026-09-01T03:00:43Z
p8RqTMfAvqq83s7t7VYX,정묘린,,chzzk,7d82cfea7545107e3dd0379c885cb0e0,https://chzzk.naver.com/7d82cfea7545107e3dd0379c885cb0e0,정묘린,1131,2024-08-10,,2026-09-01 00:24:03,옵린이에요 잘 못함!!! 캬하하하하,Myo_Moon_,https://cafe.naver.com/myomoon,mysmallvtuber.net,2026-09-01T03:00:43Z
KHjUT9FVdSvyHm9GKKmA,요망yomang,yomang,youtube,UCIXNwrBJnynXYqeMgjq25xQ,https://www.youtube.com/channel/UCIXNwrBJnynXYqeMgjq25xQ,Yomang,113,2023-04-11,,2026-09-01 00:09:03,[v] 오늘의 선곡: 50대 아저씨 보컬 밴드,,https://discord.gg/rP6Qp5x35v,mysmallvtuber.net,2026-09-01T03:00:43Z
KHjUT9FVdSvyHm9GKKmA,요망yomang,yomang,youtube,UCUU22FRT7yzoxntW2pYk6Kg,https://www.youtube.com/channel/UCUU22FRT7yzoxntW2pYk6Kg,요망 다시보기,20,2023-04-11,,2026-09-01 00:09:03,[v] 오늘의 선곡: 50대 아저씨 보컬 밴드,,https://discord.gg/rP6Qp5x35v,mysmallvtuber.net,2026-09-01T03:00:43Z
KHjUT9FVdSvyHm9GKKmA,요망yomang,yomang,chzzk,e16add2b52d6db2c837e1255f07aec22,https://chzzk.naver.com/e16add2b52d6db2c837e1255f07aec22,요망yomang,670,2023-04-11,,2026-09-01 00:09:03,[v] 오늘의 선곡: 50대 아저씨 보컬 밴드,,https://discord.gg/rP6Qp5x35v,mysmallvtuber.net,2026-09-01T03:00:43Z
dDvdYAK7xssLex3vNFtD,나을 Naeul,Naeul,youtube,UCZQpyrZumNd4X4Ihi2ysHuQ,https://www.youtube.com/channel/UCZQpyrZumNd4X4Ihi2ysHuQ,나을 ナウル Naeul Game CH.,1550,2021-09-15,,2026-08-31 22:54:03,ʕ·͡˔·Ɂ 유입환영 💛 꾸요일 (˃̣̣︿˂̣̣),_Rabbit_ii,https://cafe.naver.com/dreamofmaidream,mysmallvtuber.net,2026-09-01T03:00:43Z
dDvdYAK7xssLex3vNFtD,나을 Naeul,Naeul,youtube,UC5zc9PIZXs4iZ4JNUwG2izw,https://www.youtube.com/channel/UC5zc9PIZXs4iZ4JNUwG2izw,나을 데워먹기,1410,2021-09-15,,2026-08-31 22:54:03,ʕ·͡˔·Ɂ 유입환영 💛 꾸요일 (˃̣̣︿˂̣̣),_Rabbit_ii,https://cafe.naver.com/dreamofmaidream,mysmallvtuber.net,2026-09-01T03:00:43Z
dDvdYAK7xssLex3vNFtD,나을 Naeul,Naeul,chzzk,34dd8435552bd6739e7158f7762705b8,https://chzzk.naver.com/34dd8435552bd6739e7158f7762705b8,나을 Naeul,3021,2021-09-15,,2026-08-31 22:54:03,ʕ·͡˔·Ɂ 유입환영 💛 꾸요일 (˃̣̣︿˂̣̣),_Rabbit_ii,https://cafe.naver.com/dreamofmaidream,mysmallvtuber.net,2026-09-01T03:00:43Z
L7JBEGjWN3RN4cSc8sxH,모코 파르페,,youtube,UCt6LGQPj3P0I4iZ8OC-mumg,https://www.youtube.com/channel/UCt6LGQPj3P0I4iZ8OC-mumg,모코 파르페,7580,2025-03-21,,2026-09-01 02:12:03,[반캠] 사장님 모코 파르페 3D만들어주세요 제발요,Mocoparfe,https://cafe.naver.com/twillitstudio,mysmallvtuber.net,2026-09-01T03:00:43Z
L7JBEGjWN3RN4cSc8sxH,모코 파르페,,youtube,UCcPcE3bL5guQcENDOlPRNWw,https://www.youtube.com/channel/UCcPcE3bL5guQcENDOlPRNWw,모코와퐁당,483,2025-03-21,,2026-09-01 02:12:03,[반캠] 사장님 모코 파르페 3D만들어주세요 제발요,Mocoparfe,https://cafe.naver.com/twillitstudio,mysmallvtuber.net,2026-09-01T03:00:43Z
L7JBEGjWN3RN4cSc8sxH,모코 파르페,,chzzk,d20f164fe5946abe0bce2e5a43052923,https://chzzk.naver.com/d20f164fe5946abe0bce2e5a43052923,모코 파르페,5751,2025-03-21,,2026-09-01 02:12:03,[반캠] 사장님 모코 파르페 3D만들어주세요 제발요,Mocoparfe,https://cafe.naver.com/twillitstudio,mysmallvtuber.net,2026-09-01T03:00:43Z
pExAZERmdQT2fnkurXZc,양메이,,youtube,UCJGXPBjwQOvv4su8hB7TiuQ,https://www.youtube.com/channel/UCJGXPBjwQOvv4su8hB7TiuQ,양메이 Yangmei,9610,2022-11-13,,2026-08-31 22:00:02,외출로 죽다 살아왔습니다..,yangmei1126,https://cafe.naver.com/s2dia,mysmallvtuber.net,2026-09-01T03:00:43Z
pExAZERmdQT2fnkurXZc,양메이,,chzzk,f1869f490ddd660c420b2f57c649e6bb,https://chzzk.naver.com/f1869f490ddd660c420b2f57c649e6bb,양메이,8633,2022-11-13,,2026-08-31 22:00:02,외출로 죽다 살아왔습니다..,yangmei1126,https://cafe.naver.com/s2dia,mysmallvtuber.net,2026-09-01T03:00:43Z
Gt9LFkWgYAmfLZpPRtme,소닉워터,,youtube,UCO2x9kVZD1yPPdjd2ZgYAgA,https://www.youtube.com/channel/UCO2x9kVZD1yPPdjd2ZgYAgA,소닉워터,218,2021-04-20,,2026-09-01 01:47:02,스피키 네르는 격투 게임,V_Sonicwater,,mysmallvtuber.net,2026-09-01T03:00:43Z
Gt9LFkWgYAmfLZpPRtme,소닉워터,,chzzk,74277b2dde5ca096438683c9d558cf05,https://chzzk.naver.com/74277b2dde5ca096438683c9d558cf05,소닉워터,593,2021-04-20,,2026-09-01 01:47:02,스피키 네르는 격투 게임,V_Sonicwater,,mysmallvtuber.net,2026-09-01T03:00:43Z
gA6GjuDTuRBUeH2MfSHL,비야무,,youtube,UC63oOGcY5LJeRZih7TPSYbw,https://www.youtube.com/channel/UC63oOGcY5LJeRZih7TPSYbw,B_yamu,19700,2022-10-30,,2026-08-31 23:34:03,8월 마지막 날의 졸린 뱀,beeyamu,,mysmallvtuber.net,2026-09-01T03:00:43Z
gA6GjuDTuRBUeH2MfSHL,비야무,,youtube,UCI9sJgPLQnP7l_T6ZeTpvIg,https://www.youtube.com/channel/UCI9sJgPLQnP7l_T6ZeTpvIg,B_yamu Archive,351,2022-10-30,,2026-08-31 23:34:03,8월 마지막 날의 졸린 뱀,beeyamu,,mysmallvtuber.net,2026-09-01T03:00:43Z
gA6GjuDTuRBUeH2MfSHL,비야무,,chzzk,e8ff504bacb0216638849e6a7932615a,https://chzzk.naver.com/e8ff504bacb0216638849e6a7932615a,비야무,1772,2022-10-30,,2026-08-31 23:34:03,8월 마지막 날의 졸린 뱀,beeyamu,,mysmallvtuber.net,2026-09-01T03:00:43Z
zRmt4q3daX7rba9zX5Re,묘현,,youtube,UCra5umS649V6OGqWUYEninw,https://www.youtube.com/channel/UCra5umS649V6OGqWUYEninw,묘정비소 기록실,2050,2023-02-20,,2026-09-01 00:01:02,공겜하다가...울수도있죠...,myo_planet0220,https://cafe.naver.com/retale0203,mysmallvtuber.net,2026-09-01T03:00:43Z
zRmt4q3daX7rba9zX5Re,묘현,,youtube,UCA84uz0lgwYy0u7F_zCjptg,https://www.youtube.com/channel/UCA84uz0lgwYy0u7F_zCjptg,묘현 다시보기,684,2023-02-20,,2026-09-01 00:01:02,공겜하다가...울수도있죠...,myo_planet0220,https://cafe.naver.com/retale0203,mysmallvtuber.net,2026-09-01T03:00:43Z
zRmt4q3daX7rba9zX5Re,묘현,,chzzk,1b55e07f8d3cdf58334796ed76cd9699,https://chzzk.naver.com/1b55e07f8d3cdf58334796ed76cd9699,묘현,4130,2023-02-20,,2026-09-01 00:01:02,공겜하다가...울수도있죠...,myo_planet0220,https://cafe.naver.com/retale0203,mysmallvtuber.net,2026-09-01T03:00:43Z
hAKyrMRd255e6Eux5neg,이와,,youtube,UClyh1xSrABqbItEr3dBJosQ,https://www.youtube.com/channel/UClyh1xSrABqbItEr3dBJosQ,이와 IWA,37600,2021-11-06,,2026-08-31 22:13:02,🍺림버스 영도데이(1시간 타임어택),IWAego,https://shelter.id/IWA/community,mysmallvtuber.net,2026-09-01T03:00:43Z
hAKyrMRd255e6Eux5neg,이와,,chzzk,bbac9a27249735abaa90692f1d67e021,https://chzzk.naver.com/bbac9a27249735abaa90692f1d67e021,이와,17074,2021-11-06,,2026-08-31 22:13:02,🍺림버스 영도데이(1시간 타임어택),IWAego,https://shelter.id/IWA/community,mysmallvtuber.net,2026-09-01T03:00:43Z
VaAysCayRjxdhQ52engu,세 라 핌,,youtube,UCOxXUlfJop5WtX6RS4BY4ZA,https://www.youtube.com/channel/UCOxXUlfJop5WtX6RS4BY4ZA,세라핌🌸핌카이브🩷,1370,2024-03-25,,2026-09-01 03:24:03,[v] [771♡] 🌸8월의 마지막 날...!! 천사아가씨🩷 『 아이마스 : 스탈릿 시즌 』 ♪ (✿◡‿◡),_Angel_Seraphim,https://cafe.naver.com/angelseraphim,mysmallvtuber.net,2026-09-01T03:00:43Z
VaAysCayRjxdhQ52engu,세 라 핌,,chzzk,11d8198a35373468ccbc5c669d371080,https://chzzk.naver.com/11d8198a35373468ccbc5c669d371080,세 라 핌,2178,2024-03-25,,2026-09-01 03:24:03,[v] [771♡] 🌸8월의 마지막 날...!! 천사아가씨🩷 『 아이마스 : 스탈릿 시즌 』 ♪ (✿◡‿◡),_Angel_Seraphim,https://cafe.naver.com/angelseraphim,mysmallvtuber.net,2026-09-01T03:00:43Z
pxPud4g4bbmGJFUBN3NR,해마슈,,youtube,UCOUyoARSUlxl5fDFfTuALDQ,https://www.youtube.com/channel/UCOUyoARSUlxl5fDFfTuALDQ,해마슈,575,2022-08-29,,2026-09-01 04:20:03,[RE:WAVE] 안냐세요 눅눅마슈입니다 노래뱅 하겠습니다,seahorshu,https://cafe.naver.com/seahorshu,mysmallvtuber.net,2026-09-01T03:00:43Z
pxPud4g4bbmGJFUBN3NR,해마슈,,soop,saehorshu,https://ch.sooplive.co.kr/saehorshu,해마슈,2241,2022-08-29,,2026-09-01 04:20:03,[RE:WAVE] 안냐세요 눅눅마슈입니다 노래뱅 하겠습니다,seahorshu,https://cafe.naver.com/seahorshu,mysmallvtuber.net,2026-09-01T03:00:43Z
CyuLxzhUHdFMR6TH8CDG,달래 피 스타치오,,youtube,UCQotuTTiFs_jTFsb846bu3Q,https://www.youtube.com/channel/UCQotuTTiFs_jTFsb846bu3Q,달래 피 스타치오,270,2023-10-31,,2026-09-01 01:23:03,달래 빅 스타치오,DalRae_1031,https://cafe.naver.com/dalraep,mysmallvtuber.net,2026-09-01T03:00:43Z
CyuLxzhUHdFMR6TH8CDG,달래 피 스타치오,,chzzk,d202a12455e7e1e617637a98e5add553,https://chzzk.naver.com/d202a12455e7e1e617637a98e5add553,달래 피 스타치오,595,2023-10-31,,2026-09-01 01:23:03,달래 빅 스타치오,DalRae_1031,https://cafe.naver.com/dalraep,mysmallvtuber.net,2026-09-01T03:00:43Z
UewDfd83CMFZ2LxHrP3S,해루닝,,chzzk,eaa3d33a92b7fb253dd88bcf718b1897,https://chzzk.naver.com/eaa3d33a92b7fb253dd88bcf718b1897,해루닝,843,2025-02-05,,2026-09-01 01:27:03,월요일..💜,,https://cafe.naver.com/haeruworld,mysmallvtuber.net,2026-09-01T03:00:43Z
3MbcJtBpXpzvFBAp85hQ,세이로쿠 키라,,youtube,UCxK9Lu1TjYqUH0FAOqW9EXQ,https://www.youtube.com/channel/UCxK9Lu1TjYqUH0FAOqW9EXQ,세이로쿠 키라 Seiroku Kira,1750,2025-09-05,,2026-08-31 23:53:03,"키라 텐텐의 뮤직패스!!! (w. 코네코토 스야, 텐텐, 뵤리애)",SeirokuKira,https://cafe.naver.com/reactkrofficial,mysmallvtuber.net,2026-09-01T03:00:43Z
3MbcJtBpXpzvFBAp85hQ,세이로쿠 키라,,chzzk,f63f66f701a9af347c668f3056cdaa9a,https://chzzk.naver.com/f63f66f701a9af347c668f3056cdaa9a,세이로쿠 키라,4335,2025-09-05,,2026-08-31 23:53:03,"키라 텐텐의 뮤직패스!!! (w. 코네코토 스야, 텐텐, 뵤리애)",SeirokuKira,https://cafe.naver.com/reactkrofficial,mysmallvtuber.net,2026-09-01T03:00:43Z
yMtK5z2cVf67SAsnTGUc,코멧o3o,o3o,youtube,UCdaOGLgA6TuBFsyKdHA1NQw,https://www.youtube.com/channel/UCdaOGLgA6TuBFsyKdHA1NQw,코멧,843,2023-12-09,,2026-09-01 01:07:03,피자를 거르고 위수협의 하러 왔어요 같이하자!,Comet_030_,https://www.vlum.co/club/comet_030_,mysmallvtuber.net,2026-09-01T03:00:43Z
yMtK5z2cVf67SAsnTGUc,코멧o3o,o3o,chzzk,b2d5af771e2ace887c86e514e953b4f2,https://chzzk.naver.com/b2d5af771e2ace887c86e514e953b4f2,코멧o3o,961,2023-12-09,,2026-09-01 01:07:03,피자를 거르고 위수협의 하러 왔어요 같이하자!,Comet_030_,https://www.vlum.co/club/comet_030_,mysmallvtuber.net,2026-09-01T03:00:43Z
YB8AgBYtqeq2xXdxjVck,쿠로바,,youtube,UCLv2H3BKhfO1h3_ZuUH00xA,https://www.youtube.com/channel/UCLv2H3BKhfO1h3_ZuUH00xA,쿠로바 Kurova,10,2024-05-27,,2026-08-31 22:54:03,월요일 잡담,kuro_va,,mysmallvtuber.net,2026-09-01T03:00:43Z
YB8AgBYtqeq2xXdxjVck,쿠로바,,chzzk,47dad440b5ec9f2082aea82529bfb065,https://chzzk.naver.com/47dad440b5ec9f2082aea82529bfb065,쿠로바,2013,2024-05-27,,2026-08-31 22:54:03,월요일 잡담,kuro_va,,mysmallvtuber.net,2026-09-01T03:00:43Z
yyFfCwsK2566QbxDgGzR,독키조,,youtube,UCmFWHiuKoJeXVy6CZtwXIGg,https://www.youtube.com/channel/UCmFWHiuKoJeXVy6CZtwXIGg,독키조,203,2026-07-19,,2026-08-31 22:55:03,【 신입+24일 】 헤맨 만큼 내 땅이야!!!!!!!!!!,D0KIZO,https://cafe.naver.com/virtualara,mysmallvtuber.net,2026-09-01T03:00:43Z
yyFfCwsK2566QbxDgGzR,독키조,,chzzk,fc2a5737e44f64a8b0ea259d8b9d1103,https://chzzk.naver.com/fc2a5737e44f64a8b0ea259d8b9d1103,독키조,235,2026-07-19,,2026-08-31 22:55:03,【 신입+24일 】 헤맨 만큼 내 땅이야!!!!!!!!!!,D0KIZO,https://cafe.naver.com/virtualara,mysmallvtuber.net,2026-09-01T03:00:43Z
9rfQ6EPem6MPu9esRNwM,야로로,,youtube,UCL-oXCbSMUAEZWUXIVZsLIA,https://www.youtube.com/channel/UCL-oXCbSMUAEZWUXIVZsLIA,야로로 YARORO,18800,2023-07-14,,2026-08-31 23:05:04,[V] 안녕? 야로로 대장이야.,YARORO_Vtuber,https://cafe.naver.com/officialyaroro,mysmallvtuber.net,2026-09-01T03:00:43Z
9rfQ6EPem6MPu9esRNwM,야로로,,chzzk,4dc75f28b67156646c18af0c6efad29b,https://chzzk.naver.com/4dc75f28b67156646c18af0c6efad29b,야로로,772,2023-07-14,,2026-08-31 23:05:04,[V] 안녕? 야로로 대장이야.,YARORO_Vtuber,https://cafe.naver.com/officialyaroro,mysmallvtuber.net,2026-09-01T03:00:43Z
6KduVSVKxf8WhqnFbqsA,차니0110,,youtube,UCzM8TBpjlYbVyWWVXEYRE6A,https://www.youtube.com/channel/UCzM8TBpjlYbVyWWVXEYRE6A,차니0110,865,2025-05-06,,2026-09-01 01:01:03,[마비노기 모바일] 월요팅!!! 카려움 및 어비스 매어~지옥버스 투력/마도저항 낮아도 일단 들오세요! (신규/복귀/부캐 도우미) 맞팔환영,,,mysmallvtuber.net,2026-09-01T03:00:43Z
6KduVSVKxf8WhqnFbqsA,차니0110,,chzzk,531a13d0f6e13972eb37775768d1410d,https://chzzk.naver.com/531a13d0f6e13972eb37775768d1410d,차니0110,2084,2025-05-06,,2026-09-01 01:01:03,[마비노기 모바일] 월요팅!!! 카려움 및 어비스 매어~지옥버스 투력/마도저항 낮아도 일단 들오세요! (신규/복귀/부캐 도우미) 맞팔환영,,,mysmallvtuber.net,2026-09-01T03:00:43Z
5ZvVHhdxXAWnJqzV6NS3,강감자,,youtube,UCZV7Hbe42zukWMAp7uAmKfg,https://www.youtube.com/channel/UCZV7Hbe42zukWMAp7uAmKfg,강감자,1340,,,2026-09-01 02:02:03,숙취 총겜 시참가능,,https://discord.gg/TvzsfG66wK,mysmallvtuber.net,2026-09-01T03:00:43Z
5ZvVHhdxXAWnJqzV6NS3,강감자,,youtube,UCi0wyQ30wTYWnjKnn68Wphg,https://www.youtube.com/channel/UCi0wyQ30wTYWnjKnn68Wphg,깅감자,236,,,2026-09-01 02:02:03,숙취 총겜 시참가능,,https://discord.gg/TvzsfG66wK,mysmallvtuber.net,2026-09-01T03:00:43Z
5ZvVHhdxXAWnJqzV6NS3,강감자,,chzzk,f964cca49eac931fcac2a5be7c1b349f,https://chzzk.naver.com/f964cca49eac931fcac2a5be7c1b349f,강감자,1580,,,2026-09-01 02:02:03,숙취 총겜 시참가능,,https://discord.gg/TvzsfG66wK,mysmallvtuber.net,2026-09-01T03:00:43Z
HsPuWzyGNeGfBexXnxK3,유 보 라,,chzzk,18e72d38acbd6fb781f4c1107d8a9896,https://chzzk.naver.com/18e72d38acbd6fb781f4c1107d8a9896,유 보 라,760,2023-07-21,,2026-08-31 23:51:03,[V/유입환영] 💜 마크 서버 열렸으니까 일을 해보자! [버학회 마크 서버] 📝,B0R4_S2C,https://discord.gg/WbbEP2eznk,mysmallvtuber.net,2026-09-01T03:00:43Z
Scn7zpFzKduKQQ9sL885,묘루스,,youtube,UCzK1yqJ4wvhCnVxpiGZ1Dww,https://www.youtube.com/channel/UCzK1yqJ4wvhCnVxpiGZ1Dww,묘루스,82,2025-12-12,,2026-08-31 23:24:03,[V] 고양이는 오늘도 커피를 내리네ㅣ커피톡2,Myorus_cat,,mysmallvtuber.net,2026-09-01T03:00:43Z
Scn7zpFzKduKQQ9sL885,묘루스,,chzzk,c278bc8fd12a84deb67c133132521835,https://chzzk.naver.com/c278bc8fd12a84deb67c133132521835,묘루스,217,2025-12-12,,2026-08-31 23:24:03,[V] 고양이는 오늘도 커피를 내리네ㅣ커피톡2,Myorus_cat,,mysmallvtuber.net,2026-09-01T03:00:43Z
az7Xy8WxapPUzQqn9ENr,씬냥,,youtube,UC8hl32RLwbJdPNVeBVZRBAw,https://www.youtube.com/channel/UC8hl32RLwbJdPNVeBVZRBAw,씬냥,233,2024-12-01,,2026-08-31 22:07:02,또 올줄 몰랐지 ㅋ,ssinnyang_0206,https://cafe.naver.com/ssinnyang,mysmallvtuber.net,2026-09-01T03:00:43Z
az7Xy8WxapPUzQqn9ENr,씬냥,,youtube,UCesgl3xdE50jgIvdRGPAzbA,https://www.youtube.com/channel/UCesgl3xdE50jgIvdRGPAzbA,씬냥_다시보기,115,2024-12-01,,2026-08-31 22:07:02,또 올줄 몰랐지 ㅋ,ssinnyang_0206,https://cafe.naver.com/ssinnyang,mysmallvtuber.net,2026-09-01T03:00:43Z
az7Xy8WxapPUzQqn9ENr,씬냥,,chzzk,899e6d590f831e7d80143d9acac0247b,https://chzzk.naver.com/899e6d590f831e7d80143d9acac0247b,씬냥,990,2024-12-01,,2026-08-31 22:07:02,또 올줄 몰랐지 ㅋ,ssinnyang_0206,https://cafe.naver.com/ssinnyang,mysmallvtuber.net,2026-09-01T03:00:43Z
Zd9FsfsSEsQntdJUVJEC,예시니랑,,youtube,UChsMGKjUlVZE99LvUK3lIbg,https://www.youtube.com/channel/UChsMGKjUlVZE99LvUK3lIbg,예시니랑,285,2021-08-11,,2026-09-01 00:23:03,☪︎ 와이스크림 연애썰 듣는 날 ☪︎,yesini_rang,https://cafe.naver.com/yerang0811,mysmallvtuber.net,2026-09-01T03:00:43Z
Zd9FsfsSEsQntdJUVJEC,예시니랑,,youtube,UCqqHe1mNmSoZX7nJ6PcoV7A,https://www.youtube.com/channel/UCqqHe1mNmSoZX7nJ6PcoV7A,긴예랑 채널,5,2021-08-11,,2026-09-01 00:23:03,☪︎ 와이스크림 연애썰 듣는 날 ☪︎,yesini_rang,https://cafe.naver.com/yerang0811,mysmallvtuber.net,2026-09-01T03:00:43Z
Zd9FsfsSEsQntdJUVJEC,예시니랑,,chzzk,d12d2b4321e2a1b0de5f0a3d49e45a57,https://chzzk.naver.com/d12d2b4321e2a1b0de5f0a3d49e45a57,예시니랑,1157,2021-08-11,,2026-09-01 00:23:03,☪︎ 와이스크림 연애썰 듣는 날 ☪︎,yesini_rang,https://cafe.naver.com/yerang0811,mysmallvtuber.net,2026-09-01T03:00:43Z
NLttVd3sU24vKKePyeKg,미르_MIR,MIR,soop,alice427,https://ch.sooplive.co.kr/alice427,미르_MIR,32626,2022-10-26,,2026-09-01 03:48:02,폐급 기사들 사람 만드는 rpg 경영 게임 생각정리 [소버린 타워],,,mysmallvtuber.net,2026-09-01T03:00:43Z
a5eWQuHvCzLn94YPPRkh,온담,,soop,gangj486,https://ch.sooplive.co.kr/gangj486,온담,914,,,2026-09-01 00:15:03,비가 주륵주륵 관절 조심하세요,,,mysmallvtuber.net,2026-09-01T03:00:43Z
Q3GLWXc7HQnp5mdPv35B,카토kato,kato,youtube,UCPKYZNXOiBZZXnLeblQaM8A,https://www.youtube.com/channel/UCPKYZNXOiBZZXnLeblQaM8A,카토 KATO,121000,2022-08-14,,2026-09-01 02:43:02,트릭컬 스패럿 초대석 대비 스토리 보기!!!!!!,,https://cafe.naver.com/kato,mysmallvtuber.net,2026-09-01T03:00:43Z
Q3GLWXc7HQnp5mdPv35B,카토kato,kato,youtube,UC3f1jlXLQXMfgkEb_e2luPg,https://www.youtube.com/channel/UC3f1jlXLQXMfgkEb_e2luPg,카토 다시보기,9290,2022-08-14,,2026-09-01 02:43:02,트릭컬 스패럿 초대석 대비 스토리 보기!!!!!!,,https://cafe.naver.com/kato,mysmallvtuber.net,2026-09-01T03:00:43Z
Q3GLWXc7HQnp5mdPv35B,카토kato,kato,chzzk,57aeb13825bf7d402273ecfa936356e4,https://chzzk.naver.com/57aeb13825bf7d402273ecfa936356e4,카토kato,20688,2022-08-14,,2026-09-01 02:43:02,트릭컬 스패럿 초대석 대비 스토리 보기!!!!!!,,https://cafe.naver.com/kato,mysmallvtuber.net,2026-09-01T03:00:43Z
d8uPpuvj7cY54mfQz2Ln,유토링,,youtube,UCrls67U6n3qnPui1NW0F7Cg,https://www.youtube.com/channel/UCrls67U6n3qnPui1NW0F7Cg,유토링,1120,2023-12-26,,2026-09-01 03:04:03,"🐿️ 고티어 내전 사이의 길냥이 (W 키파이브, 마치)  (´･ω･`)",yutoring__,https://cafe.naver.com/terafore,mysmallvtuber.net,2026-09-01T03:00:43Z
d8uPpuvj7cY54mfQz2Ln,유토링,,youtube,UCtnufNgNpsyYDH2rTLR6lww,https://www.youtube.com/channel/UCtnufNgNpsyYDH2rTLR6lww,유토링 다시보기,65,2023-12-26,,2026-09-01 03:04:03,"🐿️ 고티어 내전 사이의 길냥이 (W 키파이브, 마치)  (´･ω･`)",yutoring__,https://cafe.naver.com/terafore,mysmallvtuber.net,2026-09-01T03:00:43Z
d8uPpuvj7cY54mfQz2Ln,유토링,,chzzk,105c19a2df33594abc805087f483eb1f,https://chzzk.naver.com/105c19a2df33594abc805087f483eb1f,유토링,5495,2023-12-26,,2026-09-01 03:04:03,"🐿️ 고티어 내전 사이의 길냥이 (W 키파이브, 마치)  (´･ω･`)",yutoring__,https://cafe.naver.com/terafore,mysmallvtuber.net,2026-09-01T03:00:43Z
bjhvUZVnJDqgnWRds3kF,넴 넴,,youtube,UCt5EcV7tRNKu-f7wu_M3gWQ,https://www.youtube.com/channel/UCt5EcV7tRNKu-f7wu_M3gWQ,넴바넴보,126,2024-02-02,,2026-09-01 02:02:03,음냐냥,nemnem_S2_,https://cafe.naver.com/nemnemyamyam/menu/9,mysmallvtuber.net,2026-09-01T03:00:43Z
bjhvUZVnJDqgnWRds3kF,넴 넴,,youtube,UCXeX-QM7Yrb2v5lJCAf_KDw,https://www.youtube.com/channel/UCXeX-QM7Yrb2v5lJCAf_KDw,다시보넴,42,2024-02-02,,2026-09-01 02:02:03,음냐냥,nemnem_S2_,https://cafe.naver.com/nemnemyamyam/menu/9,mysmallvtuber.net,2026-09-01T03:00:43Z
bjhvUZVnJDqgnWRds3kF,넴 넴,,chzzk,2a53adf05f634016c2b164bb0a882777,https://chzzk.naver.com/2a53adf05f634016c2b164bb0a882777,넴 넴,1372,2024-02-02,,2026-09-01 02:02:03,음냐냥,nemnem_S2_,https://cafe.naver.com/nemnemyamyam/menu/9,mysmallvtuber.net,2026-09-01T03:00:43Z
ZxRjpJ4E2X64Dqfu6ZQu,쩡슈,,chzzk,5b91eb17cb5f839bb6df200fa31f82dd,https://chzzk.naver.com/5b91eb17cb5f839bb6df200fa31f82dd,쩡슈,2389,2024-09-19,,2026-09-01 02:44:03,피온 처음해보는 뇌,,https://discord.gg/5tXH3aA2S3,mysmallvtuber.net,2026-09-01T03:00:43Z
3xdppdqDKpd9snAXkeL7,루리아Ruria,Ruria,youtube,UCCypnUxMAPJ55XjSRjpxgTg,https://www.youtube.com/channel/UCCypnUxMAPJ55XjSRjpxgTg,루리아,615,,,2026-09-01 01:03:03,[아열대] 5팀 열심히 해보겠습니당 :)!! 9시 30분에 스크림경기!,Ru__Ri_A,https://cafe.naver.com/ruriacandy,mysmallvtuber.net,2026-09-01T03:00:43Z
3xdppdqDKpd9snAXkeL7,루리아Ruria,Ruria,chzzk,aac9c3eb8e66d3caf47924074386fdc5,https://chzzk.naver.com/aac9c3eb8e66d3caf47924074386fdc5,루리아Ruria,854,,,2026-09-01 01:03:03,[아열대] 5팀 열심히 해보겠습니당 :)!! 9시 30분에 스크림경기!,Ru__Ri_A,https://cafe.naver.com/ruriacandy,mysmallvtuber.net,2026-09-01T03:00:43Z
f3ay5BMmQP8hUANBWKxs,곰나루,,youtube,UCCRfNnppgfC1IuelYYGNtbg,https://www.youtube.com/channel/UCCRfNnppgfC1IuelYYGNtbg,곰나루 나룻터,3300,2023-12-16,,2026-08-31 22:55:03,나 오늘 조금 표독곰 일지도,bear_nalu,https://cafe.naver.com/artisons,mysmallvtuber.net,2026-09-01T03:00:43Z
f3ay5BMmQP8hUANBWKxs,곰나루,,youtube,UCKsSdyvYLg0ptuCWicv6fiw,https://www.youtube.com/channel/UCKsSdyvYLg0ptuCWicv6fiw,곰나루 동굴,589,2023-12-16,,2026-08-31 22:55:03,나 오늘 조금 표독곰 일지도,bear_nalu,https://cafe.naver.com/artisons,mysmallvtuber.net,2026-09-01T03:00:43Z
f3ay5BMmQP8hUANBWKxs,곰나루,,chzzk,cc5b5bfb1483ed369625dd3e84d79d8b,https://chzzk.naver.com/cc5b5bfb1483ed369625dd3e84d79d8b,곰나루,1717,2023-12-16,,2026-08-31 22:55:03,나 오늘 조금 표독곰 일지도,bear_nalu,https://cafe.naver.com/artisons,mysmallvtuber.net,2026-09-01T03:00:43Z
h6bAwTWdgRKKCaLjZZVG,김마꽁,,soop,mak0ng,https://ch.sooplive.co.kr/mak0ng,김마꽁,992,,,2026-09-01 00:27:03,대학 다니는 여자 어때? 🩷17/170(12연)🩷,,,mysmallvtuber.net,2026-09-01T03:00:43Z
4cgEQpf8gSJrCvYw5QAF,융이 Yoong E,Yoong E,youtube,UCV1P5EEv_PX0Dmz5zno1cHQ,https://www.youtube.com/channel/UCV1P5EEv_PX0Dmz5zno1cHQ,융이다이어리,6000,,,2026-09-01 06:03:03,🌻 잃은 것들을 생각하느라 남아 있는 것들을 잊지 않을 수 있기를! 오늘도 언제나처럼 행복하시기를! ꙳꒰ ੭⑅•͈ ·̮ •͈꒱੭,,https://cafe.naver.com/yoongdust,mysmallvtuber.net,2026-09-01T03:00:43Z
4cgEQpf8gSJrCvYw5QAF,융이 Yoong E,Yoong E,chzzk,89bd1d5157cfb9eb41ceb7bf4c418db9,https://chzzk.naver.com/89bd1d5157cfb9eb41ceb7bf4c418db9,융이 Yoong E,6244,,,2026-09-01 06:03:03,🌻 잃은 것들을 생각하느라 남아 있는 것들을 잊지 않을 수 있기를! 오늘도 언제나처럼 행복하시기를! ꙳꒰ ੭⑅•͈ ·̮ •͈꒱੭,,https://cafe.naver.com/yoongdust,mysmallvtuber.net,2026-09-01T03:00:43Z
WqeUvPVT7Yk5tj6TLwNn,레이카 REYCA,REYCA,youtube,UCB3ikIf-A-O5C-BuQzXm5qA,https://www.youtube.com/channel/UCB3ikIf-A-O5C-BuQzXm5qA,레이카 REYCA,1960,2025-01-10,,2026-09-01 01:34:03,[아열대] 김민하 수제자의 사이퍼즈 뉴비 성장일기💀👻,reycasoul,,mysmallvtuber.net,2026-09-01T03:00:43Z
WqeUvPVT7Yk5tj6TLwNn,레이카 REYCA,REYCA,chzzk,1c35da049f50f88d15736bbe3f26ca13,https://chzzk.naver.com/1c35da049f50f88d15736bbe3f26ca13,레이카 REYCA,1394,2025-01-10,,2026-09-01 01:34:03,[아열대] 김민하 수제자의 사이퍼즈 뉴비 성장일기💀👻,reycasoul,,mysmallvtuber.net,2026-09-01T03:00:43Z
Rhch2FUSyW5jHgRS7cut,해냄,,youtube,UC6seXzZUyrP_HSyLG_Zt8wg,https://www.youtube.com/channel/UC6seXzZUyrP_HSyLG_Zt8wg,해냄 HAENAEM,2050,2024-01-06,,2026-08-31 23:40:06,잔잔 월요냥이요괴,Hae_naem_,https://cafe.naver.com/haenaemguild,mysmallvtuber.net,2026-09-01T03:00:43Z
Rhch2FUSyW5jHgRS7cut,해냄,,youtube,UCj4RqDv7-rVbzWYe3z7MSGg,https://www.youtube.com/channel/UCj4RqDv7-rVbzWYe3z7MSGg,해냄 다시보기,214,2024-01-06,,2026-08-31 23:40:06,잔잔 월요냥이요괴,Hae_naem_,https://cafe.naver.com/haenaemguild,mysmallvtuber.net,2026-09-01T03:00:43Z
Rhch2FUSyW5jHgRS7cut,해냄,,chzzk,2bddaadfaca317afe554eb390e6df68c,https://chzzk.naver.com/2bddaadfaca317afe554eb390e6df68c,해냄,1145,2024-01-06,,2026-08-31 23:40:06,잔잔 월요냥이요괴,Hae_naem_,https://cafe.naver.com/haenaemguild,mysmallvtuber.net,2026-09-01T03:00:43Z
2cWp6YDaHEhVUWbPFvhK,린세 이데,,youtube,UC4x5640rFDkSr99NqEIAxoA,https://www.youtube.com/channel/UC4x5640rFDkSr99NqEIAxoA,린세컴퍼니,735,2024-02-07,,2026-09-01 00:50:05,박치인 나,Rinse7_,https://discord.gg/HSkSBhaGJm,mysmallvtuber.net,2026-09-01T03:00:43Z
2cWp6YDaHEhVUWbPFvhK,린세 이데,,chzzk,f9c5767197acf2b93313d2f57d432a8d,https://chzzk.naver.com/f9c5767197acf2b93313d2f57d432a8d,린세 이데,1292,2024-02-07,,2026-09-01 00:50:05,박치인 나,Rinse7_,https://discord.gg/HSkSBhaGJm,mysmallvtuber.net,2026-09-01T03:00:43Z
zfGmtgcfm5vNFTkwSGcb,연떠,,youtube,UClSZX3R4GhRRqiKuY9RMQug,https://www.youtube.com/channel/UClSZX3R4GhRRqiKuY9RMQug,롱떠,565,,,2026-09-01 03:55:03,ㅇ.ㅇ,,https://cafe.naver.com/yeontt,mysmallvtuber.net,2026-09-01T03:00:43Z
zfGmtgcfm5vNFTkwSGcb,연떠,,chzzk,2468c1fe1c2844da02a52dfb133494a2,https://chzzk.naver.com/2468c1fe1c2844da02a52dfb133494a2,연떠,4056,,,2026-09-01 03:55:03,ㅇ.ㅇ,,https://cafe.naver.com/yeontt,mysmallvtuber.net,2026-09-01T03:00:43Z
pEf9ArGJSXr4Spn7JvP6,델 쥬,,youtube,UCMEJQZzIgKzjJPC81Qjb5Fw,https://www.youtube.com/channel/UCMEJQZzIgKzjJPC81Qjb5Fw,델쥬,1580,2022-04-11,,2026-09-01 01:08:03,5장,,https://cafe.naver.com/dellju,mysmallvtuber.net,2026-09-01T03:00:43Z
pEf9ArGJSXr4Spn7JvP6,델 쥬,,youtube,UCjSP1uIqSyLbImXgxu-brVQ,https://www.youtube.com/channel/UCjSP1uIqSyLbImXgxu-brVQ,델쥬 다시보기,566,2022-04-11,,2026-09-01 01:08:03,5장,,https://cafe.naver.com/dellju,mysmallvtuber.net,2026-09-01T03:00:43Z
pEf9ArGJSXr4Spn7JvP6,델 쥬,,chzzk,ed6874f498ce8559a4118f2f87270a6f,https://chzzk.naver.com/ed6874f498ce8559a4118f2f87270a6f,델 쥬,1412,2022-04-11,,2026-09-01 01:08:03,5장,,https://cafe.naver.com/dellju,mysmallvtuber.net,2026-09-01T03:00:43Z
cbCFQ94GWG3dMA5RUy5W,코냥냥,,youtube,UCUPajo0eF_QgGobdAd9qbbA,https://www.youtube.com/channel/UCUPajo0eF_QgGobdAd9qbbA,코냥냥,174,2024-04-19,,2026-09-01 01:18:03,[시참] 눅눅한 월요일 많이 힘들었지?🩷,konyangnyang_,,mysmallvtuber.net,2026-09-01T03:00:43Z
cbCFQ94GWG3dMA5RUy5W,코냥냥,,chzzk,33b49cdf98af3327f34fd017b6b7e853,https://chzzk.naver.com/33b49cdf98af3327f34fd017b6b7e853,코냥냥,1745,2024-04-19,,2026-09-01 01:18:03,[시참] 눅눅한 월요일 많이 힘들었지?🩷,konyangnyang_,,mysmallvtuber.net,2026-09-01T03:00:43Z
cALAYgQ7xdJjXFjRbUVU,여드레,,youtube,UCRYvqx2l2hVGfkE2nRSevrA,https://www.youtube.com/channel/UCRYvqx2l2hVGfkE2nRSevrA,여드레,159,2022-12-22,,2026-08-31 22:50:04,☾.·͙ 💜 .·͙☽ 제가 깨끗하게 청소하러 왔서요 [ HGE Creator 콜라보 ],yeodeule_,,mysmallvtuber.net,2026-09-01T03:00:43Z
cALAYgQ7xdJjXFjRbUVU,여드레,,youtube,UC_1vMapwkB0af-_0pk0xJ2w,https://www.youtube.com/channel/UC_1vMapwkB0af-_0pk0xJ2w,여기보기,12,2022-12-22,,2026-08-31 22:50:04,☾.·͙ 💜 .·͙☽ 제가 깨끗하게 청소하러 왔서요 [ HGE Creator 콜라보 ],yeodeule_,,mysmallvtuber.net,2026-09-01T03:00:43Z
cALAYgQ7xdJjXFjRbUVU,여드레,,chzzk,96bf9f517dcd0c1df7e89260ad7472fd,https://chzzk.naver.com/96bf9f517dcd0c1df7e89260ad7472fd,여드레,724,2022-12-22,,2026-08-31 22:50:04,☾.·͙ 💜 .·͙☽ 제가 깨끗하게 청소하러 왔서요 [ HGE Creator 콜라보 ],yeodeule_,,mysmallvtuber.net,2026-09-01T03:00:43Z
ddoEo4tLV4UhkFQTlwLp,모라라,,youtube,UC6lwxDgyh4pJyzoRBBrtcfQ,https://www.youtube.com/channel/UC6lwxDgyh4pJyzoRBBrtcfQ,모라라 MUSIC,4000,2022-02-12,,2026-09-01 07:38:02,블리자드가 억까해서 피맛보러 옴 💗🐟,Molala_Moonfish,https://cafe.naver.com/molala/,mysmallvtuber.net,2026-09-01T03:00:43Z
ddoEo4tLV4UhkFQTlwLp,모라라,,youtube,UCprVCScw22D3qY-K0OX48xA,https://www.youtube.com/channel/UCprVCScw22D3qY-K0OX48xA,모라라 다시보기,3110,2022-02-12,,2026-09-01 07:38:02,블리자드가 억까해서 피맛보러 옴 💗🐟,Molala_Moonfish,https://cafe.naver.com/molala/,mysmallvtuber.net,2026-09-01T03:00:43Z
ddoEo4tLV4UhkFQTlwLp,모라라,,chzzk,6bd0bb97d31365e7834d8113bb01d889,https://chzzk.naver.com/6bd0bb97d31365e7834d8113bb01d889,모라라,63969,2022-02-12,,2026-09-01 07:38:02,블리자드가 억까해서 피맛보러 옴 💗🐟,Molala_Moonfish,https://cafe.naver.com/molala/,mysmallvtuber.net,2026-09-01T03:00:43Z
5A8bFm9vwdjrrfGSpVgW,미스정,,youtube,UCzT73Q8CTPy7iRwv-qVr2Vw,https://www.youtube.com/channel/UCzT73Q8CTPy7iRwv-qVr2Vw,미스정,3940,2024-08-04,,2026-09-01 00:02:02,5분 지각 사유 : 야근,Miss_Jeoung,https://cafe.naver.com/missjeongfancafe,mysmallvtuber.net,2026-09-01T03:00:43Z
5A8bFm9vwdjrrfGSpVgW,미스정,,youtube,UCReEZzyWu_QPAeOZeawolhA,https://www.youtube.com/channel/UCReEZzyWu_QPAeOZeawolhA,미스정 오래보기,91,2024-08-04,,2026-09-01 00:02:02,5분 지각 사유 : 야근,Miss_Jeoung,https://cafe.naver.com/missjeongfancafe,mysmallvtuber.net,2026-09-01T03:00:43Z
5A8bFm9vwdjrrfGSpVgW,미스정,,chzzk,20ed50a69faeb69a6f81d95f05fda35e,https://chzzk.naver.com/20ed50a69faeb69a6f81d95f05fda35e,미스정,3130,2024-08-04,,2026-09-01 00:02:02,5분 지각 사유 : 야근,Miss_Jeoung,https://cafe.naver.com/missjeongfancafe,mysmallvtuber.net,2026-09-01T03:00:43Z
YbmQva9zFwV7nzGn6mVe,쿠미르,,youtube,UChSoVwQgOucKWx-Hrzg1zfw,https://www.youtube.com/channel/UChSoVwQgOucKWx-Hrzg1zfw,쿠미르,3420,2023-12-21,,2026-09-01 01:44:02,훈수 환영! 이리 왕뉴비.. 랭크 이번에 첨 해보는 중 / 노휴방 985일차 [버미육],kumir_vtuber,https://discord.com/invite/D4hauKu4VE,mysmallvtuber.net,2026-09-01T03:00:43Z
YbmQva9zFwV7nzGn6mVe,쿠미르,,youtube,UCCGu1ARvaB38iKT0Gyi4FhA,https://www.youtube.com/channel/UCCGu1ARvaB38iKT0Gyi4FhA,FULL미르,1190,2023-12-21,,2026-09-01 01:44:02,훈수 환영! 이리 왕뉴비.. 랭크 이번에 첨 해보는 중 / 노휴방 985일차 [버미육],kumir_vtuber,https://discord.com/invite/D4hauKu4VE,mysmallvtuber.net,2026-09-01T03:00:43Z
YbmQva9zFwV7nzGn6mVe,쿠미르,,chzzk,147592553d18fd240ed2b132f9f3be57,https://chzzk.naver.com/147592553d18fd240ed2b132f9f3be57,쿠미르,3585,2023-12-21,,2026-09-01 01:44:02,훈수 환영! 이리 왕뉴비.. 랭크 이번에 첨 해보는 중 / 노휴방 985일차 [버미육],kumir_vtuber,https://discord.com/invite/D4hauKu4VE,mysmallvtuber.net,2026-09-01T03:00:43Z
cCP5s2AUBSdYfzyhXemg,레피돌,,youtube,UCjrOuceWbKhudA501mFAo0Q,https://www.youtube.com/channel/UCjrOuceWbKhudA501mFAo0Q,레피돌의 치지직 버추얼 뉴스,404,2025-03-08,,2026-09-01 00:10:03,[API]모에 모드 적용중! 슬더스2,AT_Lepidolite,https://cafe.naver.com/artisons,mysmallvtuber.net,2026-09-01T03:00:43Z
cCP5s2AUBSdYfzyhXemg,레피돌,,chzzk,c4a867051fca980c13961bb6d88b1b2d,https://chzzk.naver.com/c4a867051fca980c13961bb6d88b1b2d,레피돌,2560,2025-03-08,,2026-09-01 00:10:03,[API]모에 모드 적용중! 슬더스2,AT_Lepidolite,https://cafe.naver.com/artisons,mysmallvtuber.net,2026-09-01T03:00:43Z
GBqTLx7B9bXuyC97pxYY,히미츠 미로,,youtube,UCMmf0Uv6lUVrbxDObS1ynDw,https://www.youtube.com/channel/UCMmf0Uv6lUVrbxDObS1ynDw,히미츠 미로,819,,,2026-09-01 00:18:03,[V] 눈물의 그타 재활,mi2ro_,https://cafe.naver.com/mi2ro,mysmallvtuber.net,2026-09-01T03:00:43Z
GBqTLx7B9bXuyC97pxYY,히미츠 미로,,youtube,UCEU71T-U5zNQ_9qSUexstkg,https://www.youtube.com/channel/UCEU71T-U5zNQ_9qSUexstkg,히미츠 미롱 다시보기,98,,,2026-09-01 00:18:03,[V] 눈물의 그타 재활,mi2ro_,https://cafe.naver.com/mi2ro,mysmallvtuber.net,2026-09-01T03:00:43Z
GBqTLx7B9bXuyC97pxYY,히미츠 미로,,chzzk,dd77e835b6fb8190a7dde91013adec6d,https://chzzk.naver.com/dd77e835b6fb8190a7dde91013adec6d,히미츠 미로,3257,,,2026-09-01 00:18:03,[V] 눈물의 그타 재활,mi2ro_,https://cafe.naver.com/mi2ro,mysmallvtuber.net,2026-09-01T03:00:43Z
fBEa44RmPb2Bu2favwRn,아쿠루,,youtube,UCe4SwGmyN6rN154PgCRJKlA,https://www.youtube.com/channel/UCe4SwGmyN6rN154PgCRJKlA,아쿠루 ch.,18400,2021-12-20,,2026-09-01 00:08:03,사랑해 악마를 숭배해 사랑해 악마를 숭배해 사랑해 악마를 숭배해 사랑해 악마를 숭배해 사랑해 악마를 숭배해 사랑해 악마를 숭배해 사랑해 악마를 숭배해 사랑해 악마를 숭배해💀Api,Akuru_666,https://cafe.naver.com/isoropia,mysmallvtuber.net,2026-09-01T03:00:43Z
fBEa44RmPb2Bu2favwRn,아쿠루,,youtube,UC2qJ2uWAHnoeg1_Jn1tu15Q,https://www.youtube.com/channel/UC2qJ2uWAHnoeg1_Jn1tu15Q,아쿠루의 꽉찬A,889,2021-12-20,,2026-09-01 00:08:03,사랑해 악마를 숭배해 사랑해 악마를 숭배해 사랑해 악마를 숭배해 사랑해 악마를 숭배해 사랑해 악마를 숭배해 사랑해 악마를 숭배해 사랑해 악마를 숭배해 사랑해 악마를 숭배해💀Api,Akuru_666,https://cafe.naver.com/isoropia,mysmallvtuber.net,2026-09-01T03:00:43Z
fBEa44RmPb2Bu2favwRn,아쿠루,,chzzk,78cc61cc55bb3fad7f027d717ce61630,https://chzzk.naver.com/78cc61cc55bb3fad7f027d717ce61630,아쿠루,11468,2021-12-20,,2026-09-01 00:08:03,사랑해 악마를 숭배해 사랑해 악마를 숭배해 사랑해 악마를 숭배해 사랑해 악마를 숭배해 사랑해 악마를 숭배해 사랑해 악마를 숭배해 사랑해 악마를 숭배해 사랑해 악마를 숭배해💀Api,Akuru_666,https://cafe.naver.com/isoropia,mysmallvtuber.net,2026-09-01T03:00:43Z
Scd4SfPGKq95T4K8w4ts,서 해담,,youtube,UCee_sCpS91XJKCGbnPVHe0g,https://www.youtube.com/channel/UCee_sCpS91XJKCGbnPVHe0g,서 해담,236,2025-06-28,,2026-08-31 21:46:03,다정한 토크하는 척 담달이 놀리기,chzzk_haedam,https://discord.com/invite/GnhrtQFCHb,mysmallvtuber.net,2026-09-01T03:00:43Z
Scd4SfPGKq95T4K8w4ts,서 해담,,youtube,UCpBPecBPHhLbui5srxSAMug,https://www.youtube.com/channel/UCpBPecBPHhLbui5srxSAMug,서해담다시보기,120,2025-06-28,,2026-08-31 21:46:03,다정한 토크하는 척 담달이 놀리기,chzzk_haedam,https://discord.com/invite/GnhrtQFCHb,mysmallvtuber.net,2026-09-01T03:00:43Z
Scd4SfPGKq95T4K8w4ts,서 해담,,chzzk,33d9c3a6788a5005d62a039dadb3096a,https://chzzk.naver.com/33d9c3a6788a5005d62a039dadb3096a,서 해담,569,2025-06-28,,2026-08-31 21:46:03,다정한 토크하는 척 담달이 놀리기,chzzk_haedam,https://discord.com/invite/GnhrtQFCHb,mysmallvtuber.net,2026-09-01T03:00:43Z
yHLeN3ARpJzM5w8pvPWV,양망두,,youtube,UCdeccHQrqmjtUxZ1HeKdq1g,https://www.youtube.com/channel/UCdeccHQrqmjtUxZ1HeKdq1g,양망두 YMangDu,17800,2023-05-06,,2026-09-01 03:51:02,그냥 별거 없는 방송 ദ്ദി(◕(00)◕),Y_mang_du,https://cafe.naver.com/mangzzing/,mysmallvtuber.net,2026-09-01T03:00:43Z
yHLeN3ARpJzM5w8pvPWV,양망두,,youtube,UCt_t6U2NqWV_cPJzwoE838Q,https://www.youtube.com/channel/UCt_t6U2NqWV_cPJzwoE838Q,속이 꽉 찬 양망두,5430,2023-05-06,,2026-09-01 03:51:02,그냥 별거 없는 방송 ദ്ദി(◕(00)◕),Y_mang_du,https://cafe.naver.com/mangzzing/,mysmallvtuber.net,2026-09-01T03:00:43Z
yHLeN3ARpJzM5w8pvPWV,양망두,,chzzk,b3e262a2795f17734c149afc738ad250,https://chzzk.naver.com/b3e262a2795f17734c149afc738ad250,양망두,14392,2023-05-06,,2026-09-01 03:51:02,그냥 별거 없는 방송 ദ്ദി(◕(00)◕),Y_mang_du,https://cafe.naver.com/mangzzing/,mysmallvtuber.net,2026-09-01T03:00:43Z
9guCReLDKSscYm2b35NZ,해 닝,,youtube,UCteGDWGFlEb4VOVUUN1y4-Q,https://www.youtube.com/channel/UCteGDWGFlEb4VOVUUN1y4-Q,해닝,1830,2024-03-30,,2026-09-01 07:16:03,이상하다 방금까지 방송을 하고 있었던거 같은데💛 (ゝ◡∂｀)☆,chuhae_ning,https://cafe.naver.com/chumate,mysmallvtuber.net,2026-09-01T03:00:43Z
9guCReLDKSscYm2b35NZ,해 닝,,chzzk,e0c5647a2e5eb0486bc1d87e5c7445ff,https://chzzk.naver.com/e0c5647a2e5eb0486bc1d87e5c7445ff,해 닝,1143,2024-03-30,,2026-09-01 07:16:03,이상하다 방금까지 방송을 하고 있었던거 같은데💛 (ゝ◡∂｀)☆,chuhae_ning,https://cafe.naver.com/chumate,mysmallvtuber.net,2026-09-01T03:00:43Z
un7gv2zR45Rc9v57wqsc,코메,,youtube,UCuXBoGY4L2b3V0zPCH3Lc_g,https://www.youtube.com/channel/UCuXBoGY4L2b3V0zPCH3Lc_g,코메 Comet,1480,2023-05-23,,2026-09-01 00:31:03,8월의 마지막. 만남과 이별 [위KIN라디오✨],Ne_comet,https://cafe.naver.com/necomet,mysmallvtuber.net,2026-09-01T03:00:43Z
un7gv2zR45Rc9v57wqsc,코메,,youtube,UCSOEzTewyLqKfV43ZJy8-tQ,https://www.youtube.com/channel/UCSOEzTewyLqKfV43ZJy8-tQ,코메선장 다시보기,141,2023-05-23,,2026-09-01 00:31:03,8월의 마지막. 만남과 이별 [위KIN라디오✨],Ne_comet,https://cafe.naver.com/necomet,mysmallvtuber.net,2026-09-01T03:00:43Z
un7gv2zR45Rc9v57wqsc,코메,,chzzk,fde66e266136cea72f06a13b7c8f484a,https://chzzk.naver.com/fde66e266136cea72f06a13b7c8f484a,코메,2183,2023-05-23,,2026-09-01 00:31:03,8월의 마지막. 만남과 이별 [위KIN라디오✨],Ne_comet,https://cafe.naver.com/necomet,mysmallvtuber.net,2026-09-01T03:00:43Z
7qEJGqqvNrbTRfv3Det9,뮬 MYULEE,MYULEE,youtube,UC3yE6DC-KIoOC_DMFfvj7dw,https://www.youtube.com/channel/UC3yE6DC-KIoOC_DMFfvj7dw,뮬 MYULee,7100,,,2026-09-01 02:17:03,💙 노래 폼을 끌어올려보자 아쟈쟈,Sing_Myu,https://cafe.naver.com/singmyu,mysmallvtuber.net,2026-09-01T03:00:43Z
7qEJGqqvNrbTRfv3Det9,뮬 MYULEE,MYULEE,youtube,UCqaF_dY2MGUuEZA75kqgBwg,https://www.youtube.com/channel/UCqaF_dY2MGUuEZA75kqgBwg,뮬 다시보기 MYULee's Archive,1790,,,2026-09-01 02:17:03,💙 노래 폼을 끌어올려보자 아쟈쟈,Sing_Myu,https://cafe.naver.com/singmyu,mysmallvtuber.net,2026-09-01T03:00:43Z
7qEJGqqvNrbTRfv3Det9,뮬 MYULEE,MYULEE,chzzk,6b2e39072f3af6e84ee04d34aa164e57,https://chzzk.naver.com/6b2e39072f3af6e84ee04d34aa164e57,뮬 MYULEE,8219,,,2026-09-01 02:17:03,💙 노래 폼을 끌어올려보자 아쟈쟈,Sing_Myu,https://cafe.naver.com/singmyu,mysmallvtuber.net,2026-09-01T03:00:43Z
4GzEtxGXxs7hbEuxbTHx,루뇽,,soop,haruniong,https://ch.sooplive.co.kr/haruniong,루뇽,360,2026-01-17,,2026-09-01 04:28:03,저택 미스터리 (수영복 45/450),,,mysmallvtuber.net,2026-09-01T03:00:43Z
qXAjs5yPTAvZ3FBSGAw5,꿀유자,,youtube,UCTMZJ8lRXFlGTVuUlT4RepQ,https://www.youtube.com/channel/UCTMZJ8lRXFlGTVuUlT4RepQ,꿀유자,133,2019-09-11,,2026-09-01 05:18:03,11시] 로치원 3종 & 하루 만에 2.0이 공개되어버렸다 ฅ(๑•̀⩊•́๑)ฅ,Yu_Ja22,https://cafe.naver.com/yuja22,mysmallvtuber.net,2026-09-01T03:00:43Z
qXAjs5yPTAvZ3FBSGAw5,꿀유자,,youtube,UCteIwKwq_jFArWt0g-jC7nA,https://www.youtube.com/channel/UCteIwKwq_jFArWt0g-jC7nA,꿀유자 다시보기,18,2019-09-11,,2026-09-01 05:18:03,11시] 로치원 3종 & 하루 만에 2.0이 공개되어버렸다 ฅ(๑•̀⩊•́๑)ฅ,Yu_Ja22,https://cafe.naver.com/yuja22,mysmallvtuber.net,2026-09-01T03:00:43Z
qXAjs5yPTAvZ3FBSGAw5,꿀유자,,chzzk,f323f6d0c4308b33a49e985b91cc321e,https://chzzk.naver.com/f323f6d0c4308b33a49e985b91cc321e,꿀유자,2487,2019-09-11,,2026-09-01 05:18:03,11시] 로치원 3종 & 하루 만에 2.0이 공개되어버렸다 ฅ(๑•̀⩊•́๑)ฅ,Yu_Ja22,https://cafe.naver.com/yuja22,mysmallvtuber.net,2026-09-01T03:00:43Z
tsnMZdwRrUWfhmM448Fs,감군장입니다,,youtube,UCKQucJJLSHILoGbyS8kdpLg,https://www.youtube.com/channel/UCKQucJJLSHILoGbyS8kdpLg,감군장,22700,2023-05-20,,2026-09-01 03:43:02,게임끝!,gamgunjang,https://cafe.naver.com/gunzzang21,mysmallvtuber.net,2026-09-01T03:00:43Z
tsnMZdwRrUWfhmM448Fs,감군장입니다,,youtube,UCRAicenMg1RNjIflX5egbTg,https://www.youtube.com/channel/UCRAicenMg1RNjIflX5egbTg,감군장(다시보기),2480,2023-05-20,,2026-09-01 03:43:02,게임끝!,gamgunjang,https://cafe.naver.com/gunzzang21,mysmallvtuber.net,2026-09-01T03:00:43Z
tsnMZdwRrUWfhmM448Fs,감군장입니다,,chzzk,ba1469a50bdc7f420d775f43f29b1414,https://chzzk.naver.com/ba1469a50bdc7f420d775f43f29b1414,감군장입니다,16879,2023-05-20,,2026-09-01 03:43:02,게임끝!,gamgunjang,https://cafe.naver.com/gunzzang21,mysmallvtuber.net,2026-09-01T03:00:43Z
fnBDq9pNjQnPdW2WWUrj,하네ㅣHane,Hane,youtube,UC4Fg7aEB30TAkgCi2bONIgQ,https://www.youtube.com/channel/UC4Fg7aEB30TAkgCi2bONIgQ,하네 Hane,15500,2025-02-22,,2026-08-31 23:10:04,하이 하네~!보고싶으ㅡㅡㅡ엄ㅅㅇ느은ㄴ아ㅣㅓㅡ머,otw_hane,https://cafe.naver.com/otwoffical,mysmallvtuber.net,2026-09-01T03:00:43Z
fnBDq9pNjQnPdW2WWUrj,하네ㅣHane,Hane,youtube,UCcZFelgTMiob5kFYdO_q_HQ,https://www.youtube.com/channel/UCcZFelgTMiob5kFYdO_q_HQ,다시하네,1240,2025-02-22,,2026-08-31 23:10:04,하이 하네~!보고싶으ㅡㅡㅡ엄ㅅㅇ느은ㄴ아ㅣㅓㅡ머,otw_hane,https://cafe.naver.com/otwoffical,mysmallvtuber.net,2026-09-01T03:00:43Z
fnBDq9pNjQnPdW2WWUrj,하네ㅣHane,Hane,chzzk,7b9c6553913c755812ef2cd9fbe1dc5c,https://chzzk.naver.com/7b9c6553913c755812ef2cd9fbe1dc5c,하네ㅣHane,21896,2025-02-22,,2026-08-31 23:10:04,하이 하네~!보고싶으ㅡㅡㅡ엄ㅅㅇ느은ㄴ아ㅣㅓㅡ머,otw_hane,https://cafe.naver.com/otwoffical,mysmallvtuber.net,2026-09-01T03:00:43Z
6quUQ65A3f3K79SVgLpa,이 소 에,,youtube,UCtqhRsYCqjMhLqgm-ylIW1g,https://www.youtube.com/channel/UCtqhRsYCqjMhLqgm-ylIW1g,이소에 ISOE,1570,,,2026-09-01 00:10:03,봉누도 합격했는데 브라질리언 왁싱 공략걸었다고,V_lSOE,https://discord.com/invite/HGrTBmm8cv,mysmallvtuber.net,2026-09-01T03:00:43Z
6quUQ65A3f3K79SVgLpa,이 소 에,,chzzk,343c202c69ba6d11b7ec51741f9591ac,https://chzzk.naver.com/343c202c69ba6d11b7ec51741f9591ac,이 소 에,3887,,,2026-09-01 00:10:03,봉누도 합격했는데 브라질리언 왁싱 공략걸었다고,V_lSOE,https://discord.com/invite/HGrTBmm8cv,mysmallvtuber.net,2026-09-01T03:00:43Z
Fy7nqmJP6vL7hbfHYgwQ,유키네 치아,,chzzk,7e66e2b05d8b7197fd5a5c075367cce0,https://chzzk.naver.com/7e66e2b05d8b7197fd5a5c075367cce0,유키네 치아,615,2025-01-04,,2026-09-01 00:25:04,[버미육/소통환영] 월요일의 랭크게임 'ㅂ',yukinechia,,mysmallvtuber.net,2026-09-01T03:00:43Z
bXQVD9Z4G9yPzcaHjBzq,팔 량,,youtube,UCL7WQ9B9R56cgTRy3sSBMvw,https://www.youtube.com/channel/UCL7WQ9B9R56cgTRy3sSBMvw,팔량,420,2024-01-05,,2026-08-31 21:25:05,[V/!공약] 마지막을 나랑 함께 해줄래여?,,,mysmallvtuber.net,2026-09-01T03:00:43Z
bXQVD9Z4G9yPzcaHjBzq,팔 량,,chzzk,d90971beb37c2b18433c6362234901a1,https://chzzk.naver.com/d90971beb37c2b18433c6362234901a1,팔 량,1932,2024-01-05,,2026-08-31 21:25:05,[V/!공약] 마지막을 나랑 함께 해줄래여?,,,mysmallvtuber.net,2026-09-01T03:00:43Z
fCqbA4Qw9dZ6wWvtdEm9,류채경,,youtube,UCl9aA8d2GBzcMa4NG2_-L2A,https://www.youtube.com/channel/UCl9aA8d2GBzcMa4NG2_-L2A,류채경,47800,2020-10-17,,2026-08-31 23:46:03,불다크 룰렛,Vtuber_Ryuchae,https://cafe.naver.com/ryuchaegyeong,mysmallvtuber.net,2026-09-01T03:00:43Z
fCqbA4Qw9dZ6wWvtdEm9,류채경,,youtube,UCYlcNLwfmuUw3uFLR7b3OiQ,https://www.youtube.com/channel/UCYlcNLwfmuUw3uFLR7b3OiQ,류채경 트위치 다시보기,944,2020-10-17,,2026-08-31 23:46:03,불다크 룰렛,Vtuber_Ryuchae,https://cafe.naver.com/ryuchaegyeong,mysmallvtuber.net,2026-09-01T03:00:43Z
fCqbA4Qw9dZ6wWvtdEm9,류채경,,chzzk,d3feaaee7b98d56475dad56e9ab73827,https://chzzk.naver.com/d3feaaee7b98d56475dad56e9ab73827,류채경,9896,2020-10-17,,2026-08-31 23:46:03,불다크 룰렛,Vtuber_Ryuchae,https://cafe.naver.com/ryuchaegyeong,mysmallvtuber.net,2026-09-01T03:00:43Z
qnvwD25jTP5Qk4T2AHp2,시노농 XINO,XINO,youtube,UCTUbOIwr6X2Hys1DiDTQLKg,https://www.youtube.com/channel/UCTUbOIwr6X2Hys1DiDTQLKg,시노농 XINO CH. 大神シノ,10500,2020-11-14,,2026-08-31 22:43:03,으엉? 잉..으엥잉?,XINO_Virtual,https://cafe.naver.com/xinonong,mysmallvtuber.net,2026-09-01T03:00:43Z
qnvwD25jTP5Qk4T2AHp2,시노농 XINO,XINO,chzzk,573aba785831e27446c5d765ced4de7b,https://chzzk.naver.com/573aba785831e27446c5d765ced4de7b,시노농 XINO,3317,2020-11-14,,2026-08-31 22:43:03,으엉? 잉..으엥잉?,XINO_Virtual,https://cafe.naver.com/xinonong,mysmallvtuber.net,2026-09-01T03:00:43Z
85LesX7XrgQFyd4PzxXH,쿠뽀미,,youtube,UCdVN6apP9i8nLQpDr4Nf69g,https://www.youtube.com/channel/UCdVN6apP9i8nLQpDr4Nf69g,쿠뽀미,7410,2025-12-21,,2026-08-31 22:51:03,공포게임후열 저챗,kuppomi,https://cafe.naver.com/kuppomi,mysmallvtuber.net,2026-09-01T03:00:43Z
85LesX7XrgQFyd4PzxXH,쿠뽀미,,youtube,UCqdRRaYWoqFoEdzjDTQHDcQ,https://www.youtube.com/channel/UCqdRRaYWoqFoEdzjDTQHDcQ,롱뽀미,745,2025-12-21,,2026-08-31 22:51:03,공포게임후열 저챗,kuppomi,https://cafe.naver.com/kuppomi,mysmallvtuber.net,2026-09-01T03:00:43Z
85LesX7XrgQFyd4PzxXH,쿠뽀미,,chzzk,73fc52c403eb3485524c02e1a0f2e623,https://chzzk.naver.com/73fc52c403eb3485524c02e1a0f2e623,쿠뽀미,3102,2025-12-21,,2026-08-31 22:51:03,공포게임후열 저챗,kuppomi,https://cafe.naver.com/kuppomi,mysmallvtuber.net,2026-09-01T03:00:43Z
jxFJpaH7mjJsgSAeWY28,루시츄,,youtube,UCmGdgpEjSfopa9bs6n-dMCA,https://www.youtube.com/channel/UCmGdgpEjSfopa9bs6n-dMCA,그림츄,17700,2023-09-24,,2026-09-01 00:11:03,[HGE콜라보] 내가 이 구역에 탱커 🖤,Lucy_chuS2,https://cafe.naver.com/ecrin,mysmallvtuber.net,2026-09-01T03:00:43Z
jxFJpaH7mjJsgSAeWY28,루시츄,,youtube,UCJ_6iUTUjMHMNgKU6wdJReg,https://www.youtube.com/channel/UCJ_6iUTUjMHMNgKU6wdJReg,루시풀,192,2023-09-24,,2026-09-01 00:11:03,[HGE콜라보] 내가 이 구역에 탱커 🖤,Lucy_chuS2,https://cafe.naver.com/ecrin,mysmallvtuber.net,2026-09-01T03:00:43Z
jxFJpaH7mjJsgSAeWY28,루시츄,,chzzk,1acac1ca4420da766e7734c723b37a41,https://chzzk.naver.com/1acac1ca4420da766e7734c723b37a41,루시츄,1031,2023-09-24,,2026-09-01 00:11:03,[HGE콜라보] 내가 이 구역에 탱커 🖤,Lucy_chuS2,https://cafe.naver.com/ecrin,mysmallvtuber.net,2026-09-01T03:00:43Z
cRaFL9e4FXBvCRQHMzgc,쿠아♪,,youtube,UCEoBIQ5euh3nojL579mlv5A,https://www.youtube.com/channel/UCEoBIQ5euh3nojL579mlv5A,쿠아,300,2024-03-26,,2026-09-01 00:06:02,쿠아의 졸업 방송,,https://cafe.naver.com/quazndk,mysmallvtuber.net,2026-09-01T03:00:43Z
cRaFL9e4FXBvCRQHMzgc,쿠아♪,,soop,quaorv,https://ch.sooplive.co.kr/quaorv,쿠아♪,2294,2024-03-26,,2026-09-01 00:06:02,쿠아의 졸업 방송,,https://cafe.naver.com/quazndk,mysmallvtuber.net,2026-09-01T03:00:43Z
3YdBXhzpE9seUcBaZSz6,온 하루,,youtube,UCbV3v6HJkXwMXOQw0PcnV7Q,https://www.youtube.com/channel/UCbV3v6HJkXwMXOQw0PcnV7Q,온하루 OnHaru,3510,2025-02-22,,2026-09-01 00:27:03,짜장면 먹고 왔다네요,otw_haru,https://cafe.naver.com/otwoffical,mysmallvtuber.net,2026-09-01T03:00:43Z
3YdBXhzpE9seUcBaZSz6,온 하루,,youtube,UChKwH5bw8WPxCeiXWa0Ny8A,https://www.youtube.com/channel/UChKwH5bw8WPxCeiXWa0Ny8A,오프 하루,1010,2025-02-22,,2026-09-01 00:27:03,짜장면 먹고 왔다네요,otw_haru,https://cafe.naver.com/otwoffical,mysmallvtuber.net,2026-09-01T03:00:43Z
3YdBXhzpE9seUcBaZSz6,온 하루,,chzzk,0f61ae00c2aef2b789dc009e51cbcc5a,https://chzzk.naver.com/0f61ae00c2aef2b789dc009e51cbcc5a,온 하루,10400,2025-02-22,,2026-09-01 00:27:03,짜장면 먹고 왔다네요,otw_haru,https://cafe.naver.com/otwoffical,mysmallvtuber.net,2026-09-01T03:00:43Z
PHHCJTCHcRkAmEwefHFW,채의,,youtube,UCvitpVf3DJSz-tRiMUz85RA,https://www.youtube.com/channel/UCvitpVf3DJSz-tRiMUz85RA,채의,578,2025-01-25,,2026-09-01 01:33:03,✨ 돌아온 팰월드 중독 천사,1chaeUi,https://cafe.naver.com/chaezip,mysmallvtuber.net,2026-09-01T03:00:43Z
PHHCJTCHcRkAmEwefHFW,채의,,youtube,UCz7DgKcPSimQGV9j9R-DCiA,https://www.youtube.com/channel/UCz7DgKcPSimQGV9j9R-DCiA,채의 다시보기,312,2025-01-25,,2026-09-01 01:33:03,✨ 돌아온 팰월드 중독 천사,1chaeUi,https://cafe.naver.com/chaezip,mysmallvtuber.net,2026-09-01T03:00:43Z
PHHCJTCHcRkAmEwefHFW,채의,,chzzk,5833633de490a73da5d25801584b2ae6,https://chzzk.naver.com/5833633de490a73da5d25801584b2ae6,채의,890,2025-01-25,,2026-09-01 01:33:03,✨ 돌아온 팰월드 중독 천사,1chaeUi,https://cafe.naver.com/chaezip,mysmallvtuber.net,2026-09-01T03:00:43Z
2HMFFXtQhP3vbLDmGbM4,까룽 KARUNG,KARUNG,youtube,UCX1sPxHo0ek2Tq56U08lJDA,https://www.youtube.com/channel/UCX1sPxHo0ek2Tq56U08lJDA,까룽 Karung / KR VTUBER Ch.,1250,2024-08-04,,2026-08-31 22:56:03,타날탄,Karung_VTB,,mysmallvtuber.net,2026-09-01T03:00:43Z
2HMFFXtQhP3vbLDmGbM4,까룽 KARUNG,KARUNG,chzzk,d1c8d9fd2b0bfe5582dd81b25457bacc,https://chzzk.naver.com/d1c8d9fd2b0bfe5582dd81b25457bacc,까룽 KARUNG,1425,2024-08-04,,2026-08-31 22:56:03,타날탄,Karung_VTB,,mysmallvtuber.net,2026-09-01T03:00:43Z
Kw5VQDfQDrvgUWDLGGXk,밍턴_,,youtube,UC1IX083pPBnLiRDxfYeKjcg,https://www.youtube.com/channel/UC1IX083pPBnLiRDxfYeKjcg,밍턴 Mingturn,39800,2021-07-19,,2026-09-01 02:57:03,후열 발로란투,mingturn97,https://cafe.naver.com/mingturn,mysmallvtuber.net,2026-09-01T03:00:43Z
Kw5VQDfQDrvgUWDLGGXk,밍턴_,,youtube,UCH17TIVS-ux2orQDHn23RDw,https://www.youtube.com/channel/UCH17TIVS-ux2orQDHn23RDw,밍턴  Mingturn Music Official,6010,2021-07-19,,2026-09-01 02:57:03,후열 발로란투,mingturn97,https://cafe.naver.com/mingturn,mysmallvtuber.net,2026-09-01T03:00:43Z
Kw5VQDfQDrvgUWDLGGXk,밍턴_,,soop,mingturn97,https://ch.sooplive.co.kr/mingturn97,밍턴_,26088,2021-07-19,,2026-09-01 02:57:03,후열 발로란투,mingturn97,https://cafe.naver.com/mingturn,mysmallvtuber.net,2026-09-01T03:00:43Z
QBGnjNuTykVh8kEMcfWz,코기사와 코코로,,youtube,UCLk9evD-qCmBgw3SgHYhjBw,https://www.youtube.com/channel/UCLk9evD-qCmBgw3SgHYhjBw,코기사와 코코로,426,2025-07-01,,2026-09-01 03:47:02,꽁꽁 얼어붙은 코코로 위로 피피가 걸어갑니다,GNZ_kokoro,https://cafe.naver.com/gnz1234,mysmallvtuber.net,2026-09-01T03:00:43Z
QBGnjNuTykVh8kEMcfWz,코기사와 코코로,,youtube,UCxIuHMZfqV5_BuqSEpTc0fQ,https://www.youtube.com/channel/UCxIuHMZfqV5_BuqSEpTc0fQ,코기사와 코코로 다시보기,327,2025-07-01,,2026-09-01 03:47:02,꽁꽁 얼어붙은 코코로 위로 피피가 걸어갑니다,GNZ_kokoro,https://cafe.naver.com/gnz1234,mysmallvtuber.net,2026-09-01T03:00:43Z
QBGnjNuTykVh8kEMcfWz,코기사와 코코로,,chzzk,1d19dc348fdf699e63885944b49ff60c,https://chzzk.naver.com/1d19dc348fdf699e63885944b49ff60c,코기사와 코코로,2667,2025-07-01,,2026-09-01 03:47:02,꽁꽁 얼어붙은 코코로 위로 피피가 걸어갑니다,GNZ_kokoro,https://cafe.naver.com/gnz1234,mysmallvtuber.net,2026-09-01T03:00:43Z
ThrSVPVc2LsJMJjsZPLW,리베 Ribe,Ribe,youtube,UCb4UrDI_oYZz2fTKFnEW2Tw,https://www.youtube.com/channel/UCb4UrDI_oYZz2fTKFnEW2Tw,리베 Ribe,5390,2024-08-16,,2026-09-01 01:00:05,【Ribe】 리베랑 진득하게..💞이야기 해볼까..?,Ribe_DD,https://cafe.naver.com/sweetieberi,mysmallvtuber.net,2026-09-01T03:00:43Z
ThrSVPVc2LsJMJjsZPLW,리베 Ribe,Ribe,youtube,UCTxEu-XtGtmJKH6ORwf1K9w,https://www.youtube.com/channel/UCTxEu-XtGtmJKH6ORwf1K9w,리베 Ribe 다시보기,140,2024-08-16,,2026-09-01 01:00:05,【Ribe】 리베랑 진득하게..💞이야기 해볼까..?,Ribe_DD,https://cafe.naver.com/sweetieberi,mysmallvtuber.net,2026-09-01T03:00:43Z
ThrSVPVc2LsJMJjsZPLW,리베 Ribe,Ribe,chzzk,4821f1d1d8359bd740d8d73d7bc284f8,https://chzzk.naver.com/4821f1d1d8359bd740d8d73d7bc284f8,리베 Ribe,3825,2024-08-16,,2026-09-01 01:00:05,【Ribe】 리베랑 진득하게..💞이야기 해볼까..?,Ribe_DD,https://cafe.naver.com/sweetieberi,mysmallvtuber.net,2026-09-01T03:00:43Z
q67e57mPUtv3NyQbEwst,먀뮤뮤,,youtube,UCOuBd8ZFFET703CITO30Wew,https://www.youtube.com/channel/UCOuBd8ZFFET703CITO30Wew,먀뮤뮤 miamumu,11100,2022-12-05,,2026-09-01 04:46:02,TALK,miamumu__,https://cafe.naver.com/mutin,mysmallvtuber.net,2026-09-01T03:00:43Z
q67e57mPUtv3NyQbEwst,먀뮤뮤,,youtube,UCr-8mZlAFkrOQqxdzs7BrGw,https://www.youtube.com/channel/UCr-8mZlAFkrOQqxdzs7BrGw,먀뮤뮤 다시보기,4870,2022-12-05,,2026-09-01 04:46:02,TALK,miamumu__,https://cafe.naver.com/mutin,mysmallvtuber.net,2026-09-01T03:00:43Z
q67e57mPUtv3NyQbEwst,먀뮤뮤,,chzzk,0a808138cc8c96ab9756935b964c1bf7,https://chzzk.naver.com/0a808138cc8c96ab9756935b964c1bf7,먀뮤뮤,16428,2022-12-05,,2026-09-01 04:46:02,TALK,miamumu__,https://cafe.naver.com/mutin,mysmallvtuber.net,2026-09-01T03:00:43Z
dknqELNku964HTMV8yJb,엘 카,,youtube,UCXrqgCG1-i9SHPbapDkTT2Q,https://www.youtube.com/channel/UCXrqgCG1-i9SHPbapDkTT2Q,엘카 - 엘 카오스 라이메데,10400,2024-07-13,,2026-09-01 02:14:03,(GTA 안해본 뇌) GTA6 대비 GTA5 스토리 플레이 [GTA5],El_Chaos_,https://cafe.naver.com/vmz,mysmallvtuber.net,2026-09-01T03:00:43Z
dknqELNku964HTMV8yJb,엘 카,,chzzk,947ed33cc008b86f7f0e8796ea388961,https://chzzk.naver.com/947ed33cc008b86f7f0e8796ea388961,엘 카,1401,2024-07-13,,2026-09-01 02:14:03,(GTA 안해본 뇌) GTA6 대비 GTA5 스토리 플레이 [GTA5],El_Chaos_,https://cafe.naver.com/vmz,mysmallvtuber.net,2026-09-01T03:00:43Z
zYW3RNwk3bZByTEy4aNq,담아 DamA,DamA,youtube,UCXyGroMxwKGa4IT4a8QF99w,https://www.youtube.com/channel/UCXyGroMxwKGa4IT4a8QF99w,담아 DamA,1810,2025-11-07,,2026-08-31 22:17:03,히히 청서리다 청서리야아아ㅏㅏ [짧 게릴라] (◍´꒳`(´꒳`◍ ),DamA_0804,https://cafe.naver.com/dama0804,mysmallvtuber.net,2026-09-01T03:00:43Z
zYW3RNwk3bZByTEy4aNq,담아 DamA,DamA,youtube,UC4KaglyAcBiDhsc6zYUc83w,https://www.youtube.com/channel/UC4KaglyAcBiDhsc6zYUc83w,담아_담시보기,204,2025-11-07,,2026-08-31 22:17:03,히히 청서리다 청서리야아아ㅏㅏ [짧 게릴라] (◍´꒳`(´꒳`◍ ),DamA_0804,https://cafe.naver.com/dama0804,mysmallvtuber.net,2026-09-01T03:00:43Z
zYW3RNwk3bZByTEy4aNq,담아 DamA,DamA,chzzk,7ef206fc7c057132698b31b3b1c3acdf,https://chzzk.naver.com/7ef206fc7c057132698b31b3b1c3acdf,담아 DamA,3117,2025-11-07,,2026-08-31 22:17:03,히히 청서리다 청서리야아아ㅏㅏ [짧 게릴라] (◍´꒳`(´꒳`◍ ),DamA_0804,https://cafe.naver.com/dama0804,mysmallvtuber.net,2026-09-01T03:00:43Z
4mvq45mVx5eKGtDgjmjg,서 리아,,youtube,UCU_1N72wfUi9UKKVEbnaktA,https://www.youtube.com/channel/UCU_1N72wfUi9UKKVEbnaktA,서리아,1540,2024-03-25,,2026-08-31 22:01:02,💙나 아직 서른이 아닌데 왜 이렇게 자꾸 회복이 안되는데 적당히 마셨어야 했어 그랬어 다신 그러지 않을거야,seoria815,https://cafe.naver.com/seoria815,mysmallvtuber.net,2026-09-01T03:00:43Z
4mvq45mVx5eKGtDgjmjg,서 리아,,chzzk,abcf5c832694ad4fd6547210ba317b3f,https://chzzk.naver.com/abcf5c832694ad4fd6547210ba317b3f,서 리아,1769,2024-03-25,,2026-08-31 22:01:02,💙나 아직 서른이 아닌데 왜 이렇게 자꾸 회복이 안되는데 적당히 마셨어야 했어 그랬어 다신 그러지 않을거야,seoria815,https://cafe.naver.com/seoria815,mysmallvtuber.net,2026-09-01T03:00:43Z
6U79qmxnaKR9HQ2HYgNR,사사44,,youtube,UCdIT6_ySa4CDsc18iPUfmpQ,https://www.youtube.com/channel/UCdIT6_ySa4CDsc18iPUfmpQ,SASA 44,35000,2018-12-24,,2026-09-01 02:31:03,살랑살랑 가을바람 불어오는 밤에 라디오,,https://cafe.naver.com/sasa44fan,mysmallvtuber.net,2026-09-01T03:00:43Z
6U79qmxnaKR9HQ2HYgNR,사사44,,youtube,UCXeV0VpjHe3fA4V7VOFyrrA,https://www.youtube.com/channel/UCXeV0VpjHe3fA4V7VOFyrrA,사사44풀영상avi,2640,2018-12-24,,2026-09-01 02:31:03,살랑살랑 가을바람 불어오는 밤에 라디오,,https://cafe.naver.com/sasa44fan,mysmallvtuber.net,2026-09-01T03:00:43Z
6U79qmxnaKR9HQ2HYgNR,사사44,,chzzk,0ac23ae6672e2067492161839e29230e,https://chzzk.naver.com/0ac23ae6672e2067492161839e29230e,사사44,9361,2018-12-24,,2026-09-01 02:31:03,살랑살랑 가을바람 불어오는 밤에 라디오,,https://cafe.naver.com/sasa44fan,mysmallvtuber.net,2026-09-01T03:00:43Z
XVLESXAa42gfvnhknEj8,김앵고,,youtube,UC3mcJ4Y8arlCRUAfWegrLDA,https://www.youtube.com/channel/UC3mcJ4Y8arlCRUAfWegrLDA,앵쥐의 해씨창고,1350,,,2026-09-01 09:51:03,한다면 진짜 하는 피어앤헝거 1회차 켠왕 완료 후 진엔딩까지 달리기,gimaenggo,,mysmallvtuber.net,2026-09-01T03:00:43Z
XVLESXAa42gfvnhknEj8,김앵고,,chzzk,8ecadcb05be3f97875b5aa3d8ced1347,https://chzzk.naver.com/8ecadcb05be3f97875b5aa3d8ced1347,김앵고,17614,,,2026-09-01 09:51:03,한다면 진짜 하는 피어앤헝거 1회차 켠왕 완료 후 진엔딩까지 달리기,gimaenggo,,mysmallvtuber.net,2026-09-01T03:00:43Z
wLWLp7j82UwLkAvyNkfH,천상츄,,youtube,UCYYiN2-JxHvlfhrRsb6Ra7Q,https://www.youtube.com/channel/UCYYiN2-JxHvlfhrRsb6Ra7Q,천상츄,1200,2021-12-08,,2026-09-01 01:25:06,9월 첫 가기전 노래♥ @즉방룰렛33@☆ミ,sangchu_0o0a,https://discord.com/invite/t4ayq5jtpW,mysmallvtuber.net,2026-09-01T03:00:43Z
wLWLp7j82UwLkAvyNkfH,천상츄,,youtube,UCyVzB1Wyd8nIj90abc_K7CA,https://www.youtube.com/channel/UCyVzB1Wyd8nIj90abc_K7CA,천상츄의 길고짧은건대봐야안다,133,2021-12-08,,2026-09-01 01:25:06,9월 첫 가기전 노래♥ @즉방룰렛33@☆ミ,sangchu_0o0a,https://discord.com/invite/t4ayq5jtpW,mysmallvtuber.net,2026-09-01T03:00:43Z
wLWLp7j82UwLkAvyNkfH,천상츄,,soop,sangchu541,https://ch.sooplive.co.kr/sangchu541,천상츄,1427,2021-12-08,,2026-09-01 01:25:06,9월 첫 가기전 노래♥ @즉방룰렛33@☆ミ,sangchu_0o0a,https://discord.com/invite/t4ayq5jtpW,mysmallvtuber.net,2026-09-01T03:00:43Z
22wrmfLSwtt6Ezh8zYh2,화실 Hwashil,Hwashil,chzzk,c0178e31be471fbbf2b7282a8c0d7f0c,https://chzzk.naver.com/c0178e31be471fbbf2b7282a8c0d7f0c,화실 Hwashil,860,2025-12-27,,2026-09-01 01:58:02,발등에 불 난 청년,Hwa_shil09,,mysmallvtuber.net,2026-09-01T03:00:43Z
rPdE7Fu2HsvmS42aVjbN,호하리 Hohari,Hohari,youtube,UCGxLjFrX_2i4kUoeB3aTE-w,https://www.youtube.com/channel/UCGxLjFrX_2i4kUoeB3aTE-w,호하리,7330,2022-04-25,,2026-09-01 04:29:03,[V] 당신의 숨겨진 부분을 가장 잘 알아주는 사람. 당신을 꿰뚫어 볼 수 있는 사람 특 : 의사임,hariho11,https://cafe.naver.com/f-e/cafes/31064775/menus/0?t=1766832756118,mysmallvtuber.net,2026-09-01T03:00:43Z
rPdE7Fu2HsvmS42aVjbN,호하리 Hohari,Hohari,youtube,UCmEwjj8fcYyGdy99alx7gIQ,https://www.youtube.com/channel/UCmEwjj8fcYyGdy99alx7gIQ,호하리 다시보기,639,2022-04-25,,2026-09-01 04:29:03,[V] 당신의 숨겨진 부분을 가장 잘 알아주는 사람. 당신을 꿰뚫어 볼 수 있는 사람 특 : 의사임,hariho11,https://cafe.naver.com/f-e/cafes/31064775/menus/0?t=1766832756118,mysmallvtuber.net,2026-09-01T03:00:43Z
rPdE7Fu2HsvmS42aVjbN,호하리 Hohari,Hohari,chzzk,437789ebfd9ac58804f1d38281bf03b2,https://chzzk.naver.com/437789ebfd9ac58804f1d38281bf03b2,호하리 Hohari,5583,2022-04-25,,2026-09-01 04:29:03,[V] 당신의 숨겨진 부분을 가장 잘 알아주는 사람. 당신을 꿰뚫어 볼 수 있는 사람 특 : 의사임,hariho11,https://cafe.naver.com/f-e/cafes/31064775/menus/0?t=1766832756118,mysmallvtuber.net,2026-09-01T03:00:43Z
vKWuhNLALAdGWRN88sL9,세이키,,youtube,UCs2m40fA4YR8VEANgoxYNSA,https://www.youtube.com/channel/UCs2m40fA4YR8VEANgoxYNSA,세이키,3600,2024-02-26,,2026-08-31 23:57:02,[신?입/유입환영] 폐병원에 왜 들어온거야 대체,seiki_v_occhi,https://discord.gg/NjfaBWYE,mysmallvtuber.net,2026-09-01T03:00:43Z
vKWuhNLALAdGWRN88sL9,세이키,,chzzk,45deccf7ce6bb40f93b8a653767c8253,https://chzzk.naver.com/45deccf7ce6bb40f93b8a653767c8253,세이키,1457,2024-02-26,,2026-08-31 23:57:02,[신?입/유입환영] 폐병원에 왜 들어온거야 대체,seiki_v_occhi,https://discord.gg/NjfaBWYE,mysmallvtuber.net,2026-09-01T03:00:43Z
7uY9pTjMswdQ8PnT3xtU,쇼 카,,youtube,UCg0OOY_lDzIEwOL3za-SpfQ,https://www.youtube.com/channel/UCg0OOY_lDzIEwOL3za-SpfQ,쇼카,3930,2026-02-21,,2026-09-01 00:01:02,봉누도합격기념 데뷔날 뿌린 하나남은 굿즈 추첨해서 한명에게 하사하겟다는거시야 ~,syoka0906,https://cafe.naver.com/syoka,mysmallvtuber.net,2026-09-01T03:00:43Z
7uY9pTjMswdQ8PnT3xtU,쇼 카,,chzzk,1963bb156cd9a572916827d4fef7516e,https://chzzk.naver.com/1963bb156cd9a572916827d4fef7516e,쇼 카,3419,2026-02-21,,2026-09-01 00:01:02,봉누도합격기념 데뷔날 뿌린 하나남은 굿즈 추첨해서 한명에게 하사하겟다는거시야 ~,syoka0906,https://cafe.naver.com/syoka,mysmallvtuber.net,2026-09-01T03:00:43Z
QxcKYkDtyc87jC2dadQM,스타으앙코,,youtube,UCXwxNXzs5c0LCGVCtznX9Aw,https://www.youtube.com/channel/UCXwxNXzs5c0LCGVCtznX9Aw,스타으앙코 / Staruanko,2210,,,2026-09-01 00:27:03,[으앙코 5주년] 오늘은 마구 축하하는 날👽✨✨,Staruanko,https://cafe.naver.com/staruanko,mysmallvtuber.net,2026-09-01T03:00:43Z
QxcKYkDtyc87jC2dadQM,스타으앙코,,youtube,UChNqPDvaZ9R5_xpcmLYsBKw,https://www.youtube.com/channel/UChNqPDvaZ9R5_xpcmLYsBKw,으앙코의 왹카이브,687,,,2026-09-01 00:27:03,[으앙코 5주년] 오늘은 마구 축하하는 날👽✨✨,Staruanko,https://cafe.naver.com/staruanko,mysmallvtuber.net,2026-09-01T03:00:43Z
QxcKYkDtyc87jC2dadQM,스타으앙코,,chzzk,2d27c050d8db708af8b54c9d128d2278,https://chzzk.naver.com/2d27c050d8db708af8b54c9d128d2278,스타으앙코,2342,,,2026-09-01 00:27:03,[으앙코 5주년] 오늘은 마구 축하하는 날👽✨✨,Staruanko,https://cafe.naver.com/staruanko,mysmallvtuber.net,2026-09-01T03:00:43Z
FHzTW9VLDmrMhu7SaeGa,매화린 Maehwarin,Maehwarin,youtube,UCOArnjXiiLnaI9u7T8pIuOA,https://www.youtube.com/channel/UCOArnjXiiLnaI9u7T8pIuOA,매화린 Maehwarin,1640,2025-11-08,,2026-09-01 02:06:02,"[사령화] 스펠렁키, 오늘은 집에 안 보내. 끝까지 갈 거야.",Maehwarin_SRH3,https://cafe.naver.com/grimproduction,mysmallvtuber.net,2026-09-01T03:00:43Z
FHzTW9VLDmrMhu7SaeGa,매화린 Maehwarin,Maehwarin,chzzk,c62ac389ebfc8942302298df5e9cd71b,https://chzzk.naver.com/c62ac389ebfc8942302298df5e9cd71b,매화린 Maehwarin,4649,2025-11-08,,2026-09-01 02:06:02,"[사령화] 스펠렁키, 오늘은 집에 안 보내. 끝까지 갈 거야.",Maehwarin_SRH3,https://cafe.naver.com/grimproduction,mysmallvtuber.net,2026-09-01T03:00:43Z
fkzydZgwUcubNCFCLNyc,덴 카시우스,,youtube,UCiR0hjeg_W365OLZS9UqJKA,https://www.youtube.com/channel/UCiR0hjeg_W365OLZS9UqJKA,덴 카시우스,3640,,,2026-08-31 21:57:03,[셀리브] 9월이 오면,Den_Cassius,https://cafe.naver.com/seliv,mysmallvtuber.net,2026-09-01T03:00:43Z
fkzydZgwUcubNCFCLNyc,덴 카시우스,,chzzk,518166cdeb0ac9bb7119a381be5df7f4,https://chzzk.naver.com/518166cdeb0ac9bb7119a381be5df7f4,덴 카시우스,2624,,,2026-08-31 21:57:03,[셀리브] 9월이 오면,Den_Cassius,https://cafe.naver.com/seliv,mysmallvtuber.net,2026-09-01T03:00:43Z
8B7T9EYsTRFCxYWptk65,우미노 사키,,youtube,UCyDVOZ9Eg1WHTBXulUzl5MA,https://www.youtube.com/channel/UCyDVOZ9Eg1WHTBXulUzl5MA,우미노 사키(Umino Saki),2990,2024-04-26,,2026-08-31 20:02:02,마론쨩 잠깐 들렀어요!,uminosaki38,https://cafe.naver.com/uminosaki,mysmallvtuber.net,2026-09-01T03:00:43Z
8B7T9EYsTRFCxYWptk65,우미노 사키,,youtube,UCKYXRGWbWwWYJimNVfiwu4A,https://www.youtube.com/channel/UCKYXRGWbWwWYJimNVfiwu4A,우미노 사키 다시보기,1460,2024-04-26,,2026-08-31 20:02:02,마론쨩 잠깐 들렀어요!,uminosaki38,https://cafe.naver.com/uminosaki,mysmallvtuber.net,2026-09-01T03:00:43Z
8B7T9EYsTRFCxYWptk65,우미노 사키,,chzzk,6c144288aea90dbb1f4d9f60da6e8acf,https://chzzk.naver.com/6c144288aea90dbb1f4d9f60da6e8acf,우미노 사키,2783,2024-04-26,,2026-08-31 20:02:02,마론쨩 잠깐 들렀어요!,uminosaki38,https://cafe.naver.com/uminosaki,mysmallvtuber.net,2026-09-01T03:00:43Z
VYPH8ZAF7NCnudTCQLjJ,베타031,,youtube,UCNDRM3B8aA1rGtw8I3S12og,https://www.youtube.com/channel/UCNDRM3B8aA1rGtw8I3S12og,베타 👑 BETA,98,2023-11-30,,2026-08-31 23:08:02,[V] 월요일은 베타늄 충전!,crownbeta031,https://cafe.naver.com/crownbeta,mysmallvtuber.net,2026-09-01T03:00:43Z
VYPH8ZAF7NCnudTCQLjJ,베타031,,chzzk,37ff0335ae82f2327520ae67a14c6485,https://chzzk.naver.com/37ff0335ae82f2327520ae67a14c6485,베타031,300,2023-11-30,,2026-08-31 23:08:02,[V] 월요일은 베타늄 충전!,crownbeta031,https://cafe.naver.com/crownbeta,mysmallvtuber.net,2026-09-01T03:00:43Z
hZaEn84g4abY6HKS3bRk,정머키,,youtube,UClJWYTR3-ZF8Op18nQsDU1w,https://www.youtube.com/channel/UClJWYTR3-ZF8Op18nQsDU1w,정머키,241,2024-05-28,,2026-08-31 23:06:02,💜 하 난 사랑하는줄 알았지 ...  w.라봄,muckey0622,,mysmallvtuber.net,2026-09-01T03:00:43Z
hZaEn84g4abY6HKS3bRk,정머키,,soop,nmuckeyjung,https://ch.sooplive.co.kr/nmuckeyjung,정머키,1031,2024-05-28,,2026-08-31 23:06:02,💜 하 난 사랑하는줄 알았지 ...  w.라봄,muckey0622,,mysmallvtuber.net,2026-09-01T03:00:43Z
NxHPeQS2rVNSmVGq6ddN,아주모,,youtube,UCTtpP6fAfYFIres-AiUg2Dw,https://www.youtube.com/channel/UCTtpP6fAfYFIres-AiUg2Dw,아주모 두번보기 다시보기,528,2024-02-19,,2026-08-31 23:26:03,롤로쳇스,ajumoajumak,,mysmallvtuber.net,2026-09-01T03:00:43Z
NxHPeQS2rVNSmVGq6ddN,아주모,,chzzk,3fd1a6ced5b550cf810b58bf775bcc00,https://chzzk.naver.com/3fd1a6ced5b550cf810b58bf775bcc00,아주모,937,2024-02-19,,2026-08-31 23:26:03,롤로쳇스,ajumoajumak,,mysmallvtuber.net,2026-09-01T03:00:43Z
khNlxjRxVMbgBaR31e3R,현단아v,v,youtube,UC22Ps4Eq64vzGCX_Oxdj7Ww,https://www.youtube.com/channel/UC22Ps4Eq64vzGCX_Oxdj7Ww,현단아,7020,2019-06-02,,2026-08-31 22:59:02,[홍피스] 멤버 좋다! 행배 레쮸고 !!! W.아눙/고채린/따스히/현단아,,https://cafe.naver.com/hyundana,mysmallvtuber.net,2026-09-01T03:00:43Z
khNlxjRxVMbgBaR31e3R,현단아v,v,soop,hyundana,https://ch.sooplive.co.kr/hyundana,현단아v,18771,2019-06-02,,2026-08-31 22:59:02,[홍피스] 멤버 좋다! 행배 레쮸고 !!! W.아눙/고채린/따스히/현단아,,https://cafe.naver.com/hyundana,mysmallvtuber.net,2026-09-01T03:00:43Z
2QM66FjFxXwpdceStZ9d,유나기,,youtube,UCcFK1gOtKkaze4gc51qWosQ,https://www.youtube.com/channel/UCcFK1gOtKkaze4gc51qWosQ,유나기,12800,2023-06-25,,2026-08-31 22:41:03,종합병원입니다.. (방셀 마지막 날 500/1324),,https://cafe.naver.com/eurii,mysmallvtuber.net,2026-09-01T03:00:43Z
2QM66FjFxXwpdceStZ9d,유나기,,soop,nagi0413,https://ch.sooplive.co.kr/nagi0413,유나기,14911,2023-06-25,,2026-08-31 22:41:03,종합병원입니다.. (방셀 마지막 날 500/1324),,https://cafe.naver.com/eurii,mysmallvtuber.net,2026-09-01T03:00:43Z
zrSpCUeMGqbWe2LPc66H,코롯,,youtube,UCWtBvoh1wYrOx33DHXOBx_A,https://www.youtube.com/channel/UCWtBvoh1wYrOx33DHXOBx_A,코롯 Colot,1560,2025-08-02,,2026-08-31 22:39:03,골골골,colot0509,https://cafe.naver.com/studiosegno,mysmallvtuber.net,2026-09-01T03:00:43Z
zrSpCUeMGqbWe2LPc66H,코롯,,chzzk,8b6ddefc6d8df5a5c6bc2e00aa0999f2,https://chzzk.naver.com/8b6ddefc6d8df5a5c6bc2e00aa0999f2,코롯,1232,2025-08-02,,2026-08-31 22:39:03,골골골,colot0509,https://cafe.naver.com/studiosegno,mysmallvtuber.net,2026-09-01T03:00:43Z
cx3FftDjdafeeeveHLjE,츠밍,,youtube,UCxiv0RT5rzfEIZ4zZFDMAtw,https://www.youtube.com/channel/UCxiv0RT5rzfEIZ4zZFDMAtw,츠밍,54300,2022-05-16,,2026-09-01 02:27:03,미니먼푸 월요일 낚시방법,Tsuming00,https://cafe.naver.com/tsuming,mysmallvtuber.net,2026-09-01T03:00:43Z
cx3FftDjdafeeeveHLjE,츠밍,,chzzk,f638e750b76165c23e4f1530c166df1a,https://chzzk.naver.com/f638e750b76165c23e4f1530c166df1a,츠밍,37910,2022-05-16,,2026-09-01 02:27:03,미니먼푸 월요일 낚시방법,Tsuming00,https://cafe.naver.com/tsuming,mysmallvtuber.net,2026-09-01T03:00:43Z
2pjSQWAuEsuxUSzacLNt,천네아,,youtube,UC1dNo0e4h7ZnuZ3w2aajV5g,https://www.youtube.com/channel/UC1dNo0e4h7ZnuZ3w2aajV5g,천네아,3040,2018-10-24,,2026-08-31 23:06:02,쨘,,https://cafe.naver.com/neaaaaa,mysmallvtuber.net,2026-09-01T03:00:43Z
2pjSQWAuEsuxUSzacLNt,천네아,,youtube,UCYBtkBA0bwnsq3dDtWB2sjQ,https://www.youtube.com/channel/UCYBtkBA0bwnsq3dDtWB2sjQ,다시보네아,86,2018-10-24,,2026-08-31 23:06:02,쨘,,https://cafe.naver.com/neaaaaa,mysmallvtuber.net,2026-09-01T03:00:43Z
2pjSQWAuEsuxUSzacLNt,천네아,,chzzk,49b29986be8ae251cd98397afac2e91b,https://chzzk.naver.com/49b29986be8ae251cd98397afac2e91b,천네아,3058,2018-10-24,,2026-08-31 23:06:02,쨘,,https://cafe.naver.com/neaaaaa,mysmallvtuber.net,2026-09-01T03:00:43Z
82fvJrhaUBAqXZ6vR2eb,문이유,,youtube,UCilepwsq4q12yeOBz3WO79Q,https://www.youtube.com/channel/UCilepwsq4q12yeOBz3WO79Q,삭제,292,2023-07-20,,2026-09-01 05:21:03,가쟈,moon_eu_,,mysmallvtuber.net,2026-09-01T03:00:43Z
82fvJrhaUBAqXZ6vR2eb,문이유,,youtube,UC-46bCU-q_XY0cwzAowA-jQ,https://www.youtube.com/channel/UC-46bCU-q_XY0cwzAowA-jQ,무늉한 이유,59,2023-07-20,,2026-09-01 05:21:03,가쟈,moon_eu_,,mysmallvtuber.net,2026-09-01T03:00:43Z
82fvJrhaUBAqXZ6vR2eb,문이유,,soop,moon26,https://ch.sooplive.co.kr/moon26,문이유,1509,2023-07-20,,2026-09-01 05:21:03,가쟈,moon_eu_,,mysmallvtuber.net,2026-09-01T03:00:43Z
J8GFTwQxd5awwRGmZs3b,큐랑,,youtube,UCEgxPXTB2ahzMASjbOhCwQw,https://www.youtube.com/channel/UCEgxPXTB2ahzMASjbOhCwQw,큐랑,86700,2023-07-15,,2026-09-01 03:58:03,8월 마지막 날이네요...힘들으어앍🪼,Qrang_vir,https://cafe.naver.com/qrang513,mysmallvtuber.net,2026-09-01T03:00:43Z
J8GFTwQxd5awwRGmZs3b,큐랑,,soop,qrang513,https://ch.sooplive.co.kr/qrang513,큐랑,10094,2023-07-15,,2026-09-01 03:58:03,8월 마지막 날이네요...힘들으어앍🪼,Qrang_vir,https://cafe.naver.com/qrang513,mysmallvtuber.net,2026-09-01T03:00:43Z
JTS5T5nvMjcpvFYUSgLt,이무지,,youtube,UCtKaWarbIgekUqjGV_uEw3A,https://www.youtube.com/channel/UCtKaWarbIgekUqjGV_uEw3A,이무지,109000,2023-01-18,,2026-09-01 00:00:03,마무리 🐥,,https://cafe.naver.com/moojjcastle,mysmallvtuber.net,2026-09-01T03:00:43Z
JTS5T5nvMjcpvFYUSgLt,이무지,,chzzk,2564aae6bb474dd58c22023afa4cbe72,https://chzzk.naver.com/2564aae6bb474dd58c22023afa4cbe72,이무지,40159,2023-01-18,,2026-09-01 00:00:03,마무리 🐥,,https://cafe.naver.com/moojjcastle,mysmallvtuber.net,2026-09-01T03:00:43Z
DPm3Hjm6L8h79rTFvLVg,집배원 도리,,youtube,UCZpuxBS6OjIXPpn7505x-1A,https://www.youtube.com/channel/UCZpuxBS6OjIXPpn7505x-1A,도리 영상 보관소 (임시 운영),453,2024-02-25,,2026-08-31 23:46:03,사실 편집할거 안 정했어요 (。_。) 그래서 총알배송을...,dori_DR52,https://cafe.naver.com/zzigzzag,mysmallvtuber.net,2026-09-01T03:00:43Z
DPm3Hjm6L8h79rTFvLVg,집배원 도리,,chzzk,7a7726e1c6eb40c7ef2f215718f24a95,https://chzzk.naver.com/7a7726e1c6eb40c7ef2f215718f24a95,집배원 도리,1055,2024-02-25,,2026-08-31 23:46:03,사실 편집할거 안 정했어요 (。_。) 그래서 총알배송을...,dori_DR52,https://cafe.naver.com/zzigzzag,mysmallvtuber.net,2026-09-01T03:00:43Z
JCcZDNQSrXanm9wvzT9H,남궁루리 NGRULI,NGRULI,youtube,UCs-W8iIzS3M-jCShcfQmLvg,https://www.youtube.com/channel/UCs-W8iIzS3M-jCShcfQmLvg,남궁루리,9050,2022-11-30,,2026-08-31 22:40:06,새로운 역병 🇰🇷 l 레조넌스: 어 플래그 테일 레거시,,https://cafe.naver.com/ngruli,mysmallvtuber.net,2026-09-01T03:00:43Z
JCcZDNQSrXanm9wvzT9H,남궁루리 NGRULI,NGRULI,chzzk,5f7890a846ee8f4648dbb35f98dbe41c,https://chzzk.naver.com/5f7890a846ee8f4648dbb35f98dbe41c,남궁루리 NGRULI,10462,2022-11-30,,2026-08-31 22:40:06,새로운 역병 🇰🇷 l 레조넌스: 어 플래그 테일 레거시,,https://cafe.naver.com/ngruli,mysmallvtuber.net,2026-09-01T03:00:43Z
ELTxg2GsT8pAHxrwFT8C,디아 나,,youtube,UCOZAtamIRUYWGwFDdhiM2Cw,https://www.youtube.com/channel/UCOZAtamIRUYWGwFDdhiM2Cw,디아나 Diahna,9370,2023-06-03,,2026-09-01 01:36:03,"🐾 초면인 사람이랑 낚시하는거 지켜보기 ( w. 권민권, 도라대장, 하우카우)",diahnaing,https://cafe.naver.com/diahnaing,mysmallvtuber.net,2026-09-01T03:00:43Z
ELTxg2GsT8pAHxrwFT8C,디아 나,,youtube,UCHVMN0Xqmcu7Il3uqNGOqkQ,https://www.youtube.com/channel/UCHVMN0Xqmcu7Il3uqNGOqkQ,디아나 다시보기,560,2023-06-03,,2026-09-01 01:36:03,"🐾 초면인 사람이랑 낚시하는거 지켜보기 ( w. 권민권, 도라대장, 하우카우)",diahnaing,https://cafe.naver.com/diahnaing,mysmallvtuber.net,2026-09-01T03:00:43Z
ELTxg2GsT8pAHxrwFT8C,디아 나,,chzzk,a80a95f91626493613a7b1093002b26d,https://chzzk.naver.com/a80a95f91626493613a7b1093002b26d,디아 나,5277,2023-06-03,,2026-09-01 01:36:03,"🐾 초면인 사람이랑 낚시하는거 지켜보기 ( w. 권민권, 도라대장, 하우카우)",diahnaing,https://cafe.naver.com/diahnaing,mysmallvtuber.net,2026-09-01T03:00:43Z
TkfL4DXdrVZPVPhpSzYM,백은하,,youtube,UCQgsVYOawT0C58QHRwE2fNA,https://www.youtube.com/channel/UCQgsVYOawT0C58QHRwE2fNA,백은하 BaekEunha♡,8690,2022-05-04,,2026-08-31 23:35:06,영도 요로레잇띠 할인 이벤트 요로결석 대 방출! 야호~ +3천팔 찍은 기념 햄부기 이벤트🍔 (!굿즈),baegeunha59,https://cafe.naver.com/baekeunha,mysmallvtuber.net,2026-09-01T03:00:43Z
TkfL4DXdrVZPVPhpSzYM,백은하,,youtube,UCwf_ugRSJhWOLp2zuptfR0w,https://www.youtube.com/channel/UCwf_ugRSJhWOLp2zuptfR0w,백은하 full 다시보기,440,2022-05-04,,2026-08-31 23:35:06,영도 요로레잇띠 할인 이벤트 요로결석 대 방출! 야호~ +3천팔 찍은 기념 햄부기 이벤트🍔 (!굿즈),baegeunha59,https://cafe.naver.com/baekeunha,mysmallvtuber.net,2026-09-01T03:00:43Z
TkfL4DXdrVZPVPhpSzYM,백은하,,chzzk,85eb67daa4822df8a31f1cdbd74c34da,https://chzzk.naver.com/85eb67daa4822df8a31f1cdbd74c34da,백은하,3029,2022-05-04,,2026-08-31 23:35:06,영도 요로레잇띠 할인 이벤트 요로결석 대 방출! 야호~ +3천팔 찍은 기념 햄부기 이벤트🍔 (!굿즈),baegeunha59,https://cafe.naver.com/baekeunha,mysmallvtuber.net,2026-09-01T03:00:43Z
gky3Y5pa6jZLYBQkCSHw,마냥_,,youtube,UCtoHqh381tZlGSmPITK45Lw,https://www.youtube.com/channel/UCtoHqh381tZlGSmPITK45Lw,마냥,11300,2023-11-26,,2026-09-01 01:32:03,[UR:L] 마냥,,https://cafe.naver.com/sandboxidol,mysmallvtuber.net,2026-09-01T03:00:43Z
gky3Y5pa6jZLYBQkCSHw,마냥_,,soop,maluckitty,https://ch.sooplive.co.kr/maluckitty,마냥_,22112,2023-11-26,,2026-09-01 01:32:03,[UR:L] 마냥,,https://cafe.naver.com/sandboxidol,mysmallvtuber.net,2026-09-01T03:00:43Z
BQ5sXk6SJBX3NVpedL2W,릴리작가,,youtube,UC2xvs-7qjM4Bsdo2H_rjz5w,https://www.youtube.com/channel/UC2xvs-7qjM4Bsdo2H_rjz5w,릴리작가 lillly,906,2023-07-30,,2026-08-31 21:46:03,매번 오랜만이네요,lillly____,,mysmallvtuber.net,2026-09-01T03:00:43Z
BQ5sXk6SJBX3NVpedL2W,릴리작가,,youtube,UCP55A0I0Z_CPaVlQRd-V0kA,https://www.youtube.com/channel/UCP55A0I0Z_CPaVlQRd-V0kA,lillly 다시보기,410,2023-07-30,,2026-08-31 21:46:03,매번 오랜만이네요,lillly____,,mysmallvtuber.net,2026-09-01T03:00:43Z
BQ5sXk6SJBX3NVpedL2W,릴리작가,,chzzk,e9c8944fd2ec93097c38a555225e4e4c,https://chzzk.naver.com/e9c8944fd2ec93097c38a555225e4e4c,릴리작가,1920,2023-07-30,,2026-08-31 21:46:03,매번 오랜만이네요,lillly____,,mysmallvtuber.net,2026-09-01T03:00:43Z
m5CVuf9B8njkVG3BKn6v,ㄴ모서리ㄱ,,youtube,UCkGJ5jj8h8PxPVZXaEJBLYQ,https://www.youtube.com/channel/UCkGJ5jj8h8PxPVZXaEJBLYQ,ㄴ모서리ㄱ moseoli 【VRECORD】,51,2024-07-30,,2026-08-31 21:10:03,[유입환영] 코맹맹이라도 버튜버가 하고싶퍼,nunseoli,,mysmallvtuber.net,2026-09-01T03:00:43Z
m5CVuf9B8njkVG3BKn6v,ㄴ모서리ㄱ,,chzzk,bc64d1142877738a7d31f584ae13ea79,https://chzzk.naver.com/bc64d1142877738a7d31f584ae13ea79,ㄴ모서리ㄱ,649,2024-07-30,,2026-08-31 21:10:03,[유입환영] 코맹맹이라도 버튜버가 하고싶퍼,nunseoli,,mysmallvtuber.net,2026-09-01T03:00:43Z
zvFGTdDKuSYtJwphSUtC,뱌링,,youtube,UC96F6R7oSbZgG1bukujlFfQ,https://www.youtube.com/channel/UC96F6R7oSbZgG1bukujlFfQ,뱌링,121,2024-11-01,,2026-08-31 23:09:02,[뉴걸40일] 후열 삐삐룽~,,https://cafe.naver.com/blingbyaring,mysmallvtuber.net,2026-09-01T03:00:43Z
zvFGTdDKuSYtJwphSUtC,뱌링,,soop,byaring,https://ch.sooplive.co.kr/byaring,뱌링,1381,2024-11-01,,2026-08-31 23:09:02,[뉴걸40일] 후열 삐삐룽~,,https://cafe.naver.com/blingbyaring,mysmallvtuber.net,2026-09-01T03:00:43Z
CRS8CU3XWwy9GCR8Z4c5,천유정,,youtube,UCJteQK8mnK1gZ5LgBvdNytw,https://www.youtube.com/channel/UCJteQK8mnK1gZ5LgBvdNytw,천유정 Yujeong,2780,2023-07-22,,2026-09-01 00:15:03,[Gamble With Your Friends] 도박으로 인생역전? 인생여전? 아니면.. 패가망신? / API로 대리 도파민 즐기기ㅋ,yujeong0605,https://discord.gg/BrEKJE4k9N,mysmallvtuber.net,2026-09-01T03:00:43Z
CRS8CU3XWwy9GCR8Z4c5,천유정,,soop,yujeong0605,https://ch.sooplive.co.kr/yujeong0605,천유정,5094,2023-07-22,,2026-09-01 00:15:03,[Gamble With Your Friends] 도박으로 인생역전? 인생여전? 아니면.. 패가망신? / API로 대리 도파민 즐기기ㅋ,yujeong0605,https://discord.gg/BrEKJE4k9N,mysmallvtuber.net,2026-09-01T03:00:43Z
SBxyS5BBWG8s3dpnCrfz,도히짠,,youtube,UCom7Xe8B_dWJcKMV2n3kX6g,https://www.youtube.com/channel/UCom7Xe8B_dWJcKMV2n3kX6g,도히짠,4470,2022-12-28,,2026-09-01 02:35:03,역팬데이 하는중!!!!!!!! 한정방셀 얹어줌!!!!!!!!!!!!!,,https://cafe.naver.com/dobeeisfree,mysmallvtuber.net,2026-09-01T03:00:43Z
SBxyS5BBWG8s3dpnCrfz,도히짠,,youtube,UCQUD8FFQ-skeCH0pP2KDcqg,https://www.youtube.com/channel/UCQUD8FFQ-skeCH0pP2KDcqg,도히짠 다시보기,486,2022-12-28,,2026-09-01 02:35:03,역팬데이 하는중!!!!!!!! 한정방셀 얹어줌!!!!!!!!!!!!!,,https://cafe.naver.com/dobeeisfree,mysmallvtuber.net,2026-09-01T03:00:43Z
SBxyS5BBWG8s3dpnCrfz,도히짠,,soop,doheezzan,https://ch.sooplive.co.kr/doheezzan,도히짠,1951,2022-12-28,,2026-09-01 02:35:03,역팬데이 하는중!!!!!!!! 한정방셀 얹어줌!!!!!!!!!!!!!,,https://cafe.naver.com/dobeeisfree,mysmallvtuber.net,2026-09-01T03:00:43Z
EKceBTR9REENQxZzEQNa,그리움 Rium,Rium,youtube,UC0G4ooOJ636-N9xUuondrag,https://www.youtube.com/channel/UC0G4ooOJ636-N9xUuondrag,그리움 / Rium,1500,2025-02-22,,2026-09-01 01:46:02,리움 | 명조 『명조 서울콘 같이보면서 명조콘 이야기』,geurium_,https://cafe.naver.com/therium,mysmallvtuber.net,2026-09-01T03:00:43Z
EKceBTR9REENQxZzEQNa,그리움 Rium,Rium,youtube,UCHmDTcsP4epkXsHHdh1IbNQ,https://www.youtube.com/channel/UCHmDTcsP4epkXsHHdh1IbNQ,기록보관소 Rium Archive,1090,2025-02-22,,2026-09-01 01:46:02,리움 | 명조 『명조 서울콘 같이보면서 명조콘 이야기』,geurium_,https://cafe.naver.com/therium,mysmallvtuber.net,2026-09-01T03:00:43Z
EKceBTR9REENQxZzEQNa,그리움 Rium,Rium,chzzk,d98f5b684efeed1b27ddac078e9634fb,https://chzzk.naver.com/d98f5b684efeed1b27ddac078e9634fb,그리움 Rium,2858,2025-02-22,,2026-09-01 01:46:02,리움 | 명조 『명조 서울콘 같이보면서 명조콘 이야기』,geurium_,https://cafe.naver.com/therium,mysmallvtuber.net,2026-09-01T03:00:43Z
bkQEnmxhhg52mkmJU8yY,롱비 Rongbi,Rongbi,chzzk,adc415be8cfb79044395e664db4e2e45,https://chzzk.naver.com/adc415be8cfb79044395e664db4e2e45,롱비 Rongbi,170,2026-01-30,,2026-08-31 22:15:04,!방송 76일차! 8월의 끝이야 말이되니,Rongbi_vtuber,,mysmallvtuber.net,2026-09-01T03:00:43Z
UDNgNdz3EC5HYXyDrt4g,토꽁,,youtube,UCRvnG9wMIiCBYGxaXLUIrQg,https://www.youtube.com/channel/UCRvnG9wMIiCBYGxaXLUIrQg,토꽁,4520,,,2026-09-01 01:32:03,바니걸 입고 공겜 Bad Dream Coma 이어서 하고 방종곡 3곡 *.₍₍ ◝(๑> 3<๑)◟ ⁾⁾.*✧ !굿즈,,https://cafe.naver.com/tokkong,mysmallvtuber.net,2026-09-01T03:00:43Z
UDNgNdz3EC5HYXyDrt4g,토꽁,,chzzk,5b78a2610119f246785e67761edf2125,https://chzzk.naver.com/5b78a2610119f246785e67761edf2125,토꽁,4564,,,2026-09-01 01:32:03,바니걸 입고 공겜 Bad Dream Coma 이어서 하고 방종곡 3곡 *.₍₍ ◝(๑> 3<๑)◟ ⁾⁾.*✧ !굿즈,,https://cafe.naver.com/tokkong,mysmallvtuber.net,2026-09-01T03:00:43Z
zhAFAQ4W6YpbnQWXIDEE,묭 이,,youtube,UChQuOTY4qlCHvfHRqDR9P9A,https://www.youtube.com/channel/UChQuOTY4qlCHvfHRqDR9P9A,묭 Myong,65100,2018-07-02,,2026-09-01 02:16:03,메린이 카이 보스 잡기 첫도전,Twitch_Myong,https://cafe.naver.com/myongmawang,mysmallvtuber.net,2026-09-01T03:00:43Z
zhAFAQ4W6YpbnQWXIDEE,묭 이,,youtube,UCOXUABsJBGqm8DaqqRCmOxg,https://www.youtube.com/channel/UCOXUABsJBGqm8DaqqRCmOxg,묭 다시보기 채널,1130,2018-07-02,,2026-09-01 02:16:03,메린이 카이 보스 잡기 첫도전,Twitch_Myong,https://cafe.naver.com/myongmawang,mysmallvtuber.net,2026-09-01T03:00:43Z
zhAFAQ4W6YpbnQWXIDEE,묭 이,,chzzk,58bb93cf187737941c1a84cace6a86c4,https://chzzk.naver.com/58bb93cf187737941c1a84cace6a86c4,묭 이,22614,2018-07-02,,2026-09-01 02:16:03,메린이 카이 보스 잡기 첫도전,Twitch_Myong,https://cafe.naver.com/myongmawang,mysmallvtuber.net,2026-09-01T03:00:43Z
cKJATxPGnyJNSzcYKueW,마롱 Marong,Marong,youtube,UCtLxqTQZtQh7m2201yHdQtA,https://www.youtube.com/channel/UCtLxqTQZtQh7m2201yHdQtA,마롱 Marong,13900,2021-07-09,,2026-08-31 21:52:03,😆,Marong_vtuber,https://cafe.naver.com/marong29nest,mysmallvtuber.net,2026-09-01T03:00:43Z
cKJATxPGnyJNSzcYKueW,마롱 Marong,Marong,chzzk,21030ee8202e8e99785651805fe97212,https://chzzk.naver.com/21030ee8202e8e99785651805fe97212,마롱 Marong,3733,2021-07-09,,2026-08-31 21:52:03,😆,Marong_vtuber,https://cafe.naver.com/marong29nest,mysmallvtuber.net,2026-09-01T03:00:43Z
GegaXudeVGYeFQU2kBVv,무라사키 치즈루,,youtube,UC4-Ah0VeC73KMvX1dEcIEMg,https://www.youtube.com/channel/UC4-Ah0VeC73KMvX1dEcIEMg,무라사키치즈루 Chizuru Murasaki,5400,2022-10-21,,2026-08-31 22:01:02,귀신 사이에서 혼자 다른 컨텐츠 하기 . . .,ChizuruMurasaki,https://cafe.naver.com/murasakichizuru,mysmallvtuber.net,2026-09-01T03:00:43Z
GegaXudeVGYeFQU2kBVv,무라사키 치즈루,,youtube,UC1wsX_L5nUcHlquohkWTrmA,https://www.youtube.com/channel/UC1wsX_L5nUcHlquohkWTrmA,치즈루 archive,673,2022-10-21,,2026-08-31 22:01:02,귀신 사이에서 혼자 다른 컨텐츠 하기 . . .,ChizuruMurasaki,https://cafe.naver.com/murasakichizuru,mysmallvtuber.net,2026-09-01T03:00:43Z
GegaXudeVGYeFQU2kBVv,무라사키 치즈루,,chzzk,2229be25fd4122083a8f93daf2a55d26,https://chzzk.naver.com/2229be25fd4122083a8f93daf2a55d26,무라사키 치즈루,3822,2022-10-21,,2026-08-31 22:01:02,귀신 사이에서 혼자 다른 컨텐츠 하기 . . .,ChizuruMurasaki,https://cafe.naver.com/murasakichizuru,mysmallvtuber.net,2026-09-01T03:00:43Z
rM8RDGYGXnsCWrAhTFBp,권루나,,youtube,UC6jL7jpkxErnD6avsv9wtew,https://www.youtube.com/channel/UC6jL7jpkxErnD6avsv9wtew,루나,9310,2022-11-15,,2026-09-01 00:07:03,꿀떡 먹고싶어요,kwon_luna_,https://cafe.naver.com/kwonluna,mysmallvtuber.net,2026-09-01T03:00:43Z
rM8RDGYGXnsCWrAhTFBp,권루나,,youtube,UC9IC4jEFj2ccwaJk8P0lfdg,https://www.youtube.com/channel/UC9IC4jEFj2ccwaJk8P0lfdg,루나 다시보기,937,2022-11-15,,2026-09-01 00:07:03,꿀떡 먹고싶어요,kwon_luna_,https://cafe.naver.com/kwonluna,mysmallvtuber.net,2026-09-01T03:00:43Z
rM8RDGYGXnsCWrAhTFBp,권루나,,chzzk,90d25b47d255d650d20312f8cc9408de,https://chzzk.naver.com/90d25b47d255d650d20312f8cc9408de,권루나,3280,2022-11-15,,2026-09-01 00:07:03,꿀떡 먹고싶어요,kwon_luna_,https://cafe.naver.com/kwonluna,mysmallvtuber.net,2026-09-01T03:00:43Z
AccvLf8W92QaLkCWAkTj,리유 Re You,Re You,youtube,UCey1FitZjMj2Qc7xm-MpTlQ,https://www.youtube.com/channel/UCey1FitZjMj2Qc7xm-MpTlQ,리유,33900,2024-03-23,,2026-09-01 01:39:03,୨୧ 제발 새드엔딩만 아니길 ୨୧,LIYU_S2,https://cafe.naver.com/artisons,mysmallvtuber.net,2026-09-01T03:00:43Z
AccvLf8W92QaLkCWAkTj,리유 Re You,Re You,youtube,UCqvmg2IdpZOc73x0Pts80Jw,https://www.youtube.com/channel/UCqvmg2IdpZOc73x0Pts80Jw,리유 다시보기,25000,2024-03-23,,2026-09-01 01:39:03,୨୧ 제발 새드엔딩만 아니길 ୨୧,LIYU_S2,https://cafe.naver.com/artisons,mysmallvtuber.net,2026-09-01T03:00:43Z
AccvLf8W92QaLkCWAkTj,리유 Re You,Re You,chzzk,dd0c8399708b2a4f183ecca14e7175c1,https://chzzk.naver.com/dd0c8399708b2a4f183ecca14e7175c1,리유 Re You,12203,2024-03-23,,2026-09-01 01:39:03,୨୧ 제발 새드엔딩만 아니길 ୨୧,LIYU_S2,https://cafe.naver.com/artisons,mysmallvtuber.net,2026-09-01T03:00:43Z
5Bn96MTbpy5ukBzNLqdA,아츠키 Atsuki,Atsuki,youtube,UCMoIq0MVwFyrXpPuh_1Nc0g,https://www.youtube.com/channel/UCMoIq0MVwFyrXpPuh_1Nc0g,아츠키 Atsuki,2440,2024-08-10,,2026-08-31 23:28:03,루미아 섬은 존재한다- ₍^˶⦁༝⦁˶^₎◞ ̑̑,tsuki_dayo0723,https://cafe.naver.com/atsukidayo,mysmallvtuber.net,2026-09-01T03:00:43Z
5Bn96MTbpy5ukBzNLqdA,아츠키 Atsuki,Atsuki,youtube,UCOTF5v7D5bSY6AAdSKQ1kIg,https://www.youtube.com/channel/UCOTF5v7D5bSY6AAdSKQ1kIg,아츠키 다시보기,56,2024-08-10,,2026-08-31 23:28:03,루미아 섬은 존재한다- ₍^˶⦁༝⦁˶^₎◞ ̑̑,tsuki_dayo0723,https://cafe.naver.com/atsukidayo,mysmallvtuber.net,2026-09-01T03:00:43Z
5Bn96MTbpy5ukBzNLqdA,아츠키 Atsuki,Atsuki,chzzk,5851c2186efcfb2850d9f0b0ea70deb4,https://chzzk.naver.com/5851c2186efcfb2850d9f0b0ea70deb4,아츠키 Atsuki,657,2024-08-10,,2026-08-31 23:28:03,루미아 섬은 존재한다- ₍^˶⦁༝⦁˶^₎◞ ̑̑,tsuki_dayo0723,https://cafe.naver.com/atsukidayo,mysmallvtuber.net,2026-09-01T03:00:43Z
WfJkgyrq8QMKcM2Gh45g,모카:b,b,youtube,UCiQ3nmup_0jgUOnZ_MQcwKQ,https://www.youtube.com/channel/UCiQ3nmup_0jgUOnZ_MQcwKQ,모카:b,4760,2024-07-09,,2026-09-01 05:24:03,[UR:L] 모카의 후열 고품격 메이플스토리 / 영도0,kurokawa_moca,,mysmallvtuber.net,2026-09-01T03:00:43Z
WfJkgyrq8QMKcM2Gh45g,모카:b,b,soop,mocamu2,https://ch.sooplive.co.kr/mocamu2,모카:b,19313,2024-07-09,,2026-09-01 05:24:03,[UR:L] 모카의 후열 고품격 메이플스토리 / 영도0,kurokawa_moca,,mysmallvtuber.net,2026-09-01T03:00:43Z
thECPnUZbs5FYCzMdXWT,한히나,,youtube,UC3iMADjQXTHQMbcxhawnA4w,https://www.youtube.com/channel/UC3iMADjQXTHQMbcxhawnA4w,한히나,526,2023-12-06,,2026-09-01 01:03:03,[RE:WAVE] 데뷔 천일이에요💙,Haruno_Hinata_,https://cafe.naver.com/sharkhina,mysmallvtuber.net,2026-09-01T03:00:43Z
thECPnUZbs5FYCzMdXWT,한히나,,youtube,UCerCS5SzDtJVzsPH5E_bOIQ,https://www.youtube.com/channel/UCerCS5SzDtJVzsPH5E_bOIQ,히나의 일상,16,2023-12-06,,2026-09-01 01:03:03,[RE:WAVE] 데뷔 천일이에요💙,Haruno_Hinata_,https://cafe.naver.com/sharkhina,mysmallvtuber.net,2026-09-01T03:00:43Z
thECPnUZbs5FYCzMdXWT,한히나,,soop,sharkhina,https://ch.sooplive.co.kr/sharkhina,한히나,1660,2023-12-06,,2026-09-01 01:03:03,[RE:WAVE] 데뷔 천일이에요💙,Haruno_Hinata_,https://cafe.naver.com/sharkhina,mysmallvtuber.net,2026-09-01T03:00:43Z
UkBYGRqDBVsHhj3hGwSc,모 아,,youtube,UCNHCPMgOqOYjk2O4ZkmVB9A,https://www.youtube.com/channel/UCNHCPMgOqOYjk2O4ZkmVB9A,모아,46100,2020-09-07,,2026-09-01 00:04:02,그녀가 바빴던 이유....중 하나🎀,moa_serenity,https://cafe.naver.com/moa0409,mysmallvtuber.net,2026-09-01T03:00:43Z
UkBYGRqDBVsHhj3hGwSc,모 아,,youtube,UCvhGQmLPKRkQyFa_iDIWpmw,https://www.youtube.com/channel/UCvhGQmLPKRkQyFa_iDIWpmw,다시 모아보기,10300,2020-09-07,,2026-09-01 00:04:02,그녀가 바빴던 이유....중 하나🎀,moa_serenity,https://cafe.naver.com/moa0409,mysmallvtuber.net,2026-09-01T03:00:43Z
UkBYGRqDBVsHhj3hGwSc,모 아,,chzzk,61958008140886fe1eda9910cfef5812,https://chzzk.naver.com/61958008140886fe1eda9910cfef5812,모 아,24239,2020-09-07,,2026-09-01 00:04:02,그녀가 바빴던 이유....중 하나🎀,moa_serenity,https://cafe.naver.com/moa0409,mysmallvtuber.net,2026-09-01T03:00:43Z
5Fzv8R799W6Mz5FyTGq8,카야 KAYA777,KAYA777,youtube,UCYYIzGb9KnQ1kWfaoPIC71g,https://www.youtube.com/channel/UCYYIzGb9KnQ1kWfaoPIC71g,카야 KAYA,115,2026-04-04,,2026-08-31 23:51:03,비가 오는 날엔 카야 보기,kayalove77,https://cafe.naver.com/kayalove77,mysmallvtuber.net,2026-09-01T03:00:43Z
5Fzv8R799W6Mz5FyTGq8,카야 KAYA777,KAYA777,youtube,UCgbbKQVJVnSykDrobDwIHfA,https://www.youtube.com/channel/UCgbbKQVJVnSykDrobDwIHfA,카야 다시보기,37,2026-04-04,,2026-08-31 23:51:03,비가 오는 날엔 카야 보기,kayalove77,https://cafe.naver.com/kayalove77,mysmallvtuber.net,2026-09-01T03:00:43Z
5Fzv8R799W6Mz5FyTGq8,카야 KAYA777,KAYA777,chzzk,960e31e711e3cc40c506e4ad8208620a,https://chzzk.naver.com/960e31e711e3cc40c506e4ad8208620a,카야 KAYA777,1223,2026-04-04,,2026-08-31 23:51:03,비가 오는 날엔 카야 보기,kayalove77,https://cafe.naver.com/kayalove77,mysmallvtuber.net,2026-09-01T03:00:43Z
RYnb8LPnfUp5ZUqpmVO3,퀸슈아,,youtube,UCzJBAM84jcC15C2ZTleGsNg,https://www.youtube.com/channel/UCzJBAM84jcC15C2ZTleGsNg,퀸슈아 ShuA,5270,2022-06-18,,2026-08-31 23:25:05,SCP-000이 전해주는 도시괴담 (w. 괴물연구소),shua_queen,https://cafe.naver.com/queenshua,mysmallvtuber.net,2026-09-01T03:00:43Z
RYnb8LPnfUp5ZUqpmVO3,퀸슈아,,youtube,UCFK6pwtQlHNg-i_mW-EawmQ,https://www.youtube.com/channel/UCFK6pwtQlHNg-i_mW-EawmQ,퀸슈아 긴슈아,1150,2022-06-18,,2026-08-31 23:25:05,SCP-000이 전해주는 도시괴담 (w. 괴물연구소),shua_queen,https://cafe.naver.com/queenshua,mysmallvtuber.net,2026-09-01T03:00:43Z
RYnb8LPnfUp5ZUqpmVO3,퀸슈아,,chzzk,00b3e3351b84827c73d78caba23fa238,https://chzzk.naver.com/00b3e3351b84827c73d78caba23fa238,퀸슈아,6338,2022-06-18,,2026-08-31 23:25:05,SCP-000이 전해주는 도시괴담 (w. 괴물연구소),shua_queen,https://cafe.naver.com/queenshua,mysmallvtuber.net,2026-09-01T03:00:43Z
2NqFsWaZtDbwNRfhfTtQ,하 쁘,,youtube,UCITcfHU-vhr-pti9mifObvA,https://www.youtube.com/channel/UCITcfHU-vhr-pti9mifObvA,하쁘 HALF,3990,2020-07-07,,2026-09-01 02:35:03,흐어엉,,https://cafe.naver.com/halfftime,mysmallvtuber.net,2026-09-01T03:00:43Z
2NqFsWaZtDbwNRfhfTtQ,하 쁘,,youtube,UCvz4aSIS5XOjoPw4v4U9A0g,https://www.youtube.com/channel/UCvz4aSIS5XOjoPw4v4U9A0g,하쁘 다시보기,1120,2020-07-07,,2026-09-01 02:35:03,흐어엉,,https://cafe.naver.com/halfftime,mysmallvtuber.net,2026-09-01T03:00:43Z
2NqFsWaZtDbwNRfhfTtQ,하 쁘,,chzzk,79bc9b927d5c187f9d8fa5a56b194c37,https://chzzk.naver.com/79bc9b927d5c187f9d8fa5a56b194c37,하 쁘,8052,2020-07-07,,2026-09-01 02:35:03,흐어엉,,https://cafe.naver.com/halfftime,mysmallvtuber.net,2026-09-01T03:00:43Z
CLLNkYR948z8Z8RnFCTm,감치치,,youtube,UCZMuxVd3rQ4uaYOSVrc9hHQ,https://www.youtube.com/channel/UCZMuxVd3rQ4uaYOSVrc9hHQ,감치치,6700,2024-03-23,,2026-09-01 02:15:03,새벽 토크에오~~~~⭐,gamchichi2,https://cafe.naver.com/gamchichi20240323,mysmallvtuber.net,2026-09-01T03:00:43Z
CLLNkYR948z8Z8RnFCTm,감치치,,youtube,UCY0RqygYVbeXJc6QK1sK4iQ,https://www.youtube.com/channel/UCY0RqygYVbeXJc6QK1sK4iQ,롱치치(감치치),505,2024-03-23,,2026-09-01 02:15:03,새벽 토크에오~~~~⭐,gamchichi2,https://cafe.naver.com/gamchichi20240323,mysmallvtuber.net,2026-09-01T03:00:43Z
CLLNkYR948z8Z8RnFCTm,감치치,,chzzk,900d761fd519764075fd7ee8195a80b1,https://chzzk.naver.com/900d761fd519764075fd7ee8195a80b1,감치치,3083,2024-03-23,,2026-09-01 02:15:03,새벽 토크에오~~~~⭐,gamchichi2,https://cafe.naver.com/gamchichi20240323,mysmallvtuber.net,2026-09-01T03:00:43Z
6PT44unYH4QWYmBEfX2R,도비애오,,youtube,UCRPk2p69g6EX7EtIY49gpTw,https://www.youtube.com/channel/UCRPk2p69g6EX7EtIY49gpTw,도비애오,215,2025-01-28,,2026-09-01 02:40:03,"우정합방 과연.. 마지막 합방이 될것인가 (w. 냥히히, 아즈봄, 사랑캔디) (˶• ▿ •˶)",dobbyaeo8282,https://cafe.naver.com/dobby8282,mysmallvtuber.net,2026-09-01T03:00:43Z
6PT44unYH4QWYmBEfX2R,도비애오,,chzzk,1c4cbafbd49aa741d272bea73b67aa2c,https://chzzk.naver.com/1c4cbafbd49aa741d272bea73b67aa2c,도비애오,1276,2025-01-28,,2026-09-01 02:40:03,"우정합방 과연.. 마지막 합방이 될것인가 (w. 냥히히, 아즈봄, 사랑캔디) (˶• ▿ •˶)",dobbyaeo8282,https://cafe.naver.com/dobby8282,mysmallvtuber.net,2026-09-01T03:00:43Z
SMrSHBp8e3rTgGdTVp7X,도라대장,,youtube,UC8OwHlqauexxgY9X0iwh4zA,https://www.youtube.com/channel/UC8OwHlqauexxgY9X0iwh4zA,도라대장,12800,2020-03-10,,2026-09-01 01:37:03,"20시) 그러니까 이게 무슨 조합인데 ㄱ-?  (w. 권민권, 디아나, 하우카우) 🐈",captain_dora,https://cafe.naver.com/captaindora,mysmallvtuber.net,2026-09-01T03:00:43Z
SMrSHBp8e3rTgGdTVp7X,도라대장,,youtube,UCWpVWZ-KgPf0LAby1uCmidw,https://www.youtube.com/channel/UCWpVWZ-KgPf0LAby1uCmidw,R.도라다시,1480,2020-03-10,,2026-09-01 01:37:03,"20시) 그러니까 이게 무슨 조합인데 ㄱ-?  (w. 권민권, 디아나, 하우카우) 🐈",captain_dora,https://cafe.naver.com/captaindora,mysmallvtuber.net,2026-09-01T03:00:43Z
SMrSHBp8e3rTgGdTVp7X,도라대장,,chzzk,934945011c0ed0da3ed719a349d3ba66,https://chzzk.naver.com/934945011c0ed0da3ed719a349d3ba66,도라대장,10155,2020-03-10,,2026-09-01 01:37:03,"20시) 그러니까 이게 무슨 조합인데 ㄱ-?  (w. 권민권, 디아나, 하우카우) 🐈",captain_dora,https://cafe.naver.com/captaindora,mysmallvtuber.net,2026-09-01T03:00:43Z
CHMGxQgpQnqPY7cPpfxQ,솜 달,,youtube,UCStm4MowJ7g5tjkC9Bxb31w,https://www.youtube.com/channel/UCStm4MowJ7g5tjkC9Bxb31w,솜 달,90,2026-02-28,,2026-09-01 02:22:03,[신입] 후우우우우열,Som_Dal_0,,mysmallvtuber.net,2026-09-01T03:00:43Z
CHMGxQgpQnqPY7cPpfxQ,솜 달,,chzzk,e00bd4ec1efb5a7c8d540a891974eb17,https://chzzk.naver.com/e00bd4ec1efb5a7c8d540a891974eb17,솜 달,541,2026-02-28,,2026-09-01 02:22:03,[신입] 후우우우우열,Som_Dal_0,,mysmallvtuber.net,2026-09-01T03:00:43Z
5edDzTqX6uj9dKESkuxW,햄쿠비,,youtube,UC7HNJSsVk_rTYtzH9-TXUYA,https://www.youtube.com/channel/UC7HNJSsVk_rTYtzH9-TXUYA,햄쿠비ㆍlistella,8060,2024-09-15,,2026-09-01 01:31:03,우와 ~ ~ 봉누도 감사합니다 ^ ^ > < 끼얏 말도안댕,hamkubby,https://cafe.naver.com/listellaofficial,mysmallvtuber.net,2026-09-01T03:00:43Z
5edDzTqX6uj9dKESkuxW,햄쿠비,,youtube,UCIRNEp28FlHPkNLbM1VxkQw,https://www.youtube.com/channel/UCIRNEp28FlHPkNLbM1VxkQw,햄쿠비 다시보기,2860,2024-09-15,,2026-09-01 01:31:03,우와 ~ ~ 봉누도 감사합니다 ^ ^ > < 끼얏 말도안댕,hamkubby,https://cafe.naver.com/listellaofficial,mysmallvtuber.net,2026-09-01T03:00:43Z
5edDzTqX6uj9dKESkuxW,햄쿠비,,chzzk,9351fb8417f73405c84e0846409e3263,https://chzzk.naver.com/9351fb8417f73405c84e0846409e3263,햄쿠비,22815,2024-09-15,,2026-09-01 01:31:03,우와 ~ ~ 봉누도 감사합니다 ^ ^ > < 끼얏 말도안댕,hamkubby,https://cafe.naver.com/listellaofficial,mysmallvtuber.net,2026-09-01T03:00:43Z
5Cz3YkjcjDMRFwWL4L4m,밑줄,,youtube,UCjBPx2oip2bKnnfqKyas0ew,https://www.youtube.com/channel/UCjBPx2oip2bKnnfqKyas0ew,밑줄,22500,2023-02-23,,2026-08-31 23:30:03,엉엉엉 흑흑흑 앙앙앙 ㅠㅠㅠ,v_mitjul,https://cafe.naver.com/mitjjul,mysmallvtuber.net,2026-09-01T03:00:43Z
5Cz3YkjcjDMRFwWL4L4m,밑줄,,youtube,UCuHoTKqYB4CRNFg-xcG4UWQ,https://www.youtube.com/channel/UCuHoTKqYB4CRNFg-xcG4UWQ,긴밑줄,1780,2023-02-23,,2026-08-31 23:30:03,엉엉엉 흑흑흑 앙앙앙 ㅠㅠㅠ,v_mitjul,https://cafe.naver.com/mitjjul,mysmallvtuber.net,2026-09-01T03:00:43Z
5Cz3YkjcjDMRFwWL4L4m,밑줄,,chzzk,16fc49ff5ba7ec5d25a5a978cee3bdda,https://chzzk.naver.com/16fc49ff5ba7ec5d25a5a978cee3bdda,밑줄,12345,2023-02-23,,2026-08-31 23:30:03,엉엉엉 흑흑흑 앙앙앙 ㅠㅠㅠ,v_mitjul,https://cafe.naver.com/mitjjul,mysmallvtuber.net,2026-09-01T03:00:43Z
vQgwLrj3TDzSsprSdk6A,토로리 코코,,youtube,UCgq07mhOmrjVeZeJYXiAClw,https://www.youtube.com/channel/UCgq07mhOmrjVeZeJYXiAClw,토로리 코코,25600,2024-05-25,,2026-08-31 22:55:03,아.. 나 양지방송이라 노잼인거네~🩵,tororikoko,https://x.com/i/communities/1815041732628873549,mysmallvtuber.net,2026-09-01T03:00:43Z
vQgwLrj3TDzSsprSdk6A,토로리 코코,,youtube,UCVZk1SDgYuKuv1aOGY7eMrQ,https://www.youtube.com/channel/UCVZk1SDgYuKuv1aOGY7eMrQ,Re : 토로리 코코 다시보기,1380,2024-05-25,,2026-08-31 22:55:03,아.. 나 양지방송이라 노잼인거네~🩵,tororikoko,https://x.com/i/communities/1815041732628873549,mysmallvtuber.net,2026-09-01T03:00:43Z
vQgwLrj3TDzSsprSdk6A,토로리 코코,,chzzk,bda7676a8ca63a4acc64167610b5bf53,https://chzzk.naver.com/bda7676a8ca63a4acc64167610b5bf53,토로리 코코,3638,2024-05-25,,2026-08-31 22:55:03,아.. 나 양지방송이라 노잼인거네~🩵,tororikoko,https://x.com/i/communities/1815041732628873549,mysmallvtuber.net,2026-09-01T03:00:43Z
PqUrbyRT8GCAU8fPCDGe,아이덴큐,,youtube,UChR3iUwrHbrI7XcobHGY0tA,https://www.youtube.com/channel/UChR3iUwrHbrI7XcobHGY0tA,아이덴큐 アイデンキュー,10100,2022-02-13,,2026-09-01 00:23:03,[한보름] 섭종콘 오프라인서버   330/12연 67%,_IdenQ_,,mysmallvtuber.net,2026-09-01T03:00:43Z
PqUrbyRT8GCAU8fPCDGe,아이덴큐,,soop,idenq9,https://ch.sooplive.co.kr/idenq9,아이덴큐,2428,2022-02-13,,2026-09-01 00:23:03,[한보름] 섭종콘 오프라인서버   330/12연 67%,_IdenQ_,,mysmallvtuber.net,2026-09-01T03:00:43Z
vyx3FQ7X3vgFN5XXhpGM,스즈네 Suzune,Suzune,youtube,UCRcFS2Jvl0oJ-jhsY7vFIVQ,https://www.youtube.com/channel/UCRcFS2Jvl0oJ-jhsY7vFIVQ,Suzune Ch. 스즈네,2640,2023-02-04,,2026-08-31 20:03:02,[V]1:1 야스 배우기(w.미니알파),VirtualSuzune,https://discord.com/invite/TzMcFsNnAq,mysmallvtuber.net,2026-09-01T03:00:43Z
vyx3FQ7X3vgFN5XXhpGM,스즈네 Suzune,Suzune,youtube,UCcvRE-uYSwAnZGg0H3nfuMw,https://www.youtube.com/channel/UCcvRE-uYSwAnZGg0H3nfuMw,Suzune Archive,617,2023-02-04,,2026-08-31 20:03:02,[V]1:1 야스 배우기(w.미니알파),VirtualSuzune,https://discord.com/invite/TzMcFsNnAq,mysmallvtuber.net,2026-09-01T03:00:43Z
vyx3FQ7X3vgFN5XXhpGM,스즈네 Suzune,Suzune,chzzk,bbbcc4a89ad406826a1d0e4a74ad19cd,https://chzzk.naver.com/bbbcc4a89ad406826a1d0e4a74ad19cd,스즈네 Suzune,2134,2023-02-04,,2026-08-31 20:03:02,[V]1:1 야스 배우기(w.미니알파),VirtualSuzune,https://discord.com/invite/TzMcFsNnAq,mysmallvtuber.net,2026-09-01T03:00:43Z
TND8mqgjxA7aEDZ9CVKD,오데트Odette,Odette,youtube,UCDD5BVvuZI2uiKUOAmO2ycw,https://www.youtube.com/channel/UCDD5BVvuZI2uiKUOAmO2ycw,오데트표 특제 고봉밥집,204,2024-08-04,,2026-08-31 21:59:02,로블록스 ASMR타워 탐험기 ➰✨ ˚₊· ͟͟͞͞➳❥,With_Odette,https://cafe.naver.com/withodette,mysmallvtuber.net,2026-09-01T03:00:43Z
TND8mqgjxA7aEDZ9CVKD,오데트Odette,Odette,chzzk,0f406b5bff5e6f5221f95c10de420232,https://chzzk.naver.com/0f406b5bff5e6f5221f95c10de420232,오데트Odette,1295,2024-08-04,,2026-08-31 21:59:02,로블록스 ASMR타워 탐험기 ➰✨ ˚₊· ͟͟͞͞➳❥,With_Odette,https://cafe.naver.com/withodette,mysmallvtuber.net,2026-09-01T03:00:43Z
5JmbmmL4kTkKa8zfEYNL,폰루루 ㅣ PON RuRu,PON RuRu,youtube,UCvYutS5E0aZGBJsFq4QjwiQ,https://www.youtube.com/channel/UCvYutS5E0aZGBJsFq4QjwiQ,PON RuRu.Ch🦝2️⃣,944,2024-04-26,,2026-08-31 22:05:02,🦝🦝 쌍둥이의 마춤뻡 테스트 ✨✨,ponjuaS2,,mysmallvtuber.net,2026-09-01T03:00:43Z
5JmbmmL4kTkKa8zfEYNL,폰루루 ㅣ PON RuRu,PON RuRu,youtube,UCLTKwJvT1Sw25BcgUlhtAzg,https://www.youtube.com/channel/UCLTKwJvT1Sw25BcgUlhtAzg,폰루루🦝2️⃣,3350,2024-04-26,,2026-08-31 22:05:02,🦝🦝 쌍둥이의 마춤뻡 테스트 ✨✨,ponjuaS2,,mysmallvtuber.net,2026-09-01T03:00:43Z
5JmbmmL4kTkKa8zfEYNL,폰루루 ㅣ PON RuRu,PON RuRu,chzzk,051a3090c9566bdfd6af01cb1f463c16,https://chzzk.naver.com/051a3090c9566bdfd6af01cb1f463c16,폰루루 ㅣ PON RuRu,3469,2024-04-26,,2026-08-31 22:05:02,🦝🦝 쌍둥이의 마춤뻡 테스트 ✨✨,ponjuaS2,,mysmallvtuber.net,2026-09-01T03:00:43Z
hUsc5Larr3tLmDMw4FNr,헤스,,youtube,UCVf2QTqI0GYz5GMzxL_oJkQ,https://www.youtube.com/channel/UCVf2QTqI0GYz5GMzxL_oJkQ,헤스 Hess,13400,2023-01-14,,2026-09-01 00:13:03,히히재밌다,vrecord_Hess,https://cafe.naver.com/vrecord,mysmallvtuber.net,2026-09-01T03:00:43Z
hUsc5Larr3tLmDMw4FNr,헤스,,youtube,UCHUaXD0TJd9pbeo4OJ3sbJQ,https://www.youtube.com/channel/UCHUaXD0TJd9pbeo4OJ3sbJQ,헤스 다시보기,344,2023-01-14,,2026-09-01 00:13:03,히히재밌다,vrecord_Hess,https://cafe.naver.com/vrecord,mysmallvtuber.net,2026-09-01T03:00:43Z
hUsc5Larr3tLmDMw4FNr,헤스,,soop,utahessx33,https://ch.sooplive.co.kr/utahessx33,헤스,8593,2023-01-14,,2026-09-01 00:13:03,히히재밌다,vrecord_Hess,https://cafe.naver.com/vrecord,mysmallvtuber.net,2026-09-01T03:00:43Z
3WbjhkTJ6S6DqMtfEAn3,규하랑,,youtube,UCXxxGNXhu9xspz0L1g1ri5g,https://www.youtube.com/channel/UCXxxGNXhu9xspz0L1g1ri5g,규하랑 Gyuharang,577,2024-06-20,,2026-09-01 03:21:03,[루미엘] 아이온2 궁성 타수 910타입니다 근데 무스펠은 못깨요..,gyuharang,https://discord.com/channels/1248558045827694694/1248949285324587080,mysmallvtuber.net,2026-09-01T03:00:43Z
3WbjhkTJ6S6DqMtfEAn3,규하랑,,chzzk,8a7511f45bbf7e1dde46200af595e98d,https://chzzk.naver.com/8a7511f45bbf7e1dde46200af595e98d,규하랑,764,2024-06-20,,2026-09-01 03:21:03,[루미엘] 아이온2 궁성 타수 910타입니다 근데 무스펠은 못깨요..,gyuharang,https://discord.com/channels/1248558045827694694/1248949285324587080,mysmallvtuber.net,2026-09-01T03:00:43Z
JHEeLGfKG3AhVtSggJhK,하르.,,youtube,UCtG4mqnjGeg4R0yxJZf5xMg,https://www.youtube.com/channel/UCtG4mqnjGeg4R0yxJZf5xMg,하르 HAREU,4990,2022-07-01,,2026-09-01 01:57:03,하를르  [오프라인],mashimerohareu,,mysmallvtuber.net,2026-09-01T03:00:43Z
JHEeLGfKG3AhVtSggJhK,하르.,,soop,hareu99,https://ch.sooplive.co.kr/hareu99,하르.,1958,2022-07-01,,2026-09-01 01:57:03,하를르  [오프라인],mashimerohareu,,mysmallvtuber.net,2026-09-01T03:00:43Z
Gwhr7mQdYHrK6sdhFy6j,유키네 하츠라,,youtube,UCdhQjjc6s3WxvgWge1NETng,https://www.youtube.com/channel/UCdhQjjc6s3WxvgWge1NETng,유키네 하츠라 Yukine Hatsura,877,2026-02-20,,2026-09-01 05:26:03,유하💗야심한 새벽 방송입니다,YukineHatsura_,https://cafe.naver.com/yukinehatsura,mysmallvtuber.net,2026-09-01T03:00:43Z
Gwhr7mQdYHrK6sdhFy6j,유키네 하츠라,,chzzk,e077066171ef440e4193c29f2fd9ac14,https://chzzk.naver.com/e077066171ef440e4193c29f2fd9ac14,유키네 하츠라,358,2026-02-20,,2026-09-01 05:26:03,유하💗야심한 새벽 방송입니다,YukineHatsura_,https://cafe.naver.com/yukinehatsura,mysmallvtuber.net,2026-09-01T03:00:43Z
Q27tm45jjdZR9gyxtNaB,유미호 MiHo,MiHo,youtube,UC29N2eOD2niwzSOkohogQ3w,https://www.youtube.com/channel/UC29N2eOD2niwzSOkohogQ3w,유미호,5080,2025-08-09,,2026-09-01 00:13:03,안녕하세요 봉누도 합격 너무너무 감사합니다 정말루 열심히할ㄹ게요 감가샇ㅂㄴ다ㅠㅠㅠ,U_Miho_0809,https://cafe.naver.com/umiho,mysmallvtuber.net,2026-09-01T03:00:43Z
Q27tm45jjdZR9gyxtNaB,유미호 MiHo,MiHo,chzzk,44dae7a2b81746e217082f6ef7f81779,https://chzzk.naver.com/44dae7a2b81746e217082f6ef7f81779,유미호 MiHo,3434,2025-08-09,,2026-09-01 00:13:03,안녕하세요 봉누도 합격 너무너무 감사합니다 정말루 열심히할ㄹ게요 감가샇ㅂㄴ다ㅠㅠㅠ,U_Miho_0809,https://cafe.naver.com/umiho,mysmallvtuber.net,2026-09-01T03:00:43Z
AEYchy7w7qYaLWyCjQpG,히라뀽,,youtube,UC9xb9YRb6oWJfCmQ9IhhtvA,https://www.youtube.com/channel/UC9xb9YRb6oWJfCmQ9IhhtvA,히라뀽,1420,2024-05-01,,2026-09-01 02:04:03,음치의 발악  [하락궁아님 히라뀽임!!!],hira_Rabbit,https://cafe.naver.com/hiracafe,mysmallvtuber.net,2026-09-01T03:00:43Z
AEYchy7w7qYaLWyCjQpG,히라뀽,,youtube,UC0tmJFVGi9t-_g-W0cT_Kzw,https://www.youtube.com/channel/UC0tmJFVGi9t-_g-W0cT_Kzw,Ch.히라뀽,91,2024-05-01,,2026-09-01 02:04:03,음치의 발악  [하락궁아님 히라뀽임!!!],hira_Rabbit,https://cafe.naver.com/hiracafe,mysmallvtuber.net,2026-09-01T03:00:43Z
AEYchy7w7qYaLWyCjQpG,히라뀽,,chzzk,79fbb3f5195aad2d11f76c6b5535dc02,https://chzzk.naver.com/79fbb3f5195aad2d11f76c6b5535dc02,히라뀽,3311,2024-05-01,,2026-09-01 02:04:03,음치의 발악  [하락궁아님 히라뀽임!!!],hira_Rabbit,https://cafe.naver.com/hiracafe,mysmallvtuber.net,2026-09-01T03:00:43Z
pM3tTtryuxp2Pwsh6x3v,니프_,,youtube,UCxU0idhVYSxthwFd3QJ7lwg,https://www.youtube.com/channel/UCxU0idhVYSxthwFd3QJ7lwg,니프 Official,889,2022-07-01,,2026-09-01 04:36:02,오늘 １일이네¿ 💖 [오프라인],purynif,https://cafe.naver.com/padoproject,mysmallvtuber.net,2026-09-01T03:00:43Z
pM3tTtryuxp2Pwsh6x3v,니프_,,youtube,UChgGllvYYVQURDV1yKERfHw,https://www.youtube.com/channel/UChgGllvYYVQURDV1yKERfHw,퓨어리 니프 PURY NIF,389,2022-07-01,,2026-09-01 04:36:02,오늘 １일이네¿ 💖 [오프라인],purynif,https://cafe.naver.com/padoproject,mysmallvtuber.net,2026-09-01T03:00:43Z
pM3tTtryuxp2Pwsh6x3v,니프_,,soop,slvmdpdy,https://ch.sooplive.co.kr/slvmdpdy,니프_,3630,2022-07-01,,2026-09-01 04:36:02,오늘 １일이네¿ 💖 [오프라인],purynif,https://cafe.naver.com/padoproject,mysmallvtuber.net,2026-09-01T03:00:43Z
PaHxZMrMrhFUSB8QeE5k,아춘향,,youtube,UCmRsQA5DA7yqhBQOIVthcjQ,https://www.youtube.com/channel/UCmRsQA5DA7yqhBQOIVthcjQ,아춘향 - 조선엘프,834,2024-05-10,,2026-09-01 01:47:02,스파이더맨 브뉴데? 대세는 <디스패치>,ah_hayang,https://cafe.naver.com/vmz,mysmallvtuber.net,2026-09-01T03:00:43Z
PaHxZMrMrhFUSB8QeE5k,아춘향,,youtube,UC4mlbAx7GTan5sJ1c5-o7Jg,https://www.youtube.com/channel/UC4mlbAx7GTan5sJ1c5-o7Jg,아춘향 다시보기,135,2024-05-10,,2026-09-01 01:47:02,스파이더맨 브뉴데? 대세는 <디스패치>,ah_hayang,https://cafe.naver.com/vmz,mysmallvtuber.net,2026-09-01T03:00:43Z
PaHxZMrMrhFUSB8QeE5k,아춘향,,chzzk,2f6c390e61a3bd09cafde6e75ac784e1,https://chzzk.naver.com/2f6c390e61a3bd09cafde6e75ac784e1,아춘향,1315,2024-05-10,,2026-09-01 01:47:02,스파이더맨 브뉴데? 대세는 <디스패치>,ah_hayang,https://cafe.naver.com/vmz,mysmallvtuber.net,2026-09-01T03:00:43Z
gsQyUb3nsuhdzLMsSKYx,밍시,,youtube,UCfafkEX1PEGPoZxhgo_vamA,https://www.youtube.com/channel/UCfafkEX1PEGPoZxhgo_vamA,밍시 되새김질,41,2023-07-31,,2026-08-31 23:31:03,밍시야 밍시야,_mingsi_,https://discord.gg/d2rRwnBA6H,mysmallvtuber.net,2026-09-01T03:00:43Z
gsQyUb3nsuhdzLMsSKYx,밍시,,chzzk,cbbed4b9f547f2811a4cb79e10f4552f,https://chzzk.naver.com/cbbed4b9f547f2811a4cb79e10f4552f,밍시,1079,2023-07-31,,2026-08-31 23:31:03,밍시야 밍시야,_mingsi_,https://discord.gg/d2rRwnBA6H,mysmallvtuber.net,2026-09-01T03:00:43Z
kp8L9zNWTasuwBXh9Cy4,해옥 HAEOK,HAEOK,youtube,UCYHs_t8zn5-jFZ8TwOB7o0w,https://www.youtube.com/channel/UCYHs_t8zn5-jFZ8TwOB7o0w,해옥 HaeOk,1680,,,2026-09-01 01:53:02,🔥거상바드 / 숙제 총총,Hae_Ok_,https://cafe.naver.com/haeok,mysmallvtuber.net,2026-09-01T03:00:43Z
kp8L9zNWTasuwBXh9Cy4,해옥 HAEOK,HAEOK,chzzk,e9591b517df39ffae2b9912cffa10e62,https://chzzk.naver.com/e9591b517df39ffae2b9912cffa10e62,해옥 HAEOK,4408,,,2026-09-01 01:53:02,🔥거상바드 / 숙제 총총,Hae_Ok_,https://cafe.naver.com/haeok,mysmallvtuber.net,2026-09-01T03:00:43Z
NBn8Lwc5ax5hnwhMRyFm,괴몽,,youtube,UCNTWAAeSQPx7bqwg06rE2Ug,https://www.youtube.com/channel/UCNTWAAeSQPx7bqwg06rE2Ug,괴몽,793,2020-04-01,,2026-08-31 23:23:03,"매드제과 등산회(w.진홍아씨,백수호,오우거)",goemong1,https://cafe.naver.com/goemong,mysmallvtuber.net,2026-09-01T03:00:43Z
NBn8Lwc5ax5hnwhMRyFm,괴몽,,youtube,UCfH9Z0-k3JbIOa2lPTzsZ3w,https://www.youtube.com/channel/UCfH9Z0-k3JbIOa2lPTzsZ3w,괴몽 다시보기,39,2020-04-01,,2026-08-31 23:23:03,"매드제과 등산회(w.진홍아씨,백수호,오우거)",goemong1,https://cafe.naver.com/goemong,mysmallvtuber.net,2026-09-01T03:00:43Z
NBn8Lwc5ax5hnwhMRyFm,괴몽,,chzzk,a9e6a5b4293d05b66993284e6d096177,https://chzzk.naver.com/a9e6a5b4293d05b66993284e6d096177,괴몽,983,2020-04-01,,2026-08-31 23:23:03,"매드제과 등산회(w.진홍아씨,백수호,오우거)",goemong1,https://cafe.naver.com/goemong,mysmallvtuber.net,2026-09-01T03:00:43Z
L4a6tZJpkTSJ9Gk9v2qU,최또,,youtube,UCg0MsIFxx5Ee392d9wSPZGA,https://www.youtube.com/channel/UCg0MsIFxx5Ee392d9wSPZGA,최또,8130,,,2026-09-01 06:34:02,야르한 아침이다,,https://cafe.naver.com/choiagain,mysmallvtuber.net,2026-09-01T03:00:43Z
L4a6tZJpkTSJ9Gk9v2qU,최또,,youtube,UCBNjVwDqNQxk6KeD_g1kssA,https://www.youtube.com/channel/UCBNjVwDqNQxk6KeD_g1kssA,또 다시보기,289,,,2026-09-01 06:34:02,야르한 아침이다,,https://cafe.naver.com/choiagain,mysmallvtuber.net,2026-09-01T03:00:43Z
L4a6tZJpkTSJ9Gk9v2qU,최또,,soop,choiagain,https://ch.sooplive.co.kr/choiagain,최또,15854,,,2026-09-01 06:34:02,야르한 아침이다,,https://cafe.naver.com/choiagain,mysmallvtuber.net,2026-09-01T03:00:43Z
cpUwv7w4d289D476L3Df,달리♪,,youtube,UCHnglmAl-H2msooJRGlXCig,https://www.youtube.com/channel/UCHnglmAl-H2msooJRGlXCig,달리 DARLI [VRECORD],670,2024-11-23,,2026-08-31 19:53:03,오프라인 바캉스 서버 섭종 콘 하러 와써 ❤️룰렛 50/100/500,vrecord_darli,https://cafe.naver.com/vrecord/,mysmallvtuber.net,2026-09-01T03:00:43Z
cpUwv7w4d289D476L3Df,달리♪,,soop,darlida,https://ch.sooplive.co.kr/darlida,달리♪,3183,2024-11-23,,2026-08-31 19:53:03,오프라인 바캉스 서버 섭종 콘 하러 와써 ❤️룰렛 50/100/500,vrecord_darli,https://cafe.naver.com/vrecord/,mysmallvtuber.net,2026-09-01T03:00:43Z
HMt2vhefQWvv2qVkKqCv,슈퍼덴코,,youtube,UCjVjPkV1wG7ZZLsZeBxSHGA,https://www.youtube.com/channel/UCjVjPkV1wG7ZZLsZeBxSHGA,슈퍼덴코 SuperDenkou,39,2022-09-03,,2026-08-31 21:33:03,슈퍼덴코 부활! 슈퍼덴코 부활! (출근한달차),,,mysmallvtuber.net,2026-09-01T03:00:43Z
HMt2vhefQWvv2qVkKqCv,슈퍼덴코,,youtube,UCfob_D9W3ZniyepDCH3gu6g,https://www.youtube.com/channel/UCfob_D9W3ZniyepDCH3gu6g,슈퍼🏍️덴코 다시보기,82,2022-09-03,,2026-08-31 21:33:03,슈퍼덴코 부활! 슈퍼덴코 부활! (출근한달차),,,mysmallvtuber.net,2026-09-01T03:00:43Z
HMt2vhefQWvv2qVkKqCv,슈퍼덴코,,chzzk,d013187fba7652c7d380076f604d3bd6,https://chzzk.naver.com/d013187fba7652c7d380076f604d3bd6,슈퍼덴코,318,2022-09-03,,2026-08-31 21:33:03,슈퍼덴코 부활! 슈퍼덴코 부활! (출근한달차),,,mysmallvtuber.net,2026-09-01T03:00:43Z
HBDdXfhfJXmReHZu9eQx,죠아써,,youtube,UCIZpijxCEmyB16aTRMCGWgA,https://www.youtube.com/channel/UCIZpijxCEmyB16aTRMCGWgA,죠아써,3190,2023-05-25,,2026-09-01 01:41:03,오느른 닌텐도 포켓몬 하는 날 (포린이 답답해하지 않기)💙,jjoasseo13,https://cafe.naver.com/virtuakr,mysmallvtuber.net,2026-09-01T03:00:43Z
HBDdXfhfJXmReHZu9eQx,죠아써,,youtube,UCfjaz65H44kj4NM_HapqhiQ,https://www.youtube.com/channel/UCfjaz65H44kj4NM_HapqhiQ,아써야 남아,153,2023-05-25,,2026-09-01 01:41:03,오느른 닌텐도 포켓몬 하는 날 (포린이 답답해하지 않기)💙,jjoasseo13,https://cafe.naver.com/virtuakr,mysmallvtuber.net,2026-09-01T03:00:43Z
HBDdXfhfJXmReHZu9eQx,죠아써,,soop,jjoasseo13,https://ch.sooplive.co.kr/jjoasseo13,죠아써,3687,2023-05-25,,2026-09-01 01:41:03,오느른 닌텐도 포켓몬 하는 날 (포린이 답답해하지 않기)💙,jjoasseo13,https://cafe.naver.com/virtuakr,mysmallvtuber.net,2026-09-01T03:00:43Z
XcEGsAcFWRBhF8yPxfEM,이해찌,,youtube,UCkyOodOsN-joMYDOBRvk2lg,https://www.youtube.com/channel/UCkyOodOsN-joMYDOBRvk2lg,이해찌 🎮,3440,,,2026-08-31 23:27:03,후열 수다 ʕ ̳• ﻌ - ̳♥ʔ🌻,haezzi_S2,https://cafe.naver.com/estellaofficial,mysmallvtuber.net,2026-09-01T03:00:43Z
XcEGsAcFWRBhF8yPxfEM,이해찌,,youtube,UCn35sdWRzYox746jkv1SpTQ,https://www.youtube.com/channel/UCn35sdWRzYox746jkv1SpTQ,해찌실록🎥,1830,,,2026-08-31 23:27:03,후열 수다 ʕ ̳• ﻌ - ̳♥ʔ🌻,haezzi_S2,https://cafe.naver.com/estellaofficial,mysmallvtuber.net,2026-09-01T03:00:43Z
XcEGsAcFWRBhF8yPxfEM,이해찌,,chzzk,42d9e35fdeee6c2163494eb12961e9da,https://chzzk.naver.com/42d9e35fdeee6c2163494eb12961e9da,이해찌,2379,,,2026-08-31 23:27:03,후열 수다 ʕ ̳• ﻌ - ̳♥ʔ🌻,haezzi_S2,https://cafe.naver.com/estellaofficial,mysmallvtuber.net,2026-09-01T03:00:43Z
7xFT6xjUzcYX3aV2KSDZ,김멩뚜,,youtube,UCYc3Zzx008dBZEIhNnxIOyg,https://www.youtube.com/channel/UCYc3Zzx008dBZEIhNnxIOyg,김멩뚜,2580,,,2026-08-31 23:31:03,🍑복숭단이랑 진심 소통 + 이 박박 갈리는 서번트 오브 더 레이크,mengddu3u,https://cafe.naver.com/mengddu,mysmallvtuber.net,2026-09-01T03:00:43Z
7xFT6xjUzcYX3aV2KSDZ,김멩뚜,,youtube,UC_A2rN6zTo3JV5B8RtJ5-mw,https://www.youtube.com/channel/UC_A2rN6zTo3JV5B8RtJ5-mw,꺼진 멩뚜도 다시보자,96,,,2026-08-31 23:31:03,🍑복숭단이랑 진심 소통 + 이 박박 갈리는 서번트 오브 더 레이크,mengddu3u,https://cafe.naver.com/mengddu,mysmallvtuber.net,2026-09-01T03:00:43Z
7xFT6xjUzcYX3aV2KSDZ,김멩뚜,,chzzk,749a0e6bbc227a7a69206650415c2299,https://chzzk.naver.com/749a0e6bbc227a7a69206650415c2299,김멩뚜,1905,,,2026-08-31 23:31:03,🍑복숭단이랑 진심 소통 + 이 박박 갈리는 서번트 오브 더 레이크,mengddu3u,https://cafe.naver.com/mengddu,mysmallvtuber.net,2026-09-01T03:00:43Z
UeyuhFKWTGhyNNgqJeHG,마로니!,,youtube,UCOEU4FU1MqmF7cqd_qxtpuA,https://www.youtube.com/channel/UCOEU4FU1MqmF7cqd_qxtpuA,마로니,38100,2025-10-03,,2026-09-01 02:34:03,후열,marronie318,https://cafe.naver.com/marroniepark,mysmallvtuber.net,2026-09-01T03:00:43Z
UeyuhFKWTGhyNNgqJeHG,마로니!,,soop,marronie,https://ch.sooplive.co.kr/marronie,마로니!,22877,2025-10-03,,2026-09-01 02:34:03,후열,marronie318,https://cafe.naver.com/marroniepark,mysmallvtuber.net,2026-09-01T03:00:43Z
nmbrz2NUBhGnTXCvndPz,니르 Niru,Niru,youtube,UCNBofPSLWBI-LNMMoy_ua2Q,https://www.youtube.com/channel/UCNBofPSLWBI-LNMMoy_ua2Q,니르,11300,2025-05-10,,2026-09-01 03:31:03,왜 항상 빨래를 하면 비가 오는 걸까,status_niru,https://cafe.naver.com/statopen,mysmallvtuber.net,2026-09-01T03:00:43Z
nmbrz2NUBhGnTXCvndPz,니르 Niru,Niru,youtube,UCqDNVtDFIUJzeZSBO88QVsg,https://www.youtube.com/channel/UCqDNVtDFIUJzeZSBO88QVsg,니르 다시보기,870,2025-05-10,,2026-09-01 03:31:03,왜 항상 빨래를 하면 비가 오는 걸까,status_niru,https://cafe.naver.com/statopen,mysmallvtuber.net,2026-09-01T03:00:43Z
nmbrz2NUBhGnTXCvndPz,니르 Niru,Niru,chzzk,e0b11eab54ad5ecf2306fdd2d7e4f5c2,https://chzzk.naver.com/e0b11eab54ad5ecf2306fdd2d7e4f5c2,니르 Niru,7236,2025-05-10,,2026-09-01 03:31:03,왜 항상 빨래를 하면 비가 오는 걸까,status_niru,https://cafe.naver.com/statopen,mysmallvtuber.net,2026-09-01T03:00:43Z
AAGQhFvuSmaX9GPs2tpf,연 홍차,,youtube,UCapUqAVV7EX73X_WA_M9RfQ,https://www.youtube.com/channel/UCapUqAVV7EX73X_WA_M9RfQ,연홍차 - Runellium -,13600,2026-02-04,,2026-08-31 23:43:03,스태프쨩이랑 농사하러 왔습니다,yeonhongcha,https://discord.com/invite/eSxDGu7xBa,mysmallvtuber.net,2026-09-01T03:00:43Z
AAGQhFvuSmaX9GPs2tpf,연 홍차,,youtube,UCe7Af13ohRnUm0N7ocLWNcA,https://www.youtube.com/channel/UCe7Af13ohRnUm0N7ocLWNcA,연홍차 다시보기,3210,2026-02-04,,2026-08-31 23:43:03,스태프쨩이랑 농사하러 왔습니다,yeonhongcha,https://discord.com/invite/eSxDGu7xBa,mysmallvtuber.net,2026-09-01T03:00:43Z
AAGQhFvuSmaX9GPs2tpf,연 홍차,,chzzk,1bba9dea7f936bdcfe06962bcf0d686a,https://chzzk.naver.com/1bba9dea7f936bdcfe06962bcf0d686a,연 홍차,7528,2026-02-04,,2026-08-31 23:43:03,스태프쨩이랑 농사하러 왔습니다,yeonhongcha,https://discord.com/invite/eSxDGu7xBa,mysmallvtuber.net,2026-09-01T03:00:43Z
SMrhLuB6EMP2NCrUCybW,수이 Sui,Sui,chzzk,480b68ce14032a572f8bb6b0f0cb2f66,https://chzzk.naver.com/480b68ce14032a572f8bb6b0f0cb2f66,수이 Sui,500,2026-02-18,,2026-08-31 21:57:03,이터널 리턴 할게요 이리 시러단 수파도 와줘,,https://cafe.naver.com/suisansijang,mysmallvtuber.net,2026-09-01T03:00:43Z
yYBE7LfSBqNspWgHZZwY,세잠,,youtube,UCJmOvRpsDL5-nhhiMGYVK8w,https://www.youtube.com/channel/UCJmOvRpsDL5-nhhiMGYVK8w,세잠,6120,2025-03-05,,2026-08-31 20:39:03,죄 많은 청년.. 드디어 불꽃의 죄 하편 봅니다,,https://cafe.naver.com/3hoursleep,mysmallvtuber.net,2026-09-01T03:00:43Z
yYBE7LfSBqNspWgHZZwY,세잠,,youtube,UCTuWZvp_6TSrej3JFxioqdQ,https://www.youtube.com/channel/UCTuWZvp_6TSrej3JFxioqdQ,세잠 아카이브,816,2025-03-05,,2026-08-31 20:39:03,죄 많은 청년.. 드디어 불꽃의 죄 하편 봅니다,,https://cafe.naver.com/3hoursleep,mysmallvtuber.net,2026-09-01T03:00:43Z
yYBE7LfSBqNspWgHZZwY,세잠,,chzzk,09918cdeb675f93b76ab35ca5e1633af,https://chzzk.naver.com/09918cdeb675f93b76ab35ca5e1633af,세잠,3619,2025-03-05,,2026-08-31 20:39:03,죄 많은 청년.. 드디어 불꽃의 죄 하편 봅니다,,https://cafe.naver.com/3hoursleep,mysmallvtuber.net,2026-09-01T03:00:43Z
Tyy8GFxQV3MMeGzQ99t9,키쿄 KIKYO,KIKYO,youtube,UCNjwF8HZRJxgp1gbHfV798g,https://www.youtube.com/channel/UCNjwF8HZRJxgp1gbHfV798g,키쿄 KIKYO,58,2026-05-16,,2026-08-31 23:56:02,키가작은사람들이 상대적으로 비를 안 맞는다는 연구 결과가 잇습니다,imyourkikyo,https://cafe.naver.com/imyourkikyo,mysmallvtuber.net,2026-09-01T03:00:43Z
Tyy8GFxQV3MMeGzQ99t9,키쿄 KIKYO,KIKYO,chzzk,df0f1ea25a23e05cf2ef031c2d807067,https://chzzk.naver.com/df0f1ea25a23e05cf2ef031c2d807067,키쿄 KIKYO,1206,2026-05-16,,2026-08-31 23:56:02,키가작은사람들이 상대적으로 비를 안 맞는다는 연구 결과가 잇습니다,imyourkikyo,https://cafe.naver.com/imyourkikyo,mysmallvtuber.net,2026-09-01T03:00:43Z
LgbQyQR5gNMPvpty8jVf,타니TANII,TANII,chzzk,b8c177e5c274f3005936e6594fdb1de5,https://chzzk.naver.com/b8c177e5c274f3005936e6594fdb1de5,타니TANII,1149,,,2026-08-31 22:47:03,[신입] 타니가 왔타니!!!💛😈🩶,TANII_0606,,mysmallvtuber.net,2026-09-01T03:00:43Z
kQfDV4FhkbwUf5c8eV2m,구슬요,,youtube,UCbZptNWeIIZ3wf4uasQ04vQ,https://www.youtube.com/channel/UCbZptNWeIIZ3wf4uasQ04vQ,구슬요Beadyo,33900,2021-07-24,,2026-09-01 00:18:03,안녕하,,https://cafe.naver.com/beadyo,mysmallvtuber.net,2026-09-01T03:00:43Z
kQfDV4FhkbwUf5c8eV2m,구슬요,,soop,beadyo97,https://ch.sooplive.co.kr/beadyo97,구슬요,40847,2021-07-24,,2026-09-01 00:18:03,안녕하,,https://cafe.naver.com/beadyo,mysmallvtuber.net,2026-09-01T03:00:43Z
RuRnhsdTqHZxGswvL9ht,러비비,,youtube,UCEq0bUl2mx6Y3zP-oc3lsVA,https://www.youtube.com/channel/UCEq0bUl2mx6Y3zP-oc3lsVA,러비비,2190,,,2026-08-31 23:52:03,위...뭐시기...,,https://discord.com/invite/WxGg6QyBp4,mysmallvtuber.net,2026-09-01T03:00:43Z
RuRnhsdTqHZxGswvL9ht,러비비,,youtube,UCfJ9RQvhEtSbz40AKRSENAQ,https://www.youtube.com/channel/UCfJ9RQvhEtSbz40AKRSENAQ,러비비 다시보기,674,,,2026-08-31 23:52:03,위...뭐시기...,,https://discord.com/invite/WxGg6QyBp4,mysmallvtuber.net,2026-09-01T03:00:43Z
RuRnhsdTqHZxGswvL9ht,러비비,,chzzk,b47bf4acc15db13ce1b888ef1b54e622,https://chzzk.naver.com/b47bf4acc15db13ce1b888ef1b54e622,러비비,1074,,,2026-08-31 23:52:03,위...뭐시기...,,https://discord.com/invite/WxGg6QyBp4,mysmallvtuber.net,2026-09-01T03:00:43Z
wsVwFF3HwKdq6mz9J3VC,이제티,,youtube,UCIuOr6ncaZhbQLGw7w7f3-g,https://www.youtube.com/channel/UCIuOr6ncaZhbQLGw7w7f3-g,이제티,2210,,,2026-09-01 00:54:03,눈나...,,https://cafe.naver.com/2jeti,mysmallvtuber.net,2026-09-01T03:00:43Z
wsVwFF3HwKdq6mz9J3VC,이제티,,chzzk,59d1ee13557da26ad445edd67fa8e453,https://chzzk.naver.com/59d1ee13557da26ad445edd67fa8e453,이제티,533,,,2026-09-01 00:54:03,눈나...,,https://cafe.naver.com/2jeti,mysmallvtuber.net,2026-09-01T03:00:43Z
3cWFQxb3cn8cdXJaUT2D,야토 Yato,Yato,youtube,UChaT4DUnWxSsym-devGo6wQ,https://www.youtube.com/channel/UChaT4DUnWxSsym-devGo6wQ,야토 YATOㆍlistella,23800,2023-06-03,,2026-09-01 00:00:03,. . . . ( ˙꒳˙  )ིྀ,yatoisyato,https://cafe.naver.com/listellaofficial,mysmallvtuber.net,2026-09-01T03:00:43Z
3cWFQxb3cn8cdXJaUT2D,야토 Yato,Yato,youtube,UCNqy24P5r161KSDllGkDhcA,https://www.youtube.com/channel/UCNqy24P5r161KSDllGkDhcA,야토 다시보기,2600,2023-06-03,,2026-09-01 00:00:03,. . . . ( ˙꒳˙  )ིྀ,yatoisyato,https://cafe.naver.com/listellaofficial,mysmallvtuber.net,2026-09-01T03:00:43Z
3cWFQxb3cn8cdXJaUT2D,야토 Yato,Yato,chzzk,e87999abca4fd0c3214e05ef414ce951,https://chzzk.naver.com/e87999abca4fd0c3214e05ef414ce951,야토 Yato,19773,2023-06-03,,2026-09-01 00:00:03,. . . . ( ˙꒳˙  )ིྀ,yatoisyato,https://cafe.naver.com/listellaofficial,mysmallvtuber.net,2026-09-01T03:00:43Z
sQhpsNnj6Z84LX3hC9pT,깅나리,,youtube,UCr48whguz2qOwQOq99BejnA,https://www.youtube.com/channel/UCr48whguz2qOwQOq99BejnA,깅나리 GINGNARI,1230,2025-09-20,,2026-08-31 21:52:03,카페 보면서 잔~~~뜩 수다떨어요,gingnari,https://cafe.naver.com/gingnari,mysmallvtuber.net,2026-09-01T03:00:43Z
sQhpsNnj6Z84LX3hC9pT,깅나리,,chzzk,c9392bfbbb1e52a3d022ed9b71c4a60f,https://chzzk.naver.com/c9392bfbbb1e52a3d022ed9b71c4a60f,깅나리,4834,2025-09-20,,2026-08-31 21:52:03,카페 보면서 잔~~~뜩 수다떨어요,gingnari,https://cafe.naver.com/gingnari,mysmallvtuber.net,2026-09-01T03:00:43Z
S5DrwYvZ4wUNRkwnjbJK,이로나묭 치카,,youtube,UCndpBqc3xTaVKdm7TcDWb6g,https://www.youtube.com/channel/UCndpBqc3xTaVKdm7TcDWb6g,이로나묭 치카 【Ch. Mao Chika】,21400,2024-09-07,,2026-09-01 08:42:02,9월 7일 2주년 신의상 + 굿즈 공개!,MaoChiKa1220,https://cafe.naver.com/chicaffeine,mysmallvtuber.net,2026-09-01T03:00:43Z
S5DrwYvZ4wUNRkwnjbJK,이로나묭 치카,,youtube,UCN-NbWPpH8CIWlga7XpONig,https://www.youtube.com/channel/UCN-NbWPpH8CIWlga7XpONig,다시보고 치카 【Ch. Mao Chika】,6600,2024-09-07,,2026-09-01 08:42:02,9월 7일 2주년 신의상 + 굿즈 공개!,MaoChiKa1220,https://cafe.naver.com/chicaffeine,mysmallvtuber.net,2026-09-01T03:00:43Z
S5DrwYvZ4wUNRkwnjbJK,이로나묭 치카,,chzzk,ec30975bd41d3179fe7734ddbf760acb,https://chzzk.naver.com/ec30975bd41d3179fe7734ddbf760acb,이로나묭 치카,55255,2024-09-07,,2026-09-01 08:42:02,9월 7일 2주년 신의상 + 굿즈 공개!,MaoChiKa1220,https://cafe.naver.com/chicaffeine,mysmallvtuber.net,2026-09-01T03:00:43Z
ASqe5JHu6RBNVLjGu4F5,시트리,,youtube,UC9_ZjnlpbGykePotEf31aDg,https://www.youtube.com/channel/UC9_ZjnlpbGykePotEf31aDg,시트리 / SITRY 【V-LUP】,6120,2022-09-03,,2026-08-31 23:57:02,[한보름]시아가왔어.... 즉방 150개❤︎,,https://cafe.naver.com/vlup,mysmallvtuber.net,2026-09-01T03:00:43Z
ASqe5JHu6RBNVLjGu4F5,시트리,,youtube,UCZ_myq92Ynhm5TY-uzzVV2A,https://www.youtube.com/channel/UCZ_myq92Ynhm5TY-uzzVV2A,시트리 다시보기,781,2022-09-03,,2026-08-31 23:57:02,[한보름]시아가왔어.... 즉방 150개❤︎,,https://cafe.naver.com/vlup,mysmallvtuber.net,2026-09-01T03:00:43Z
ASqe5JHu6RBNVLjGu4F5,시트리,,soop,vlupsitry,https://ch.sooplive.co.kr/vlupsitry,시트리,4020,2022-09-03,,2026-08-31 23:57:02,[한보름]시아가왔어.... 즉방 150개❤︎,,https://cafe.naver.com/vlup,mysmallvtuber.net,2026-09-01T03:00:43Z
RZXbqKDKW66m9vXrzLrh,하랑히,,youtube,UCe2SrHYN5yv8s4sD76jJVLA,https://www.youtube.com/channel/UCe2SrHYN5yv8s4sD76jJVLA,하랑히,358,2025-06-28,,2026-08-31 20:16:03,림부기!?,heocho_vpbs,https://cafe.naver.com/playbyschool,mysmallvtuber.net,2026-09-01T03:00:43Z
RZXbqKDKW66m9vXrzLrh,하랑히,,youtube,UCobSfJK1gHDH4w3jaWHs_Sw,https://www.youtube.com/channel/UCobSfJK1gHDH4w3jaWHs_Sw,하랑히 다시보기,177,2025-06-28,,2026-08-31 20:16:03,림부기!?,heocho_vpbs,https://cafe.naver.com/playbyschool,mysmallvtuber.net,2026-09-01T03:00:43Z
RZXbqKDKW66m9vXrzLrh,하랑히,,chzzk,746201a013be741f2d751e63c8d317ae,https://chzzk.naver.com/746201a013be741f2d751e63c8d317ae,하랑히,2200,2025-06-28,,2026-08-31 20:16:03,림부기!?,heocho_vpbs,https://cafe.naver.com/playbyschool,mysmallvtuber.net,2026-09-01T03:00:43Z
HDcCELQR7rkw52WwCjvn,배비꼬,,youtube,UCVlRspMebofH_Af90wGgUFA,https://www.youtube.com/channel/UCVlRspMebofH_Af90wGgUFA,배비꼬,39300,2023-08-10,,2026-08-31 23:31:03,그냥 정리가 좋은 청년,babekko_39,https://cafe.naver.com/babekko0810,mysmallvtuber.net,2026-09-01T03:00:43Z
HDcCELQR7rkw52WwCjvn,배비꼬,,youtube,UCTYi5wfoWzcK5ePp7M9SUBw,https://www.youtube.com/channel/UCTYi5wfoWzcK5ePp7M9SUBw,꺼진 배비꼬도 다시보자,492,2023-08-10,,2026-08-31 23:31:03,그냥 정리가 좋은 청년,babekko_39,https://cafe.naver.com/babekko0810,mysmallvtuber.net,2026-09-01T03:00:43Z
HDcCELQR7rkw52WwCjvn,배비꼬,,chzzk,361eea6eaa690bcfe8004fd6ade7dda7,https://chzzk.naver.com/361eea6eaa690bcfe8004fd6ade7dda7,배비꼬,20227,2023-08-10,,2026-08-31 23:31:03,그냥 정리가 좋은 청년,babekko_39,https://cafe.naver.com/babekko0810,mysmallvtuber.net,2026-09-01T03:00:43Z
EhxWTbpMFKc6GGyZ5gMr,설백,,youtube,UCbCQDFbLpkurWc4_0R5-pEA,https://www.youtube.com/channel/UCbCQDFbLpkurWc4_0R5-pEA,설백,373000,,,2026-09-01 00:18:03,메인스 47-48 스토리 상영회얌🌺 월페이퍼는 유튜브 멤버쉽에서!,Snow_hiteda,https://cafe.naver.com/snowhiteda,mysmallvtuber.net,2026-09-01T03:00:43Z
EhxWTbpMFKc6GGyZ5gMr,설백,,youtube,UCQST0zZW1UIHaEvgXwjAjIA,https://www.youtube.com/channel/UCQST0zZW1UIHaEvgXwjAjIA,설백 다시보기,18400,,,2026-09-01 00:18:03,메인스 47-48 스토리 상영회얌🌺 월페이퍼는 유튜브 멤버쉽에서!,Snow_hiteda,https://cafe.naver.com/snowhiteda,mysmallvtuber.net,2026-09-01T03:00:43Z
EhxWTbpMFKc6GGyZ5gMr,설백,,chzzk,b1099827eb54bab6771bae5c85e887b7,https://chzzk.naver.com/b1099827eb54bab6771bae5c85e887b7,설백,102366,,,2026-09-01 00:18:03,메인스 47-48 스토리 상영회얌🌺 월페이퍼는 유튜브 멤버쉽에서!,Snow_hiteda,https://cafe.naver.com/snowhiteda,mysmallvtuber.net,2026-09-01T03:00:43Z
PWhsJkmWA4DM3cWqY4f4,별소금3,,youtube,UCmJil1KCobYkfucqOG6mMIQ,https://www.youtube.com/channel/UCmJil1KCobYkfucqOG6mMIQ,별소금찍어먹기,702,2024-12-28,,2026-08-31 20:43:03,안녕 살아있니? 난 일단 살아있어,,https://cafe.naver.com/starsalt,mysmallvtuber.net,2026-09-01T03:00:43Z
PWhsJkmWA4DM3cWqY4f4,별소금3,,youtube,UCJ5yrqCq0bXmyOarWIf4jng,https://www.youtube.com/channel/UCJ5yrqCq0bXmyOarWIf4jng,인생에별소금뿌리기,361,2024-12-28,,2026-08-31 20:43:03,안녕 살아있니? 난 일단 살아있어,,https://cafe.naver.com/starsalt,mysmallvtuber.net,2026-09-01T03:00:43Z
PWhsJkmWA4DM3cWqY4f4,별소금3,,chzzk,c787165bb582747dca8f0e6f83063177,https://chzzk.naver.com/c787165bb582747dca8f0e6f83063177,별소금3,2074,2024-12-28,,2026-08-31 20:43:03,안녕 살아있니? 난 일단 살아있어,,https://cafe.naver.com/starsalt,mysmallvtuber.net,2026-09-01T03:00:43Z
F2PX6EUppFkK2pUYjECH,김맞는,,youtube,UCc0zt6GuEgsTPrwaAmc5k-A,https://www.youtube.com/channel/UCc0zt6GuEgsTPrwaAmc5k-A,김맞는,97,,,2026-08-31 21:59:02,💙삐수성가형 인간 등장🎨,kimright0,https://cafe.naver.com/kimright0,mysmallvtuber.net,2026-09-01T03:00:43Z
F2PX6EUppFkK2pUYjECH,김맞는,,chzzk,c376622f765901eb5cc983ecd16f511f,https://chzzk.naver.com/c376622f765901eb5cc983ecd16f511f,김맞는,1761,,,2026-08-31 21:59:02,💙삐수성가형 인간 등장🎨,kimright0,https://cafe.naver.com/kimright0,mysmallvtuber.net,2026-09-01T03:00:43Z
BQ2hENxWKBhVAeFry9uu,임 설,,youtube,UCuHdQWW6e3I9Tn34OxyyR7A,https://www.youtube.com/channel/UCuHdQWW6e3I9Tn34OxyyR7A,임설 limseol,3060,2023-03-16,,2026-08-31 23:58:02,히히 서리랑 놀쟈 (˶ᵔ ᵕ ᵔ˶),,https://cafe.naver.com/limseols2,mysmallvtuber.net,2026-09-01T03:00:43Z
BQ2hENxWKBhVAeFry9uu,임 설,,youtube,UC2qq_Yy__LPUhHIIbBR2SZg,https://www.youtube.com/channel/UC2qq_Yy__LPUhHIIbBR2SZg,또 다시 임설,332,2023-03-16,,2026-08-31 23:58:02,히히 서리랑 놀쟈 (˶ᵔ ᵕ ᵔ˶),,https://cafe.naver.com/limseols2,mysmallvtuber.net,2026-09-01T03:00:43Z
BQ2hENxWKBhVAeFry9uu,임 설,,chzzk,1ddbc0a60a6a3289c2873ed6b43b20af,https://chzzk.naver.com/1ddbc0a60a6a3289c2873ed6b43b20af,임 설,4173,2023-03-16,,2026-08-31 23:58:02,히히 서리랑 놀쟈 (˶ᵔ ᵕ ᵔ˶),,https://cafe.naver.com/limseols2,mysmallvtuber.net,2026-09-01T03:00:43Z
696gTJXYLPL7878McjQw,쿠우♪,,youtube,UCKDZKVDTqP6qrV6NyoytFfw,https://www.youtube.com/channel/UCKDZKVDTqP6qrV6NyoytFfw,쿠우,18900,2022-06-07,,2026-08-31 23:56:02,후열 💛,qoo_dayom,https://cafe.naver.com/qooigloo,mysmallvtuber.net,2026-09-01T03:00:43Z
696gTJXYLPL7878McjQw,쿠우♪,,youtube,UCAEZMb30mzm9dkVtzP2jeTw,https://www.youtube.com/channel/UCAEZMb30mzm9dkVtzP2jeTw,쿠우다시보기,1400,2022-06-07,,2026-08-31 23:56:02,후열 💛,qoo_dayom,https://cafe.naver.com/qooigloo,mysmallvtuber.net,2026-09-01T03:00:43Z
696gTJXYLPL7878McjQw,쿠우♪,,soop,qooqoo3110,https://ch.sooplive.co.kr/qooqoo3110,쿠우♪,23275,2022-06-07,,2026-08-31 23:56:02,후열 💛,qoo_dayom,https://cafe.naver.com/qooigloo,mysmallvtuber.net,2026-09-01T03:00:43Z
qX57jjSgvXs9djQVg4ML,케 이 지,,youtube,UCJKj0aGSbdznK5JG_b9pInQ,https://www.youtube.com/channel/UCJKj0aGSbdznK5JG_b9pInQ,케이지,81,2020-08-19,,2026-08-31 20:34:03,❄[버미육] 오늘도 나른하게 명조해요❄,vrc_keiji130,,mysmallvtuber.net,2026-09-01T03:00:43Z
qX57jjSgvXs9djQVg4ML,케 이 지,,youtube,UCGoXTw5msFYnGc7-g5KFn0Q,https://www.youtube.com/channel/UCGoXTw5msFYnGc7-g5KFn0Q,케이지 다시보기 채널,25,2020-08-19,,2026-08-31 20:34:03,❄[버미육] 오늘도 나른하게 명조해요❄,vrc_keiji130,,mysmallvtuber.net,2026-09-01T03:00:43Z
qX57jjSgvXs9djQVg4ML,케 이 지,,chzzk,454b28a20b12e0ba8786780ca35677d7,https://chzzk.naver.com/454b28a20b12e0ba8786780ca35677d7,케 이 지,693,2020-08-19,,2026-08-31 20:34:03,❄[버미육] 오늘도 나른하게 명조해요❄,vrc_keiji130,,mysmallvtuber.net,2026-09-01T03:00:43Z
XPWjvRz3hQDKeKCs9jv6,도라리 Dorari,Dorari,youtube,UCgDz3YqxJhSmfy4zcSOCo7w,https://www.youtube.com/channel/UCgDz3YqxJhSmfy4zcSOCo7w,도라리,1700,2022-06-10,,2026-08-31 22:21:03,난 증명해냈다... ! 👽,How_dorari,https://cafe.naver.com/vhowstoryv,mysmallvtuber.net,2026-09-01T03:00:43Z
XPWjvRz3hQDKeKCs9jv6,도라리 Dorari,Dorari,chzzk,7f66725b90a90b53e60277333c8c4264,https://chzzk.naver.com/7f66725b90a90b53e60277333c8c4264,도라리 Dorari,1944,2022-06-10,,2026-08-31 22:21:03,난 증명해냈다... ! 👽,How_dorari,https://cafe.naver.com/vhowstoryv,mysmallvtuber.net,2026-09-01T03:00:43Z
LQCNH55j52XQg85PFxBp,노랑새k,k,youtube,UCaJFowz3nXtqDe1o8p85HPg,https://www.youtube.com/channel/UCaJFowz3nXtqDe1o8p85HPg,노랑새,11000,2023-08-12,,2026-09-01 00:26:03,"오늘 무슨 날인가요, 축제입니다. 저 빼고 💛",Norang_Bird,https://discord.com/invite/hR5Xj6DmfS,mysmallvtuber.net,2026-09-01T03:00:43Z
LQCNH55j52XQg85PFxBp,노랑새k,k,youtube,UCLeIpAEj4eDopbXbBnW4lFA,https://www.youtube.com/channel/UCLeIpAEj4eDopbXbBnW4lFA,노랑디오 [풀영상],1030,2023-08-12,,2026-09-01 00:26:03,"오늘 무슨 날인가요, 축제입니다. 저 빼고 💛",Norang_Bird,https://discord.com/invite/hR5Xj6DmfS,mysmallvtuber.net,2026-09-01T03:00:43Z
LQCNH55j52XQg85PFxBp,노랑새k,k,chzzk,f11fe3d49f587cffed1fefdde44fe041,https://chzzk.naver.com/f11fe3d49f587cffed1fefdde44fe041,노랑새k,8881,2023-08-12,,2026-09-01 00:26:03,"오늘 무슨 날인가요, 축제입니다. 저 빼고 💛",Norang_Bird,https://discord.com/invite/hR5Xj6DmfS,mysmallvtuber.net,2026-09-01T03:00:43Z
rSRCEWpX7eQN4wNVujnk,우타네 레아,,youtube,UCCLbnAdTY9KqHq757FPc9KQ,https://www.youtube.com/channel/UCCLbnAdTY9KqHq757FPc9KQ,우타네 레아,5720,2025-12-20,,2026-08-31 19:06:02,장정 3주 동안 빙하기 하고 온 여자의 노래 수준,VLY_Rea,https://cafe.naver.com/rionjoo,mysmallvtuber.net,2026-09-01T03:00:43Z
rSRCEWpX7eQN4wNVujnk,우타네 레아,,chzzk,a0a8ae70631f07dc8b611d409bb00b45,https://chzzk.naver.com/a0a8ae70631f07dc8b611d409bb00b45,우타네 레아,1378,2025-12-20,,2026-08-31 19:06:02,장정 3주 동안 빙하기 하고 온 여자의 노래 수준,VLY_Rea,https://cafe.naver.com/rionjoo,mysmallvtuber.net,2026-09-01T03:00:43Z
M3Haddk4xFSTG4TycgUj,고뇽찌,,youtube,UCL9OnS4bTOMmTt_5ET6L2Hw,https://www.youtube.com/channel/UCL9OnS4bTOMmTt_5ET6L2Hw,고뇽찌,5570,,,2026-09-01 00:53:02,다시보기의 다시보기 하는 사람,,https://cafe.naver.com/gonyongjji,mysmallvtuber.net,2026-09-01T03:00:43Z
M3Haddk4xFSTG4TycgUj,고뇽찌,,chzzk,78d950b1c85bffff10367c4735aa6cfc,https://chzzk.naver.com/78d950b1c85bffff10367c4735aa6cfc,고뇽찌,5589,,,2026-09-01 00:53:02,다시보기의 다시보기 하는 사람,,https://cafe.naver.com/gonyongjji,mysmallvtuber.net,2026-09-01T03:00:43Z
unzKYvf7ajQw2nZbfstC,매히두,,youtube,UC4wGHE2oKgNPBKLiV9BCVuA,https://www.youtube.com/channel/UC4wGHE2oKgNPBKLiV9BCVuA,매히두 / HIDU,9430,2025-12-31,,2026-08-31 20:26:03,☆하츠네 미쿠 생일 기념 축하 방송☆,maidhidu1,,mysmallvtuber.net,2026-09-01T03:00:43Z
unzKYvf7ajQw2nZbfstC,매히두,,chzzk,e71c92661ec46bcd7f5cd0bb4ca46da4,https://chzzk.naver.com/e71c92661ec46bcd7f5cd0bb4ca46da4,매히두,2482,2025-12-31,,2026-08-31 20:26:03,☆하츠네 미쿠 생일 기념 축하 방송☆,maidhidu1,,mysmallvtuber.net,2026-09-01T03:00:43Z
tg9Z7BQysyGV75Vsyns9,강혜니,,youtube,UCatILwJhUci6_AwVp9iCqqQ,https://www.youtube.com/channel/UCatILwJhUci6_AwVp9iCqqQ,강혜니,395,2023-06-06,,2026-09-01 00:15:03,날씨가 꾸리꾸리꾸리꾸리  ꜀(^｡ ̫ ｡^꜀ )꜆੭🩷,hyeni_06,https://cafe.naver.com/hyeninyang,mysmallvtuber.net,2026-09-01T03:00:43Z
tg9Z7BQysyGV75Vsyns9,강혜니,,youtube,UCbG-KntfwuoX29eLRJUgpVA,https://www.youtube.com/channel/UCbG-KntfwuoX29eLRJUgpVA,강혜니 다시보기,200,2023-06-06,,2026-09-01 00:15:03,날씨가 꾸리꾸리꾸리꾸리  ꜀(^｡ ̫ ｡^꜀ )꜆੭🩷,hyeni_06,https://cafe.naver.com/hyeninyang,mysmallvtuber.net,2026-09-01T03:00:43Z
tg9Z7BQysyGV75Vsyns9,강혜니,,chzzk,3081b4db8cb8b6c1de194b66a5b81a67,https://chzzk.naver.com/3081b4db8cb8b6c1de194b66a5b81a67,강혜니,3597,2023-06-06,,2026-09-01 00:15:03,날씨가 꾸리꾸리꾸리꾸리  ꜀(^｡ ̫ ｡^꜀ )꜆੭🩷,hyeni_06,https://cafe.naver.com/hyeninyang,mysmallvtuber.net,2026-09-01T03:00:43Z
gxcLQt3VGJCHCYyJ2GQm,뵤 오,,youtube,UClEDxMEKiexcSI1F6aQy_FA,https://www.youtube.com/channel/UClEDxMEKiexcSI1F6aQy_FA,뵤오 BYOO,9720,2022-11-03,,2026-09-01 02:44:03,ㅇㅅaㅇ,,https://cafe.naver.com/byoo0,mysmallvtuber.net,2026-09-01T03:00:43Z
gxcLQt3VGJCHCYyJ2GQm,뵤 오,,youtube,UCP5V25hysA0uyaPzeW2A4tA,https://www.youtube.com/channel/UCP5V25hysA0uyaPzeW2A4tA,뵤오 다시보기,1710,2022-11-03,,2026-09-01 02:44:03,ㅇㅅaㅇ,,https://cafe.naver.com/byoo0,mysmallvtuber.net,2026-09-01T03:00:43Z
gxcLQt3VGJCHCYyJ2GQm,뵤 오,,chzzk,6086f17b054010b0657af00aff6e6d05,https://chzzk.naver.com/6086f17b054010b0657af00aff6e6d05,뵤 오,12938,2022-11-03,,2026-09-01 02:44:03,ㅇㅅaㅇ,,https://cafe.naver.com/byoo0,mysmallvtuber.net,2026-09-01T03:00:43Z
dmcgwbXYK2rdJkvuEntk,비화 Bihwa,Bihwa,youtube,UCKdhnPZx9aV7lBkvt3bftpQ,https://www.youtube.com/channel/UCKdhnPZx9aV7lBkvt3bftpQ,비화 Bihwa,3550,2025-11-08,,2026-09-01 00:33:03,[사령화] 봉누도 합격해써요이!!!!!!!!,Bihwa_SRH2,https://cafe.naver.com/grimproduction,mysmallvtuber.net,2026-09-01T03:00:43Z
dmcgwbXYK2rdJkvuEntk,비화 Bihwa,Bihwa,chzzk,521b37e8cd74b933501d3d1ad4d5031c,https://chzzk.naver.com/521b37e8cd74b933501d3d1ad4d5031c,비화 Bihwa,7871,2025-11-08,,2026-09-01 00:33:03,[사령화] 봉누도 합격해써요이!!!!!!!!,Bihwa_SRH2,https://cafe.naver.com/grimproduction,mysmallvtuber.net,2026-09-01T03:00:43Z
xvyBruBxk4kmCx9Dbnhp,설담 SULDAM,SULDAM,youtube,UCrjDQ7ZjsoZVs-5eukW8myQ,https://www.youtube.com/channel/UCrjDQ7ZjsoZVs-5eukW8myQ,설담,396,2025-10-25,,2026-08-31 22:09:03,잔잔하게 대화해요  ദ്ദി𓂂ᴖ⩊ᴖ),Suldam_,https://cafe.naver.com/suldamm,mysmallvtuber.net,2026-09-01T03:00:43Z
xvyBruBxk4kmCx9Dbnhp,설담 SULDAM,SULDAM,youtube,UCu8rTOcxXhVfFYv980lAJ6Q,https://www.youtube.com/channel/UCu8rTOcxXhVfFYv980lAJ6Q,담이의 포롱로그,62,2025-10-25,,2026-08-31 22:09:03,잔잔하게 대화해요  ദ്ദി𓂂ᴖ⩊ᴖ),Suldam_,https://cafe.naver.com/suldamm,mysmallvtuber.net,2026-09-01T03:00:43Z
xvyBruBxk4kmCx9Dbnhp,설담 SULDAM,SULDAM,chzzk,b3f6e84450055948f1e9faea3fa6f870,https://chzzk.naver.com/b3f6e84450055948f1e9faea3fa6f870,설담 SULDAM,855,2025-10-25,,2026-08-31 22:09:03,잔잔하게 대화해요  ദ്ദി𓂂ᴖ⩊ᴖ),Suldam_,https://cafe.naver.com/suldamm,mysmallvtuber.net,2026-09-01T03:00:43Z
3WRedP5We6GyadaHavw2,리 이,,youtube,UCB3e-X7Wbn9x3jq29yvzzOw,https://www.youtube.com/channel/UCB3e-X7Wbn9x3jq29yvzzOw,리이 LEEE,868,2023-06-10,,2026-08-31 21:08:02,므엥엥 영도데이,LEEEUx_xU,https://cafe.naver.com/linkforyou,mysmallvtuber.net,2026-09-01T03:00:43Z
3WRedP5We6GyadaHavw2,리 이,,youtube,UCzdPhGerIuSdGo9mDRRpnsQ,https://www.youtube.com/channel/UCzdPhGerIuSdGo9mDRRpnsQ,리이 다시보기,203,2023-06-10,,2026-08-31 21:08:02,므엥엥 영도데이,LEEEUx_xU,https://cafe.naver.com/linkforyou,mysmallvtuber.net,2026-09-01T03:00:43Z
3WRedP5We6GyadaHavw2,리 이,,chzzk,68daca14bebc804d56b3dc601c8e7aff,https://chzzk.naver.com/68daca14bebc804d56b3dc601c8e7aff,리 이,2001,2023-06-10,,2026-08-31 21:08:02,므엥엥 영도데이,LEEEUx_xU,https://cafe.naver.com/linkforyou,mysmallvtuber.net,2026-09-01T03:00:43Z
eKpHCYaJFakuapwJ9XyG,큐빈 Kyubin,Kyubin,youtube,UCBtqT3jVAnzyd5alyZFTXIQ,https://www.youtube.com/channel/UCBtqT3jVAnzyd5alyZFTXIQ,큐빈,173,2024-02-02,,2026-09-01 02:11:03,작업 끝날때까지 같이보기 시전 (1화~ / 킬룰렛막날,kyubinn__,https://discord.gg/Ud3vBamfAX,mysmallvtuber.net,2026-09-01T03:00:43Z
eKpHCYaJFakuapwJ9XyG,큐빈 Kyubin,Kyubin,youtube,UCD4jC4zqLcBn9uGIFoVx1XQ,https://www.youtube.com/channel/UCD4jC4zqLcBn9uGIFoVx1XQ,큐빈 아카이브,75,2024-02-02,,2026-09-01 02:11:03,작업 끝날때까지 같이보기 시전 (1화~ / 킬룰렛막날,kyubinn__,https://discord.gg/Ud3vBamfAX,mysmallvtuber.net,2026-09-01T03:00:43Z
eKpHCYaJFakuapwJ9XyG,큐빈 Kyubin,Kyubin,chzzk,76234b3545b43ab5e3fb79059f9e430d,https://chzzk.naver.com/76234b3545b43ab5e3fb79059f9e430d,큐빈 Kyubin,1687,2024-02-02,,2026-09-01 02:11:03,작업 끝날때까지 같이보기 시전 (1화~ / 킬룰렛막날,kyubinn__,https://discord.gg/Ud3vBamfAX,mysmallvtuber.net,2026-09-01T03:00:43Z
XgpS5G7uUwAudcGzerTH,아일라 Iyla,Iyla,youtube,UC9EcpYvj7GzHzrd-dfQ_uwg,https://www.youtube.com/channel/UC9EcpYvj7GzHzrd-dfQ_uwg,아일라 Iyla,7720,2024-11-30,,2026-08-31 22:45:06,[WISHes] 명조 4장 3막 두가쟈쟈쟈,Iyla_WISHes,https://cafe.naver.com/grimproduction,mysmallvtuber.net,2026-09-01T03:00:43Z
XgpS5G7uUwAudcGzerTH,아일라 Iyla,Iyla,chzzk,ff182197eed405b1130d22aa3a4fefa0,https://chzzk.naver.com/ff182197eed405b1130d22aa3a4fefa0,아일라 Iyla,6675,2024-11-30,,2026-08-31 22:45:06,[WISHes] 명조 4장 3막 두가쟈쟈쟈,Iyla_WISHes,https://cafe.naver.com/grimproduction,mysmallvtuber.net,2026-09-01T03:00:43Z
7JRWY58kdSnYeNdTGJfv,키리사키 세이,,youtube,UCzrdu-My6bm_BbTAdAB1i4A,https://www.youtube.com/channel/UCzrdu-My6bm_BbTAdAB1i4A,키리사키 세이 Ch.,449,2023-04-08,,2026-08-31 17:44:03,[인간모드] 간만에 인간 모습!으로 찾아온 서큐버스랑 대화하자~!,SEI_VAIVtuber,https://discord.gg/bz8EJjbBqP,mysmallvtuber.net,2026-09-01T03:00:43Z
7JRWY58kdSnYeNdTGJfv,키리사키 세이,,youtube,UCiD62jevoikMx_BvbLSBhNA,https://www.youtube.com/channel/UCiD62jevoikMx_BvbLSBhNA,키리사키 세이의 풀침대,19,2023-04-08,,2026-08-31 17:44:03,[인간모드] 간만에 인간 모습!으로 찾아온 서큐버스랑 대화하자~!,SEI_VAIVtuber,https://discord.gg/bz8EJjbBqP,mysmallvtuber.net,2026-09-01T03:00:43Z
7JRWY58kdSnYeNdTGJfv,키리사키 세이,,chzzk,a1abeb4c45f5684e549f96f9baf66d07,https://chzzk.naver.com/a1abeb4c45f5684e549f96f9baf66d07,키리사키 세이,1464,2023-04-08,,2026-08-31 17:44:03,[인간모드] 간만에 인간 모습!으로 찾아온 서큐버스랑 대화하자~!,SEI_VAIVtuber,https://discord.gg/bz8EJjbBqP,mysmallvtuber.net,2026-09-01T03:00:43Z
AMGQq5TFqUHZggyB7hHP,마지나이 쿠로카,,youtube,UCLLTq5nDGMGQwEmqeD3Yezw,https://www.youtube.com/channel/UCLLTq5nDGMGQwEmqeD3Yezw,마지나이 쿠로카 Majinai Kuroka,4150,2024-11-30,,2026-08-31 15:55:03,!!!긴급 일식 수혈 노래방!!! 【Re:AcT KR】,Majinai_Kuroka,,mysmallvtuber.net,2026-09-01T03:00:43Z
AMGQq5TFqUHZggyB7hHP,마지나이 쿠로카,,youtube,UCv0Igle5HiAqDFWz2GM5BAA,https://www.youtube.com/channel/UCv0Igle5HiAqDFWz2GM5BAA,쿠로카 다시보기,1130,2024-11-30,,2026-08-31 15:55:03,!!!긴급 일식 수혈 노래방!!! 【Re:AcT KR】,Majinai_Kuroka,,mysmallvtuber.net,2026-09-01T03:00:43Z
AMGQq5TFqUHZggyB7hHP,마지나이 쿠로카,,chzzk,90695d782f44f6b7849cba7c0749e093,https://chzzk.naver.com/90695d782f44f6b7849cba7c0749e093,마지나이 쿠로카,8849,2024-11-30,,2026-08-31 15:55:03,!!!긴급 일식 수혈 노래방!!! 【Re:AcT KR】,Majinai_Kuroka,,mysmallvtuber.net,2026-09-01T03:00:43Z
Ay3vjdmf5sAPuJWR4bvv,냥애웅,,youtube,UCQ8tlC7cYdkq0mrNxLSJg-w,https://www.youtube.com/channel/UCQ8tlC7cYdkq0mrNxLSJg-w,냥애웅,62,2026-05-17,,2026-08-31 23:54:03,"파피 1너무 무셥댜,,",nyangaewoong,https://cafe.naver.com/garing,mysmallvtuber.net,2026-09-01T03:00:43Z
Ay3vjdmf5sAPuJWR4bvv,냥애웅,,soop,nyanggaring,https://ch.sooplive.co.kr/nyanggaring,냥애웅,1264,2026-05-17,,2026-08-31 23:54:03,"파피 1너무 무셥댜,,",nyangaewoong,https://cafe.naver.com/garing,mysmallvtuber.net,2026-09-01T03:00:43Z
jxBN4zzzfa5vgsTHYFrc,리냐_LINYA,LINYA,youtube,UCnPw9ucyOhJVD52uVO75GJg,https://www.youtube.com/channel/UCnPw9ucyOhJVD52uVO75GJg,리냐 LINYA,4340,2023-09-29,,2026-08-31 21:00:05,후열 하치언니랑 놀기,Yushino_Lina,https://cafe.naver.com/refly4,mysmallvtuber.net,2026-09-01T03:00:43Z
jxBN4zzzfa5vgsTHYFrc,리냐_LINYA,LINYA,youtube,UCjvEOKg0FJrPpnAL3qJiZGA,https://www.youtube.com/channel/UCjvEOKg0FJrPpnAL3qJiZGA,리냐의 딸기 공장,130,2023-09-29,,2026-08-31 21:00:05,후열 하치언니랑 놀기,Yushino_Lina,https://cafe.naver.com/refly4,mysmallvtuber.net,2026-09-01T03:00:43Z
jxBN4zzzfa5vgsTHYFrc,리냐_LINYA,LINYA,soop,lina0108,https://ch.sooplive.co.kr/lina0108,리냐_LINYA,10240,2023-09-29,,2026-08-31 21:00:05,후열 하치언니랑 놀기,Yushino_Lina,https://cafe.naver.com/refly4,mysmallvtuber.net,2026-09-01T03:00:43Z
LcgscFFpMu6TpA7q6Uyb,자두뇨끼,,youtube,UCIV7zR_Ub9NvZihvxMic7vg,https://www.youtube.com/channel/UCIV7zR_Ub9NvZihvxMic7vg,자두뇨끼,671,,,2026-08-31 22:15:04,치지직 밈 알아보기,,https://cafe.naver.com/zadugnocchi,mysmallvtuber.net,2026-09-01T03:00:43Z
LcgscFFpMu6TpA7q6Uyb,자두뇨끼,,youtube,UCx0th5-FOdYP071oinFN78Q,https://www.youtube.com/channel/UCx0th5-FOdYP071oinFN78Q,자두뇨끼 다시보기,1870,,,2026-08-31 22:15:04,치지직 밈 알아보기,,https://cafe.naver.com/zadugnocchi,mysmallvtuber.net,2026-09-01T03:00:43Z
LcgscFFpMu6TpA7q6Uyb,자두뇨끼,,chzzk,55cad23e436b9b31f5e0fffe3d588194,https://chzzk.naver.com/55cad23e436b9b31f5e0fffe3d588194,자두뇨끼,12248,,,2026-08-31 22:15:04,치지직 밈 알아보기,,https://cafe.naver.com/zadugnocchi,mysmallvtuber.net,2026-09-01T03:00:43Z
dKANHhuAnv27QjaWsXp2,백희 Baekhee,Baekhee,youtube,UCbeJRhxXIHeGMHN_MjuDPWQ,https://www.youtube.com/channel/UCbeJRhxXIHeGMHN_MjuDPWQ,백희 Baekhee,3400,2025-11-08,,2026-08-31 22:08:02,[사령화] 협곡ya수 ㄱㄱ,Baekhee_SRH4,https://cafe.naver.com/grimproduction,mysmallvtuber.net,2026-09-01T03:00:43Z
dKANHhuAnv27QjaWsXp2,백희 Baekhee,Baekhee,chzzk,d916dc846dcbe66a3482e238625b9022,https://chzzk.naver.com/d916dc846dcbe66a3482e238625b9022,백희 Baekhee,9331,2025-11-08,,2026-08-31 22:08:02,[사령화] 협곡ya수 ㄱㄱ,Baekhee_SRH4,https://cafe.naver.com/grimproduction,mysmallvtuber.net,2026-09-01T03:00:43Z
u8pHGvARQngqVneKKYgs,치쿠사마,,youtube,UCklxelzjjrkfmgo4doqZmDw,https://www.youtube.com/channel/UCklxelzjjrkfmgo4doqZmDw,치쿠챤네루,111,,,2026-08-31 21:46:03,초천재,_chikusama,https://cafe.naver.com/chikulovers,mysmallvtuber.net,2026-09-01T03:00:43Z
u8pHGvARQngqVneKKYgs,치쿠사마,,youtube,UCzPYuIkAOrdHODnsMdi9dhA,https://www.youtube.com/channel/UCzPYuIkAOrdHODnsMdi9dhA,치쿠 다시보기,36,,,2026-08-31 21:46:03,초천재,_chikusama,https://cafe.naver.com/chikulovers,mysmallvtuber.net,2026-09-01T03:00:43Z
u8pHGvARQngqVneKKYgs,치쿠사마,,chzzk,8b827c26630c78a3103f7edace82e66a,https://chzzk.naver.com/8b827c26630c78a3103f7edace82e66a,치쿠사마,1351,,,2026-08-31 21:46:03,초천재,_chikusama,https://cafe.naver.com/chikulovers,mysmallvtuber.net,2026-09-01T03:00:43Z
hnUJfdMZ9xZTGmWWQfpn,킹설아,,youtube,UCNLf7jeSQO1k0I--u0BvX1w,https://www.youtube.com/channel/UCNLf7jeSQO1k0I--u0BvX1w,킹설아YOUTUBE,16800,2019-07-23,,2026-08-31 17:21:03,8월 검마를 해야 한다는 사실 알고 계셨나요?  !월페이퍼,,https://cafe.naver.com/kingseola,mysmallvtuber.net,2026-09-01T03:00:43Z
hnUJfdMZ9xZTGmWWQfpn,킹설아,,youtube,UCDLYkUqjplNKlTIRB7JjzIA,https://www.youtube.com/channel/UCDLYkUqjplNKlTIRB7JjzIA,킹설아 다시보기,1220,2019-07-23,,2026-08-31 17:21:03,8월 검마를 해야 한다는 사실 알고 계셨나요?  !월페이퍼,,https://cafe.naver.com/kingseola,mysmallvtuber.net,2026-09-01T03:00:43Z
hnUJfdMZ9xZTGmWWQfpn,킹설아,,chzzk,3eb9808e8ec29e79c6d54060c964b1a5,https://chzzk.naver.com/3eb9808e8ec29e79c6d54060c964b1a5,킹설아,9443,2019-07-23,,2026-08-31 17:21:03,8월 검마를 해야 한다는 사실 알고 계셨나요?  !월페이퍼,,https://cafe.naver.com/kingseola,mysmallvtuber.net,2026-09-01T03:00:43Z
3chPqkkBe29wS29xa2an,얀제리,,youtube,UC67QupJfgXjatCWqRQ78Utw,https://www.youtube.com/channel/UC67QupJfgXjatCWqRQ78Utw,얀제리 YANJERRY,1920,2023-02-19,,2026-08-31 14:31:03,안녕하세요 오랜만이져,,https://cafe.naver.com/yanjerry,mysmallvtuber.net,2026-09-01T03:00:43Z
3chPqkkBe29wS29xa2an,얀제리,,youtube,UCHkQnhWxLcaHfgdmq1R0-5Q,https://www.youtube.com/channel/UCHkQnhWxLcaHfgdmq1R0-5Q,얀제리 다시보기,163,2023-02-19,,2026-08-31 14:31:03,안녕하세요 오랜만이져,,https://cafe.naver.com/yanjerry,mysmallvtuber.net,2026-09-01T03:00:43Z
3chPqkkBe29wS29xa2an,얀제리,,chzzk,e0f485296633184ce2048e8f0270345e,https://chzzk.naver.com/e0f485296633184ce2048e8f0270345e,얀제리,2134,2023-02-19,,2026-08-31 14:31:03,안녕하세요 오랜만이져,,https://cafe.naver.com/yanjerry,mysmallvtuber.net,2026-09-01T03:00:43Z
q9dnVzUxxUmbRD3hxqSQ,모이 M0I,M0I,youtube,UCvpbKHaE0UNanTWFwln5tyw,https://www.youtube.com/channel/UCvpbKHaE0UNanTWFwln5tyw,모이 MOI,4490,2024-07-10,,2026-08-31 19:52:03,[영도가능] X알 그려주기 아닙니다. 모덩이 프로필 그려주는 겁니다. (신청은 팬카페에서),akamoimoi777,https://cafe.naver.com/grimproduction,mysmallvtuber.net,2026-09-01T03:00:43Z
q9dnVzUxxUmbRD3hxqSQ,모이 M0I,M0I,chzzk,be059789e19ac3e46198e15911a80122,https://chzzk.naver.com/be059789e19ac3e46198e15911a80122,모이 M0I,5649,2024-07-10,,2026-08-31 19:52:03,[영도가능] X알 그려주기 아닙니다. 모덩이 프로필 그려주는 겁니다. (신청은 팬카페에서),akamoimoi777,https://cafe.naver.com/grimproduction,mysmallvtuber.net,2026-09-01T03:00:43Z
hGqr39RUqCH5VQcWnQpg,부쿠키,,youtube,UCF-EktpAclL-5krISxgerDw,https://www.youtube.com/channel/UCF-EktpAclL-5krISxgerDw,부쿠키,146000,2022-01-06,,2026-08-31 16:04:03,월요일 부쿠키와 함께 ❄️,bukuki_,https://cafe.naver.com/bukuki00,mysmallvtuber.net,2026-09-01T03:00:43Z
hGqr39RUqCH5VQcWnQpg,부쿠키,,chzzk,f2fd35b4bce38e375cd77b6a6904b4a4,https://chzzk.naver.com/f2fd35b4bce38e375cd77b6a6904b4a4,부쿠키,72502,2022-01-06,,2026-08-31 16:04:03,월요일 부쿠키와 함께 ❄️,bukuki_,https://cafe.naver.com/bukuki00,mysmallvtuber.net,2026-09-01T03:00:43Z
HMY5adHjMwWnmNcgY83k,아홀로 루파,,youtube,UC9gVXsUQNKvj-sn_SAdDi9g,https://www.youtube.com/channel/UC9gVXsUQNKvj-sn_SAdDi9g,아홀로 루파,6700,2025-06-15,,2026-08-31 17:05:02,다른사람한테칭찬받고좋아하지마세요그사람이당신한테예쁘다고귀엽다고멋있다고말하는게뭐가그렇게좋아요제가매일말해드리잖아요제가훨씬많이보고훨씬오래좋아했고당신이어떤표정을지을때제일예쁜지도제가더잘아는데,AholoRupa,https://cafe.naver.com/aholorupacafe,mysmallvtuber.net,2026-09-01T03:00:43Z
HMY5adHjMwWnmNcgY83k,아홀로 루파,,chzzk,3e948667805e7627459a599018d05853,https://chzzk.naver.com/3e948667805e7627459a599018d05853,아홀로 루파,6025,2025-06-15,,2026-08-31 17:05:02,다른사람한테칭찬받고좋아하지마세요그사람이당신한테예쁘다고귀엽다고멋있다고말하는게뭐가그렇게좋아요제가매일말해드리잖아요제가훨씬많이보고훨씬오래좋아했고당신이어떤표정을지을때제일예쁜지도제가더잘아는데,AholoRupa,https://cafe.naver.com/aholorupacafe,mysmallvtuber.net,2026-09-01T03:00:43Z
ZTQTneQPvDBdDnhP2kAw,배쨜이,,youtube,UCwKhlODbGC8sA5RFilkGTZg,https://www.youtube.com/channel/UCwKhlODbGC8sA5RFilkGTZg,배쨜이,5520,2025-04-19,,2026-08-31 14:24:03,그리스 로마신화 - 트로이전쟁 이야기,BAEJJAL0_0,https://cafe.naver.com/baejjal00,mysmallvtuber.net,2026-09-01T03:00:43Z
ZTQTneQPvDBdDnhP2kAw,배쨜이,,chzzk,6f377acaaaacc0b5e9bebc70e45eef4f,https://chzzk.naver.com/6f377acaaaacc0b5e9bebc70e45eef4f,배쨜이,7084,2025-04-19,,2026-08-31 14:24:03,그리스 로마신화 - 트로이전쟁 이야기,BAEJJAL0_0,https://cafe.naver.com/baejjal00,mysmallvtuber.net,2026-09-01T03:00:43Z
94TJH79fvMX5mJQ6vuuA,록시 스윗랜드,,youtube,UCSr9D7AfTCMZgajcrN92oXA,https://www.youtube.com/channel/UCSr9D7AfTCMZgajcrN92oXA,록시 스윗랜드 Roxie Sweetland,3110,,,2026-08-31 16:53:03,[3000달성!!] 점심의 록시,SweetRoxie_S0M,,mysmallvtuber.net,2026-09-01T03:00:43Z
94TJH79fvMX5mJQ6vuuA,록시 스윗랜드,,youtube,UCEaC8ahB0w5EVhD-khW20TQ,https://www.youtube.com/channel/UCEaC8ahB0w5EVhD-khW20TQ,록시 다시보기랜드,187,,,2026-08-31 16:53:03,[3000달성!!] 점심의 록시,SweetRoxie_S0M,,mysmallvtuber.net,2026-09-01T03:00:43Z
94TJH79fvMX5mJQ6vuuA,록시 스윗랜드,,chzzk,1309200594b756a46edaab8a8c7bdc21,https://chzzk.naver.com/1309200594b756a46edaab8a8c7bdc21,록시 스윗랜드,3007,,,2026-08-31 16:53:03,[3000달성!!] 점심의 록시,SweetRoxie_S0M,,mysmallvtuber.net,2026-09-01T03:00:43Z
FGn28J2xUmS6M6DJ3B6t,호시에 제로,,youtube,UCmEAILY_1aqlBwr1NI09hwQ,https://www.youtube.com/channel/UCmEAILY_1aqlBwr1NI09hwQ,호시에 제로 Hoshie Zero Ch.,6070,2025-01-26,,2026-08-31 14:58:03,왜지? 유입설명회...,Zero_4urora,https://cafe.naver.com/auroraprojectv,mysmallvtuber.net,2026-09-01T03:00:43Z
FGn28J2xUmS6M6DJ3B6t,호시에 제로,,chzzk,5786141997728cc2fcd660a15ef5f3af,https://chzzk.naver.com/5786141997728cc2fcd660a15ef5f3af,호시에 제로,5843,2025-01-26,,2026-08-31 14:58:03,왜지? 유입설명회...,Zero_4urora,https://cafe.naver.com/auroraprojectv,mysmallvtuber.net,2026-09-01T03:00:43Z
xwAcyNDA6baGf9Sc6Nq3,우냐냥,,youtube,UCvQ-PAkKB4OMABHY5dOi8uw,https://www.youtube.com/channel/UCvQ-PAkKB4OMABHY5dOi8uw,우냐냥,501,,,2026-08-31 13:36:03,하찮은 그림이 미래다,QUICHE_E,https://cafe.naver.com/vcanvas,mysmallvtuber.net,2026-09-01T03:00:43Z
xwAcyNDA6baGf9Sc6Nq3,우냐냥,,youtube,UCMtvf6TQrb8forMcWjzMgHA,https://www.youtube.com/channel/UCMtvf6TQrb8forMcWjzMgHA,우냐냥의 다시보기,121,,,2026-08-31 13:36:03,하찮은 그림이 미래다,QUICHE_E,https://cafe.naver.com/vcanvas,mysmallvtuber.net,2026-09-01T03:00:43Z
xwAcyNDA6baGf9Sc6Nq3,우냐냥,,chzzk,7f9142e6c0a044d845b5c8dc6cba45ef,https://chzzk.naver.com/7f9142e6c0a044d845b5c8dc6cba45ef,우냐냥,1222,,,2026-08-31 13:36:03,하찮은 그림이 미래다,QUICHE_E,https://cafe.naver.com/vcanvas,mysmallvtuber.net,2026-09-01T03:00:43Z
VtaXzr5UHYG7VMDNrEjZ,비쥬_,,soop,bibitrue,https://ch.sooplive.co.kr/bibitrue,비쥬_,15521,,,2026-08-31 13:16:02,[버인] ㄹㅇ급생방 30분 / 얼빡방셀 300개 / 즉석방셀 700개(역팬 3자리 3% 4자리 5%),,,mysmallvtuber.net,2026-09-01T03:00:43Z
CN7pqwhSP3xXJPEjmEvv,하야시 이로,,youtube,UCwxhIoZMF_GjBWEa_hlavgQ,https://www.youtube.com/channel/UCwxhIoZMF_GjBWEa_hlavgQ,이로 Hayashi Iro Ch.,5490,2023-05-05,,2026-08-31 16:32:03,오타쿠 노래뱅🐻‍❄️✨,Iro_4urora,https://cafe.naver.com/auroraprojectv,mysmallvtuber.net,2026-09-01T03:00:43Z
CN7pqwhSP3xXJPEjmEvv,하야시 이로,,youtube,UCehgiUx0fcFAhb_Rnb2jnyw,https://www.youtube.com/channel/UCehgiUx0fcFAhb_Rnb2jnyw,Hayashi Iro Ch. SUB,67,2023-05-05,,2026-08-31 16:32:03,오타쿠 노래뱅🐻‍❄️✨,Iro_4urora,https://cafe.naver.com/auroraprojectv,mysmallvtuber.net,2026-09-01T03:00:43Z
CN7pqwhSP3xXJPEjmEvv,하야시 이로,,chzzk,1296a4df3696511c2239cf641cfd0fd0,https://chzzk.naver.com/1296a4df3696511c2239cf641cfd0fd0,하야시 이로,3281,2023-05-05,,2026-08-31 16:32:03,오타쿠 노래뱅🐻‍❄️✨,Iro_4urora,https://cafe.naver.com/auroraprojectv,mysmallvtuber.net,2026-09-01T03:00:43Z
L9CnEYQM6Qc4yzkCKA6x,유우양,,youtube,UCfErRnESYXp86XRZVNZYK_g,https://www.youtube.com/channel/UCfErRnESYXp86XRZVNZYK_g,유우양,49400,2016-11-16,,2026-08-31 20:17:02,PvP섭 교전 후 배틀패스를 하려고 했지만 리필 기다리며 프리스타일,YooWoo0610,https://cafe.naver.com/yoowooyang,mysmallvtuber.net,2026-09-01T03:00:43Z
L9CnEYQM6Qc4yzkCKA6x,유우양,,chzzk,35382c3e4fcb9ffccb4cb97d3bddabcf,https://chzzk.naver.com/35382c3e4fcb9ffccb4cb97d3bddabcf,유우양,35739,2016-11-16,,2026-08-31 20:17:02,PvP섭 교전 후 배틀패스를 하려고 했지만 리필 기다리며 프리스타일,YooWoo0610,https://cafe.naver.com/yoowooyang,mysmallvtuber.net,2026-09-01T03:00:43Z
L4ThA8rnTBFFD5PyDqYC,희노아,,youtube,UCdtJ4oNoSPzVCWzM5rHyfvA,https://www.youtube.com/channel/UCdtJ4oNoSPzVCWzM5rHyfvA,희노아,265,2024-03-31,,2026-08-31 18:21:03,오늘도 말과 함께 달린닷! 🤠레데리2🤠 6일차,heenoah_,https://cafe.naver.com/heenoah,mysmallvtuber.net,2026-09-01T03:00:43Z
L4ThA8rnTBFFD5PyDqYC,희노아,,chzzk,3dd3bbe964376bc69bd28e0958dbe273,https://chzzk.naver.com/3dd3bbe964376bc69bd28e0958dbe273,희노아,792,2024-03-31,,2026-08-31 18:21:03,오늘도 말과 함께 달린닷! 🤠레데리2🤠 6일차,heenoah_,https://cafe.naver.com/heenoah,mysmallvtuber.net,2026-09-01T03:00:43Z
d8r9FEb6n4RSe7HfLe2t,메모Memo,Memo,chzzk,9410d980b56423d1fa7b1707703b1279,https://chzzk.naver.com/9410d980b56423d1fa7b1707703b1279,메모Memo,419,,,2026-08-31 15:22:03,🔮오늘도 좋은 오후입니다!,,,mysmallvtuber.net,2026-09-01T03:00:43Z
Njsq2yF3EL8VVrCEtuYk,도도리코 dodorico,dodorico,youtube,UC4EfkI7T4smGh8c2TS_bzLQ,https://www.youtube.com/channel/UC4EfkI7T4smGh8c2TS_bzLQ,도도리코(dodorico),6200,2023-06-24,,2026-08-31 23:18:03,봉누도2 떨어졌는데 오히려 좋아,dodori_20,https://cafe.naver.com/ddorico,mysmallvtuber.net,2026-09-01T03:00:43Z
Njsq2yF3EL8VVrCEtuYk,도도리코 dodorico,dodorico,youtube,UCdrtZlVsaZFzgp9K1oHdGIA,https://www.youtube.com/channel/UCdrtZlVsaZFzgp9K1oHdGIA,도도리코 서브컬쳐,1500,2023-06-24,,2026-08-31 23:18:03,봉누도2 떨어졌는데 오히려 좋아,dodori_20,https://cafe.naver.com/ddorico,mysmallvtuber.net,2026-09-01T03:00:43Z
Njsq2yF3EL8VVrCEtuYk,도도리코 dodorico,dodorico,chzzk,d676df6bcb09c553c26a2e2b92542fd6,https://chzzk.naver.com/d676df6bcb09c553c26a2e2b92542fd6,도도리코 dodorico,6849,2023-06-24,,2026-08-31 23:18:03,봉누도2 떨어졌는데 오히려 좋아,dodori_20,https://cafe.naver.com/ddorico,mysmallvtuber.net,2026-09-01T03:00:43Z
QaATuu83UJkpWfQjH4mR,아자엘,,chzzk,96be3d27abcfe176659dbabb18464d0a,https://chzzk.naver.com/96be3d27abcfe176659dbabb18464d0a,아자엘,1773,,,2026-08-31 19:41:03,느긋하게 완총 하겠네,A_zael_,https://cafe.naver.com/isoropia,mysmallvtuber.net,2026-09-01T03:00:43Z
aW5PR7FXVgGQznuFYtfs,오단밍,,youtube,UCgiVrKwgg7VQ6OM8nKHTm3A,https://www.youtube.com/channel/UCgiVrKwgg7VQ6OM8nKHTm3A,오단밍ㆍlistella,3940,2024-09-15,,2026-08-31 23:21:03,잔잔 풀세트,odanming,https://cafe.naver.com/listellaofficial,mysmallvtuber.net,2026-09-01T03:00:43Z
aW5PR7FXVgGQznuFYtfs,오단밍,,youtube,UCaSEyKvFHBauJ_dX94mthBg,https://www.youtube.com/channel/UCaSEyKvFHBauJ_dX94mthBg,오단밍 다시보기,1240,2024-09-15,,2026-08-31 23:21:03,잔잔 풀세트,odanming,https://cafe.naver.com/listellaofficial,mysmallvtuber.net,2026-09-01T03:00:43Z
aW5PR7FXVgGQznuFYtfs,오단밍,,chzzk,f3b204dd3fd6925835ca1848cd4b6d3c,https://chzzk.naver.com/f3b204dd3fd6925835ca1848cd4b6d3c,오단밍,17730,2024-09-15,,2026-08-31 23:21:03,잔잔 풀세트,odanming,https://cafe.naver.com/listellaofficial,mysmallvtuber.net,2026-09-01T03:00:43Z
vaF2wnSv7NRGNLrBPVab,히즈키 나루,,youtube,UCMT86hiNPnDW0_1Io63Nk7A,https://www.youtube.com/channel/UCMT86hiNPnDW0_1Io63Nk7A,히즈키 나루,2700,2023-07-14,,2026-08-31 18:52:03,5252 는 없는방,,https://cafe.naver.com/owohehe,mysmallvtuber.net,2026-09-01T03:00:43Z
vaF2wnSv7NRGNLrBPVab,히즈키 나루,,youtube,UCNSM3AQGb0j1q5cgBY5Xqng,https://www.youtube.com/channel/UCNSM3AQGb0j1q5cgBY5Xqng,알배추나루,478,2023-07-14,,2026-08-31 18:52:03,5252 는 없는방,,https://cafe.naver.com/owohehe,mysmallvtuber.net,2026-09-01T03:00:43Z
vaF2wnSv7NRGNLrBPVab,히즈키 나루,,chzzk,f7e71c69f222a684ed3e323e025d1fa7,https://chzzk.naver.com/f7e71c69f222a684ed3e323e025d1fa7,히즈키 나루,3884,2023-07-14,,2026-08-31 18:52:03,5252 는 없는방,,https://cafe.naver.com/owohehe,mysmallvtuber.net,2026-09-01T03:00:43Z
7dtFF5UJFACbFp3cBswQ,인텔리 치에,,chzzk,c3f5bd2427513f5d97ffb3569d6b4706,https://chzzk.naver.com/c3f5bd2427513f5d97ffb3569d6b4706,인텔리 치에,211,,,2000-01-01 00:00:00,초기등록(업데이트 전),YSGH01,,mysmallvtuber.net,2026-09-01T03:00:43Z
4GV2pYgmsKa3hgTZ4ZkY,유 식혜,,youtube,UC1XH6Fj8B0WcCJ2gwYkeKfA,https://www.youtube.com/channel/UC1XH6Fj8B0WcCJ2gwYkeKfA,유식혜,904,2023-03-20,,2026-08-31 18:29:03,카페 탈탈탈 털어보는 날 ! ! !! ! ! ! ( •̀ ω •́ )✧,,https://cafe.naver.com/sikhyelove,mysmallvtuber.net,2026-09-01T03:00:43Z
4GV2pYgmsKa3hgTZ4ZkY,유 식혜,,youtube,UCFFGC8jXMnsun4JSWbqstFA,https://www.youtube.com/channel/UCFFGC8jXMnsun4JSWbqstFA,유식혜 다시보기,503,2023-03-20,,2026-08-31 18:29:03,카페 탈탈탈 털어보는 날 ! ! !! ! ! ! ( •̀ ω •́ )✧,,https://cafe.naver.com/sikhyelove,mysmallvtuber.net,2026-09-01T03:00:43Z
4GV2pYgmsKa3hgTZ4ZkY,유 식혜,,chzzk,6083cd428f4fe0a2c3c806917827e310,https://chzzk.naver.com/6083cd428f4fe0a2c3c806917827e310,유 식혜,3683,2023-03-20,,2026-08-31 18:29:03,카페 탈탈탈 털어보는 날 ! ! !! ! ! ! ( •̀ ω •́ )✧,,https://cafe.naver.com/sikhyelove,mysmallvtuber.net,2026-09-01T03:00:43Z
2HvNMT7BK5SXydxRqekL,찌아에용,,chzzk,be745b77d16bc2e9cfad5d04bcf8dabb,https://chzzk.naver.com/be745b77d16bc2e9cfad5d04bcf8dabb,찌아에용,877,2024-01-18,,2026-08-31 18:45:06,용비늘 그런건 없다,,https://discord.com/invite/NvsafrP8xw,mysmallvtuber.net,2026-09-01T03:00:43Z
kZePysnTRHrgFP4NbdKe,아마이 로비,,youtube,UCf3clQuRsHqNWK1tAmr7hFA,https://www.youtube.com/channel/UCf3clQuRsHqNWK1tAmr7hFA,로비도비다시보기,320,2025-01-18,,2026-08-31 13:44:03,긴 절망 속에서 살아가고 있지만 내게 주어진 삶을 계속 살아가 ˖Ი𐑼ֶָ֢݁,Amai_Lovy,https://cafe.naver.com/veritaofficial,mysmallvtuber.net,2026-09-01T03:00:43Z
kZePysnTRHrgFP4NbdKe,아마이 로비,,chzzk,edd8e04e375fb80edd928f174c23c303,https://chzzk.naver.com/edd8e04e375fb80edd928f174c23c303,아마이 로비,3211,2025-01-18,,2026-08-31 13:44:03,긴 절망 속에서 살아가고 있지만 내게 주어진 삶을 계속 살아가 ˖Ი𐑼ֶָ֢݁,Amai_Lovy,https://cafe.naver.com/veritaofficial,mysmallvtuber.net,2026-09-01T03:00:43Z
TeEV52fIEOoPuyWf8yDZ,포키쨩,,youtube,UCGOojUpn8QUVmZggtIoJu4A,https://www.youtube.com/channel/UCGOojUpn8QUVmZggtIoJu4A,포키쨩,7190,2022-11-11,,2026-09-01 01:18:03,오늘은 좀 늦게와잉!,POCKY_Chan8_8,https://cafe.naver.com/allyearopen24hours,mysmallvtuber.net,2026-09-01T03:00:43Z
TeEV52fIEOoPuyWf8yDZ,포키쨩,,youtube,UCANEEITdmcqaROZc1mwUAWw,https://www.youtube.com/channel/UCANEEITdmcqaROZc1mwUAWw,FULL포키 [ 포키쨩 생방송 다시보기 ],1170,2022-11-11,,2026-09-01 01:18:03,오늘은 좀 늦게와잉!,POCKY_Chan8_8,https://cafe.naver.com/allyearopen24hours,mysmallvtuber.net,2026-09-01T03:00:43Z
TeEV52fIEOoPuyWf8yDZ,포키쨩,,chzzk,c8adce2ff4a3618931e07c327e1fa070,https://chzzk.naver.com/c8adce2ff4a3618931e07c327e1fa070,포키쨩,29514,2022-11-11,,2026-09-01 01:18:03,오늘은 좀 늦게와잉!,POCKY_Chan8_8,https://cafe.naver.com/allyearopen24hours,mysmallvtuber.net,2026-09-01T03:00:43Z
p2byae43qQbdsp49CFAg,티뭉,,youtube,UC3_OSeu-itObSr02JKmNRDw,https://www.youtube.com/channel/UC3_OSeu-itObSr02JKmNRDw,티뭉 timoong,15100,2023-10-26,,2026-08-31 16:04:03,트위치에서 3개월 방송하고 멸망해버린 사람의 트위치 밈 월드컵,,https://cafe.naver.com/timoong,mysmallvtuber.net,2026-09-01T03:00:43Z
p2byae43qQbdsp49CFAg,티뭉,,chzzk,26253bf7ed6b95832c40f4f43f6d049d,https://chzzk.naver.com/26253bf7ed6b95832c40f4f43f6d049d,티뭉,32467,2023-10-26,,2026-08-31 16:04:03,트위치에서 3개월 방송하고 멸망해버린 사람의 트위치 밈 월드컵,,https://cafe.naver.com/timoong,mysmallvtuber.net,2026-09-01T03:00:43Z
86Mc7SqkbYSjvrQCbWC2,도사 반야,,chzzk,928d0f3f3aa100dcffdbec87260c30d0,https://chzzk.naver.com/928d0f3f3aa100dcffdbec87260c30d0,도사 반야,953,2024-08-19,,2026-08-31 12:06:03,출근길 라디오,Banya0723,https://cafe.naver.com/zarak,mysmallvtuber.net,2026-09-01T03:00:43Z
XfHTJv7SCDfLMRXAWtz6,온하얀 ONHAYAN,ONHAYAN,youtube,UC2MteJDOxQAFttPrFoH8MvQ,https://www.youtube.com/channel/UC2MteJDOxQAFttPrFoH8MvQ,온하얀 ONHAYAN,2170,2025-01-26,,2026-08-31 12:02:03,쪼은 아침이야!,onwhite090,https://cafe.naver.com/stardreamco,mysmallvtuber.net,2026-09-01T03:00:43Z
XfHTJv7SCDfLMRXAWtz6,온하얀 ONHAYAN,ONHAYAN,chzzk,91caa53fc6cf5ee3cdbc802bd23bf155,https://chzzk.naver.com/91caa53fc6cf5ee3cdbc802bd23bf155,온하얀 ONHAYAN,4304,2025-01-26,,2026-08-31 12:02:03,쪼은 아침이야!,onwhite090,https://cafe.naver.com/stardreamco,mysmallvtuber.net,2026-09-01T03:00:43Z
mnVLnDhtSxPGAewJ7KcM,도화비,,youtube,UCYNFG4jEDt-W6_DwVErEIhQ,https://www.youtube.com/channel/UCYNFG4jEDt-W6_DwVErEIhQ,도화비 DoHwaBi,58,2024-02-29,,2026-08-31 14:10:05,[명조 PV 월드컵] 아내 찾아 삼만리. 찾아도 복각까지 최소 6개월이라는데..(๑╹∀╹๑),Do77HBi_DoHwaBi,https://cafe.naver.com/exceptionalstudio,mysmallvtuber.net,2026-09-01T03:00:43Z
mnVLnDhtSxPGAewJ7KcM,도화비,,youtube,UCA_3FVoNoJbtxXzLXg7ZV0g,https://www.youtube.com/channel/UCA_3FVoNoJbtxXzLXg7ZV0g,도겜비 다시보기,188,2024-02-29,,2026-08-31 14:10:05,[명조 PV 월드컵] 아내 찾아 삼만리. 찾아도 복각까지 최소 6개월이라는데..(๑╹∀╹๑),Do77HBi_DoHwaBi,https://cafe.naver.com/exceptionalstudio,mysmallvtuber.net,2026-09-01T03:00:43Z
mnVLnDhtSxPGAewJ7KcM,도화비,,chzzk,b2382c5940fe09f71f6de5a740d2de2b,https://chzzk.naver.com/b2382c5940fe09f71f6de5a740d2de2b,도화비,1977,2024-02-29,,2026-08-31 14:10:05,[명조 PV 월드컵] 아내 찾아 삼만리. 찾아도 복각까지 최소 6개월이라는데..(๑╹∀╹๑),Do77HBi_DoHwaBi,https://cafe.naver.com/exceptionalstudio,mysmallvtuber.net,2026-09-01T03:00:43Z
UtLDD4B4wZAwcxXDTXUJ,비비챰,,youtube,UCwvU0ob3jN0w3zXmKaHM1og,https://www.youtube.com/channel/UCwvU0ob3jN0w3zXmKaHM1og,비비챰,788,2023-09-18,,2026-08-31 10:04:02,[모이는 라디오] 오늘은 우산을 꼭 챙기세요 ᴗ  ̫ ᴗ,beebcham,https://cafe.naver.com/charmbar,mysmallvtuber.net,2026-09-01T03:00:43Z
UtLDD4B4wZAwcxXDTXUJ,비비챰,,youtube,UCbPE8lcPrguLziDJ6WBFfqA,https://www.youtube.com/channel/UCbPE8lcPrguLziDJ6WBFfqA,비비챰의 비챰식량,184,2023-09-18,,2026-08-31 10:04:02,[모이는 라디오] 오늘은 우산을 꼭 챙기세요 ᴗ  ̫ ᴗ,beebcham,https://cafe.naver.com/charmbar,mysmallvtuber.net,2026-09-01T03:00:43Z
UtLDD4B4wZAwcxXDTXUJ,비비챰,,chzzk,5d2d579e1c5ddf327e10b024c0e7caaf,https://chzzk.naver.com/5d2d579e1c5ddf327e10b024c0e7caaf,비비챰,1477,2023-09-18,,2026-08-31 10:04:02,[모이는 라디오] 오늘은 우산을 꼭 챙기세요 ᴗ  ̫ ᴗ,beebcham,https://cafe.naver.com/charmbar,mysmallvtuber.net,2026-09-01T03:00:43Z
JCKUaq2bq8svF4yMhb62,킴딸기,,youtube,UCFfs-bkSS0bK-55EAecRKyA,https://www.youtube.com/channel/UCFfs-bkSS0bK-55EAecRKyA,사고뭉치 킴딸기,965,2023-08-13,,2026-08-31 14:22:02,자 이제 이쁘니들이랑 놀아볼까? W 세십[그냥서버 업 부탁드립니다!] [글로비],,https://cafe.naver.com/talggysfamilia,mysmallvtuber.net,2026-09-01T03:00:43Z
JCKUaq2bq8svF4yMhb62,킴딸기,,soop,kimtalggy,https://ch.sooplive.co.kr/kimtalggy,킴딸기,1375,2023-08-13,,2026-08-31 14:22:02,자 이제 이쁘니들이랑 놀아볼까? W 세십[그냥서버 업 부탁드립니다!] [글로비],,https://cafe.naver.com/talggysfamilia,mysmallvtuber.net,2026-09-01T03:00:43Z
jap6MCQMKuNnuXdaCZ4y,RED레드,RED,youtube,UCuBY91pXJqh0pkZ7bU_s_uw,https://www.youtube.com/channel/UCuBY91pXJqh0pkZ7bU_s_uw,RED레드,42900,2024-09-01,,2026-08-31 11:07:03,[✨데뷔 2주년 D-1✨] 밤새 싱드컵 클립 AR 준비하고 잠깐 게릴라 노래뱅,RED_vtu,https://cafe.naver.com/redwithcrown,mysmallvtuber.net,2026-09-01T03:00:43Z
jap6MCQMKuNnuXdaCZ4y,RED레드,RED,youtube,UCHOX9c33dQZp6hAxRZZmyxg,https://www.youtube.com/channel/UCHOX9c33dQZp6hAxRZZmyxg,RED레드 다시보기,5310,2024-09-01,,2026-08-31 11:07:03,[✨데뷔 2주년 D-1✨] 밤새 싱드컵 클립 AR 준비하고 잠깐 게릴라 노래뱅,RED_vtu,https://cafe.naver.com/redwithcrown,mysmallvtuber.net,2026-09-01T03:00:43Z
jap6MCQMKuNnuXdaCZ4y,RED레드,RED,chzzk,a96cea2d2c39cec636ba8170c66a0510,https://chzzk.naver.com/a96cea2d2c39cec636ba8170c66a0510,RED레드,46361,2024-09-01,,2026-08-31 11:07:03,[✨데뷔 2주년 D-1✨] 밤새 싱드컵 클립 AR 준비하고 잠깐 게릴라 노래뱅,RED_vtu,https://cafe.naver.com/redwithcrown,mysmallvtuber.net,2026-09-01T03:00:43Z
vqDs48wu2vkLDwr9Yxwp,카가야키 노바,,youtube,UCgmx-SrWts6ThfpWwSa69gA,https://www.youtube.com/channel/UCgmx-SrWts6ThfpWwSa69gA,카가야키 노바 KAGAYAKI NOVA,2830,2026-07-18,,2026-08-31 09:06:03,출근 라디웡 =ㅅ=,KagayakiNova_,https://cafe.naver.com/kagayakinova,mysmallvtuber.net,2026-09-01T03:00:43Z
vqDs48wu2vkLDwr9Yxwp,카가야키 노바,,youtube,UCQnLelmh-HAR-pr28DlWCQg,https://www.youtube.com/channel/UCQnLelmh-HAR-pr28DlWCQg,타코야끼 노바,264,2026-07-18,,2026-08-31 09:06:03,출근 라디웡 =ㅅ=,KagayakiNova_,https://cafe.naver.com/kagayakinova,mysmallvtuber.net,2026-09-01T03:00:43Z
vqDs48wu2vkLDwr9Yxwp,카가야키 노바,,chzzk,b73696a325726b5aba0c391b4c70ab46,https://chzzk.naver.com/b73696a325726b5aba0c391b4c70ab46,카가야키 노바,5325,2026-07-18,,2026-08-31 09:06:03,출근 라디웡 =ㅅ=,KagayakiNova_,https://cafe.naver.com/kagayakinova,mysmallvtuber.net,2026-09-01T03:00:43Z
S4WybtChWxWMLqhqB2Tr,시 네 진,,youtube,UCT4ZYhDSS_JAgQailFA4p6A,https://www.youtube.com/channel/UCT4ZYhDSS_JAgQailFA4p6A,시네진,1160,2024-08-13,,2026-08-31 06:03:02,너무너무너무너무너무너무보고싶어서이시간에잠깐이라도보고싶은데우때ㅠㅠㅠ,Sinezin1016,https://cafe.naver.com/spwls1016,mysmallvtuber.net,2026-09-01T03:00:43Z
S4WybtChWxWMLqhqB2Tr,시 네 진,,chzzk,27c308b12e19387d2bc9332c2df66f83,https://chzzk.naver.com/27c308b12e19387d2bc9332c2df66f83,시 네 진,1821,2024-08-13,,2026-08-31 06:03:02,너무너무너무너무너무너무보고싶어서이시간에잠깐이라도보고싶은데우때ㅠㅠㅠ,Sinezin1016,https://cafe.naver.com/spwls1016,mysmallvtuber.net,2026-09-01T03:00:43Z
ej83s6tJe8PSHwburnYt,양담비,,youtube,UCnT61UeHmEyCCanr9c-lGEw,https://www.youtube.com/channel/UCnT61UeHmEyCCanr9c-lGEw,양담비 YangDambi,889,2022-07-01,,2026-08-31 06:37:03,아닌 새벽에 싱크룸 💭,Yangdambi_,https://cafe.naver.com/luminia,mysmallvtuber.net,2026-09-01T03:00:43Z
ej83s6tJe8PSHwburnYt,양담비,,youtube,UC2MgllF_5RR-bsgF1HLdg_A,https://www.youtube.com/channel/UC2MgllF_5RR-bsgF1HLdg_A,양담비 다시보기,156,2022-07-01,,2026-08-31 06:37:03,아닌 새벽에 싱크룸 💭,Yangdambi_,https://cafe.naver.com/luminia,mysmallvtuber.net,2026-09-01T03:00:43Z
ej83s6tJe8PSHwburnYt,양담비,,chzzk,21e45f2d67f33b783e58a0823ac43d2b,https://chzzk.naver.com/21e45f2d67f33b783e58a0823ac43d2b,양담비,2887,2022-07-01,,2026-08-31 06:37:03,아닌 새벽에 싱크룸 💭,Yangdambi_,https://cafe.naver.com/luminia,mysmallvtuber.net,2026-09-01T03:00:43Z
GDHjbUdj7ucHa6jjKezp,마젯,,youtube,UCEmnAcKG61C1OhlqAeh9KUA,https://www.youtube.com/channel/UCEmnAcKG61C1OhlqAeh9KUA,마젯 Mazet,57200,2023-04-01,,2026-08-31 03:10:03,🐌올림포스가디언 가취봐욥 1화~,ma__zet,https://cafe.naver.com/mazet,mysmallvtuber.net,2026-09-01T03:00:43Z
GDHjbUdj7ucHa6jjKezp,마젯,,youtube,UCAO_8cy5NqEKx7EjsIq98ag,https://www.youtube.com/channel/UCAO_8cy5NqEKx7EjsIq98ag,마젯 다시보기,3030,2023-04-01,,2026-08-31 03:10:03,🐌올림포스가디언 가취봐욥 1화~,ma__zet,https://cafe.naver.com/mazet,mysmallvtuber.net,2026-09-01T03:00:43Z
GDHjbUdj7ucHa6jjKezp,마젯,,chzzk,9ff4bdc7aa4f3384e84db402bc128b0c,https://chzzk.naver.com/9ff4bdc7aa4f3384e84db402bc128b0c,마젯,26073,2023-04-01,,2026-08-31 03:10:03,🐌올림포스가디언 가취봐욥 1화~,ma__zet,https://cafe.naver.com/mazet,mysmallvtuber.net,2026-09-01T03:00:43Z
Bu2WBcGFc5etPnGvDqv3,고순해,,youtube,UCGdAiNQhIeZnvz8nH7wjKyw,https://www.youtube.com/channel/UCGdAiNQhIeZnvz8nH7wjKyw,고순해,415,2023-10-20,,2026-08-31 05:27:03,1등하면 np추첨 ✿,,https://cafe.naver.com/gosunhae,mysmallvtuber.net,2026-09-01T03:00:43Z
Bu2WBcGFc5etPnGvDqv3,고순해,,chzzk,19f9ece522b9155b4e577d7b9b46103a,https://chzzk.naver.com/19f9ece522b9155b4e577d7b9b46103a,고순해,3099,2023-10-20,,2026-08-31 05:27:03,1등하면 np추첨 ✿,,https://cafe.naver.com/gosunhae,mysmallvtuber.net,2026-09-01T03:00:43Z
NMqtLDZGSfgWJ6CuXwRp,초깨비,,youtube,UCZnrdNaOFqniv7qEEqQFvIg,https://www.youtube.com/channel/UCZnrdNaOFqniv7qEEqQFvIg,초깨비,344000,,,2026-08-31 03:46:02,게릴라)일하면서 하루 마무리=O=📗,choggebi,https://cafe.naver.com/choggeb2,mysmallvtuber.net,2026-09-01T03:00:43Z
NMqtLDZGSfgWJ6CuXwRp,초깨비,,chzzk,58fbc220638009db28385db1112d22df,https://chzzk.naver.com/58fbc220638009db28385db1112d22df,초깨비,6409,,,2026-08-31 03:46:02,게릴라)일하면서 하루 마무리=O=📗,choggebi,https://cafe.naver.com/choggeb2,mysmallvtuber.net,2026-09-01T03:00:43Z
mdRNvcxMAb3QqbSXDcjD,밍슈 Miingshu,Miingshu,youtube,UCGZZEAreGIYUK54LRFOXHWQ,https://www.youtube.com/channel/UCGZZEAreGIYUK54LRFOXHWQ,밍슈 Miingshu,96,2025-03-17,,2026-08-31 03:53:02,하이슈크림빵 💙,,https://cafe.naver.com/shushushuba,mysmallvtuber.net,2026-09-01T03:00:43Z
mdRNvcxMAb3QqbSXDcjD,밍슈 Miingshu,Miingshu,chzzk,a74b18c39e149fc456e6194beada6c0f,https://chzzk.naver.com/a74b18c39e149fc456e6194beada6c0f,밍슈 Miingshu,1001,2025-03-17,,2026-08-31 03:53:02,하이슈크림빵 💙,,https://cafe.naver.com/shushushuba,mysmallvtuber.net,2026-09-01T03:00:43Z
6EjdT3TjydkNPTKqFVEh,유키라,,youtube,UCQT3WjZYASqLyYcEUblKmrg,https://www.youtube.com/channel/UCQT3WjZYASqLyYcEUblKmrg,유키라,13100,,,2026-08-31 00:03:02,숲 최초 페이트 스트레인지 페이크 애니 보여드립니다. (다시보기 없음),,https://cafe.naver.com/kirasroom,mysmallvtuber.net,2026-09-01T03:00:43Z
6EjdT3TjydkNPTKqFVEh,유키라,,soop,kirababy2,https://ch.sooplive.co.kr/kirababy2,유키라,19739,,,2026-08-31 00:03:02,숲 최초 페이트 스트레인지 페이크 애니 보여드립니다. (다시보기 없음),,https://cafe.naver.com/kirasroom,mysmallvtuber.net,2026-09-01T03:00:43Z
Swsg4BzvgAebt5GsXMJD,루비 포르테스,,youtube,UCH2J0xN3viCMS6ngq8hCl8Q,https://www.youtube.com/channel/UCH2J0xN3viCMS6ngq8hCl8Q,루비 포르테스,438,2024-04-14,,2026-08-31 01:37:03,군필만 아는 문제?,,https://cafe.naver.com/rubyfortese,mysmallvtuber.net,2026-09-01T03:00:43Z
Swsg4BzvgAebt5GsXMJD,루비 포르테스,,youtube,UC_SpEpEQhCvMjPdy0JBaG7g,https://www.youtube.com/channel/UC_SpEpEQhCvMjPdy0JBaG7g,루비(잠시봉인),112,2024-04-14,,2026-08-31 01:37:03,군필만 아는 문제?,,https://cafe.naver.com/rubyfortese,mysmallvtuber.net,2026-09-01T03:00:43Z
Swsg4BzvgAebt5GsXMJD,루비 포르테스,,chzzk,e6c1912127a136be2cbce1db7ef0a816,https://chzzk.naver.com/e6c1912127a136be2cbce1db7ef0a816,루비 포르테스,1729,2024-04-14,,2026-08-31 01:37:03,군필만 아는 문제?,,https://cafe.naver.com/rubyfortese,mysmallvtuber.net,2026-09-01T03:00:43Z
5gmtzNtKKEMMFdjNeNdu,아메oO,oO,youtube,UC_ZcP5rJyf-aNJH-8I-UkEA,https://www.youtube.com/channel/UC_ZcP5rJyf-aNJH-8I-UkEA,아메Ame,2150,2025-07-22,,2026-08-31 00:15:05,명조 콘서트다녀왔뜸,,,mysmallvtuber.net,2026-09-01T03:00:43Z
5gmtzNtKKEMMFdjNeNdu,아메oO,oO,youtube,UCxyzRrOO3mnEiKcJGkx1xtQ,https://www.youtube.com/channel/UCxyzRrOO3mnEiKcJGkx1xtQ,아메 다시보기,9740,2025-07-22,,2026-08-31 00:15:05,명조 콘서트다녀왔뜸,,,mysmallvtuber.net,2026-09-01T03:00:43Z
5gmtzNtKKEMMFdjNeNdu,아메oO,oO,chzzk,d83d9f968dfb3ad68806ee7611bd9b08,https://chzzk.naver.com/d83d9f968dfb3ad68806ee7611bd9b08,아메oO,1062,2025-07-22,,2026-08-31 00:15:05,명조 콘서트다녀왔뜸,,,mysmallvtuber.net,2026-09-01T03:00:43Z
7Q3nUKd7rmeSG3rK8dHW,베일리 베리,,youtube,UCFxq7aGlBPZXnN2eZhiy97w,https://www.youtube.com/channel/UCFxq7aGlBPZXnN2eZhiy97w,베리또봐,78,2025-04-12,,2026-08-31 00:49:03,심야토크 with 베리,Bailee_Berry_,https://cafe.naver.com/novasac,mysmallvtuber.net,2026-09-01T03:00:43Z
7Q3nUKd7rmeSG3rK8dHW,베일리 베리,,chzzk,8cfe484e0a722db2b4422092c6520bc0,https://chzzk.naver.com/8cfe484e0a722db2b4422092c6520bc0,베일리 베리,601,2025-04-12,,2026-08-31 00:49:03,심야토크 with 베리,Bailee_Berry_,https://cafe.naver.com/novasac,mysmallvtuber.net,2026-09-01T03:00:43Z
pzZdtDkZTEu54HQD3bhu,박도나,,youtube,UC52nnTXLGl1ZZVQc-YXAKLQ,https://www.youtube.com/channel/UC52nnTXLGl1ZZVQc-YXAKLQ,Parkdona ch. 박도나,131000,2022-11-13,,2026-08-31 00:06:02,야심한 밤 게릴라로 나타난 도나찌,DONADONAPLAY,https://cafe.naver.com/parkdona,mysmallvtuber.net,2026-09-01T03:00:43Z
pzZdtDkZTEu54HQD3bhu,박도나,,youtube,UCuf5zqlYUzB1T7Za2OlNfKA,https://www.youtube.com/channel/UCuf5zqlYUzB1T7Za2OlNfKA,박도나 VOD,19200,2022-11-13,,2026-08-31 00:06:02,야심한 밤 게릴라로 나타난 도나찌,DONADONAPLAY,https://cafe.naver.com/parkdona,mysmallvtuber.net,2026-09-01T03:00:43Z
pzZdtDkZTEu54HQD3bhu,박도나,,chzzk,95a050b9250958bec51343e5ae24b8f4,https://chzzk.naver.com/95a050b9250958bec51343e5ae24b8f4,박도나,21765,2022-11-13,,2026-08-31 00:06:02,야심한 밤 게릴라로 나타난 도나찌,DONADONAPLAY,https://cafe.naver.com/parkdona,mysmallvtuber.net,2026-09-01T03:00:43Z
TGXXzSc394XT55WdcTzQ,호로라 Horora,Horora,youtube,UCpt1bIJIzBRsMzAC6XyIXqQ,https://www.youtube.com/channel/UCpt1bIJIzBRsMzAC6XyIXqQ,호로라,11100,,,2026-08-31 00:16:03,뽀나스 방송,,https://cafe.naver.com/hxrxra,mysmallvtuber.net,2026-09-01T03:00:43Z
TGXXzSc394XT55WdcTzQ,호로라 Horora,Horora,chzzk,b54e6349785f789d10edc822c0ef4b89,https://chzzk.naver.com/b54e6349785f789d10edc822c0ef4b89,호로라 Horora,1613,,,2026-08-31 00:16:03,뽀나스 방송,,https://cafe.naver.com/hxrxra,mysmallvtuber.net,2026-09-01T03:00:43Z
6xbK8NcAxEd5L6cbq3Av,요아케노 나나시,,youtube,UCHQ6tPf_RjrZBqBT0na1K2g,https://www.youtube.com/channel/UCHQ6tPf_RjrZBqBT0na1K2g,나나시의 노래저장고,694,2025-02-11,,2026-08-30 23:36:03,자기전에잠깐,nanashi_chzzk,https://cafe.naver.com/nanashi,mysmallvtuber.net,2026-09-01T03:00:43Z
6xbK8NcAxEd5L6cbq3Av,요아케노 나나시,,chzzk,e500ce8da6637e4b7ee255709ddb3ffe,https://chzzk.naver.com/e500ce8da6637e4b7ee255709ddb3ffe,요아케노 나나시,12833,2025-02-11,,2026-08-30 23:36:03,자기전에잠깐,nanashi_chzzk,https://cafe.naver.com/nanashi,mysmallvtuber.net,2026-09-01T03:00:43Z
zkVgNbF6AkATsCdGBdzj,유논 YUNON,YUNON,youtube,UCtD8lp3h303iLyIJZ9c2lYA,https://www.youtube.com/channel/UCtD8lp3h303iLyIJZ9c2lYA,유논 YUNON [VRECORD],11600,2022-01-22,,2026-08-30 22:02:03,2박3일 여행가기전에 인사하러왓음,vrecord_yunon,https://cafe.naver.com/vrecord,mysmallvtuber.net,2026-09-01T03:00:43Z
zkVgNbF6AkATsCdGBdzj,유논 YUNON,YUNON,chzzk,575b8dd00630a025c9ad3729df908abf,https://chzzk.naver.com/575b8dd00630a025c9ad3729df908abf,유논 YUNON,8089,2022-01-22,,2026-08-30 22:02:03,2박3일 여행가기전에 인사하러왓음,vrecord_yunon,https://cafe.naver.com/vrecord,mysmallvtuber.net,2026-09-01T03:00:43Z
pBjmwzXAybn4CuSD8ZtR,하노코,,youtube,UCJDXmm82qUG2zes40taUmJg,https://www.youtube.com/channel/UCJDXmm82qUG2zes40taUmJg,하노코 hanoko,2230,2025-08-02,,2026-08-30 22:39:03,어으.......,hanoko0703,https://cafe.naver.com/studiosegno,mysmallvtuber.net,2026-09-01T03:00:43Z
pBjmwzXAybn4CuSD8ZtR,하노코,,chzzk,6a2f8115bc4301fbae3adb2fbe60182f,https://chzzk.naver.com/6a2f8115bc4301fbae3adb2fbe60182f,하노코,1439,2025-08-02,,2026-08-30 22:39:03,어으.......,hanoko0703,https://cafe.naver.com/studiosegno,mysmallvtuber.net,2026-09-01T03:00:43Z
c7XjH6TBhV6Qz3KKh2QT,온유 ONUU,ONUU,youtube,UCWMu3puueV9WF6riY3PTWvg,https://www.youtube.com/channel/UCWMu3puueV9WF6riY3PTWvg,온유ONUU 다시보기,209,,,2026-08-31 06:37:03,링피트로 몸이 너무 아파서 평타를 못치는 평타 딜러,,https://cafe.naver.com/withonuu,mysmallvtuber.net,2026-09-01T03:00:43Z
c7XjH6TBhV6Qz3KKh2QT,온유 ONUU,ONUU,chzzk,fcb753fcb6007b1fd8a1275562a31b11,https://chzzk.naver.com/fcb753fcb6007b1fd8a1275562a31b11,온유 ONUU,1804,,,2026-08-31 06:37:03,링피트로 몸이 너무 아파서 평타를 못치는 평타 딜러,,https://cafe.naver.com/withonuu,mysmallvtuber.net,2026-09-01T03:00:43Z
da6SBHnHadqa4THCpgXk,히레 hire,hire,youtube,UCNA88sifwpaAMZesydTq8xw,https://www.youtube.com/channel/UCNA88sifwpaAMZesydTq8xw,히레,569,2025-10-18,,2026-08-30 23:54:03,(시참) 인생첫리썰 ＼＼\(۶•̀ᴗ•́)۶//／／🩵,hire02350,,mysmallvtuber.net,2026-09-01T03:00:43Z
da6SBHnHadqa4THCpgXk,히레 hire,hire,chzzk,0be8dc1c87bc63e51380f779123df6aa,https://chzzk.naver.com/0be8dc1c87bc63e51380f779123df6aa,히레 hire,3098,2025-10-18,,2026-08-30 23:54:03,(시참) 인생첫리썰 ＼＼\(۶•̀ᴗ•́)۶//／／🩵,hire02350,,mysmallvtuber.net,2026-09-01T03:00:43Z
tbfyFPQLf6EYQ6epDwMb,노엘 Noel,Noel,youtube,UCs9SkboKfkKpaBG4otD18HA,https://www.youtube.com/channel/UCs9SkboKfkKpaBG4otD18HA,노엘 Noel,18500,2023-02-12,,2026-08-30 23:30:05,메리 고민 상담소🐑,noel_28_28,https://cafe.naver.com/retale0203,mysmallvtuber.net,2026-09-01T03:00:43Z
tbfyFPQLf6EYQ6epDwMb,노엘 Noel,Noel,chzzk,c6883e9be221c06615447b8792d9d8ba,https://chzzk.naver.com/c6883e9be221c06615447b8792d9d8ba,노엘 Noel,2634,2023-02-12,,2026-08-30 23:30:05,메리 고민 상담소🐑,noel_28_28,https://cafe.naver.com/retale0203,mysmallvtuber.net,2026-09-01T03:00:43Z
RyU5YSguyPBzRUZCdgyu,무아 Muah,Muah,youtube,UCKryoDQ1wye6RqiUD60-Wvg,https://www.youtube.com/channel/UCKryoDQ1wye6RqiUD60-Wvg,무아 Muah,16,2026-06-02,,2026-08-30 22:27:03,🐰누워이써요공겜하고소리질러서목이나갔어요૮₍˶ᵔᵕᵔ˶ ₎ა🥕,,https://cafe.naver.com/formuah,mysmallvtuber.net,2026-09-01T03:00:43Z
RyU5YSguyPBzRUZCdgyu,무아 Muah,Muah,chzzk,e16604fb8b78344f68a791c8b0b907fa,https://chzzk.naver.com/e16604fb8b78344f68a791c8b0b907fa,무아 Muah,276,2026-06-02,,2026-08-30 22:27:03,🐰누워이써요공겜하고소리질러서목이나갔어요૮₍˶ᵔᵕᵔ˶ ₎ა🥕,,https://cafe.naver.com/formuah,mysmallvtuber.net,2026-09-01T03:00:43Z
BA7ctZezW6dvTNP5x8RA,키르슈 아슈,,youtube,UChv_MYJLqw3EZSYiszEMZnw,https://www.youtube.com/channel/UChv_MYJLqw3EZSYiszEMZnw,Asyu CH. 키르슈 아슈,2440,2024-05-15,,2026-08-30 23:24:03,🩸단호박과 영도데이,kileusyu_asyu,https://cafe.naver.com/lussiacademy,mysmallvtuber.net,2026-09-01T03:00:43Z
BA7ctZezW6dvTNP5x8RA,키르슈 아슈,,chzzk,f90f9a806fe5446bd87c7f4244451e00,https://chzzk.naver.com/f90f9a806fe5446bd87c7f4244451e00,키르슈 아슈,1283,2024-05-15,,2026-08-30 23:24:03,🩸단호박과 영도데이,kileusyu_asyu,https://cafe.naver.com/lussiacademy,mysmallvtuber.net,2026-09-01T03:00:43Z
z5XPb9DHLSyW6yddujwg,아이노 에리,,youtube,UC-LNQa4_l6-c6EHfoETLuWQ,https://www.youtube.com/channel/UC-LNQa4_l6-c6EHfoETLuWQ,아이노 에리,515,2024-08-11,,2026-08-31 01:20:04,마크 코블몬 모드！ (⸝⸝•ᴗ•⸝⸝ )✨,AinoErie,https://cafe.naver.com/serionn,mysmallvtuber.net,2026-09-01T03:00:43Z
z5XPb9DHLSyW6yddujwg,아이노 에리,,youtube,UCg1d7Nf0NGllHqNOnExwl3w,https://www.youtube.com/channel/UCg1d7Nf0NGllHqNOnExwl3w,아이노 에리 다시보기,312,2024-08-11,,2026-08-31 01:20:04,마크 코블몬 모드！ (⸝⸝•ᴗ•⸝⸝ )✨,AinoErie,https://cafe.naver.com/serionn,mysmallvtuber.net,2026-09-01T03:00:43Z
z5XPb9DHLSyW6yddujwg,아이노 에리,,chzzk,4a08704e0c809f0e3017c3b4aacc17f3,https://chzzk.naver.com/4a08704e0c809f0e3017c3b4aacc17f3,아이노 에리,433,2024-08-11,,2026-08-31 01:20:04,마크 코블몬 모드！ (⸝⸝•ᴗ•⸝⸝ )✨,AinoErie,https://cafe.naver.com/serionn,mysmallvtuber.net,2026-09-01T03:00:43Z
NnFAxM77ChcBCNgqQD7c,랏코 아쿠비,,youtube,UCwNuQ4XVjgEdYIbiAqG6IOQ,https://www.youtube.com/channel/UCwNuQ4XVjgEdYIbiAqG6IOQ,아쿠비,1980,2024-07-27,,2026-08-30 22:45:03,💙영도데이 ✌🏻,akubi5959,https://cafe.naver.com/akubi5959,mysmallvtuber.net,2026-09-01T03:00:43Z
NnFAxM77ChcBCNgqQD7c,랏코 아쿠비,,youtube,UC2QV3QKTaNZaHLRwWfosUUg,https://www.youtube.com/channel/UC2QV3QKTaNZaHLRwWfosUUg,쿠비 다시보기,56,2024-07-27,,2026-08-30 22:45:03,💙영도데이 ✌🏻,akubi5959,https://cafe.naver.com/akubi5959,mysmallvtuber.net,2026-09-01T03:00:43Z
NnFAxM77ChcBCNgqQD7c,랏코 아쿠비,,chzzk,0c3356ebececc241124bcea53620d91a,https://chzzk.naver.com/0c3356ebececc241124bcea53620d91a,랏코 아쿠비,1154,2024-07-27,,2026-08-30 22:45:03,💙영도데이 ✌🏻,akubi5959,https://cafe.naver.com/akubi5959,mysmallvtuber.net,2026-09-01T03:00:43Z
gWLvFdThKWnEuK34yFbM,강운실,,youtube,UCy9gmfG3B-q42vBOfK2qN3w,https://www.youtube.com/channel/UCy9gmfG3B-q42vBOfK2qN3w,강운실,78,,,2026-08-30 23:20:05,요정은 살아나갈 수 있을까? [합방],riverunsil,,mysmallvtuber.net,2026-09-01T03:00:43Z
gWLvFdThKWnEuK34yFbM,강운실,,youtube,UCcHXWmYD5MH-6YXujxwy1Sw,https://www.youtube.com/channel/UCcHXWmYD5MH-6YXujxwy1Sw,강운실 다시보기,63,,,2026-08-30 23:20:05,요정은 살아나갈 수 있을까? [합방],riverunsil,,mysmallvtuber.net,2026-09-01T03:00:43Z
gWLvFdThKWnEuK34yFbM,강운실,,chzzk,a8d295e3e4f1d771e4f29aed42d664b5,https://chzzk.naver.com/a8d295e3e4f1d771e4f29aed42d664b5,강운실,354,,,2026-08-30 23:20:05,요정은 살아나갈 수 있을까? [합방],riverunsil,,mysmallvtuber.net,2026-09-01T03:00:43Z
38CnARGRMngP8xLJbkMU,유나욘,,youtube,UCx8zoL_sTds7wJahHG2c_Zg,https://www.youtube.com/channel/UCx8zoL_sTds7wJahHG2c_Zg,유나욘 YOUNAYON,1170,2024-06-20,,2026-08-31 13:25:04,저 오늘 삼겹살 먹을거예요 ლ(╹◡╹ლ),,https://cafe.naver.com/yontie,mysmallvtuber.net,2026-09-01T03:00:43Z
38CnARGRMngP8xLJbkMU,유나욘,,chzzk,652abc4f57f73627fd3b63c1acb46735,https://chzzk.naver.com/652abc4f57f73627fd3b63c1acb46735,유나욘,1783,2024-06-20,,2026-08-31 13:25:04,저 오늘 삼겹살 먹을거예요 ლ(╹◡╹ლ),,https://cafe.naver.com/yontie,mysmallvtuber.net,2026-09-01T03:00:43Z
RC7awq6DRZn9W5srgmJv,남다늘,,youtube,UCSYri_aFcQcL-gD_7FhKxvQ,https://www.youtube.com/channel/UCSYri_aFcQcL-gD_7FhKxvQ,남다늘 생방송다시보기채널,233,,,2026-08-31 00:53:03,😌문화가 있는 밤 특집 : 후후후후열 토크 😌,daneol__,https://cafe.naver.com/namdaneol,mysmallvtuber.net,2026-09-01T03:00:43Z
RC7awq6DRZn9W5srgmJv,남다늘,,chzzk,1218d91de2df4a7f6416a7c986418ba5,https://chzzk.naver.com/1218d91de2df4a7f6416a7c986418ba5,남다늘,733,,,2026-08-31 00:53:03,😌문화가 있는 밤 특집 : 후후후후열 토크 😌,daneol__,https://cafe.naver.com/namdaneol,mysmallvtuber.net,2026-09-01T03:00:43Z
4qcrf23D3dYXZX899YLB,듀어,,soop,msple1006,https://ch.sooplive.co.kr/msple1006,듀어,336,2024-03-16,,2026-08-30 21:51:03,생존신고~,Dyueo1006,https://cafe.naver.com/dyueo,mysmallvtuber.net,2026-09-01T03:00:43Z
QXtCzUC2G5csmMSGknYr,니니♥♥♥,,soop,honeys2,https://ch.sooplive.co.kr/honeys2,니니♥♥♥,38676,,,2026-08-31 11:17:02,🎀 우리 동네 편의점 이쁜이 알바생 니니 🎀,,https://cafe.naver.com/babynini,mysmallvtuber.net,2026-09-01T03:00:43Z
KGjFkqL5NryERVeFCL8s,메이 May Lee,May Lee,chzzk,5b5123770ffc827fa7f98a8faccb7541,https://chzzk.naver.com/5b5123770ffc827fa7f98a8faccb7541,메이 May Lee,849,,,2026-08-31 00:57:03,🎉MAY LEE 2ND ANNIVERSARY🎉 메이의 2주년 파튀!!,,https://cafe.naver.com/carrothouse220206,mysmallvtuber.net,2026-09-01T03:00:43Z
7FdMybGT8cy334rMZhTV,쵸꾸미,,youtube,UCLmdK-Fr7KmcsZ3wAcKtVYg,https://www.youtube.com/channel/UCLmdK-Fr7KmcsZ3wAcKtVYg,쵸꾸미,473,2025-07-02,,2026-08-31 00:30:03,GTA 운전 연수 🚦🚗🚙,,https://cafe.naver.com/chyokkumi,mysmallvtuber.net,2026-09-01T03:00:43Z
7FdMybGT8cy334rMZhTV,쵸꾸미,,youtube,UCcSRzoqJzcch_Sfrk0WUyxA,https://www.youtube.com/channel/UCcSRzoqJzcch_Sfrk0WUyxA,쵸꾸미 다시보기,278,2025-07-02,,2026-08-31 00:30:03,GTA 운전 연수 🚦🚗🚙,,https://cafe.naver.com/chyokkumi,mysmallvtuber.net,2026-09-01T03:00:43Z
7FdMybGT8cy334rMZhTV,쵸꾸미,,chzzk,f61107c04a4ae129873da5a5a25e2527,https://chzzk.naver.com/f61107c04a4ae129873da5a5a25e2527,쵸꾸미,4192,2025-07-02,,2026-08-31 00:30:03,GTA 운전 연수 🚦🚗🚙,,https://cafe.naver.com/chyokkumi,mysmallvtuber.net,2026-09-01T03:00:43Z
b995npNhLFbAfsh2xKsN,루멘시,,youtube,UCa3f-95rS3aclqfjQsbFMQw,https://www.youtube.com/channel/UCa3f-95rS3aclqfjQsbFMQw,루멘시 Rumency,20900,2023-10-31,,2026-08-30 22:18:02,🦋 림월드 엔딩런 or 데스런 【 림월드:어노말리 10화 】,MencyRu_Star,https://cafe.naver.com/wantproject,mysmallvtuber.net,2026-09-01T03:00:43Z
b995npNhLFbAfsh2xKsN,루멘시,,chzzk,5e4533b7452d6b9ed7ccfd6d2aa628c6,https://chzzk.naver.com/5e4533b7452d6b9ed7ccfd6d2aa628c6,루멘시,2275,2023-10-31,,2026-08-30 22:18:02,🦋 림월드 엔딩런 or 데스런 【 림월드:어노말리 10화 】,MencyRu_Star,https://cafe.naver.com/wantproject,mysmallvtuber.net,2026-09-01T03:00:43Z
utXkmrhDRacgZBb6pRqU,망야_,,youtube,UCir68f1DVuwXkVtRU_b9woQ,https://www.youtube.com/channel/UCir68f1DVuwXkVtRU_b9woQ,망야 MANGYA,27000,,,2026-08-30 20:31:02,테스트,,https://cafe.naver.com/mangya0305,mysmallvtuber.net,2026-09-01T03:00:43Z
utXkmrhDRacgZBb6pRqU,망야_,,soop,habee511,https://ch.sooplive.co.kr/habee511,망야_,12138,,,2026-08-30 20:31:02,테스트,,https://cafe.naver.com/mangya0305,mysmallvtuber.net,2026-09-01T03:00:43Z
GaSWXe7FgkAjmUbU93su,유쟝이,,youtube,UCvfsKEhUPZHbewhoZKazZ4A,https://www.youtube.com/channel/UCvfsKEhUPZHbewhoZKazZ4A,유쟝이,8730,2018-01-14,,2026-08-30 22:18:02,온몸이 쑤심 청년...,YJI0805,https://discord.com/invite/SbPvE8V,mysmallvtuber.net,2026-09-01T03:00:43Z
GaSWXe7FgkAjmUbU93su,유쟝이,,youtube,UCqmGTvWui-kG8m5dX7XvA6A,https://www.youtube.com/channel/UCqmGTvWui-kG8m5dX7XvA6A,Yujang ASMR,174,2018-01-14,,2026-08-30 22:18:02,온몸이 쑤심 청년...,YJI0805,https://discord.com/invite/SbPvE8V,mysmallvtuber.net,2026-09-01T03:00:43Z
GaSWXe7FgkAjmUbU93su,유쟝이,,chzzk,26957114ae96093a6c58f3ecf9a47aae,https://chzzk.naver.com/26957114ae96093a6c58f3ecf9a47aae,유쟝이,3315,2018-01-14,,2026-08-30 22:18:02,온몸이 쑤심 청년...,YJI0805,https://discord.com/invite/SbPvE8V,mysmallvtuber.net,2026-09-01T03:00:43Z
MXhATgF9HxxsAzCL6zvG,코미야미,,soop,kkomiyami,https://ch.sooplive.co.kr/kkomiyami,코미야미,1135,,,2026-08-31 04:14:03,방종곡 잉💜 (42/442 여름 방셀 룰렛),,,mysmallvtuber.net,2026-09-01T03:00:43Z
Yqe8hdFm3dcJacvrjjc3,시스터 서애,,youtube,UCI1edtdyWcxGuWl8i1pFa7A,https://www.youtube.com/channel/UCI1edtdyWcxGuWl8i1pFa7A,시스터 서애,1260,2025-06-29,,2026-08-30 21:48:03,마감마감마감그저 마감,,https://cafe.naver.com/ccsofficial,mysmallvtuber.net,2026-09-01T03:00:43Z
Yqe8hdFm3dcJacvrjjc3,시스터 서애,,youtube,UCqWQM2eOxe3xkq77TioSjzw,https://www.youtube.com/channel/UCqWQM2eOxe3xkq77TioSjzw,서애 다시보기,139,2025-06-29,,2026-08-30 21:48:03,마감마감마감그저 마감,,https://cafe.naver.com/ccsofficial,mysmallvtuber.net,2026-09-01T03:00:43Z
Yqe8hdFm3dcJacvrjjc3,시스터 서애,,chzzk,8c341b627588590585f269e69778ec93,https://chzzk.naver.com/8c341b627588590585f269e69778ec93,시스터 서애,1333,2025-06-29,,2026-08-30 21:48:03,마감마감마감그저 마감,,https://cafe.naver.com/ccsofficial,mysmallvtuber.net,2026-09-01T03:00:43Z
ufHVzWK8qBqcTCwstu7N,레나찌,,youtube,UCa8Ut0XvLngF9cYVDcsxqNQ,https://www.youtube.com/channel/UCa8Ut0XvLngF9cYVDcsxqNQ,레나찌,320,2023-03-05,,2026-08-31 02:38:03,분(모자)내레나 💚,renaddang_g,https://cafe.naver.com/renazzi,mysmallvtuber.net,2026-09-01T03:00:43Z
ufHVzWK8qBqcTCwstu7N,레나찌,,youtube,UC87D3E04tS6pQsV3WabpvHA,https://www.youtube.com/channel/UC87D3E04tS6pQsV3WabpvHA,레나찌 모았찌,118,2023-03-05,,2026-08-31 02:38:03,분(모자)내레나 💚,renaddang_g,https://cafe.naver.com/renazzi,mysmallvtuber.net,2026-09-01T03:00:43Z
ufHVzWK8qBqcTCwstu7N,레나찌,,chzzk,66d9b111b4e8449a91b5bfd26ccc9f8c,https://chzzk.naver.com/66d9b111b4e8449a91b5bfd26ccc9f8c,레나찌,1595,2023-03-05,,2026-08-31 02:38:03,분(모자)내레나 💚,renaddang_g,https://cafe.naver.com/renazzi,mysmallvtuber.net,2026-09-01T03:00:43Z
NQGEeQjAwmYK8kn7u9Yw,정베르 JEONG BER,JEONG BER,youtube,UCs0wkvWKwqg-U09fvrVg3DA,https://www.youtube.com/channel/UCs0wkvWKwqg-U09fvrVg3DA,비활성화,221,2024-12-07,,2026-08-30 23:23:02,반캠에 마캠이라뇨 💙,berte_v_,https://cafe.naver.com/vertev,mysmallvtuber.net,2026-09-01T03:00:43Z
NQGEeQjAwmYK8kn7u9Yw,정베르 JEONG BER,JEONG BER,youtube,UCzFcsMQRmgzaPG0qFGMQ9oA,https://www.youtube.com/channel/UCzFcsMQRmgzaPG0qFGMQ9oA,베르의 다시보기,35,2024-12-07,,2026-08-30 23:23:02,반캠에 마캠이라뇨 💙,berte_v_,https://cafe.naver.com/vertev,mysmallvtuber.net,2026-09-01T03:00:43Z
NQGEeQjAwmYK8kn7u9Yw,정베르 JEONG BER,JEONG BER,chzzk,f83b18e17d760163fdbd6e9512d5fdfb,https://chzzk.naver.com/f83b18e17d760163fdbd6e9512d5fdfb,정베르 JEONG BER,3058,2024-12-07,,2026-08-30 23:23:02,반캠에 마캠이라뇨 💙,berte_v_,https://cafe.naver.com/vertev,mysmallvtuber.net,2026-09-01T03:00:43Z
REr3Xt6rGxTRXyu4uJV8,나팔뿝뿌,,youtube,UCqZz58cgSq8B2jKv8JsHZkA,https://www.youtube.com/channel/UCqZz58cgSq8B2jKv8JsHZkA,나팔뿝뿌,1550,2024-01-06,,2026-08-31 03:31:03,능지 씨름,napalpuppu,https://cafe.naver.com/napalpuppu,mysmallvtuber.net,2026-09-01T03:00:43Z
REr3Xt6rGxTRXyu4uJV8,나팔뿝뿌,,youtube,UChc58GFZ2FOorY-S285Kmmw,https://www.youtube.com/channel/UChc58GFZ2FOorY-S285Kmmw,나팔뿝뿌 다시보기,279,2024-01-06,,2026-08-31 03:31:03,능지 씨름,napalpuppu,https://cafe.naver.com/napalpuppu,mysmallvtuber.net,2026-09-01T03:00:43Z
REr3Xt6rGxTRXyu4uJV8,나팔뿝뿌,,chzzk,05fe6d7cecce71ac727f6b7124b05e29,https://chzzk.naver.com/05fe6d7cecce71ac727f6b7124b05e29,나팔뿝뿌,3548,2024-01-06,,2026-08-31 03:31:03,능지 씨름,napalpuppu,https://cafe.naver.com/napalpuppu,mysmallvtuber.net,2026-09-01T03:00:43Z
C9j394GVUXYZnPcmJjSf,텔라 tella,tella,youtube,UCemheEhm48CnYUc-ELV2row,https://www.youtube.com/channel/UCemheEhm48CnYUc-ELV2row,텔라 옛날 계정,403,,,2026-08-30 23:52:03,독서회 후열,stella_hosino,https://cafe.naver.com/stella47,mysmallvtuber.net,2026-09-01T03:00:43Z
C9j394GVUXYZnPcmJjSf,텔라 tella,tella,youtube,UCgJ4XtMrQRkLohR4kprwS3A,https://www.youtube.com/channel/UCgJ4XtMrQRkLohR4kprwS3A,텔라 다시보기 모음,164,,,2026-08-30 23:52:03,독서회 후열,stella_hosino,https://cafe.naver.com/stella47,mysmallvtuber.net,2026-09-01T03:00:43Z
C9j394GVUXYZnPcmJjSf,텔라 tella,tella,chzzk,2b6076d06cf75e2ffa15a95165f6e03c,https://chzzk.naver.com/2b6076d06cf75e2ffa15a95165f6e03c,텔라 tella,1084,,,2026-08-30 23:52:03,독서회 후열,stella_hosino,https://cafe.naver.com/stella47,mysmallvtuber.net,2026-09-01T03:00:43Z
SfVH9YbH6EHuXz9qmF3e,박검복,,youtube,UCc1rQ1Gu1ZUxqIaXkTFX7PQ,https://www.youtube.com/channel/UCc1rQ1Gu1ZUxqIaXkTFX7PQ,박검복 GeomBok,906,2025-04-15,,2026-08-31 00:36:03,복하ㅏㅏ,Geom_bok,https://cafe.naver.com/boogieteam,mysmallvtuber.net,2026-09-01T03:00:43Z
SfVH9YbH6EHuXz9qmF3e,박검복,,youtube,UCbWntU8eAkke-mQk7lQ4BcQ,https://www.youtube.com/channel/UCbWntU8eAkke-mQk7lQ4BcQ,박검볶음밥,94,2025-04-15,,2026-08-31 00:36:03,복하ㅏㅏ,Geom_bok,https://cafe.naver.com/boogieteam,mysmallvtuber.net,2026-09-01T03:00:43Z
SfVH9YbH6EHuXz9qmF3e,박검복,,chzzk,77a81ceffdab49f687a3e39ddf04a6fe,https://chzzk.naver.com/77a81ceffdab49f687a3e39ddf04a6fe,박검복,1089,2025-04-15,,2026-08-31 00:36:03,복하ㅏㅏ,Geom_bok,https://cafe.naver.com/boogieteam,mysmallvtuber.net,2026-09-01T03:00:43Z
ctYG3MnRhJ337YrbdcLK,수잔 헌트,,youtube,UCIxEISaj_fDWmWsCVEcwgOw,https://www.youtube.com/channel/UCIxEISaj_fDWmWsCVEcwgOw,수잔 헌트,5530,2024-04-27,,2026-08-31 03:45:03,고독하구만,susan_hunt_,https://cafe.naver.com/tnwksdlqslek,mysmallvtuber.net,2026-09-01T03:00:43Z
ctYG3MnRhJ337YrbdcLK,수잔 헌트,,youtube,UCDKsE1GsaV23dCm7cV3A26Q,https://www.youtube.com/channel/UCDKsE1GsaV23dCm7cV3A26Q,수잔 헌트 아카이브,5350,2024-04-27,,2026-08-31 03:45:03,고독하구만,susan_hunt_,https://cafe.naver.com/tnwksdlqslek,mysmallvtuber.net,2026-09-01T03:00:43Z
ctYG3MnRhJ337YrbdcLK,수잔 헌트,,chzzk,7954e98ff81b6e4b85d9321aa6286c46,https://chzzk.naver.com/7954e98ff81b6e4b85d9321aa6286c46,수잔 헌트,5334,2024-04-27,,2026-08-31 03:45:03,고독하구만,susan_hunt_,https://cafe.naver.com/tnwksdlqslek,mysmallvtuber.net,2026-09-01T03:00:43Z
SGFtAejDGAN9sKDuHjp2,김먕이,,youtube,UCcQZhe5Wa9PBUKqlZezGBJA,https://www.youtube.com/channel/UCcQZhe5Wa9PBUKqlZezGBJA,김먕이,293,2024-06-29,,2026-08-30 23:59:03,오늘이 마지막! 여름방셀 50/500🌴🌕시참데이! 새로운 무기 얻고싶다...🐇,V_myangi,https://cafe.naver.com/myangi0307,mysmallvtuber.net,2026-09-01T03:00:43Z
SGFtAejDGAN9sKDuHjp2,김먕이,,youtube,UCPKI49uJekuqxzHsOgJ2eIg,https://www.youtube.com/channel/UCPKI49uJekuqxzHsOgJ2eIg,먕이의 꿈나라,24,2024-06-29,,2026-08-30 23:59:03,오늘이 마지막! 여름방셀 50/500🌴🌕시참데이! 새로운 무기 얻고싶다...🐇,V_myangi,https://cafe.naver.com/myangi0307,mysmallvtuber.net,2026-09-01T03:00:43Z
SGFtAejDGAN9sKDuHjp2,김먕이,,soop,mynagi0307,https://ch.sooplive.co.kr/mynagi0307,김먕이,1084,2024-06-29,,2026-08-30 23:59:03,오늘이 마지막! 여름방셀 50/500🌴🌕시참데이! 새로운 무기 얻고싶다...🐇,V_myangi,https://cafe.naver.com/myangi0307,mysmallvtuber.net,2026-09-01T03:00:43Z
LPyj8bHQCzYS8jPS6F7X,유레이 UREI,UREI,youtube,UCIU8PajfzHymOudTkvYyRxA,https://www.youtube.com/channel/UCIU8PajfzHymOudTkvYyRxA,유레이 UREI,3420,2025-01-26,,2026-08-31 01:14:02,👻간만에 멧챠멧챠,Urei0w0,,mysmallvtuber.net,2026-09-01T03:00:43Z
LPyj8bHQCzYS8jPS6F7X,유레이 UREI,UREI,chzzk,4f650f02bc4ab38a998d74e3abb1b68b,https://chzzk.naver.com/4f650f02bc4ab38a998d74e3abb1b68b,유레이 UREI,12790,2025-01-26,,2026-08-31 01:14:02,👻간만에 멧챠멧챠,Urei0w0,,mysmallvtuber.net,2026-09-01T03:00:43Z
ns4EWsNCRpNdAKsAB55Q,치키쨩,,youtube,UCqJm6I1N1imlPye_Tjocvyw,https://www.youtube.com/channel/UCqJm6I1N1imlPye_Tjocvyw,치키,3660,2026-04-24,,2026-08-30 22:02:03,[신입] 내일이 월요일이라고??,cjsqkd__,https://cafe.naver.com/chikilab,mysmallvtuber.net,2026-09-01T03:00:43Z
ns4EWsNCRpNdAKsAB55Q,치키쨩,,chzzk,a8d3331f7800b3b40287923d80e35f8a,https://chzzk.naver.com/a8d3331f7800b3b40287923d80e35f8a,치키쨩,251,2026-04-24,,2026-08-30 22:02:03,[신입] 내일이 월요일이라고??,cjsqkd__,https://cafe.naver.com/chikilab,mysmallvtuber.net,2026-09-01T03:00:43Z
FsFQf4c2DWwjbGReUKSe,소히 SOHEE,SOHEE,youtube,UChEejxuuRu15AaVBV5kkM0g,https://www.youtube.com/channel/UChEejxuuRu15AaVBV5kkM0g,소히SOHEE,44300,2020-10-02,,2026-08-31 00:05:02,분내를 유지하도록 해볼까요? =⩌⩊⩌=,soheebibi,https://cafe.naver.com/sorang2sorang,mysmallvtuber.net,2026-09-01T03:00:43Z
FsFQf4c2DWwjbGReUKSe,소히 SOHEE,SOHEE,youtube,UC60I6QRpLZm79PgKJWi_wzQ,https://www.youtube.com/channel/UC60I6QRpLZm79PgKJWi_wzQ,소히데워먹기 [archive],1540,2020-10-02,,2026-08-31 00:05:02,분내를 유지하도록 해볼까요? =⩌⩊⩌=,soheebibi,https://cafe.naver.com/sorang2sorang,mysmallvtuber.net,2026-09-01T03:00:43Z
FsFQf4c2DWwjbGReUKSe,소히 SOHEE,SOHEE,chzzk,288f7aafe3877bb18a4aacced0467667,https://chzzk.naver.com/288f7aafe3877bb18a4aacced0467667,소히 SOHEE,6456,2020-10-02,,2026-08-31 00:05:02,분내를 유지하도록 해볼까요? =⩌⩊⩌=,soheebibi,https://cafe.naver.com/sorang2sorang,mysmallvtuber.net,2026-09-01T03:00:43Z
qkTjXTvcterDVG6rs6yC,아마시로 메이,,youtube,UCFBGM-uY6yHh9S4o4IXQFMA,https://www.youtube.com/channel/UCFBGM-uY6yHh9S4o4IXQFMA,아마시로 메이 Amashiro Mei,15900,2025-09-03,,2026-08-30 23:48:03,[브이아이] 도쿄 한가운데에 건들면 저주 받는 장소가 있어요,AmashiroMei,https://cafe.naver.com/virtualidol,mysmallvtuber.net,2026-09-01T03:00:43Z
qkTjXTvcterDVG6rs6yC,아마시로 메이,,youtube,UCID7mVxMXyvby4RdUtWhORg,https://www.youtube.com/channel/UCID7mVxMXyvby4RdUtWhORg,아마시로 메이 다시보기,1150,2025-09-03,,2026-08-30 23:48:03,[브이아이] 도쿄 한가운데에 건들면 저주 받는 장소가 있어요,AmashiroMei,https://cafe.naver.com/virtualidol,mysmallvtuber.net,2026-09-01T03:00:43Z
qkTjXTvcterDVG6rs6yC,아마시로 메이,,chzzk,6bcc1c4b89128eac7bc7a7d698ef7aa2,https://chzzk.naver.com/6bcc1c4b89128eac7bc7a7d698ef7aa2,아마시로 메이,7382,2025-09-03,,2026-08-30 23:48:03,[브이아이] 도쿄 한가운데에 건들면 저주 받는 장소가 있어요,AmashiroMei,https://cafe.naver.com/virtualidol,mysmallvtuber.net,2026-09-01T03:00:43Z
2QTdDWXSKbbgkdJcukg2,천서단,,youtube,UC4wgXG_iN_7wycHizMUg6kQ,https://www.youtube.com/channel/UC4wgXG_iN_7wycHizMUg6kQ,서단 youtube,174,,,2026-08-31 01:21:03,안녕 (ﾉ◕ヮ◕)ﾉ*:･ﾟ✧🤍,,https://cafe.naver.com/se0dan,mysmallvtuber.net,2026-09-01T03:00:43Z
2QTdDWXSKbbgkdJcukg2,천서단,,youtube,UC2_hPk0HPbZm2fl40DkuOlw,https://www.youtube.com/channel/UC2_hPk0HPbZm2fl40DkuOlw,서단시보기,238,,,2026-08-31 01:21:03,안녕 (ﾉ◕ヮ◕)ﾉ*:･ﾟ✧🤍,,https://cafe.naver.com/se0dan,mysmallvtuber.net,2026-09-01T03:00:43Z
2QTdDWXSKbbgkdJcukg2,천서단,,chzzk,17466937fcddc5345b2fdfafc9a55147,https://chzzk.naver.com/17466937fcddc5345b2fdfafc9a55147,천서단,1047,,,2026-08-31 01:21:03,안녕 (ﾉ◕ヮ◕)ﾉ*:･ﾟ✧🤍,,https://cafe.naver.com/se0dan,mysmallvtuber.net,2026-09-01T03:00:43Z
kRbbHtWGGwNau9rcLSxm,헵부,,youtube,UCutkNvtcLSb-ewywfH2vZCQ,https://www.youtube.com/channel/UCutkNvtcLSb-ewywfH2vZCQ,헵부,3250,2025-01-05,,2026-08-30 22:13:02,[Ve:live] 점차 성장하는 사람의 저챗방 3천까지 절반!!!!,hebbu0706,https://cafe.naver.com/hebbuhappy,mysmallvtuber.net,2026-09-01T03:00:43Z
kRbbHtWGGwNau9rcLSxm,헵부,,chzzk,d319cb8491dfd75979d47ca1b19fc083,https://chzzk.naver.com/d319cb8491dfd75979d47ca1b19fc083,헵부,1513,2025-01-05,,2026-08-30 22:13:02,[Ve:live] 점차 성장하는 사람의 저챗방 3천까지 절반!!!!,hebbu0706,https://cafe.naver.com/hebbuhappy,mysmallvtuber.net,2026-09-01T03:00:43Z
2HaZQtFFTvm7CFYLymDZ,하지유,,youtube,UC62i7rPIxuODdzGaqt8S6Vg,https://www.youtube.com/channel/UC62i7rPIxuODdzGaqt8S6Vg,하지유,25100,,,2026-08-31 03:04:02,"오랜만에 새배동(w.세노,위도,희지)",hajiyu_w,https://cafe.naver.com/hajiyuw,mysmallvtuber.net,2026-09-01T03:00:43Z
2HaZQtFFTvm7CFYLymDZ,하지유,,youtube,UCoZgSasVzDP6I1pPpMhYVFw,https://www.youtube.com/channel/UCoZgSasVzDP6I1pPpMhYVFw,다시보기 하지유,943,,,2026-08-31 03:04:02,"오랜만에 새배동(w.세노,위도,희지)",hajiyu_w,https://cafe.naver.com/hajiyuw,mysmallvtuber.net,2026-09-01T03:00:43Z
2HaZQtFFTvm7CFYLymDZ,하지유,,chzzk,b3f0dd09666949762e0da59210c3f403,https://chzzk.naver.com/b3f0dd09666949762e0da59210c3f403,하지유,16365,,,2026-08-31 03:04:02,"오랜만에 새배동(w.세노,위도,희지)",hajiyu_w,https://cafe.naver.com/hajiyuw,mysmallvtuber.net,2026-09-01T03:00:43Z
3uqa5cfMnNZ5nhyrCVpW,파피푸 페포,,chzzk,3a8b3fda88cec6b17c7923b77491fedc,https://chzzk.naver.com/3a8b3fda88cec6b17c7923b77491fedc,파피푸 페포,482,2025-11-15,,2026-08-31 00:28:03,빵,peporang129,,mysmallvtuber.net,2026-09-01T03:00:43Z
evcmFYGAY6fL9tkTBhUX,미치르,,youtube,UCDOe-qeSf0sE3WWayKXuNrQ,https://www.youtube.com/channel/UCDOe-qeSf0sE3WWayKXuNrQ,Mytyl Maerchen,26900,2023-12-19,,2026-08-31 01:37:03,이병 미치르! 포병대대로의 전입을 명 받았습니다!,Mytyl_Maerchen,https://cafe.naver.com/maerchenkingdom,mysmallvtuber.net,2026-09-01T03:00:43Z
evcmFYGAY6fL9tkTBhUX,미치르,,youtube,UCSyAvI8--DjnMg_PJKx_DOQ,https://www.youtube.com/channel/UCSyAvI8--DjnMg_PJKx_DOQ,Mytyl Full,2860,2023-12-19,,2026-08-31 01:37:03,이병 미치르! 포병대대로의 전입을 명 받았습니다!,Mytyl_Maerchen,https://cafe.naver.com/maerchenkingdom,mysmallvtuber.net,2026-09-01T03:00:43Z
evcmFYGAY6fL9tkTBhUX,미치르,,chzzk,390efc6c5186f85427b2d61297a9d4ed,https://chzzk.naver.com/390efc6c5186f85427b2d61297a9d4ed,미치르,20596,2023-12-19,,2026-08-31 01:37:03,이병 미치르! 포병대대로의 전입을 명 받았습니다!,Mytyl_Maerchen,https://cafe.naver.com/maerchenkingdom,mysmallvtuber.net,2026-09-01T03:00:43Z
gnPC5GNQR5KStvBMLqmS,비 영,,youtube,UC-mYupfk_ao7F8BtXcjOoeQ,https://www.youtube.com/channel/UC-mYupfk_ao7F8BtXcjOoeQ,Name,6990,,,2026-08-31 01:17:03,되는 게 없음.,,,mysmallvtuber.net,2026-09-01T03:00:43Z
gnPC5GNQR5KStvBMLqmS,비 영,,chzzk,b8413baca31cd4540d400c4fab1e7a29,https://chzzk.naver.com/b8413baca31cd4540d400c4fab1e7a29,비 영,8619,,,2026-08-31 01:17:03,되는 게 없음.,,,mysmallvtuber.net,2026-09-01T03:00:43Z
E6MABfkjE5b2mCsvTE4U,동네약사 에이조시,,youtube,UCXsMTqEadQetXNuwopnqBlA,https://www.youtube.com/channel/UCXsMTqEadQetXNuwopnqBlA,약국공사준비중,1460,2024-05-29,,2026-08-30 23:18:02,후열 로판 관상만 보고 선악 맞추기,ajosi91,https://cafe.naver.com/ajosi,mysmallvtuber.net,2026-09-01T03:00:43Z
E6MABfkjE5b2mCsvTE4U,동네약사 에이조시,,youtube,UCBy9CaaU1rvcRyQaxBnZuPg,https://www.youtube.com/channel/UCBy9CaaU1rvcRyQaxBnZuPg,풀컨에이조시,38,2024-05-29,,2026-08-30 23:18:02,후열 로판 관상만 보고 선악 맞추기,ajosi91,https://cafe.naver.com/ajosi,mysmallvtuber.net,2026-09-01T03:00:43Z
E6MABfkjE5b2mCsvTE4U,동네약사 에이조시,,chzzk,b41b1a0f2f035198fcd0845fb5b3746b,https://chzzk.naver.com/b41b1a0f2f035198fcd0845fb5b3746b,동네약사 에이조시,1126,2024-05-29,,2026-08-30 23:18:02,후열 로판 관상만 보고 선악 맞추기,ajosi91,https://cafe.naver.com/ajosi,mysmallvtuber.net,2026-09-01T03:00:43Z
LhVfRUPLu8hEyFt6Stkg,레비얀 Leviyan,Leviyan,youtube,UCIeK_0-ggO2uUYTQSi4ZsAw,https://www.youtube.com/channel/UCIeK_0-ggO2uUYTQSi4ZsAw,레비얀 Leviyan,14400,2025-11-01,,2026-08-30 22:08:03,[HEXIA] 8월의 삐플리🎶 동양풍의 정수를 보여주마,Hexia_Leviyan,,mysmallvtuber.net,2026-09-01T03:00:43Z
LhVfRUPLu8hEyFt6Stkg,레비얀 Leviyan,Leviyan,youtube,UCiaGjrGWKDTqCnrYT42jMrg,https://www.youtube.com/channel/UCiaGjrGWKDTqCnrYT42jMrg,레비얀 다시보기,1010,2025-11-01,,2026-08-30 22:08:03,[HEXIA] 8월의 삐플리🎶 동양풍의 정수를 보여주마,Hexia_Leviyan,,mysmallvtuber.net,2026-09-01T03:00:43Z
LhVfRUPLu8hEyFt6Stkg,레비얀 Leviyan,Leviyan,chzzk,bbe12c4cd654528048568aca4e5e6166,https://chzzk.naver.com/bbe12c4cd654528048568aca4e5e6166,레비얀 Leviyan,5448,2025-11-01,,2026-08-30 22:08:03,[HEXIA] 8월의 삐플리🎶 동양풍의 정수를 보여주마,Hexia_Leviyan,,mysmallvtuber.net,2026-09-01T03:00:43Z
f8NWLWPPrgfHYdDKtxPR,사케나리,,youtube,UClT7w5VLJDPivTTgfMCPN1w,https://www.youtube.com/channel/UClT7w5VLJDPivTTgfMCPN1w,사케나리 Music,335,2022-10-19,,2026-08-30 20:55:05,(저챗) 발푸르기스의 회천 보고 온 후기,Vtuber_Sakenari,https://discord.com/invite/MfpZrbcXeU,mysmallvtuber.net,2026-09-01T03:00:43Z
f8NWLWPPrgfHYdDKtxPR,사케나리,,youtube,UC8r0FYuLsakbenAFK8fFJmA,https://www.youtube.com/channel/UC8r0FYuLsakbenAFK8fFJmA,사케나리의 숙취해소,90,2022-10-19,,2026-08-30 20:55:05,(저챗) 발푸르기스의 회천 보고 온 후기,Vtuber_Sakenari,https://discord.com/invite/MfpZrbcXeU,mysmallvtuber.net,2026-09-01T03:00:43Z
f8NWLWPPrgfHYdDKtxPR,사케나리,,chzzk,fe5ae41844b843f3bac8dfe3a6eff347,https://chzzk.naver.com/fe5ae41844b843f3bac8dfe3a6eff347,사케나리,389,2022-10-19,,2026-08-30 20:55:05,(저챗) 발푸르기스의 회천 보고 온 후기,Vtuber_Sakenari,https://discord.com/invite/MfpZrbcXeU,mysmallvtuber.net,2026-09-01T03:00:43Z
JGPH4tjqzfcGyt3NWbRu,모잉,,youtube,UCHzre37UF4o64HRhp-7CDzQ,https://www.youtube.com/channel/UCHzre37UF4o64HRhp-7CDzQ,모잉,144000,2018-02-22,,2026-08-31 02:51:03,[V] 마작 한판만 💜,,https://cafe.naver.com/moinge,mysmallvtuber.net,2026-09-01T03:00:43Z
JGPH4tjqzfcGyt3NWbRu,모잉,,youtube,UC2fJutQqQRGmlbqiAYFsBuQ,https://www.youtube.com/channel/UC2fJutQqQRGmlbqiAYFsBuQ,모잉 다시보기,17300,2018-02-22,,2026-08-31 02:51:03,[V] 마작 한판만 💜,,https://cafe.naver.com/moinge,mysmallvtuber.net,2026-09-01T03:00:43Z
JGPH4tjqzfcGyt3NWbRu,모잉,,chzzk,1d333ff175b4db5bd06f87a88579ec1e,https://chzzk.naver.com/1d333ff175b4db5bd06f87a88579ec1e,모잉,47903,2018-02-22,,2026-08-31 02:51:03,[V] 마작 한판만 💜,,https://cafe.naver.com/moinge,mysmallvtuber.net,2026-09-01T03:00:43Z
Rmpc9Sn5WK7tUAmh9KGd,지요,,youtube,UCcy7G3cnVYpfqzvz2d29uuw,https://www.youtube.com/channel/UCcy7G3cnVYpfqzvz2d29uuw,지요,548,2024-07-27,,2026-08-31 00:26:02,얌,ziyo_uwu,https://cafe.naver.com/ziyoeo1,mysmallvtuber.net,2026-09-01T03:00:43Z
Rmpc9Sn5WK7tUAmh9KGd,지요,,youtube,UC3Gs3jWqCFE_YXkkTLM94Dg,https://www.youtube.com/channel/UC3Gs3jWqCFE_YXkkTLM94Dg,지요가 했지요,715,2024-07-27,,2026-08-31 00:26:02,얌,ziyo_uwu,https://cafe.naver.com/ziyoeo1,mysmallvtuber.net,2026-09-01T03:00:43Z
Rmpc9Sn5WK7tUAmh9KGd,지요,,chzzk,8729b4ac10b8fb5b95f489f4c243b181,https://chzzk.naver.com/8729b4ac10b8fb5b95f489f4c243b181,지요,3744,2024-07-27,,2026-08-31 00:26:02,얌,ziyo_uwu,https://cafe.naver.com/ziyoeo1,mysmallvtuber.net,2026-09-01T03:00:43Z
BY2M9mkNeXzgZJhshSxJ,이큐 EQue,EQue,youtube,UCHOkiJyBi_bKIm7hHWZm9lQ,https://www.youtube.com/channel/UCHOkiJyBi_bKIm7hHWZm9lQ,이큐 E. Que Ch. Virtual Hertz,4220,2022-02-12,,2026-08-31 00:54:03,음2란성 컨텐츠 주의받았습니다... [봉누도2 막차타기 + 1팔로우1제로투 협상테이블],VHZ_EQue,https://cafe.naver.com/virtualhertz,mysmallvtuber.net,2026-09-01T03:00:43Z
BY2M9mkNeXzgZJhshSxJ,이큐 EQue,EQue,youtube,UCkhfMOkFz1AEKyvZwqzvQNQ,https://www.youtube.com/channel/UCkhfMOkFz1AEKyvZwqzvQNQ,이큐 E Que 다시보기 Ch. Virtual Hertz,781,2022-02-12,,2026-08-31 00:54:03,음2란성 컨텐츠 주의받았습니다... [봉누도2 막차타기 + 1팔로우1제로투 협상테이블],VHZ_EQue,https://cafe.naver.com/virtualhertz,mysmallvtuber.net,2026-09-01T03:00:43Z
BY2M9mkNeXzgZJhshSxJ,이큐 EQue,EQue,chzzk,74a2d3bb7aa1b0503e21bf58e61bfcc1,https://chzzk.naver.com/74a2d3bb7aa1b0503e21bf58e61bfcc1,이큐 EQue,4256,2022-02-12,,2026-08-31 00:54:03,음2란성 컨텐츠 주의받았습니다... [봉누도2 막차타기 + 1팔로우1제로투 협상테이블],VHZ_EQue,https://cafe.naver.com/virtualhertz,mysmallvtuber.net,2026-09-01T03:00:43Z
G6weEQCE9mYWWCqHGp2Y,리아 에메랄드,,youtube,UCctNcL4SxyKgzhvf1AXt2mA,https://www.youtube.com/channel/UCctNcL4SxyKgzhvf1AXt2mA,리아 에메랄드Lia_emerald,1150,2023-08-16,,2026-08-30 23:00:03,이번 달 안에 해커스 메모리를 다 끝낼 수 있을까,Lia_emerald01,https://discord.com/invite/53DrYCjV4g,mysmallvtuber.net,2026-09-01T03:00:43Z
G6weEQCE9mYWWCqHGp2Y,리아 에메랄드,,youtube,UCq1hsOBaTPvRpl0X8t6lnZQ,https://www.youtube.com/channel/UCq1hsOBaTPvRpl0X8t6lnZQ,리아 다시보기,58,2023-08-16,,2026-08-30 23:00:03,이번 달 안에 해커스 메모리를 다 끝낼 수 있을까,Lia_emerald01,https://discord.com/invite/53DrYCjV4g,mysmallvtuber.net,2026-09-01T03:00:43Z
G6weEQCE9mYWWCqHGp2Y,리아 에메랄드,,chzzk,77612dca8fd05982c7236afba458d20d,https://chzzk.naver.com/77612dca8fd05982c7236afba458d20d,리아 에메랄드,1051,2023-08-16,,2026-08-30 23:00:03,이번 달 안에 해커스 메모리를 다 끝낼 수 있을까,Lia_emerald01,https://discord.com/invite/53DrYCjV4g,mysmallvtuber.net,2026-09-01T03:00:43Z
s5nUttcKQVfnyaEs9Wxs,밤비타,,youtube,UCCSXJDWWF3PODU290J5P05Q,https://www.youtube.com/channel/UCCSXJDWWF3PODU290J5P05Q,밤비타,147,,,2026-08-31 01:03:02,킬 열시미 까야지٩(๑❛ワ❛๑) 💜리셋빙고💜룰렛💜,bamvita23,https://cafe.naver.com/bamvita,mysmallvtuber.net,2026-09-01T03:00:43Z
s5nUttcKQVfnyaEs9Wxs,밤비타,,chzzk,c3c8991d780ba0fe7bb7b39d2af4d4c1,https://chzzk.naver.com/c3c8991d780ba0fe7bb7b39d2af4d4c1,밤비타,828,,,2026-08-31 01:03:02,킬 열시미 까야지٩(๑❛ワ❛๑) 💜리셋빙고💜룰렛💜,bamvita23,https://cafe.naver.com/bamvita,mysmallvtuber.net,2026-09-01T03:00:43Z
XZIR5H2JzJQ03t5se4Su,마레 플로스,,youtube,UCYk95JQsXbgk5Vto4MvRh2g,https://www.youtube.com/channel/UCYk95JQsXbgk5Vto4MvRh2g,마레플로스,143000,2022-02-13,,2026-08-31 04:46:02,지하철로 기어들어간 저녁거리를 찾아 | 메트로2033🐲✨,mareflos0608,https://cafe.naver.com/mareflos,mysmallvtuber.net,2026-09-01T03:00:43Z
XZIR5H2JzJQ03t5se4Su,마레 플로스,,youtube,UCOg7d0qVUnr2URJeWSgfQFA,https://www.youtube.com/channel/UCOg7d0qVUnr2URJeWSgfQFA,마레플로스 생방송 다시보기,19000,2022-02-13,,2026-08-31 04:46:02,지하철로 기어들어간 저녁거리를 찾아 | 메트로2033🐲✨,mareflos0608,https://cafe.naver.com/mareflos,mysmallvtuber.net,2026-09-01T03:00:43Z
XZIR5H2JzJQ03t5se4Su,마레 플로스,,chzzk,4ebef1eb4194611996dc38abf1d226d1,https://chzzk.naver.com/4ebef1eb4194611996dc38abf1d226d1,마레 플로스,68421,2022-02-13,,2026-08-31 04:46:02,지하철로 기어들어간 저녁거리를 찾아 | 메트로2033🐲✨,mareflos0608,https://cafe.naver.com/mareflos,mysmallvtuber.net,2026-09-01T03:00:43Z
KG8M8gKpVT6dW72Fh4tC,또맹이,,youtube,UCcBatBLuQ9Io-zXqbq5bNow,https://www.youtube.com/channel/UCcBatBLuQ9Io-zXqbq5bNow,또맹이,467,2024-01-08,,2026-08-30 23:10:02,꼬망아 나 사춘기야  / 여름 수영복 방셀 !방셀,ddomaeng2,https://cafe.naver.com/juuce,mysmallvtuber.net,2026-09-01T03:00:43Z
KG8M8gKpVT6dW72Fh4tC,또맹이,,youtube,UCpCE3MIqiBQyFtxI8dR6iBA,https://www.youtube.com/channel/UCpCE3MIqiBQyFtxI8dR6iBA,또맹이 발자국,17,2024-01-08,,2026-08-30 23:10:02,꼬망아 나 사춘기야  / 여름 수영복 방셀 !방셀,ddomaeng2,https://cafe.naver.com/juuce,mysmallvtuber.net,2026-09-01T03:00:43Z
KG8M8gKpVT6dW72Fh4tC,또맹이,,chzzk,80431a7540076a4d6d2c29fa68709136,https://chzzk.naver.com/80431a7540076a4d6d2c29fa68709136,또맹이,1230,2024-01-08,,2026-08-30 23:10:02,꼬망아 나 사춘기야  / 여름 수영복 방셀 !방셀,ddomaeng2,https://cafe.naver.com/juuce,mysmallvtuber.net,2026-09-01T03:00:43Z
aKGvaLHbGP392p8Vgpzs,하루나 코이,,youtube,UC8mc-pkrunhC78hAaR6CX_A,https://www.youtube.com/channel/UC8mc-pkrunhC78hAaR6CX_A,하루나 코이VTuber,2030,,,2026-08-30 20:31:02,🚨 [수제룰렛] 앙코르 요청 폭주! 오늘 밤 마감 직전 파티,1koi_9,https://cafe.naver.com/koi1109,mysmallvtuber.net,2026-09-01T03:00:43Z
aKGvaLHbGP392p8Vgpzs,하루나 코이,,chzzk,f1788ecebeeb3384d87c9bdbac9517e3,https://chzzk.naver.com/f1788ecebeeb3384d87c9bdbac9517e3,하루나 코이,1618,,,2026-08-30 20:31:02,🚨 [수제룰렛] 앙코르 요청 폭주! 오늘 밤 마감 직전 파티,1koi_9,https://cafe.naver.com/koi1109,mysmallvtuber.net,2026-09-01T03:00:43Z
g8kPqhHkHffn8dYxK3wb,예니_ouo,ouo,youtube,UC-hAYLv_2xYhCbIy_XA1OXQ,https://www.youtube.com/channel/UC-hAYLv_2xYhCbIy_XA1OXQ,예니,1380,,,2026-08-31 00:08:02,후열 소통 맛집🩷,,https://cafe.naver.com/yeniouo,mysmallvtuber.net,2026-09-01T03:00:43Z
g8kPqhHkHffn8dYxK3wb,예니_ouo,ouo,soop,yeniouoyeni,https://ch.sooplive.co.kr/yeniouoyeni,예니_ouo,2631,,,2026-08-31 00:08:02,후열 소통 맛집🩷,,https://cafe.naver.com/yeniouo,mysmallvtuber.net,2026-09-01T03:00:43Z
QGVwCtjXcZQ7TwDHM2RN,유리리,,youtube,UCYKj50FFG5zzjr4x_vky-9Q,https://www.youtube.com/channel/UCYKj50FFG5zzjr4x_vky-9Q,유리리 U-Lili,7030,2022-11-13,,2026-08-30 22:46:03,주말 저녁을 함께해 ꜀(^. . ^꜀ )੭,U_LiLi__,https://cafe.naver.com/s2dia,mysmallvtuber.net,2026-09-01T03:00:43Z
QGVwCtjXcZQ7TwDHM2RN,유리리,,youtube,UCuCwJt4AAxjHiPFOY01H0zg,https://www.youtube.com/channel/UCuCwJt4AAxjHiPFOY01H0zg,유리리 VOD,3460,2022-11-13,,2026-08-30 22:46:03,주말 저녁을 함께해 ꜀(^. . ^꜀ )੭,U_LiLi__,https://cafe.naver.com/s2dia,mysmallvtuber.net,2026-09-01T03:00:43Z
QGVwCtjXcZQ7TwDHM2RN,유리리,,chzzk,29a1ed5c0829fa620fab900dba7e011b,https://chzzk.naver.com/29a1ed5c0829fa620fab900dba7e011b,유리리,8717,2022-11-13,,2026-08-30 22:46:03,주말 저녁을 함께해 ꜀(^. . ^꜀ )੭,U_LiLi__,https://cafe.naver.com/s2dia,mysmallvtuber.net,2026-09-01T03:00:43Z
Pwj2FQPzvbNHTkNQ9NHw,위도,,youtube,UCvqaWntfsfUayQGHSH_wsBw,https://www.youtube.com/channel/UCvqaWntfsfUayQGHSH_wsBw,위도 W2RDØ,34300,2020-09-10,,2026-08-31 03:17:03,🌊치킨먹지 않으면 죽는 병에 걸렸습니다(w.새배동),w2rd0,https://cafe.naver.com/w2rdo,mysmallvtuber.net,2026-09-01T03:00:43Z
Pwj2FQPzvbNHTkNQ9NHw,위도,,chzzk,d7c83d4ce76a835ba79e27e5e46cb3e2,https://chzzk.naver.com/d7c83d4ce76a835ba79e27e5e46cb3e2,위도,25280,2020-09-10,,2026-08-31 03:17:03,🌊치킨먹지 않으면 죽는 병에 걸렸습니다(w.새배동),w2rd0,https://cafe.naver.com/w2rdo,mysmallvtuber.net,2026-09-01T03:00:43Z
sjQgRspvnAez3durQwNq,호앵 메로롱,,youtube,UCptLF4MKtsu0yXvdZCip4GQ,https://www.youtube.com/channel/UCptLF4MKtsu0yXvdZCip4GQ,호앵 메로롱,523,2025-03-03,,2026-08-31 01:07:02,[공겜] 에이리언 아이솔레이션 엔딩봐요💜​,merorong_vpbs,https://cafe.naver.com/playbyschool,mysmallvtuber.net,2026-09-01T03:00:43Z
sjQgRspvnAez3durQwNq,호앵 메로롱,,chzzk,c18e4d94b364804232f017f85e66299e,https://chzzk.naver.com/c18e4d94b364804232f017f85e66299e,호앵 메로롱,5001,2025-03-03,,2026-08-31 01:07:02,[공겜] 에이리언 아이솔레이션 엔딩봐요💜​,merorong_vpbs,https://cafe.naver.com/playbyschool,mysmallvtuber.net,2026-09-01T03:00:43Z
sGXQw2kLSJ87ehUmbqGc,유채담,,youtube,UCcf2E9Y8cx3NzUGllI3DZJg,https://www.youtube.com/channel/UCcf2E9Y8cx3NzUGllI3DZJg,유채담,600,,,2026-08-31 00:42:03,((🎨)) 실버 가기 성공 ψ(｀∇´)ψ,,https://cafe.naver.com/uvuchae,mysmallvtuber.net,2026-09-01T03:00:43Z
sGXQw2kLSJ87ehUmbqGc,유채담,,youtube,UC0I56xl0azDXUMT9cs1vFuw,https://www.youtube.com/channel/UC0I56xl0azDXUMT9cs1vFuw,유채담 다시보기,130,,,2026-08-31 00:42:03,((🎨)) 실버 가기 성공 ψ(｀∇´)ψ,,https://cafe.naver.com/uvuchae,mysmallvtuber.net,2026-09-01T03:00:43Z
sGXQw2kLSJ87ehUmbqGc,유채담,,chzzk,c62b2462676b1d31f0219885c676fbb0,https://chzzk.naver.com/c62b2462676b1d31f0219885c676fbb0,유채담,761,,,2026-08-31 00:42:03,((🎨)) 실버 가기 성공 ψ(｀∇´)ψ,,https://cafe.naver.com/uvuchae,mysmallvtuber.net,2026-09-01T03:00:43Z
7m4zBEgK2pxRFHVGxtbN,타나베 하루,,youtube,UCdRm-CRseFgeDRQxuNDzmCA,https://www.youtube.com/channel/UCdRm-CRseFgeDRQxuNDzmCA,Tanabe Haru 타나베 하루,1330,2025-04-05,,2026-08-30 21:51:03,이료일은 우울해,Tanabeharu_,,mysmallvtuber.net,2026-09-01T03:00:43Z
7m4zBEgK2pxRFHVGxtbN,타나베 하루,,youtube,UC-6JoFYVHvb2Tm1Ky_hwhgw,https://www.youtube.com/channel/UC-6JoFYVHvb2Tm1Ky_hwhgw,냄비들고왔나베,62,2025-04-05,,2026-08-30 21:51:03,이료일은 우울해,Tanabeharu_,,mysmallvtuber.net,2026-09-01T03:00:43Z
7m4zBEgK2pxRFHVGxtbN,타나베 하루,,chzzk,7620bd58fe8202201943b50669a68764,https://chzzk.naver.com/7620bd58fe8202201943b50669a68764,타나베 하루,1459,2025-04-05,,2026-08-30 21:51:03,이료일은 우울해,Tanabeharu_,,mysmallvtuber.net,2026-09-01T03:00:43Z
fZmPm2xwEs2MgJvvdLfg,조홍단,,chzzk,88e0c8e14dd95355d663e608fb96931d,https://chzzk.naver.com/88e0c8e14dd95355d663e608fb96931d,조홍단,708,2025-05-12,,2026-08-31 00:14:02,일요일의 숙제노기 (ˆ⩌⩊⩌ˆ)੭,,,mysmallvtuber.net,2026-09-01T03:00:43Z
gks338YJL7mFr5xVhTyg,블링이1,,youtube,UCCXeFA7c9826Jsbc6zWLTzg,https://www.youtube.com/channel/UCCXeFA7c9826Jsbc6zWLTzg,블링이1,14400,2020-06-05,,2026-08-30 20:35:05,이번옷은 건전할거야 .. 아마도,,,mysmallvtuber.net,2026-09-01T03:00:43Z
gks338YJL7mFr5xVhTyg,블링이1,,youtube,UCO9icj-4REizMiPLmrnxWHQ,https://www.youtube.com/channel/UCO9icj-4REizMiPLmrnxWHQ,블링이1 다시보기,3370,2020-06-05,,2026-08-30 20:35:05,이번옷은 건전할거야 .. 아마도,,,mysmallvtuber.net,2026-09-01T03:00:43Z
gks338YJL7mFr5xVhTyg,블링이1,,chzzk,53ed9aee7fc9f8d45f649f7ba6e63eb7,https://chzzk.naver.com/53ed9aee7fc9f8d45f649f7ba6e63eb7,블링이1,7488,2020-06-05,,2026-08-30 20:35:05,이번옷은 건전할거야 .. 아마도,,,mysmallvtuber.net,2026-09-01T03:00:43Z
E56rBS3FD3tLTLXBa4gs,아리엘 본즈,,youtube,UC4squ5GOyn_49A6XuOhtbtw,https://www.youtube.com/channel/UC4squ5GOyn_49A6XuOhtbtw,아리엘 본즈,2940,2022-11-27,,2026-08-31 00:15:05,[API 림월드 알몸 랜패철] 우주선 탈출하기,arielbones1771,https://cafe.naver.com/arielbones1771,mysmallvtuber.net,2026-09-01T03:00:43Z
E56rBS3FD3tLTLXBa4gs,아리엘 본즈,,chzzk,ac91a25f9d7751d4c61863f2f837f792,https://chzzk.naver.com/ac91a25f9d7751d4c61863f2f837f792,아리엘 본즈,3450,2022-11-27,,2026-08-31 00:15:05,[API 림월드 알몸 랜패철] 우주선 탈출하기,arielbones1771,https://cafe.naver.com/arielbones1771,mysmallvtuber.net,2026-09-01T03:00:43Z
AExNc9QEMbCsMVANrdU3,모몬 헤닐,,youtube,UCNM23sc8vF7IaCulOrtjhHA,https://www.youtube.com/channel/UCNM23sc8vF7IaCulOrtjhHA,모몬 헤닐,1220,2025-09-27,,2026-08-30 23:43:03,신입) 타격감제로 철통 보안 버튜버,,https://cafe.naver.com/momonhenyl,mysmallvtuber.net,2026-09-01T03:00:43Z
AExNc9QEMbCsMVANrdU3,모몬 헤닐,,youtube,UCW6Nd9-Wdz6m9GKV2NV_P-w,https://www.youtube.com/channel/UCW6Nd9-Wdz6m9GKV2NV_P-w,모몬 헤닐 VOD,477,2025-09-27,,2026-08-30 23:43:03,신입) 타격감제로 철통 보안 버튜버,,https://cafe.naver.com/momonhenyl,mysmallvtuber.net,2026-09-01T03:00:43Z
AExNc9QEMbCsMVANrdU3,모몬 헤닐,,chzzk,da7d07e4132e4608de980f50f347ad5c,https://chzzk.naver.com/da7d07e4132e4608de980f50f347ad5c,모몬 헤닐,3246,2025-09-27,,2026-08-30 23:43:03,신입) 타격감제로 철통 보안 버튜버,,https://cafe.naver.com/momonhenyl,mysmallvtuber.net,2026-09-01T03:00:43Z
PMjfStfJDVSGwBKc38Ta,낙엽 NakYeob,NakYeob,youtube,UCtfsLbSMOz7OD7in38tph4A,https://www.youtube.com/channel/UCtfsLbSMOz7OD7in38tph4A,정령 낙엽 NakYeob,692,2024-08-16,,2026-08-30 22:28:02,🍂고양이 세마리🐈‍⬛(w. 폴인럽) •ɞ•,Nakyeob64,https://cafe.naver.com/nakyeob64,mysmallvtuber.net,2026-09-01T03:00:43Z
PMjfStfJDVSGwBKc38Ta,낙엽 NakYeob,NakYeob,chzzk,9703103f5dd1aedb83ce00a6f7cccb47,https://chzzk.naver.com/9703103f5dd1aedb83ce00a6f7cccb47,낙엽 NakYeob,495,2024-08-16,,2026-08-30 22:28:02,🍂고양이 세마리🐈‍⬛(w. 폴인럽) •ɞ•,Nakyeob64,https://cafe.naver.com/nakyeob64,mysmallvtuber.net,2026-09-01T03:00:43Z
uJfKPhXpb8HwCMDwmTW6,시얀인뎅,,youtube,UCIVhJ8IPrVnpWOdKyT1Skiw,https://www.youtube.com/channel/UCIVhJ8IPrVnpWOdKyT1Skiw,시얀_【플라이벨】,104,2024-05-11,,2026-08-30 22:20:03,🦋 [V] 피융신) 콘서트 끝난 후 경찰 야유회 🦋,12siyan03,https://t.co/M5r9UfwDv6,mysmallvtuber.net,2026-09-01T03:00:43Z
uJfKPhXpb8HwCMDwmTW6,시얀인뎅,,chzzk,d130c25b59453dfec9eb4a9936975b6c,https://chzzk.naver.com/d130c25b59453dfec9eb4a9936975b6c,시얀인뎅,381,2024-05-11,,2026-08-30 22:20:03,🦋 [V] 피융신) 콘서트 끝난 후 경찰 야유회 🦋,12siyan03,https://t.co/M5r9UfwDv6,mysmallvtuber.net,2026-09-01T03:00:43Z
MJwp5KMkuztJZ8rKHvZZ,슈크림 CHOUX,CHOUX,youtube,UCKD9bWFvYeyJKX9RxO7HHpw,https://www.youtube.com/channel/UCKD9bWFvYeyJKX9RxO7HHpw,슈크림 CHOUCREAM,77,2025-12-28,,2026-08-30 22:59:03,겜 재밋엇다 (w.폴인럽),CHOUCREEEEM,https://cafe.naver.com/choucreeeem,mysmallvtuber.net,2026-09-01T03:00:43Z
MJwp5KMkuztJZ8rKHvZZ,슈크림 CHOUX,CHOUX,youtube,UC-G5fVQ5gqxsZKvCZcXCBoA,https://www.youtube.com/channel/UC-G5fVQ5gqxsZKvCZcXCBoA,슈크림 다시보기,17,2025-12-28,,2026-08-30 22:59:03,겜 재밋엇다 (w.폴인럽),CHOUCREEEEM,https://cafe.naver.com/choucreeeem,mysmallvtuber.net,2026-09-01T03:00:43Z
MJwp5KMkuztJZ8rKHvZZ,슈크림 CHOUX,CHOUX,chzzk,40008e6c620868f1b29d3627cd931ea1,https://chzzk.naver.com/40008e6c620868f1b29d3627cd931ea1,슈크림 CHOUX,710,2025-12-28,,2026-08-30 22:59:03,겜 재밋엇다 (w.폴인럽),CHOUCREEEEM,https://cafe.naver.com/choucreeeem,mysmallvtuber.net,2026-09-01T03:00:43Z
73q8QNamzpQYR8macfxJ,아루네 arune,arune,youtube,UCYFkAR8tti-ywrrNoTreYFw,https://www.youtube.com/channel/UCYFkAR8tti-ywrrNoTreYFw,아루네 arune,1690,2025-05-09,,2026-08-30 23:26:02,[ 선곡부터 홍대병 ] 노래대회 당일 방송이 3번째 터지는 중,arune_1030,https://cafe.naver.com/serionn,mysmallvtuber.net,2026-09-01T03:00:43Z
73q8QNamzpQYR8macfxJ,아루네 arune,arune,chzzk,7edea32c0c19842f07c6a1e323a5b15a,https://chzzk.naver.com/7edea32c0c19842f07c6a1e323a5b15a,아루네 arune,2088,2025-05-09,,2026-08-30 23:26:02,[ 선곡부터 홍대병 ] 노래대회 당일 방송이 3번째 터지는 중,arune_1030,https://cafe.naver.com/serionn,mysmallvtuber.net,2026-09-01T03:00:43Z
FFArzCvqa8S7KAvxVZAw,은예담,,youtube,UCQrX3aeOAt52kZeGjupS4Dw,https://www.youtube.com/channel/UCQrX3aeOAt52kZeGjupS4Dw,은예담,552,2025-08-17,,2026-08-31 03:56:02,🐼[아열대] 연습하지 않으면 도태될거야💚,EunYedam,,mysmallvtuber.net,2026-09-01T03:00:43Z
FFArzCvqa8S7KAvxVZAw,은예담,,youtube,UCU392d0zS9CAoLoN3Az-M_Q,https://www.youtube.com/channel/UCU392d0zS9CAoLoN3Az-M_Q,은예담,155,2025-08-17,,2026-08-31 03:56:02,🐼[아열대] 연습하지 않으면 도태될거야💚,EunYedam,,mysmallvtuber.net,2026-09-01T03:00:43Z
FFArzCvqa8S7KAvxVZAw,은예담,,chzzk,e8db0e178879df079bb80dc8ede14e77,https://chzzk.naver.com/e8db0e178879df079bb80dc8ede14e77,은예담,1221,2025-08-17,,2026-08-31 03:56:02,🐼[아열대] 연습하지 않으면 도태될거야💚,EunYedam,,mysmallvtuber.net,2026-09-01T03:00:43Z
bVBnsXxHa6Tp6uTCK3r5,유 르 밍,,youtube,UCbZjXMI62zmCafwdQKR3SIA,https://www.youtube.com/channel/UCbZjXMI62zmCafwdQKR3SIA,우타밍,1140,,,2026-08-30 21:58:03,₍ᐢ..ᐢ₎ 좋은 저녁,yuleuming88888,https://discord.com/invite/qJM8fBkdKt,mysmallvtuber.net,2026-09-01T03:00:43Z
bVBnsXxHa6Tp6uTCK3r5,유 르 밍,,chzzk,bdf93e882bfdee135e110b2fcc7061f2,https://chzzk.naver.com/bdf93e882bfdee135e110b2fcc7061f2,유 르 밍,1020,,,2026-08-30 21:58:03,₍ᐢ..ᐢ₎ 좋은 저녁,yuleuming88888,https://discord.com/invite/qJM8fBkdKt,mysmallvtuber.net,2026-09-01T03:00:43Z
ascsgSkW9dQbVjknLBDV,앵보,,youtube,UCnwA84tROxLzFSyUl7CI07A,https://www.youtube.com/channel/UCnwA84tROxLzFSyUl7CI07A,앵보,153000,2020-02-21,,2026-08-30 22:53:03,카레 다 끓이고 선배가 불러서 방송키기,,https://cafe.naver.com/angrybar,mysmallvtuber.net,2026-09-01T03:00:43Z
ascsgSkW9dQbVjknLBDV,앵보,,youtube,UCT7AWhMjf_5RUEHsFC6Vyrg,https://www.youtube.com/channel/UCT7AWhMjf_5RUEHsFC6Vyrg,앵보의 김밥천국,74700,2020-02-21,,2026-08-30 22:53:03,카레 다 끓이고 선배가 불러서 방송키기,,https://cafe.naver.com/angrybar,mysmallvtuber.net,2026-09-01T03:00:43Z
ascsgSkW9dQbVjknLBDV,앵보,,chzzk,41d1490bd67b3818d7dc53427a4d6cea,https://chzzk.naver.com/41d1490bd67b3818d7dc53427a4d6cea,앵보,51827,2020-02-21,,2026-08-30 22:53:03,카레 다 끓이고 선배가 불러서 방송키기,,https://cafe.naver.com/angrybar,mysmallvtuber.net,2026-09-01T03:00:43Z
Nz7BaEF9SYGmWTjbN8wW,냐 미 Nyami,Nyami,youtube,UCdx3CPTr8wXpwXf_wQDzUdA,https://www.youtube.com/channel/UCdx3CPTr8wXpwXf_wQDzUdA,냐미 Nyami,18800,2023-07-01,,2026-08-30 18:24:02,카티야원험의기묘한모험,,https://cafe.naver.com/nyami0508,mysmallvtuber.net,2026-09-01T03:00:43Z
Nz7BaEF9SYGmWTjbN8wW,냐 미 Nyami,Nyami,youtube,UCAzj5QRUt66zc0cvKJcPLbw,https://www.youtube.com/channel/UCAzj5QRUt66zc0cvKJcPLbw,다시보기 냠냠,1640,2023-07-01,,2026-08-30 18:24:02,카티야원험의기묘한모험,,https://cafe.naver.com/nyami0508,mysmallvtuber.net,2026-09-01T03:00:43Z
Nz7BaEF9SYGmWTjbN8wW,냐 미 Nyami,Nyami,chzzk,afff6e3cc8c1487bc4135bc896811dcc,https://chzzk.naver.com/afff6e3cc8c1487bc4135bc896811dcc,냐 미 Nyami,28831,2023-07-01,,2026-08-30 18:24:02,카티야원험의기묘한모험,,https://cafe.naver.com/nyami0508,mysmallvtuber.net,2026-09-01T03:00:43Z
FH4pzKjNLMjYVNszHwqd,루 랑,,youtube,UCWfPqO79dgtdzIln9EPNT7g,https://www.youtube.com/channel/UCWfPqO79dgtdzIln9EPNT7g,루랑,2550,2023-10-30,,2026-08-31 00:45:03,아직도 다이아인 거 실화가?,Lu_rang1,https://cafe.naver.com/lurang,mysmallvtuber.net,2026-09-01T03:00:43Z
FH4pzKjNLMjYVNszHwqd,루 랑,,chzzk,2b643e1b0cb736763965e0830179a297,https://chzzk.naver.com/2b643e1b0cb736763965e0830179a297,루 랑,2343,2023-10-30,,2026-08-31 00:45:03,아직도 다이아인 거 실화가?,Lu_rang1,https://cafe.naver.com/lurang,mysmallvtuber.net,2026-09-01T03:00:43Z
SCKfY3zjXJ9ZaN5qsGTd,하렌 루베오스,,youtube,UC5lm_rNF76FyZaG5vAuNnnw,https://www.youtube.com/channel/UC5lm_rNF76FyZaG5vAuNnnw,하렌 루베오스 HAREN RUBEOS,19100,2025-05-10,,2026-08-31 03:48:02,🩸이제 섬을 가,status_haren,https://cafe.naver.com/statopen,mysmallvtuber.net,2026-09-01T03:00:43Z
SCKfY3zjXJ9ZaN5qsGTd,하렌 루베오스,,chzzk,11f9a14c3439b7b1ceadd819d61624da,https://chzzk.naver.com/11f9a14c3439b7b1ceadd819d61624da,하렌 루베오스,11318,2025-05-10,,2026-08-31 03:48:02,🩸이제 섬을 가,status_haren,https://cafe.naver.com/statopen,mysmallvtuber.net,2026-09-01T03:00:43Z
5F8BsGg3XszJPPXhk5Ms,미네이션 미미,,youtube,UCil3rYSAwpQFxHqMITrb5Jw,https://www.youtube.com/channel/UCil3rYSAwpQFxHqMITrb5Jw,미네이션 미미,1430,2023-12-31,,2026-08-31 00:16:03,세끼 노래방 시즌10 🍾,mi_miwt,https://cafe.naver.com/mination,mysmallvtuber.net,2026-09-01T03:00:43Z
5F8BsGg3XszJPPXhk5Ms,미네이션 미미,,chzzk,15e35c57757dfa3315eee6d13191d13c,https://chzzk.naver.com/15e35c57757dfa3315eee6d13191d13c,미네이션 미미,2747,2023-12-31,,2026-08-31 00:16:03,세끼 노래방 시즌10 🍾,mi_miwt,https://cafe.naver.com/mination,mysmallvtuber.net,2026-09-01T03:00:43Z
WSxQ4ASWG2XJQkdB6Np6,하링!,,youtube,UCpyK3baOUfbktdj_zymOwZQ,https://www.youtube.com/channel/UCpyK3baOUfbktdj_zymOwZQ,하링!,1780,2023-09-09,,2026-08-30 18:33:02,뚱딴지 33한대화 구경하기 [사자컴퍼니/쯔인시대],haring_ruming,https://cafe.naver.com/ringming,mysmallvtuber.net,2026-09-01T03:00:43Z
WSxQ4ASWG2XJQkdB6Np6,하링!,,youtube,UCx4Jqhhl7tNsLyyalT9GDKw,https://www.youtube.com/channel/UCx4Jqhhl7tNsLyyalT9GDKw,하루네 다시보기,185,2023-09-09,,2026-08-30 18:33:02,뚱딴지 33한대화 구경하기 [사자컴퍼니/쯔인시대],haring_ruming,https://cafe.naver.com/ringming,mysmallvtuber.net,2026-09-01T03:00:43Z
WSxQ4ASWG2XJQkdB6Np6,하링!,,soop,ruringruming,https://ch.sooplive.co.kr/ruringruming,하링!,3296,2023-09-09,,2026-08-30 18:33:02,뚱딴지 33한대화 구경하기 [사자컴퍼니/쯔인시대],haring_ruming,https://cafe.naver.com/ringming,mysmallvtuber.net,2026-09-01T03:00:43Z
UwCM86xebchM7xdKAFtz,유기농솜사탕,,youtube,UCOD7x2tG6H1K8svg3l4Uk8g,https://www.youtube.com/channel/UCOD7x2tG6H1K8svg3l4Uk8g,유기농솜사탕,1720,,,2026-08-31 01:23:03,9시 원스동 심화반 남편 찾기,,https://cafe.naver.com/yousomworld,mysmallvtuber.net,2026-09-01T03:00:43Z
UwCM86xebchM7xdKAFtz,유기농솜사탕,,youtube,UCcq5_NbDaZsi6EpCxtGZccQ,https://www.youtube.com/channel/UCcq5_NbDaZsi6EpCxtGZccQ,솜사탕 보관소,402,,,2026-08-31 01:23:03,9시 원스동 심화반 남편 찾기,,https://cafe.naver.com/yousomworld,mysmallvtuber.net,2026-09-01T03:00:43Z
UwCM86xebchM7xdKAFtz,유기농솜사탕,,chzzk,1fd54afbec396b332cf2883561f48a0e,https://chzzk.naver.com/1fd54afbec396b332cf2883561f48a0e,유기농솜사탕,2038,,,2026-08-31 01:23:03,9시 원스동 심화반 남편 찾기,,https://cafe.naver.com/yousomworld,mysmallvtuber.net,2026-09-01T03:00:43Z
BjWk8JazWTHEah2HPaYj,시오∋,,youtube,UCz4Nw_6epv37rye1uSCA6xA,https://www.youtube.com/channel/UCz4Nw_6epv37rye1uSCA6xA,시오 SIIO [VRECORD],866,2024-11-23,,2026-08-31 03:17:03,후열띠ㅣㄷ [로스타시티],vrecord_siio,https://cafe.naver.com/vrecord/,mysmallvtuber.net,2026-09-01T03:00:43Z
BjWk8JazWTHEah2HPaYj,시오∋,,soop,siioyeyo,https://ch.sooplive.co.kr/siioyeyo,시오∋,2647,2024-11-23,,2026-08-31 03:17:03,후열띠ㅣㄷ [로스타시티],vrecord_siio,https://cafe.naver.com/vrecord/,mysmallvtuber.net,2026-09-01T03:00:43Z
hX4CQgvxf6n4hPbU9pSk,유우챠,,youtube,UCoNAZKKlOOTRj4LNALSvNZQ,https://www.youtube.com/channel/UCoNAZKKlOOTRj4LNALSvNZQ,유우챠 YUUCHA,4280,2023-06-26,,2026-08-31 02:00:03,🏳️[완오즈x총출동] 시골 속의 귀농메이드🐤,yuucha0626,https://cafe.naver.com/yuuchav,mysmallvtuber.net,2026-09-01T03:00:43Z
hX4CQgvxf6n4hPbU9pSk,유우챠,,youtube,UCKd7J6vCkj-C_ctMoL3IkKA,https://www.youtube.com/channel/UCKd7J6vCkj-C_ctMoL3IkKA,유우챠의 플래그 회수,509,2023-06-26,,2026-08-31 02:00:03,🏳️[완오즈x총출동] 시골 속의 귀농메이드🐤,yuucha0626,https://cafe.naver.com/yuuchav,mysmallvtuber.net,2026-09-01T03:00:43Z
hX4CQgvxf6n4hPbU9pSk,유우챠,,chzzk,4f9963668012f5b4d4c2647eb77820e6,https://chzzk.naver.com/4f9963668012f5b4d4c2647eb77820e6,유우챠,1621,2023-06-26,,2026-08-31 02:00:03,🏳️[완오즈x총출동] 시골 속의 귀농메이드🐤,yuucha0626,https://cafe.naver.com/yuuchav,mysmallvtuber.net,2026-09-01T03:00:43Z
nSTbJqJfSrtjvWrEZWFd,라율,,youtube,UC-xvAYS29Fq3mTj5N0Xupgg,https://www.youtube.com/channel/UC-xvAYS29Fq3mTj5N0Xupgg,라율,11200,,,2026-08-30 21:56:03,"일요일 소통 / 레인보우 다이아서버 모집중 / 룰렛 33, 333",Layule_oi,,mysmallvtuber.net,2026-09-01T03:00:43Z
nSTbJqJfSrtjvWrEZWFd,라율,,soop,layule,https://ch.sooplive.co.kr/layule,라율,5135,,,2026-08-30 21:56:03,"일요일 소통 / 레인보우 다이아서버 모집중 / 룰렛 33, 333",Layule_oi,,mysmallvtuber.net,2026-09-01T03:00:43Z
j9A5S9SPwnBEfLFHmnTh,난초.,,youtube,UCl61LnY2hIbgxrRSXGUeKrA,https://www.youtube.com/channel/UCl61LnY2hIbgxrRSXGUeKrA,난초,35400,2018-11-22,,2026-08-31 05:40:03,운전병 김난츄 에스카X제리츄X헤다X난초  [버인],,,mysmallvtuber.net,2026-09-01T03:00:43Z
j9A5S9SPwnBEfLFHmnTh,난초.,,soop,blackchu,https://ch.sooplive.co.kr/blackchu,난초.,33988,2018-11-22,,2026-08-31 05:40:03,운전병 김난츄 에스카X제리츄X헤다X난초  [버인],,,mysmallvtuber.net,2026-09-01T03:00:43Z
cCZj3ykp5AywudXGx9zy,머렝 Mureng,Mureng,youtube,UCHhpdF2k1WSoRWonrpbklMA,https://www.youtube.com/channel/UCHhpdF2k1WSoRWonrpbklMA,머렝,708,,,2026-08-30 23:12:02,<청초 쌍란 뜬 사람+1벨 (  ˵•́ ᴗ •̀˵)🪄,,https://cafe.naver.com/mureng,mysmallvtuber.net,2026-09-01T03:00:43Z
cCZj3ykp5AywudXGx9zy,머렝 Mureng,Mureng,chzzk,2434c8e01c4582b37b1ab925af938cde,https://chzzk.naver.com/2434c8e01c4582b37b1ab925af938cde,머렝 Mureng,1157,,,2026-08-30 23:12:02,<청초 쌍란 뜬 사람+1벨 (  ˵•́ ᴗ •̀˵)🪄,,https://cafe.naver.com/mureng,mysmallvtuber.net,2026-09-01T03:00:43Z
ST4ygwCqMSSYSU9hw55d,루시 Luci,Luci,youtube,UCAlAZQaw_3rIm5q2qLIIJXA,https://www.youtube.com/channel/UCAlAZQaw_3rIm5q2qLIIJXA,루시 Luci,8910,2025-11-01,,2026-09-01 11:53:03,"[HEXIA]  📻켠왕 4일차(자기 전 저챗) / 또 점프킹을 깨지못하는데, 더 살아 무엇하리",Hexia_Luci,,mysmallvtuber.net,2026-09-01T03:00:43Z
ST4ygwCqMSSYSU9hw55d,루시 Luci,Luci,youtube,UCONQGAGcWWY0eFG5YvjZEkQ,https://www.youtube.com/channel/UCONQGAGcWWY0eFG5YvjZEkQ,루시 다시보기,653,2025-11-01,,2026-09-01 11:53:03,"[HEXIA]  📻켠왕 4일차(자기 전 저챗) / 또 점프킹을 깨지못하는데, 더 살아 무엇하리",Hexia_Luci,,mysmallvtuber.net,2026-09-01T03:00:43Z
ST4ygwCqMSSYSU9hw55d,루시 Luci,Luci,chzzk,0b0dd269c4663fc36ee1eef8a8b1bea4,https://chzzk.naver.com/0b0dd269c4663fc36ee1eef8a8b1bea4,루시 Luci,7186,2025-11-01,,2026-09-01 11:53:03,"[HEXIA]  📻켠왕 4일차(자기 전 저챗) / 또 점프킹을 깨지못하는데, 더 살아 무엇하리",Hexia_Luci,,mysmallvtuber.net,2026-09-01T03:00:43Z
wVhM6yMSfNQ7VHu5venq,청목 Chungmok,Chungmok,youtube,UC1PZeyE74LMkjzTyCfGX0tg,https://www.youtube.com/channel/UC1PZeyE74LMkjzTyCfGX0tg,청목 Chungmok,2290,2025-11-08,,2026-08-30 23:53:03,[사령화] 새친구들이 많이 생겨서 기쁜 정령,Chungmok_SRH1,https://cafe.naver.com/grimproduction,mysmallvtuber.net,2026-09-01T03:00:43Z
wVhM6yMSfNQ7VHu5venq,청목 Chungmok,Chungmok,chzzk,42344dd53d4c5dc33e962c8913f6adc3,https://chzzk.naver.com/42344dd53d4c5dc33e962c8913f6adc3,청목 Chungmok,7072,2025-11-08,,2026-08-30 23:53:03,[사령화] 새친구들이 많이 생겨서 기쁜 정령,Chungmok_SRH1,https://cafe.naver.com/grimproduction,mysmallvtuber.net,2026-09-01T03:00:43Z
mgu2LxV7cN8Sw6z8nNbY,반토,,youtube,UCubbaxpK7p-HnIe31IMblvQ,https://www.youtube.com/channel/UCubbaxpK7p-HnIe31IMblvQ,반토,474,2024-04-25,,2026-08-30 20:40:03,[V] ෆ이사 전 마지막 방송ෆ,Banto_425,https://cafe.naver.com/banto425,mysmallvtuber.net,2026-09-01T03:00:43Z
mgu2LxV7cN8Sw6z8nNbY,반토,,youtube,UCJRQnbqJ-9idFFFNNfwWUCA,https://www.youtube.com/channel/UCJRQnbqJ-9idFFFNNfwWUCA,반토 다시보기,16,2024-04-25,,2026-08-30 20:40:03,[V] ෆ이사 전 마지막 방송ෆ,Banto_425,https://cafe.naver.com/banto425,mysmallvtuber.net,2026-09-01T03:00:43Z
mgu2LxV7cN8Sw6z8nNbY,반토,,chzzk,0ce04f529e8a94f4f553bec77b0bd76c,https://chzzk.naver.com/0ce04f529e8a94f4f553bec77b0bd76c,반토,1128,2024-04-25,,2026-08-30 20:40:03,[V] ෆ이사 전 마지막 방송ෆ,Banto_425,https://cafe.naver.com/banto425,mysmallvtuber.net,2026-09-01T03:00:43Z
hrAXCBu86bWx6Bxfn2ES,마리모O,O,youtube,UCEZx3nZ9x8KBXvlxQmNoS6Q,https://www.youtube.com/channel/UCEZx3nZ9x8KBXvlxQmNoS6Q,마리모💦siren,17800,2021-03-03,,2026-08-31 02:24:03,"7시부터 주루마블 하고 선물받은 술 먹방 하면서 후열은 신작 영덕대게 + 필리핀 공겜 
（︶^︶）",siren_marimo,https://cafe.naver.com/seilenmarimo,mysmallvtuber.net,2026-09-01T03:00:43Z
hrAXCBu86bWx6Bxfn2ES,마리모O,O,youtube,UCtF8y0eGVTRPM9-9p6yMkfA,https://www.youtube.com/channel/UCtF8y0eGVTRPM9-9p6yMkfA,마리모💦siren 다시보기,411,2021-03-03,,2026-08-31 02:24:03,"7시부터 주루마블 하고 선물받은 술 먹방 하면서 후열은 신작 영덕대게 + 필리핀 공겜 
（︶^︶）",siren_marimo,https://cafe.naver.com/seilenmarimo,mysmallvtuber.net,2026-09-01T03:00:43Z
hrAXCBu86bWx6Bxfn2ES,마리모O,O,chzzk,10b7410e52f8040ec86ec36c90f8b508,https://chzzk.naver.com/10b7410e52f8040ec86ec36c90f8b508,마리모O,6875,2021-03-03,,2026-08-31 02:24:03,"7시부터 주루마블 하고 선물받은 술 먹방 하면서 후열은 신작 영덕대게 + 필리핀 공겜 
（︶^︶）",siren_marimo,https://cafe.naver.com/seilenmarimo,mysmallvtuber.net,2026-09-01T03:00:43Z
An4rnJ7YLJ45ZSV8NZXy,레아나 Reana,Reana,youtube,UCL55fBj8__uGXLyukK0SvEQ,https://www.youtube.com/channel/UCL55fBj8__uGXLyukK0SvEQ,레아나 Reana,34900,2018-12-28,,2026-08-31 00:43:03,옥수수는 특유의 비린 맛이,Reana_Vtuber,https://cafe.naver.com/reanacafe,mysmallvtuber.net,2026-09-01T03:00:43Z
An4rnJ7YLJ45ZSV8NZXy,레아나 Reana,Reana,youtube,UC8KjOvfnLpUU8Sq3qTwpKxQ,https://www.youtube.com/channel/UC8KjOvfnLpUU8Sq3qTwpKxQ,레아나(랙돌) VOD 다시보기,2090,2018-12-28,,2026-08-31 00:43:03,옥수수는 특유의 비린 맛이,Reana_Vtuber,https://cafe.naver.com/reanacafe,mysmallvtuber.net,2026-09-01T03:00:43Z
An4rnJ7YLJ45ZSV8NZXy,레아나 Reana,Reana,chzzk,dcf8337aa57ed257b1c76bafbdb5c054,https://chzzk.naver.com/dcf8337aa57ed257b1c76bafbdb5c054,레아나 Reana,14128,2018-12-28,,2026-08-31 00:43:03,옥수수는 특유의 비린 맛이,Reana_Vtuber,https://cafe.naver.com/reanacafe,mysmallvtuber.net,2026-09-01T03:00:43Z
Jc4yADWnwDAGPMrXgjTr,므므네 mumune,mumune,youtube,UC10QyWBAj8J-A8ch_tyI7Lw,https://www.youtube.com/channel/UC10QyWBAj8J-A8ch_tyI7Lw,므므네 mumune,20400,2024-11-30,,2026-08-31 00:07:02,[WISHes] DJ므므네,mumune_WISHes,https://cafe.naver.com/grimproduction,mysmallvtuber.net,2026-09-01T03:00:43Z
Jc4yADWnwDAGPMrXgjTr,므므네 mumune,mumune,chzzk,23a256033aae1c6324cec9a69458791d,https://chzzk.naver.com/23a256033aae1c6324cec9a69458791d,므므네 mumune,10550,2024-11-30,,2026-08-31 00:07:02,[WISHes] DJ므므네,mumune_WISHes,https://cafe.naver.com/grimproduction,mysmallvtuber.net,2026-09-01T03:00:43Z
qYRad4Q3TUTpKgjv8SCc,버찌 BUZZI,BUZZI,youtube,UCcdw8dm7jGMN9izln7NSC6g,https://www.youtube.com/channel/UCcdw8dm7jGMN9izln7NSC6g,버찌 BUZZI,1170,2025-06-21,,2026-08-30 23:22:02,무시무시해요,cherry_weasel,https://cafe.naver.com/cherryweasel,mysmallvtuber.net,2026-09-01T03:00:43Z
qYRad4Q3TUTpKgjv8SCc,버찌 BUZZI,BUZZI,youtube,UCV05-ptXdC6IcuPnJiA70pQ,https://www.youtube.com/channel/UCV05-ptXdC6IcuPnJiA70pQ,버찌 아카이빙,358,2025-06-21,,2026-08-30 23:22:02,무시무시해요,cherry_weasel,https://cafe.naver.com/cherryweasel,mysmallvtuber.net,2026-09-01T03:00:43Z
qYRad4Q3TUTpKgjv8SCc,버찌 BUZZI,BUZZI,chzzk,85fa9f08b940d363395f6b3f29b91c4c,https://chzzk.naver.com/85fa9f08b940d363395f6b3f29b91c4c,버찌 BUZZI,3302,2025-06-21,,2026-08-30 23:22:02,무시무시해요,cherry_weasel,https://cafe.naver.com/cherryweasel,mysmallvtuber.net,2026-09-01T03:00:43Z
L4YFp4MHkMQ5aBKELUcd,주이령,,youtube,UCwbWUyT_pUJ9p4LNDu6xIIw,https://www.youtube.com/channel/UCwbWUyT_pUJ9p4LNDu6xIIw,주이령,361,2024-02-17,,2026-08-31 00:13:02,영주님 언제까지 방치해요? #2,Juiryeong,https://discord.gg/aQwwrv5weK,mysmallvtuber.net,2026-09-01T03:00:43Z
L4YFp4MHkMQ5aBKELUcd,주이령,,youtube,UCr19YOtTYLYt9W1xRjASnKw,https://www.youtube.com/channel/UCr19YOtTYLYt9W1xRjASnKw,주이령 기억 보따리(다시 보기),36,2024-02-17,,2026-08-31 00:13:02,영주님 언제까지 방치해요? #2,Juiryeong,https://discord.gg/aQwwrv5weK,mysmallvtuber.net,2026-09-01T03:00:43Z
L4YFp4MHkMQ5aBKELUcd,주이령,,chzzk,c06d120ddd406714ef4b22dad8166d03,https://chzzk.naver.com/c06d120ddd406714ef4b22dad8166d03,주이령,327,2024-02-17,,2026-08-31 00:13:02,영주님 언제까지 방치해요? #2,Juiryeong,https://discord.gg/aQwwrv5weK,mysmallvtuber.net,2026-09-01T03:00:43Z
nQ5xVeVzn9h5Lzg6BCq2,건망고,,youtube,UCiR6XnLs77P7YMVNLcO2F3w,https://www.youtube.com/channel/UCiR6XnLs77P7YMVNLcO2F3w,뮤망고 : MUSIC MANGO,419,2022-10-03,,2026-08-30 20:05:03,방종전 잡담,GunMango_Vtuber,https://cafe.naver.com/gunmango,mysmallvtuber.net,2026-09-01T03:00:43Z
nQ5xVeVzn9h5Lzg6BCq2,건망고,,youtube,UCeS4HjwowQTRSHeMi8igkHg,https://www.youtube.com/channel/UCeS4HjwowQTRSHeMi8igkHg,건망고 방송 아카이브,856,2022-10-03,,2026-08-30 20:05:03,방종전 잡담,GunMango_Vtuber,https://cafe.naver.com/gunmango,mysmallvtuber.net,2026-09-01T03:00:43Z
nQ5xVeVzn9h5Lzg6BCq2,건망고,,chzzk,b134c6981709fdb7c9e8c52f42c48d4b,https://chzzk.naver.com/b134c6981709fdb7c9e8c52f42c48d4b,건망고,3000,2022-10-03,,2026-08-30 20:05:03,방종전 잡담,GunMango_Vtuber,https://cafe.naver.com/gunmango,mysmallvtuber.net,2026-09-01T03:00:43Z
cyHEYDtdXqNMQZj4wrUq,져미님,,youtube,UCD1Co1H0-6aZdCAuq14rbPw,https://www.youtube.com/channel/UCD1Co1H0-6aZdCAuq14rbPw,져미님,10100,2020-03-22,,2026-08-30 22:14:02,죄송합니다,germy_nim,https://cafe.naver.com/plzonairgermynim,mysmallvtuber.net,2026-09-01T03:00:43Z
cyHEYDtdXqNMQZj4wrUq,져미님,,youtube,UCAWmbpTt7V4mrsnljmxJxXA,https://www.youtube.com/channel/UCAWmbpTt7V4mrsnljmxJxXA,져미님님님,634,2020-03-22,,2026-08-30 22:14:02,죄송합니다,germy_nim,https://cafe.naver.com/plzonairgermynim,mysmallvtuber.net,2026-09-01T03:00:43Z
cyHEYDtdXqNMQZj4wrUq,져미님,,chzzk,75c30c411b840b8eeaa12ce3401e6d5f,https://chzzk.naver.com/75c30c411b840b8eeaa12ce3401e6d5f,져미님,3647,2020-03-22,,2026-08-30 22:14:02,죄송합니다,germy_nim,https://cafe.naver.com/plzonairgermynim,mysmallvtuber.net,2026-09-01T03:00:43Z
3RusDKhKBGJ23EJFb7Qx,알유,,youtube,UCJyYSYZjwjB1iH3LyO6b1mg,https://www.youtube.com/channel/UCJyYSYZjwjB1iH3LyO6b1mg,알유,22400,2024-02-02,,2026-08-30 19:54:03,너드녀 스파이더맨이 되다.,Are_youRU,https://cafe.naver.com/withareyou,mysmallvtuber.net,2026-09-01T03:00:43Z
3RusDKhKBGJ23EJFb7Qx,알유,,youtube,UCIH8GBBByICJ2VfDkMvstGA,https://www.youtube.com/channel/UCIH8GBBByICJ2VfDkMvstGA,알유 다시보기,668,2024-02-02,,2026-08-30 19:54:03,너드녀 스파이더맨이 되다.,Are_youRU,https://cafe.naver.com/withareyou,mysmallvtuber.net,2026-09-01T03:00:43Z
3RusDKhKBGJ23EJFb7Qx,알유,,chzzk,ff2ce361010fd1840bcb2a58b0b52d04,https://chzzk.naver.com/ff2ce361010fd1840bcb2a58b0b52d04,알유,3180,2024-02-02,,2026-08-30 19:54:03,너드녀 스파이더맨이 되다.,Are_youRU,https://cafe.naver.com/withareyou,mysmallvtuber.net,2026-09-01T03:00:43Z
jJ2NQWzL4aZsTCtmm8Gu,사야 세리카,,youtube,UCYE_P_X3dJt1I1xjiiBWTtw,https://www.youtube.com/channel/UCYE_P_X3dJt1I1xjiiBWTtw,SAYA SERICA 사야 세리카 ch.,1000,2025-03-15,,2026-08-30 17:58:03,유튜브 1천명 달성 축하해주세요🥳🥳🎁🎁🎁,Otome_scarlet,https://cafe.naver.com/otometale,mysmallvtuber.net,2026-09-01T03:00:43Z
jJ2NQWzL4aZsTCtmm8Gu,사야 세리카,,youtube,UCsl0EW6-DboEVsJoPoPIzwg,https://www.youtube.com/channel/UCsl0EW6-DboEVsJoPoPIzwg,사야 세리카 다시보기,124,2025-03-15,,2026-08-30 17:58:03,유튜브 1천명 달성 축하해주세요🥳🥳🎁🎁🎁,Otome_scarlet,https://cafe.naver.com/otometale,mysmallvtuber.net,2026-09-01T03:00:43Z
jJ2NQWzL4aZsTCtmm8Gu,사야 세리카,,chzzk,4a372ebe1371e867cf160dcd4deeaf2c,https://chzzk.naver.com/4a372ebe1371e867cf160dcd4deeaf2c,사야 세리카,1657,2025-03-15,,2026-08-30 17:58:03,유튜브 1천명 달성 축하해주세요🥳🥳🎁🎁🎁,Otome_scarlet,https://cafe.naver.com/otometale,mysmallvtuber.net,2026-09-01T03:00:43Z
fQLy9JhgguSg7A37MXNc,이츠미 세요,,youtube,UCuDqB7mzh9IDxrk-TwsFf5w,https://www.youtube.com/channel/UCuDqB7mzh9IDxrk-TwsFf5w,이츠미 세요 ITSUMI SEYO,388,2026-02-08,,2026-08-30 19:25:03,아이스크림 굿쯔 읽쟈,ItsumiSeyo,https://cafe.naver.com/itsumiseyo,mysmallvtuber.net,2026-09-01T03:00:43Z
fQLy9JhgguSg7A37MXNc,이츠미 세요,,youtube,UCFgNwppRUr0RpSkD5A8tzoQ,https://www.youtube.com/channel/UCFgNwppRUr0RpSkD5A8tzoQ,여기보 세요,51,2026-02-08,,2026-08-30 19:25:03,아이스크림 굿쯔 읽쟈,ItsumiSeyo,https://cafe.naver.com/itsumiseyo,mysmallvtuber.net,2026-09-01T03:00:43Z
fQLy9JhgguSg7A37MXNc,이츠미 세요,,chzzk,b4a361de2b3575c09b92cc2ef358925f,https://chzzk.naver.com/b4a361de2b3575c09b92cc2ef358925f,이츠미 세요,1294,2026-02-08,,2026-08-30 19:25:03,아이스크림 굿쯔 읽쟈,ItsumiSeyo,https://cafe.naver.com/itsumiseyo,mysmallvtuber.net,2026-09-01T03:00:43Z
e9ZQ7cpYrNzaYTC2nEwK,모치즈키 카에데,,youtube,UCqhPc90p1J0o_GfEhhQhlbA,https://www.youtube.com/channel/UCqhPc90p1J0o_GfEhhQhlbA,모치즈키 카에데(望月 楓),65900,2025-03-29,,2026-08-31 00:10:02,1부:신의상 입고 마츠리 2부:일본뉴스 3부:불꽃들고 대화하기,,https://cafe.naver.com/ytmunnik,mysmallvtuber.net,2026-09-01T03:00:43Z
e9ZQ7cpYrNzaYTC2nEwK,모치즈키 카에데,,youtube,UCAHKlSGCcaADn6EMRqL8edw,https://www.youtube.com/channel/UCAHKlSGCcaADn6EMRqL8edw,카에데 다시보기,4140,2025-03-29,,2026-08-31 00:10:02,1부:신의상 입고 마츠리 2부:일본뉴스 3부:불꽃들고 대화하기,,https://cafe.naver.com/ytmunnik,mysmallvtuber.net,2026-09-01T03:00:43Z
e9ZQ7cpYrNzaYTC2nEwK,모치즈키 카에데,,chzzk,4885cc52d10d534564057267b8e380be,https://chzzk.naver.com/4885cc52d10d534564057267b8e380be,모치즈키 카에데,45665,2025-03-29,,2026-08-31 00:10:02,1부:신의상 입고 마츠리 2부:일본뉴스 3부:불꽃들고 대화하기,,https://cafe.naver.com/ytmunnik,mysmallvtuber.net,2026-09-01T03:00:43Z
KHNtkXtPJYZ8faFAp4Mn,오하루땅,,youtube,UCXk65mZEUXJWaOTFoj6Vibg,https://www.youtube.com/channel/UCXk65mZEUXJWaOTFoj6Vibg,오하루땅 아카이브,679,2023-11-18,,2026-08-31 04:56:02,"실피아가 말아주는 '수집가의 별장' w.실피아,대충1,블루,이비",oharu313,,mysmallvtuber.net,2026-09-01T03:00:43Z
KHNtkXtPJYZ8faFAp4Mn,오하루땅,,chzzk,f3e05c4c8d90ae77db629fa2e12ced40,https://chzzk.naver.com/f3e05c4c8d90ae77db629fa2e12ced40,오하루땅,787,2023-11-18,,2026-08-31 04:56:02,"실피아가 말아주는 '수집가의 별장' w.실피아,대충1,블루,이비",oharu313,,mysmallvtuber.net,2026-09-01T03:00:43Z
bhGJuJ8692KJ4N8JECGd,센 카르멘,,youtube,UCQ31G2n8F54JPCYLWegPp0g,https://www.youtube.com/channel/UCQ31G2n8F54JPCYLWegPp0g,센 카르멘 SEN CARMEN,15600,2024-06-28,,2026-08-30 20:42:03,마작대회 꼴등했어요,status_sen,https://cafe.naver.com/statopen,mysmallvtuber.net,2026-09-01T03:00:43Z
bhGJuJ8692KJ4N8JECGd,센 카르멘,,youtube,UCCvQTU5mrwgvD79spId1pUw,https://www.youtube.com/channel/UCCvQTU5mrwgvD79spId1pUw,센 다시보기,1110,2024-06-28,,2026-08-30 20:42:03,마작대회 꼴등했어요,status_sen,https://cafe.naver.com/statopen,mysmallvtuber.net,2026-09-01T03:00:43Z
bhGJuJ8692KJ4N8JECGd,센 카르멘,,chzzk,baf2109352261c8dd091feae895f3a11,https://chzzk.naver.com/baf2109352261c8dd091feae895f3a11,센 카르멘,11700,2024-06-28,,2026-08-30 20:42:03,마작대회 꼴등했어요,status_sen,https://cafe.naver.com/statopen,mysmallvtuber.net,2026-09-01T03:00:43Z
qDAghdzddQfqRp5A3RXg,오별콩,,youtube,UCzRiEC7iuEArhCgq3yDxALA,https://www.youtube.com/channel/UCzRiEC7iuEArhCgq3yDxALA,오별콩,148,2023-10-06,,2026-08-30 20:12:03,반값 영도데이 + 저챗 ٩(๑°▹｡)۶,ohbyulkong,https://cafe.naver.com/byulkong,mysmallvtuber.net,2026-09-01T03:00:43Z
qDAghdzddQfqRp5A3RXg,오별콩,,chzzk,c55085778e35bb35c9d3a0ab472177f3,https://chzzk.naver.com/c55085778e35bb35c9d3a0ab472177f3,오별콩,1177,2023-10-06,,2026-08-30 20:12:03,반값 영도데이 + 저챗 ٩(๑°▹｡)۶,ohbyulkong,https://cafe.naver.com/byulkong,mysmallvtuber.net,2026-09-01T03:00:43Z
LaFutXkTPPQSzXAa6Cyv,데너,,youtube,UCXGTSs-BQsWA4Yi4F_-Uvbg,https://www.youtube.com/channel/UCXGTSs-BQsWA4Yi4F_-Uvbg,데너의 작업물 저장소,466,2020-10-31,,2026-08-30 18:47:03,[V] 252번째 시간 _ 버스 타고 세계 여행,denu0193,https://discord.gg/79GJfraHCY,mysmallvtuber.net,2026-09-01T03:00:43Z
LaFutXkTPPQSzXAa6Cyv,데너,,youtube,UCybLtWqgY_Si22mbKSkKamA,https://www.youtube.com/channel/UCybLtWqgY_Si22mbKSkKamA,테너의 시간 기록소,34,2020-10-31,,2026-08-30 18:47:03,[V] 252번째 시간 _ 버스 타고 세계 여행,denu0193,https://discord.gg/79GJfraHCY,mysmallvtuber.net,2026-09-01T03:00:43Z
LaFutXkTPPQSzXAa6Cyv,데너,,chzzk,ef032d51099c26e55c1caa02fbc0ab5f,https://chzzk.naver.com/ef032d51099c26e55c1caa02fbc0ab5f,데너,390,2020-10-31,,2026-08-30 18:47:03,[V] 252번째 시간 _ 버스 타고 세계 여행,denu0193,https://discord.gg/79GJfraHCY,mysmallvtuber.net,2026-09-01T03:00:43Z
BqHdPGWRQWEH6bkLMM3q,쿠마루,,youtube,UC9Q7MsMg-hCNW0PzSSFVaIQ,https://www.youtube.com/channel/UC9Q7MsMg-hCNW0PzSSFVaIQ,쿠마루 Kumaru,15900,2024-03-04,,2026-08-31 00:15:05,하하 ㅎㅎ[몽상컴퍼니],v_kurkuma,https://cafe.naver.com/kumaru,mysmallvtuber.net,2026-09-01T03:00:43Z
BqHdPGWRQWEH6bkLMM3q,쿠마루,,chzzk,e6df84b539791aba763f533f87ce3342,https://chzzk.naver.com/e6df84b539791aba763f533f87ce3342,쿠마루,9224,2024-03-04,,2026-08-31 00:15:05,하하 ㅎㅎ[몽상컴퍼니],v_kurkuma,https://cafe.naver.com/kumaru,mysmallvtuber.net,2026-09-01T03:00:43Z
B5PbmGndmHEkLzmVYfaH,Go항상,Go,youtube,UCZBFUAgY04cBXZZEPOlW9Bg,https://www.youtube.com/channel/UCZBFUAgY04cBXZZEPOlW9Bg,583,1330,2021-11-11,,2026-08-30 19:31:03,〈𝟓𝟖𝟑〉 굿...모닝구... 아침(?) 데바데 | ●∀●)ﾉ=͟͟͞͞🍚,gohansan_583,https://cafe.naver.com/gohansan,mysmallvtuber.net,2026-09-01T03:00:43Z
B5PbmGndmHEkLzmVYfaH,Go항상,Go,youtube,UCZTs6WiMl1LCLlFAICamSCg,https://www.youtube.com/channel/UCZTs6WiMl1LCLlFAICamSCg,Go봉밥,312,2021-11-11,,2026-08-30 19:31:03,〈𝟓𝟖𝟑〉 굿...모닝구... 아침(?) 데바데 | ●∀●)ﾉ=͟͟͞͞🍚,gohansan_583,https://cafe.naver.com/gohansan,mysmallvtuber.net,2026-09-01T03:00:43Z
B5PbmGndmHEkLzmVYfaH,Go항상,Go,chzzk,5fbfe6e67fbd44b49778f9398446c2cc,https://chzzk.naver.com/5fbfe6e67fbd44b49778f9398446c2cc,Go항상,1237,2021-11-11,,2026-08-30 19:31:03,〈𝟓𝟖𝟑〉 굿...모닝구... 아침(?) 데바데 | ●∀●)ﾉ=͟͟͞͞🍚,gohansan_583,https://cafe.naver.com/gohansan,mysmallvtuber.net,2026-09-01T03:00:43Z
nuGreVwPzSrpX4Ec4Kp2,도쿠다,,youtube,UCU5689kyf7mfQP9kWeHXO7g,https://www.youtube.com/channel/UCU5689kyf7mfQP9kWeHXO7g,도쿠다 DOKUDA,231,2025-01-20,,2026-08-30 17:09:03,지옥에서 돌아와버린 링피트,Dr_DOKUDA,https://cafe.naver.com/dokuda,mysmallvtuber.net,2026-09-01T03:00:43Z
nuGreVwPzSrpX4Ec4Kp2,도쿠다,,chzzk,09ab5a820633bb87ab008bef322ab77d,https://chzzk.naver.com/09ab5a820633bb87ab008bef322ab77d,도쿠다,382,2025-01-20,,2026-08-30 17:09:03,지옥에서 돌아와버린 링피트,Dr_DOKUDA,https://cafe.naver.com/dokuda,mysmallvtuber.net,2026-09-01T03:00:43Z
J46WtCCDWEv642jpNDJe,윤리즈,,youtube,UCT5LFHEA5hgydO0t4S26yug,https://www.youtube.com/channel/UCT5LFHEA5hgydO0t4S26yug,윤리즈,2280,2023-06-11,,2026-08-30 23:57:03,진실의 끝,lizhi0331,https://cafe.naver.com/lizhi0331,mysmallvtuber.net,2026-09-01T03:00:43Z
J46WtCCDWEv642jpNDJe,윤리즈,,youtube,UCCgi3HeyzONEqWbxkQLcnmw,https://www.youtube.com/channel/UCCgi3HeyzONEqWbxkQLcnmw,윤리즈가 잔뜩잔뜩,894,2023-06-11,,2026-08-30 23:57:03,진실의 끝,lizhi0331,https://cafe.naver.com/lizhi0331,mysmallvtuber.net,2026-09-01T03:00:43Z
J46WtCCDWEv642jpNDJe,윤리즈,,chzzk,6fb7f73dcb20077d77e6e053d0362228,https://chzzk.naver.com/6fb7f73dcb20077d77e6e053d0362228,윤리즈,5392,2023-06-11,,2026-08-30 23:57:03,진실의 끝,lizhi0331,https://cafe.naver.com/lizhi0331,mysmallvtuber.net,2026-09-01T03:00:43Z
QnYQ8NJ5XbWxCEakC2An,엄히로,,youtube,UC84k_647eh3k9WKo4BjdUyw,https://www.youtube.com/channel/UC84k_647eh3k9WKo4BjdUyw,엄히로 - 26년도 현재 만 32세,10000,2022-04-10,,2026-08-30 18:23:02,어제 생일 뒷이야기,HERO_Vtuber,https://discord.com/invite/z5PmDZD55m,mysmallvtuber.net,2026-09-01T03:00:43Z
QnYQ8NJ5XbWxCEakC2An,엄히로,,chzzk,60761dc68dca3092c55c4371710ce848,https://chzzk.naver.com/60761dc68dca3092c55c4371710ce848,엄히로,5793,2022-04-10,,2026-08-30 18:23:02,어제 생일 뒷이야기,HERO_Vtuber,https://discord.com/invite/z5PmDZD55m,mysmallvtuber.net,2026-09-01T03:00:43Z
ejgWQMyyC6WVZXbz8Pvc,너나비,,youtube,UCNSTgzmTrxv7ymaDYBOYPEQ,https://www.youtube.com/channel/UCNSTgzmTrxv7ymaDYBOYPEQ,너나비,387,2024-11-06,,2026-08-30 22:03:03,지오게~~~~~~~서 누가돌아왔ㅆㅆㅆ게,nonabi_pancake,https://cafe.naver.com/nonabee,mysmallvtuber.net,2026-09-01T03:00:43Z
ejgWQMyyC6WVZXbz8Pvc,너나비,,youtube,UCXJgd0QFrVQNLzEvFLJgpsg,https://www.youtube.com/channel/UCXJgd0QFrVQNLzEvFLJgpsg,너나비 다시보기,170,2024-11-06,,2026-08-30 22:03:03,지오게~~~~~~~서 누가돌아왔ㅆㅆㅆ게,nonabi_pancake,https://cafe.naver.com/nonabee,mysmallvtuber.net,2026-09-01T03:00:43Z
ejgWQMyyC6WVZXbz8Pvc,너나비,,chzzk,a035fc7c8bdd74d644aa134c38619513,https://chzzk.naver.com/a035fc7c8bdd74d644aa134c38619513,너나비,2567,2024-11-06,,2026-08-30 22:03:03,지오게~~~~~~~서 누가돌아왔ㅆㅆㅆ게,nonabi_pancake,https://cafe.naver.com/nonabee,mysmallvtuber.net,2026-09-01T03:00:43Z
dCJgZTRpWnHRgKrM5Ga7,im미오,im,youtube,UC08o1HYwurkVGc_t8jA9DoA,https://www.youtube.com/channel/UC08o1HYwurkVGc_t8jA9DoA,im미오,3180,2026-04-10,,2026-08-31 00:24:03,네,immi0mi0,,mysmallvtuber.net,2026-09-01T03:00:43Z
dCJgZTRpWnHRgKrM5Ga7,im미오,im,soop,mi0mi0,https://ch.sooplive.co.kr/mi0mi0,im미오,13184,2026-04-10,,2026-08-31 00:24:03,네,immi0mi0,,mysmallvtuber.net,2026-09-01T03:00:43Z
xKTMEM8erktCG2MAuxAq,양아지,,youtube,UCmMxEFwIOMGGoThkmtZZOvQ,https://www.youtube.com/channel/UCmMxEFwIOMGGoThkmtZZOvQ,양아지,607000,2017-12-22,,2026-08-30 15:42:02,k아니짅짜 미안해요ㅈ닌짜 미안;;;늦었어 ૮ ・ﻌ・ა,dkwl025,https://cafe.naver.com/azi025,mysmallvtuber.net,2026-09-01T03:00:43Z
xKTMEM8erktCG2MAuxAq,양아지,,youtube,UCCkqBZa0JUbaYUu4TWyvsNw,https://www.youtube.com/channel/UCCkqBZa0JUbaYUu4TWyvsNw,양아지 다시보기,62800,2017-12-22,,2026-08-30 15:42:02,k아니짅짜 미안해요ㅈ닌짜 미안;;;늦었어 ૮ ・ﻌ・ა,dkwl025,https://cafe.naver.com/azi025,mysmallvtuber.net,2026-09-01T03:00:43Z
xKTMEM8erktCG2MAuxAq,양아지,,chzzk,3e825479d71ead63b76de0d6f6b5dc83,https://chzzk.naver.com/3e825479d71ead63b76de0d6f6b5dc83,양아지,132281,2017-12-22,,2026-08-30 15:42:02,k아니짅짜 미안해요ㅈ닌짜 미안;;;늦었어 ૮ ・ﻌ・ა,dkwl025,https://cafe.naver.com/azi025,mysmallvtuber.net,2026-09-01T03:00:43Z
Jvk63HbJkvZubVDp9zfm,프링짱,,youtube,UCj1hUaLHtYVNjIpt406RLnQ,https://www.youtube.com/channel/UCj1hUaLHtYVNjIpt406RLnQ,프튜브,98,,,2026-08-30 19:05:04,낮 뱅으로 백만년만에 와써요 같이 노라 (❁´◡`❁),pring1211,https://cafe.naver.com/pring1211,mysmallvtuber.net,2026-09-01T03:00:43Z
Jvk63HbJkvZubVDp9zfm,프링짱,,chzzk,d8a90a9973e6ab4dca94b638b39933cb,https://chzzk.naver.com/d8a90a9973e6ab4dca94b638b39933cb,프링짱,860,,,2026-08-30 19:05:04,낮 뱅으로 백만년만에 와써요 같이 노라 (❁´◡`❁),pring1211,https://cafe.naver.com/pring1211,mysmallvtuber.net,2026-09-01T03:00:43Z
MHe4FmcV47Aa4E9jNsvU,채준 ChaeJun L,ChaeJun L,youtube,UCT1FHrwP0BqYoRSoz_aY3Qg,https://www.youtube.com/channel/UCT1FHrwP0BqYoRSoz_aY3Qg,이채준_ChaeJun,30,2025-03-15,,2026-08-30 16:20:05,[D!] 다이버즈 선릿밸리 : 채이너 마을 만들기 (w. 채우),ChaeJun_L,,mysmallvtuber.net,2026-09-01T03:00:43Z
MHe4FmcV47Aa4E9jNsvU,채준 ChaeJun L,ChaeJun L,chzzk,58d67e6b2157dd8cfe7c2f09c702670e,https://chzzk.naver.com/58d67e6b2157dd8cfe7c2f09c702670e,채준 ChaeJun L,112,2025-03-15,,2026-08-30 16:20:05,[D!] 다이버즈 선릿밸리 : 채이너 마을 만들기 (w. 채우),ChaeJun_L,,mysmallvtuber.net,2026-09-01T03:00:43Z
mFjT7zHdQSmPSsY9JeD9,채우 ChaeWoo,ChaeWoo,youtube,UCg-RF6ZlnldSycuKSUi7ulw,https://www.youtube.com/channel/UCg-RF6ZlnldSycuKSUi7ulw,이채우_ChaeWoo,30,2025-03-15,,2026-08-30 16:18:03,[D!] 다이버즈 선릿밸리 (채이너 마을 꾸미기),,,mysmallvtuber.net,2026-09-01T03:00:43Z
mFjT7zHdQSmPSsY9JeD9,채우 ChaeWoo,ChaeWoo,chzzk,4514463ca2de9d167b970454e9e51513,https://chzzk.naver.com/4514463ca2de9d167b970454e9e51513,채우 ChaeWoo,54,2025-03-15,,2026-08-30 16:18:03,[D!] 다이버즈 선릿밸리 (채이너 마을 꾸미기),,,mysmallvtuber.net,2026-09-01T03:00:43Z
SGycjBb6XzJ4WURu724W,이쿠롬,,youtube,UC8vwYHACnWfhMt9iclBJaDw,https://www.youtube.com/channel/UC8vwYHACnWfhMt9iclBJaDw,이쿠롬,19000,2021-09-12,,2026-08-31 03:57:02,8시 ) 별하 무지 니디 합방,,https://cafe.naver.com/leekurom,mysmallvtuber.net,2026-09-01T03:00:43Z
SGycjBb6XzJ4WURu724W,이쿠롬,,youtube,UCHXodKaTDukccKaRgRouAcw,https://www.youtube.com/channel/UCHXodKaTDukccKaRgRouAcw,이쿠롬입니다만,1920,2021-09-12,,2026-08-31 03:57:02,8시 ) 별하 무지 니디 합방,,https://cafe.naver.com/leekurom,mysmallvtuber.net,2026-09-01T03:00:43Z
SGycjBb6XzJ4WURu724W,이쿠롬,,chzzk,9dd2a9e6d1d570a049f58a3b91dcf9d9,https://chzzk.naver.com/9dd2a9e6d1d570a049f58a3b91dcf9d9,이쿠롬,13699,2021-09-12,,2026-08-31 03:57:02,8시 ) 별하 무지 니디 합방,,https://cafe.naver.com/leekurom,mysmallvtuber.net,2026-09-01T03:00:43Z
BwHD97CmYwM3j9X4K7b4,말랑개,,youtube,UCBMjxKkuEWO5D_f1qltrVXQ,https://www.youtube.com/channel/UCBMjxKkuEWO5D_f1qltrVXQ,말랑개 하이라이트 클립,336,2025-04-18,,2026-08-30 16:16:03,몸개그 전문 64급 초보 일반전 (복귀유저),,https://cafe.naver.com/softdogh,mysmallvtuber.net,2026-09-01T03:00:43Z
BwHD97CmYwM3j9X4K7b4,말랑개,,youtube,UCr7pQv0qHL7scFDINvp7J0w,https://www.youtube.com/channel/UCr7pQv0qHL7scFDINvp7J0w,말랑개 데드바이데이라이트,621,2025-04-18,,2026-08-30 16:16:03,몸개그 전문 64급 초보 일반전 (복귀유저),,https://cafe.naver.com/softdogh,mysmallvtuber.net,2026-09-01T03:00:43Z
BwHD97CmYwM3j9X4K7b4,말랑개,,chzzk,0f4307753a48b96d8c1d0e5acc8c3291,https://chzzk.naver.com/0f4307753a48b96d8c1d0e5acc8c3291,말랑개,443,2025-04-18,,2026-08-30 16:16:03,몸개그 전문 64급 초보 일반전 (복귀유저),,https://cafe.naver.com/softdogh,mysmallvtuber.net,2026-09-01T03:00:43Z
NnbSU7PQYyUmkCcpbGp3,리아네,,youtube,UCu6VSEHFB0-pVMYk8RsMNTg,https://www.youtube.com/channel/UCu6VSEHFB0-pVMYk8RsMNTg,리아네,75,2024-11-30,,2026-08-30 15:55:04,일요일 방송~💜₍ᐢ.ˬ.ᐢ₎,riane_rabbit,https://cafe.naver.com/liarrabbit,mysmallvtuber.net,2026-09-01T03:00:43Z
NnbSU7PQYyUmkCcpbGp3,리아네,,chzzk,6b8b170a27384ae583a627d936b93492,https://chzzk.naver.com/6b8b170a27384ae583a627d936b93492,리아네,460,2024-11-30,,2026-08-30 15:55:04,일요일 방송~💜₍ᐢ.ˬ.ᐢ₎,riane_rabbit,https://cafe.naver.com/liarrabbit,mysmallvtuber.net,2026-09-01T03:00:43Z
8FWHNsHyB3Gx7C757pez,카나프 Kanaph,Kanaph,youtube,UCb5AKwhqhLePqhZLbMeuiLw,https://www.youtube.com/channel/UCb5AKwhqhLePqhZLbMeuiLw,카나프 KANAPH,8110,2022-12-24,,2026-08-30 20:48:03,간호사님이 집에 데려다주신 헌혈 후기💜예선 1등💜본선 3등💐헌혈마작대회,_Kanaph,https://cafe.naver.com/isoropia,mysmallvtuber.net,2026-09-01T03:00:43Z
8FWHNsHyB3Gx7C757pez,카나프 Kanaph,Kanaph,youtube,UCrAsy0HeM5gmB_Lf2BRh_iQ,https://www.youtube.com/channel/UCrAsy0HeM5gmB_Lf2BRh_iQ,카나프의 화분,2140,2022-12-24,,2026-08-30 20:48:03,간호사님이 집에 데려다주신 헌혈 후기💜예선 1등💜본선 3등💐헌혈마작대회,_Kanaph,https://cafe.naver.com/isoropia,mysmallvtuber.net,2026-09-01T03:00:43Z
8FWHNsHyB3Gx7C757pez,카나프 Kanaph,Kanaph,chzzk,852d27f701a047c7dba8ca41cd88e319,https://chzzk.naver.com/852d27f701a047c7dba8ca41cd88e319,카나프 Kanaph,4462,2022-12-24,,2026-08-30 20:48:03,간호사님이 집에 데려다주신 헌혈 후기💜예선 1등💜본선 3등💐헌혈마작대회,_Kanaph,https://cafe.naver.com/isoropia,mysmallvtuber.net,2026-09-01T03:00:43Z
ZY67bEudcM3LGTLdnEPv,시롤 SYROLL,SYROLL,youtube,UCSUxlr87tWOFtviPtCbHHvg,https://www.youtube.com/channel/UCSUxlr87tWOFtviPtCbHHvg,시롤,5340,2026-02-27,,2026-08-30 22:44:03,명토체스 할 것,,,mysmallvtuber.net,2026-09-01T03:00:43Z
ZY67bEudcM3LGTLdnEPv,시롤 SYROLL,SYROLL,chzzk,d6cd7a188322ab140704593e591013ae,https://chzzk.naver.com/d6cd7a188322ab140704593e591013ae,시롤 SYROLL,1518,2026-02-27,,2026-08-30 22:44:03,명토체스 할 것,,,mysmallvtuber.net,2026-09-01T03:00:43Z
3fWhw6tnusVaeyCqSFqe,남유리_,,soop,013001,https://ch.sooplive.co.kr/013001,남유리_,1179,2024-12-08,,2026-08-30 20:31:02,주말 잘 보내셨나요?,,,mysmallvtuber.net,2026-09-01T03:00:43Z
sVPyAppKcJC2gC5buPZv,시몽,,youtube,UCfBb_aNttXzGYquUC5OWoCg,https://www.youtube.com/channel/UCfBb_aNttXzGYquUC5OWoCg,시몽,2920,2023-12-24,,2026-08-31 02:00:03,모레보자 33/330[ 장지수용소],,https://cafe.naver.com/ximong,mysmallvtuber.net,2026-09-01T03:00:43Z
sVPyAppKcJC2gC5buPZv,시몽,,soop,ximong,https://ch.sooplive.co.kr/ximong,시몽,12279,2023-12-24,,2026-08-31 02:00:03,모레보자 33/330[ 장지수용소],,https://cafe.naver.com/ximong,mysmallvtuber.net,2026-09-01T03:00:43Z
ACVsAWQ36cmDk6L4qFSt,플로라 코튼,,youtube,UCMn_l2mazR6DkUWefdEk3JQ,https://www.youtube.com/channel/UCMn_l2mazR6DkUWefdEk3JQ,플로라 코튼 flora cotton,1700,,,2026-08-30 21:46:03,어흐어흐한 장면을 보기 위한 방송은 아닙니다,cotton0w0,https://cafe.naver.com/cottonsomsom,mysmallvtuber.net,2026-09-01T03:00:43Z
ACVsAWQ36cmDk6L4qFSt,플로라 코튼,,youtube,UC3q14XykhsNXXxIYm41KwpA,https://www.youtube.com/channel/UC3q14XykhsNXXxIYm41KwpA,솜뭉치를 쓰다듬기,1260,,,2026-08-30 21:46:03,어흐어흐한 장면을 보기 위한 방송은 아닙니다,cotton0w0,https://cafe.naver.com/cottonsomsom,mysmallvtuber.net,2026-09-01T03:00:43Z
ACVsAWQ36cmDk6L4qFSt,플로라 코튼,,chzzk,07d0b756965acfb5fee4042f7ec180d0,https://chzzk.naver.com/07d0b756965acfb5fee4042f7ec180d0,플로라 코튼,2128,,,2026-08-30 21:46:03,어흐어흐한 장면을 보기 위한 방송은 아닙니다,cotton0w0,https://cafe.naver.com/cottonsomsom,mysmallvtuber.net,2026-09-01T03:00:43Z
mUMBCFCywGTrBjxdAe6w,연 리,,youtube,UCl5YZQQx3h72rBAwuu4MzaA,https://www.youtube.com/channel/UCl5YZQQx3h72rBAwuu4MzaA,연리,10200,,,2026-08-31 02:14:02,새벽세시 김치팝업 오픈🎉 림월드 김치종족 모드,younri__,https://cafe.naver.com/younribab,mysmallvtuber.net,2026-09-01T03:00:43Z
mUMBCFCywGTrBjxdAe6w,연 리,,youtube,UCphU13JJcU3Ysj-Fn-J861A,https://www.youtube.com/channel/UCphU13JJcU3Ysj-Fn-J861A,연리의 다시보기,1840,,,2026-08-31 02:14:02,새벽세시 김치팝업 오픈🎉 림월드 김치종족 모드,younri__,https://cafe.naver.com/younribab,mysmallvtuber.net,2026-09-01T03:00:43Z
mUMBCFCywGTrBjxdAe6w,연 리,,chzzk,f3228c570a0b3b1f0f8306e3479ea46b,https://chzzk.naver.com/f3228c570a0b3b1f0f8306e3479ea46b,연 리,32336,,,2026-08-31 02:14:02,새벽세시 김치팝업 오픈🎉 림월드 김치종족 모드,younri__,https://cafe.naver.com/younribab,mysmallvtuber.net,2026-09-01T03:00:43Z
e6vKFqSyQggH9R5Ekxac,마레토,,youtube,UCd8HIu-bD-MSn-fDo-ZYawg,https://www.youtube.com/channel/UCd8HIu-bD-MSn-fDo-ZYawg,마레토,801,2024-11-02,,2026-08-30 15:20:05,[문학버튜버] 후열,mareto_universe,,mysmallvtuber.net,2026-09-01T03:00:43Z
e6vKFqSyQggH9R5Ekxac,마레토,,chzzk,d2bda7d79fb184ecfe2d7aad62a9550c,https://chzzk.naver.com/d2bda7d79fb184ecfe2d7aad62a9550c,마레토,4460,2024-11-02,,2026-08-30 15:20:05,[문학버튜버] 후열,mareto_universe,,mysmallvtuber.net,2026-09-01T03:00:43Z
btdSYPbW6xfHa4ZJK7zk,아 즈 AZ,AZ,youtube,UCG90QwbnFDSkMPnKpRzNWnQ,https://www.youtube.com/channel/UCG90QwbnFDSkMPnKpRzNWnQ,아즈 AZ,8120,2025-11-01,,2026-08-30 19:10:04,떠비큐어 그 후의 이야기,Hexia_AZ,,mysmallvtuber.net,2026-09-01T03:00:43Z
btdSYPbW6xfHa4ZJK7zk,아 즈 AZ,AZ,youtube,UC7flM-UuwRJJLCGcJ13Wpag,https://www.youtube.com/channel/UC7flM-UuwRJJLCGcJ13Wpag,아즈 다시보기,553,2025-11-01,,2026-08-30 19:10:04,떠비큐어 그 후의 이야기,Hexia_AZ,,mysmallvtuber.net,2026-09-01T03:00:43Z
btdSYPbW6xfHa4ZJK7zk,아 즈 AZ,AZ,chzzk,e2640468861f80d658873c25dc69e32b,https://chzzk.naver.com/e2640468861f80d658873c25dc69e32b,아 즈 AZ,10142,2025-11-01,,2026-08-30 19:10:04,떠비큐어 그 후의 이야기,Hexia_AZ,,mysmallvtuber.net,2026-09-01T03:00:43Z
HjcQfp9VGwpThhCmWFhH,방찌,,youtube,UCXkW_NQa79FM1mNWnTm2X-w,https://www.youtube.com/channel/UCXkW_NQa79FM1mNWnTm2X-w,방찌,23300,2023-09-17,,2026-08-30 23:24:03,축제 끝났다 랭 ㄱ,,https://cafe.naver.com/bangjjeefan,mysmallvtuber.net,2026-09-01T03:00:43Z
HjcQfp9VGwpThhCmWFhH,방찌,,chzzk,fd3b54f2ce729c7a7172ed639720632d,https://chzzk.naver.com/fd3b54f2ce729c7a7172ed639720632d,방찌,27646,2023-09-17,,2026-08-30 23:24:03,축제 끝났다 랭 ㄱ,,https://cafe.naver.com/bangjjeefan,mysmallvtuber.net,2026-09-01T03:00:43Z
KJjzQAm4x2rQGLazGJxj,새싹 Saessack,Saessack,youtube,UCbGEco6cNH4gn5Iowy_g5tg,https://www.youtube.com/channel/UCbGEco6cNH4gn5Iowy_g5tg,새싹,22700,2023-10-01,,2026-08-30 17:48:03,N커넥트 뿌링컵 대회,saessack_ouo,https://cafe.naver.com/saessack42,mysmallvtuber.net,2026-09-01T03:00:43Z
KJjzQAm4x2rQGLazGJxj,새싹 Saessack,Saessack,youtube,UCS713WNUMyVCbZdmUKI6dew,https://www.youtube.com/channel/UCS713WNUMyVCbZdmUKI6dew,풀새싹,1940,2023-10-01,,2026-08-30 17:48:03,N커넥트 뿌링컵 대회,saessack_ouo,https://cafe.naver.com/saessack42,mysmallvtuber.net,2026-09-01T03:00:43Z
KJjzQAm4x2rQGLazGJxj,새싹 Saessack,Saessack,chzzk,2417b47685106ec21b79c8803b7f1ecf,https://chzzk.naver.com/2417b47685106ec21b79c8803b7f1ecf,새싹 Saessack,32433,2023-10-01,,2026-08-30 17:48:03,N커넥트 뿌링컵 대회,saessack_ouo,https://cafe.naver.com/saessack42,mysmallvtuber.net,2026-09-01T03:00:43Z
5qzvFEdxbmeArR2QAZyF,이토 제로,,youtube,UCRrLMTL9Sx-NnKyf-Jmx3eA,https://www.youtube.com/channel/UCRrLMTL9Sx-NnKyf-Jmx3eA,이토 제로 Ito zerror,1000,2025-09-18,,2026-08-30 14:35:04,[신입] 보카로 하나도 모르는 뇌가 하는 보카로 월드컵 ㅇ0ㅇ!!,Itozerror,https://cafe.naver.com/itozerror,mysmallvtuber.net,2026-09-01T03:00:43Z
5qzvFEdxbmeArR2QAZyF,이토 제로,,youtube,UCJBfb1Riss_l7Uyc7rTYWBQ,https://www.youtube.com/channel/UCJBfb1Riss_l7Uyc7rTYWBQ,이토 제롱,433,2025-09-18,,2026-08-30 14:35:04,[신입] 보카로 하나도 모르는 뇌가 하는 보카로 월드컵 ㅇ0ㅇ!!,Itozerror,https://cafe.naver.com/itozerror,mysmallvtuber.net,2026-09-01T03:00:43Z
5qzvFEdxbmeArR2QAZyF,이토 제로,,chzzk,1162f959f6cc26814d16f5d364d43a06,https://chzzk.naver.com/1162f959f6cc26814d16f5d364d43a06,이토 제로,3020,2025-09-18,,2026-08-30 14:35:04,[신입] 보카로 하나도 모르는 뇌가 하는 보카로 월드컵 ㅇ0ㅇ!!,Itozerror,https://cafe.naver.com/itozerror,mysmallvtuber.net,2026-09-01T03:00:43Z
QCNfdSWUb8BbxhANfSu8,밤새나,,youtube,UC6MqNwFPHEd7YYOBILZbWQQ,https://www.youtube.com/channel/UC6MqNwFPHEd7YYOBILZbWQQ,밤새나 BAMSAENA,2060,2022-03-09,,2026-08-30 18:12:03,오늘만 볼 수 있는 수영장 새나,bamsaena,,mysmallvtuber.net,2026-09-01T03:00:43Z
QCNfdSWUb8BbxhANfSu8,밤새나,,youtube,UCzSfVbOe92XdXaZkVzSsqgg,https://www.youtube.com/channel/UCzSfVbOe92XdXaZkVzSsqgg,밤새나는 교신중,1120,2022-03-09,,2026-08-30 18:12:03,오늘만 볼 수 있는 수영장 새나,bamsaena,,mysmallvtuber.net,2026-09-01T03:00:43Z
QCNfdSWUb8BbxhANfSu8,밤새나,,soop,bamsaena,https://ch.sooplive.co.kr/bamsaena,밤새나,2109,2022-03-09,,2026-08-30 18:12:03,오늘만 볼 수 있는 수영장 새나,bamsaena,,mysmallvtuber.net,2026-09-01T03:00:43Z
R4v262qP3nAqyLEJGg8f,빙하유,,youtube,UCHdHTb5jgeH8jys5_Ebqsuw,https://www.youtube.com/channel/UCHdHTb5jgeH8jys5_Ebqsuw,빙하유 BingHayu,130000,2022-11-13,,2026-08-30 19:14:03,"비치데이 겸, 집에서 풀트 모코피 테스트",binghayu,https://cafe.naver.com/otwoffical,mysmallvtuber.net,2026-09-01T03:00:43Z
R4v262qP3nAqyLEJGg8f,빙하유,,youtube,UC9GBmdwFYuiirNGrPn5Wb0Q,https://www.youtube.com/channel/UC9GBmdwFYuiirNGrPn5Wb0Q,빙하유 VOD,23900,2022-11-13,,2026-08-30 19:14:03,"비치데이 겸, 집에서 풀트 모코피 테스트",binghayu,https://cafe.naver.com/otwoffical,mysmallvtuber.net,2026-09-01T03:00:43Z
R4v262qP3nAqyLEJGg8f,빙하유,,chzzk,a048127622edd6c3ee8e477471a1d823,https://chzzk.naver.com/a048127622edd6c3ee8e477471a1d823,빙하유,53488,2022-11-13,,2026-08-30 19:14:03,"비치데이 겸, 집에서 풀트 모코피 테스트",binghayu,https://cafe.naver.com/otwoffical,mysmallvtuber.net,2026-09-01T03:00:43Z
JFEwNze8aWq9w3Px3MuW,유이미야,,youtube,UChu5_HIVsglrUQhlde7_Dww,https://www.youtube.com/channel/UChu5_HIVsglrUQhlde7_Dww,Yu. Lee. MIYA : 유이미야,895,2018-07-08,,2026-08-30 16:04:03,WCS(유희왕 월드 챔피언십) 결승 중계,yuleemiya,,mysmallvtuber.net,2026-09-01T03:00:43Z
JFEwNze8aWq9w3Px3MuW,유이미야,,chzzk,6595bbd385c45e4652666bddcd69518a,https://chzzk.naver.com/6595bbd385c45e4652666bddcd69518a,유이미야,246,2018-07-08,,2026-08-30 16:04:03,WCS(유희왕 월드 챔피언십) 결승 중계,yuleemiya,,mysmallvtuber.net,2026-09-01T03:00:43Z
8xLPfG8Rv2czPPbDneqT,이 신,,youtube,UCkR_KrJ3K2tteNpPvpNxv2A,https://www.youtube.com/channel/UCkR_KrJ3K2tteNpPvpNxv2A,이 신ᆞVtuber,4590,2024-04-04,,2026-08-30 20:32:02,🎵 간만에 돌아온 노래 방송 🎵,_Shin_0405,https://cafe.naver.com/shin0405,mysmallvtuber.net,2026-09-01T03:00:43Z
8xLPfG8Rv2czPPbDneqT,이 신,,youtube,UC3tEMHafVvJCs9ZLLH8jfUA,https://www.youtube.com/channel/UC3tEMHafVvJCs9ZLLH8jfUA,이 신ㆍArchive,2810,2024-04-04,,2026-08-30 20:32:02,🎵 간만에 돌아온 노래 방송 🎵,_Shin_0405,https://cafe.naver.com/shin0405,mysmallvtuber.net,2026-09-01T03:00:43Z
8xLPfG8Rv2czPPbDneqT,이 신,,chzzk,8775b3047a658f3f637797c244ba4b34,https://chzzk.naver.com/8775b3047a658f3f637797c244ba4b34,이 신,11057,2024-04-04,,2026-08-30 20:32:02,🎵 간만에 돌아온 노래 방송 🎵,_Shin_0405,https://cafe.naver.com/shin0405,mysmallvtuber.net,2026-09-01T03:00:43Z
HUTaMwfJTaNUKmjZtH6w,단즈_,,soop,danz59,https://ch.sooplive.co.kr/danz59,단즈_,33456,2019-09-29,,2026-08-30 20:21:02,후열 챱챱,,,mysmallvtuber.net,2026-09-01T03:00:43Z
2PAZE9Px8bskvCSz9aQm,리미 VLUP,VLUP,youtube,UCLfqa9EoXXxOf-GIq5-LBkg,https://www.youtube.com/channel/UCLfqa9EoXXxOf-GIq5-LBkg,리미의 차원보따리【V-LUP】,2060,2024-04-27,,2026-08-30 19:03:03,하루만더하자 제발 하루만더하자 제발 하루만더하자 제발 하루만더하자 제발 하루만더하자 제발 하루만더하자 제발 하루만더하자 제발 하루만더하자 제발 하루만더하자 제발 하루만더하자 제발,Limi_vlup,https://cafe.naver.com/vlup,mysmallvtuber.net,2026-09-01T03:00:43Z
2PAZE9Px8bskvCSz9aQm,리미 VLUP,VLUP,chzzk,46d2e17ad675cb9c22546e11e9010ff2,https://chzzk.naver.com/46d2e17ad675cb9c22546e11e9010ff2,리미 VLUP,5930,2024-04-27,,2026-08-30 19:03:03,하루만더하자 제발 하루만더하자 제발 하루만더하자 제발 하루만더하자 제발 하루만더하자 제발 하루만더하자 제발 하루만더하자 제발 하루만더하자 제발 하루만더하자 제발 하루만더하자 제발,Limi_vlup,https://cafe.naver.com/vlup,mysmallvtuber.net,2026-09-01T03:00:43Z
yRtA3R8LrsFNjC3Lz6Ky,김뀰빵,,youtube,UCBBhayqr0YGQkks2SuC27sg,https://www.youtube.com/channel/UCBBhayqr0YGQkks2SuC27sg,김뀰빵,1700,,,2026-08-30 19:46:03,내일은 휴방~,,,mysmallvtuber.net,2026-09-01T03:00:43Z
yRtA3R8LrsFNjC3Lz6Ky,김뀰빵,,youtube,UCmO3W-SjJYy2QGu7KicdIpQ,https://www.youtube.com/channel/UCmO3W-SjJYy2QGu7KicdIpQ,긴뀰빵,1290,,,2026-08-30 19:46:03,내일은 휴방~,,,mysmallvtuber.net,2026-09-01T03:00:43Z
yRtA3R8LrsFNjC3Lz6Ky,김뀰빵,,chzzk,c29e893346300b5e778320c11820ab42,https://chzzk.naver.com/c29e893346300b5e778320c11820ab42,김뀰빵,2355,,,2026-08-30 19:46:03,내일은 휴방~,,,mysmallvtuber.net,2026-09-01T03:00:43Z
q5ZmZNC72TGCmvyrCWHU,팡농이,,youtube,UCHKrAwPtO3h6JTWTlOcS0hA,https://www.youtube.com/channel/UCHKrAwPtO3h6JTWTlOcS0hA,팡농이,682,2024-05-17,,2026-08-31 06:52:02,스텔라이브 궁극기 월드컵(노스킵) 128강 풀로 달리자!!ヽ(✿ﾟ▽ﾟ)ノ,P_NongE,discord.gg/SNR3v4Rj4U,mysmallvtuber.net,2026-09-01T03:00:43Z
q5ZmZNC72TGCmvyrCWHU,팡농이,,chzzk,7377716c1d4389a852b5b3c0189e10c2,https://chzzk.naver.com/7377716c1d4389a852b5b3c0189e10c2,팡농이,978,2024-05-17,,2026-08-31 06:52:02,스텔라이브 궁극기 월드컵(노스킵) 128강 풀로 달리자!!ヽ(✿ﾟ▽ﾟ)ノ,P_NongE,discord.gg/SNR3v4Rj4U,mysmallvtuber.net,2026-09-01T03:00:43Z
BqqaPhp9tp3gHaKSB458,마무 Mamuu,Mamuu,youtube,UC_SFDes1kseXgArF9YwQ5sw,https://www.youtube.com/channel/UC_SFDes1kseXgArF9YwQ5sw,마무 Mamuu,3670,2025-11-01,,2026-08-30 15:48:03,[HEXIA] // 개쳐슬픈강아지게임합니다마리퍼아님,Hexia_Mamuu,,mysmallvtuber.net,2026-09-01T03:00:43Z
BqqaPhp9tp3gHaKSB458,마무 Mamuu,Mamuu,youtube,UCZqK3Q5xZcrbz0wBSji08Bg,https://www.youtube.com/channel/UCZqK3Q5xZcrbz0wBSji08Bg,마무 다시보기,277,2025-11-01,,2026-08-30 15:48:03,[HEXIA] // 개쳐슬픈강아지게임합니다마리퍼아님,Hexia_Mamuu,,mysmallvtuber.net,2026-09-01T03:00:43Z
BqqaPhp9tp3gHaKSB458,마무 Mamuu,Mamuu,chzzk,902744ac298720925b661711d76f7133,https://chzzk.naver.com/902744ac298720925b661711d76f7133,마무 Mamuu,5053,2025-11-01,,2026-08-30 15:48:03,[HEXIA] // 개쳐슬픈강아지게임합니다마리퍼아님,Hexia_Mamuu,,mysmallvtuber.net,2026-09-01T03:00:43Z
BUBNzUDwsVcaXPtk5Mbn,꽃설화,,youtube,UClMDJJxZH3p9c9G7BzRXjew,https://www.youtube.com/channel/UClMDJJxZH3p9c9G7BzRXjew,꽃설화,2640,2022-12-13,,2026-08-30 15:18:03,내가 이겨따! 엔더드래곤 잡기 성공! ٩ ( ᐢ・ω・ᐢ )”♡,kimshwa0529,https://cafe.naver.com/shwa0529,mysmallvtuber.net,2026-09-01T03:00:43Z
BUBNzUDwsVcaXPtk5Mbn,꽃설화,,chzzk,03057fc06e3b182b3c28adbf23f6d3f6,https://chzzk.naver.com/03057fc06e3b182b3c28adbf23f6d3f6,꽃설화,2400,2022-12-13,,2026-08-30 15:18:03,내가 이겨따! 엔더드래곤 잡기 성공! ٩ ( ᐢ・ω・ᐢ )”♡,kimshwa0529,https://cafe.naver.com/shwa0529,mysmallvtuber.net,2026-09-01T03:00:43Z
3k2VV27eca35CbDWcNKt,청여운,,youtube,UCpaCsVP6X3JJvA-XiwxmbOA,https://www.youtube.com/channel/UCpaCsVP6X3JJvA-XiwxmbOA,청여운,1310,2023-05-29,,2026-08-30 20:29:02,[V],Youn_vtuber,https://cafe.naver.com/artisons,mysmallvtuber.net,2026-09-01T03:00:43Z
3k2VV27eca35CbDWcNKt,청여운,,youtube,UCxK6MCbzJNAbRDY6m2b-nCQ,https://www.youtube.com/channel/UCxK6MCbzJNAbRDY6m2b-nCQ,청여운 다시보기,347,2023-05-29,,2026-08-30 20:29:02,[V],Youn_vtuber,https://cafe.naver.com/artisons,mysmallvtuber.net,2026-09-01T03:00:43Z
3k2VV27eca35CbDWcNKt,청여운,,chzzk,07ac7aff66b81360c1551a58e9c69f72,https://chzzk.naver.com/07ac7aff66b81360c1551a58e9c69f72,청여운,3066,2023-05-29,,2026-08-30 20:29:02,[V],Youn_vtuber,https://cafe.naver.com/artisons,mysmallvtuber.net,2026-09-01T03:00:43Z
fanumydGE8qEMcxztVQS,이플린,,youtube,UCLWHpq3DcZDRU6Nxajn89HA,https://www.youtube.com/channel/UCLWHpq3DcZDRU6Nxajn89HA,이플린,32400,2019-11-18,,2026-08-30 18:36:02,오늘이야말로 엔딩까지,,https://cafe.naver.com/flynn,mysmallvtuber.net,2026-09-01T03:00:43Z
fanumydGE8qEMcxztVQS,이플린,,youtube,UCYLHTGR93NBUi1kMD3sl-cg,https://www.youtube.com/channel/UCYLHTGR93NBUi1kMD3sl-cg,긴플린,1730,2019-11-18,,2026-08-30 18:36:02,오늘이야말로 엔딩까지,,https://cafe.naver.com/flynn,mysmallvtuber.net,2026-09-01T03:00:43Z
fanumydGE8qEMcxztVQS,이플린,,chzzk,bb09c3d77aedaee9c38144d106dd48dd,https://chzzk.naver.com/bb09c3d77aedaee9c38144d106dd48dd,이플린,6342,2019-11-18,,2026-08-30 18:36:02,오늘이야말로 엔딩까지,,https://cafe.naver.com/flynn,mysmallvtuber.net,2026-09-01T03:00:43Z
sQG6Y4x9K55HJBb5mLRf,디니야,,youtube,UC67af48GhLbIBboRDW0wW-g,https://www.youtube.com/channel/UC67af48GhLbIBboRDW0wW-g,디니야,31,2025-08-02,,2026-08-30 15:12:03,[3천팔 이벤트 중!!] 점심 노래뱅,diniya_0421,,mysmallvtuber.net,2026-09-01T03:00:43Z
sQG6Y4x9K55HJBb5mLRf,디니야,,youtube,UC64NwP7-NZHIOcFaNao134A,https://www.youtube.com/channel/UC64NwP7-NZHIOcFaNao134A,우주선 메모리,20,2025-08-02,,2026-08-30 15:12:03,[3천팔 이벤트 중!!] 점심 노래뱅,diniya_0421,,mysmallvtuber.net,2026-09-01T03:00:43Z
sQG6Y4x9K55HJBb5mLRf,디니야,,chzzk,0767c32a8503a0db37c77f046ec7f5da,https://chzzk.naver.com/0767c32a8503a0db37c77f046ec7f5da,디니야,1156,2025-08-02,,2026-08-30 15:12:03,[3천팔 이벤트 중!!] 점심 노래뱅,diniya_0421,,mysmallvtuber.net,2026-09-01T03:00:43Z
f2f7jgDg2mMEHTBf9fsU,치카게 사쿠야,,youtube,UCE5oQRFwdugbx-BzDX_FgUQ,https://www.youtube.com/channel/UCE5oQRFwdugbx-BzDX_FgUQ,치카게 사쿠야,1140,2025-08-23,,2026-08-30 18:06:03,[3장] 꾸야호에 올라타랏  /ᐠ ᓀωᓂ.マ,Chikage_Sakuya,https://cafe.naver.com/veritaofficial,mysmallvtuber.net,2026-09-01T03:00:43Z
f2f7jgDg2mMEHTBf9fsU,치카게 사쿠야,,youtube,UCnxFV_NAagIZD5RvD9hJiEw,https://www.youtube.com/channel/UCnxFV_NAagIZD5RvD9hJiEw,사쿠야 다시보기,3720,2025-08-23,,2026-08-30 18:06:03,[3장] 꾸야호에 올라타랏  /ᐠ ᓀωᓂ.マ,Chikage_Sakuya,https://cafe.naver.com/veritaofficial,mysmallvtuber.net,2026-09-01T03:00:43Z
f2f7jgDg2mMEHTBf9fsU,치카게 사쿠야,,chzzk,19e50acc081bbbe156c836dde6becb65,https://chzzk.naver.com/19e50acc081bbbe156c836dde6becb65,치카게 사쿠야,4439,2025-08-23,,2026-08-30 18:06:03,[3장] 꾸야호에 올라타랏  /ᐠ ᓀωᓂ.マ,Chikage_Sakuya,https://cafe.naver.com/veritaofficial,mysmallvtuber.net,2026-09-01T03:00:43Z
WW8PnhJDDpN3N2q62PAL,니니아,,youtube,UCCs6PUrVAbCaN0xuQ35qiLQ,https://www.youtube.com/channel/UCCs6PUrVAbCaN0xuQ35qiLQ,니니아 ninia,27500,2022-03-26,,2026-08-30 23:47:03,노움강도단 합방방 (w. 니계만독),,https://cafe.naver.com/niniaovo,mysmallvtuber.net,2026-09-01T03:00:43Z
WW8PnhJDDpN3N2q62PAL,니니아,,youtube,UCqiIPMN7TDZXypmYGqS_BXQ,https://www.youtube.com/channel/UCqiIPMN7TDZXypmYGqS_BXQ,니니아 풀,3860,2022-03-26,,2026-08-30 23:47:03,노움강도단 합방방 (w. 니계만독),,https://cafe.naver.com/niniaovo,mysmallvtuber.net,2026-09-01T03:00:43Z
WW8PnhJDDpN3N2q62PAL,니니아,,chzzk,f00f6d46ecc6d735b96ecf376b9e5212,https://chzzk.naver.com/f00f6d46ecc6d735b96ecf376b9e5212,니니아,43164,2022-03-26,,2026-08-30 23:47:03,노움강도단 합방방 (w. 니계만독),,https://cafe.naver.com/niniaovo,mysmallvtuber.net,2026-09-01T03:00:43Z
vvyWWsqEJTacmvkT8jMg,야시로 YASIRO,YASIRO,youtube,UCSmvYWeOqxFdCZAyIBY3OJA,https://www.youtube.com/channel/UCSmvYWeOqxFdCZAyIBY3OJA,나는야 시로,561,2024-01-02,,2026-08-30 19:21:02,안녕하세염? ㅇㅅㅇ,yasiro__,https://cafe.naver.com/terafore,mysmallvtuber.net,2026-09-01T03:00:43Z
vvyWWsqEJTacmvkT8jMg,야시로 YASIRO,YASIRO,chzzk,d6e680f5b17eba0b078f978dd722c0f3,https://chzzk.naver.com/d6e680f5b17eba0b078f978dd722c0f3,야시로 YASIRO,3797,2024-01-02,,2026-08-30 19:21:02,안녕하세염? ㅇㅅㅇ,yasiro__,https://cafe.naver.com/terafore,mysmallvtuber.net,2026-09-01T03:00:43Z
qZZPYNS4SjVxmwY9RBPF,감쏘야,,youtube,UCLmACnrUIhBI1jXUBXjahAQ,https://www.youtube.com/channel/UCLmACnrUIhBI1jXUBXjahAQ,감쏘야 다시보기,369,,,2026-08-30 14:14:03,일요일의 가나디,,https://cafe.naver.com/gamssoya,mysmallvtuber.net,2026-09-01T03:00:43Z
qZZPYNS4SjVxmwY9RBPF,감쏘야,,chzzk,05ed3d1a39842c054856aa9b3b29ef18,https://chzzk.naver.com/05ed3d1a39842c054856aa9b3b29ef18,감쏘야,5728,,,2026-08-30 14:14:03,일요일의 가나디,,https://cafe.naver.com/gamssoya,mysmallvtuber.net,2026-09-01T03:00:43Z
8ya94rfabuerrEWZ69uA,카코이 유이,,youtube,UCPMp18EGLXMmdIIQPZuArfQ,https://www.youtube.com/channel/UCPMp18EGLXMmdIIQPZuArfQ,카코이 유이 栫井ゆい,1530,2024-09-30,,2026-08-30 18:02:03,"노래, 도감, 그리고... || 이 스트리머는 8000팔 달성을 해버려서 메이드복을 입고 반캠을 해야합니다. || 먀먀언니가 일본에 메이드복 사러 갔음",Aquabel_yui,https://cafe.naver.com/aquabel,mysmallvtuber.net,2026-09-01T03:00:43Z
8ya94rfabuerrEWZ69uA,카코이 유이,,youtube,UCUPaph7eKOVz0CDN-_gNgpg,https://www.youtube.com/channel/UCUPaph7eKOVz0CDN-_gNgpg,유이 다시보기,45,2024-09-30,,2026-08-30 18:02:03,"노래, 도감, 그리고... || 이 스트리머는 8000팔 달성을 해버려서 메이드복을 입고 반캠을 해야합니다. || 먀먀언니가 일본에 메이드복 사러 갔음",Aquabel_yui,https://cafe.naver.com/aquabel,mysmallvtuber.net,2026-09-01T03:00:43Z
8ya94rfabuerrEWZ69uA,카코이 유이,,chzzk,a29716533a107b033caf5f16c8d032cc,https://chzzk.naver.com/a29716533a107b033caf5f16c8d032cc,카코이 유이,8143,2024-09-30,,2026-08-30 18:02:03,"노래, 도감, 그리고... || 이 스트리머는 8000팔 달성을 해버려서 메이드복을 입고 반캠을 해야합니다. || 먀먀언니가 일본에 메이드복 사러 갔음",Aquabel_yui,https://cafe.naver.com/aquabel,mysmallvtuber.net,2026-09-01T03:00:43Z
BFCuteMBgR2eNvHXz9et,시반 SHHVAN,SHHVAN,youtube,UCHHkbsAIVglw3SADXrrj0sA,https://www.youtube.com/channel/UCHHkbsAIVglw3SADXrrj0sA,시반 SHHVAN,2640,2024-10-11,,2026-08-30 12:40:04,내 주말이 무너졌어,SHHVAN_,https://cafe.naver.com/shhvan,mysmallvtuber.net,2026-09-01T03:00:43Z
BFCuteMBgR2eNvHXz9et,시반 SHHVAN,SHHVAN,chzzk,f0ee2cbdd32aa82bfb8c7262503755d5,https://chzzk.naver.com/f0ee2cbdd32aa82bfb8c7262503755d5,시반 SHHVAN,1390,2024-10-11,,2026-08-30 12:40:04,내 주말이 무너졌어,SHHVAN_,https://cafe.naver.com/shhvan,mysmallvtuber.net,2026-09-01T03:00:43Z
Nnb29yRehPF75gJt3xpd,이 유연,,youtube,UCCMSPPMIjcqOQKyUdNcpUZg,https://www.youtube.com/channel/UCCMSPPMIjcqOQKyUdNcpUZg,이유연,16,2022-10-20,,2026-08-30 14:59:03,[V] ψ(｀∇´)ψ,2UY_Chzzk,,mysmallvtuber.net,2026-09-01T03:00:43Z
Nnb29yRehPF75gJt3xpd,이 유연,,chzzk,5039f6fc2fc3de1a77c44ec9b81caeb2,https://chzzk.naver.com/5039f6fc2fc3de1a77c44ec9b81caeb2,이 유연,170,2022-10-20,,2026-08-30 14:59:03,[V] ψ(｀∇´)ψ,2UY_Chzzk,,mysmallvtuber.net,2026-09-01T03:00:43Z
4KQh8pTBU62f3CFmdv4Y,문유별,,youtube,UC8DBn9wt9AhYC0wVkQt0wGA,https://www.youtube.com/channel/UC8DBn9wt9AhYC0wVkQt0wGA,문유별,4840,2025-05-18,,2026-08-30 14:53:03,오늘도 즐거운 포켓몬이었어!,moonyubyeol,https://cafe.naver.com/moonyubyeol,mysmallvtuber.net,2026-09-01T03:00:43Z
4KQh8pTBU62f3CFmdv4Y,문유별,,chzzk,6e55c0f93a4efced1216f2bbf04e020d,https://chzzk.naver.com/6e55c0f93a4efced1216f2bbf04e020d,문유별,675,2025-05-18,,2026-08-30 14:53:03,오늘도 즐거운 포켓몬이었어!,moonyubyeol,https://cafe.naver.com/moonyubyeol,mysmallvtuber.net,2026-09-01T03:00:43Z
w7MefT8WykDNUe2LYYth,감자에이드,,youtube,UC8xyS0vTR59zNJDvypXl0yg,https://www.youtube.com/channel/UC8xyS0vTR59zNJDvypXl0yg,감자에이드 POTATOADE,2150,2022-03-13,,2026-08-30 17:14:03,~ 괴물연구소님의 SCP 같이보기  ~,potatoadegame,https://cafe.naver.com/potatoade,mysmallvtuber.net,2026-09-01T03:00:43Z
w7MefT8WykDNUe2LYYth,감자에이드,,chzzk,9c0820288c20a1d408ece175cae62c37,https://chzzk.naver.com/9c0820288c20a1d408ece175cae62c37,감자에이드,482,2022-03-13,,2026-08-30 17:14:03,~ 괴물연구소님의 SCP 같이보기  ~,potatoadegame,https://cafe.naver.com/potatoade,mysmallvtuber.net,2026-09-01T03:00:43Z
G34zaECfWX7C3Mywbz3X,금이요,,youtube,UCXt29SfJUH62dygvYAiOPvw,https://www.youtube.com/channel/UCXt29SfJUH62dygvYAiOPvw,금이요,248,2025-05-05,,2026-08-30 13:20:06,유입님. 저를 사랑하셔야 하는 이유 3가지를 들어보시겠어요? (. ❛ ᴗ ❛.),kum_iyo,https://cafe.naver.com/romanciers2,mysmallvtuber.net,2026-09-01T03:00:43Z
G34zaECfWX7C3Mywbz3X,금이요,,chzzk,6baf8d21940686f50a64f63a9d96e0da,https://chzzk.naver.com/6baf8d21940686f50a64f63a9d96e0da,금이요,1481,2025-05-05,,2026-08-30 13:20:06,유입님. 저를 사랑하셔야 하는 이유 3가지를 들어보시겠어요? (. ❛ ᴗ ❛.),kum_iyo,https://cafe.naver.com/romanciers2,mysmallvtuber.net,2026-09-01T03:00:43Z
SKD4y3XKHrS5n9jH3aC6,후츄후츄,,chzzk,8b14aeaab59c1896ff9350a4a03515d3,https://chzzk.naver.com/8b14aeaab59c1896ff9350a4a03515d3,후츄후츄,2107,,,2026-08-30 10:15:04,책책책책책책책책책책책책책책책책 | 짧뱅,,,mysmallvtuber.net,2026-09-01T03:00:43Z
PDZZpQ7cq5tQmZ8TRWFj,시애,,youtube,UCMrZvR9JQC2MjP1Amz-wEVg,https://www.youtube.com/channel/UCMrZvR9JQC2MjP1Amz-wEVg,시애,1950,,,2026-08-30 10:39:02,주말 아침을 여는 노래방,sie3141,,mysmallvtuber.net,2026-09-01T03:00:43Z
PDZZpQ7cq5tQmZ8TRWFj,시애,,chzzk,b3aed32fb4b62f27765a4d890acbd695,https://chzzk.naver.com/b3aed32fb4b62f27765a4d890acbd695,시애,894,,,2026-08-30 10:39:02,주말 아침을 여는 노래방,sie3141,,mysmallvtuber.net,2026-09-01T03:00:43Z
cn3zuDJY3Q5xUxcnXBXx,이엘 EL,EL,youtube,UC8ChSpwMhm71JRffZfYiuHg,https://www.youtube.com/channel/UC8ChSpwMhm71JRffZfYiuHg,이엘EL_MUSIC,614,2024-04-04,,2026-08-30 04:58:02,컨디션 메롱인 사람이랑 같이 명조 스토리 보기,2L_el_116,,mysmallvtuber.net,2026-09-01T03:00:43Z
cn3zuDJY3Q5xUxcnXBXx,이엘 EL,EL,youtube,UCU65qxURZE-mKj7JIrCaECQ,https://www.youtube.com/channel/UCU65qxURZE-mKj7JIrCaECQ,이엘 다시보기,58,2024-04-04,,2026-08-30 04:58:02,컨디션 메롱인 사람이랑 같이 명조 스토리 보기,2L_el_116,,mysmallvtuber.net,2026-09-01T03:00:43Z
cn3zuDJY3Q5xUxcnXBXx,이엘 EL,EL,chzzk,b05c77137f47647684406f32511fea8f,https://chzzk.naver.com/b05c77137f47647684406f32511fea8f,이엘 EL,1328,2024-04-04,,2026-08-30 04:58:02,컨디션 메롱인 사람이랑 같이 명조 스토리 보기,2L_el_116,,mysmallvtuber.net,2026-09-01T03:00:43Z
XXJZ43k85BUtKRWUcW6V,옥쓔,,youtube,UCfT34MnoBqDblo00hTUgzZQ,https://www.youtube.com/channel/UCfT34MnoBqDblo00hTUgzZQ,옥쓔,16200,2021-05-08,,2026-08-30 04:58:02,띵콘 다녀옴,corncorn0202,https://cafe.naver.com/corncorn02,mysmallvtuber.net,2026-09-01T03:00:43Z
XXJZ43k85BUtKRWUcW6V,옥쓔,,youtube,UCTyr5QZEY6Fnj4T-8t0AkRw,https://www.youtube.com/channel/UCTyr5QZEY6Fnj4T-8t0AkRw,쑛쓔,4240,2021-05-08,,2026-08-30 04:58:02,띵콘 다녀옴,corncorn0202,https://cafe.naver.com/corncorn02,mysmallvtuber.net,2026-09-01T03:00:43Z
XXJZ43k85BUtKRWUcW6V,옥쓔,,chzzk,0e061c23f8d4e7b5a85ba52b7e18bd5b,https://chzzk.naver.com/0e061c23f8d4e7b5a85ba52b7e18bd5b,옥쓔,21408,2021-05-08,,2026-08-30 04:58:02,띵콘 다녀옴,corncorn0202,https://cafe.naver.com/corncorn02,mysmallvtuber.net,2026-09-01T03:00:43Z
a7c5kKpnVdteddtD6VbH,모푸,,youtube,UChDcxaTtvQ_Y9EaB-CNoCEg,https://www.youtube.com/channel/UChDcxaTtvQ_Y9EaB-CNoCEg,모푸,5510,2024-12-15,,2026-08-30 00:30:04,타임어택모바일뱡송 ☁️,mopupuri,https://cafe.naver.com/mopu,mysmallvtuber.net,2026-09-01T03:00:43Z
a7c5kKpnVdteddtD6VbH,모푸,,youtube,UCjyyrJGb0Lhf7F8dAp4arEw,https://www.youtube.com/channel/UCjyyrJGb0Lhf7F8dAp4arEw,모푸 다시보기,545,2024-12-15,,2026-08-30 00:30:04,타임어택모바일뱡송 ☁️,mopupuri,https://cafe.naver.com/mopu,mysmallvtuber.net,2026-09-01T03:00:43Z
a7c5kKpnVdteddtD6VbH,모푸,,chzzk,1686a04d1a643498d39f2fb50459c0ac,https://chzzk.naver.com/1686a04d1a643498d39f2fb50459c0ac,모푸,5475,2024-12-15,,2026-08-30 00:30:04,타임어택모바일뱡송 ☁️,mopupuri,https://cafe.naver.com/mopu,mysmallvtuber.net,2026-09-01T03:00:43Z
RtzdXPkDy4JmF6fU8XA5,메이린 릴리,,chzzk,159e8e4282990a933f3f47220de437bc,https://chzzk.naver.com/159e8e4282990a933f3f47220de437bc,메이린 릴리,1008,2025-03-09,,2026-08-30 00:51:03,[V] 안녕하심니까,Mayrin_lily,https://discord.com/invite/Bbw8hVCwWc,mysmallvtuber.net,2026-09-01T03:00:43Z
2QCUwGcKmGENAzSb3f5s,김하루ㅡ,,youtube,UCND4Av1vGhIHvUnJSCR5jMA,https://www.youtube.com/channel/UCND4Av1vGhIHvUnJSCR5jMA,김하루 뒷면,8510,2023-08-11,,2026-08-30 01:25:05,섬 휴양,singing_ru,https://cafe.naver.com/haru2024,mysmallvtuber.net,2026-09-01T03:00:43Z
2QCUwGcKmGENAzSb3f5s,김하루ㅡ,,youtube,UC4mXr5duPx2Egsu4qtNqjwA,https://www.youtube.com/channel/UC4mXr5duPx2Egsu4qtNqjwA,긴 하루,1310,2023-08-11,,2026-08-30 01:25:05,섬 휴양,singing_ru,https://cafe.naver.com/haru2024,mysmallvtuber.net,2026-09-01T03:00:43Z
2QCUwGcKmGENAzSb3f5s,김하루ㅡ,,chzzk,897a1ed91293eb9517b4620c07879153,https://chzzk.naver.com/897a1ed91293eb9517b4620c07879153,김하루ㅡ,8138,2023-08-11,,2026-08-30 01:25:05,섬 휴양,singing_ru,https://cafe.naver.com/haru2024,mysmallvtuber.net,2026-09-01T03:00:43Z
7HeqsVWU64Nv9jma6hGj,엘 레 나,,youtube,UCYUhX1ETBcvrKIngFwVXWdg,https://www.youtube.com/channel/UCYUhX1ETBcvrKIngFwVXWdg,엘레나,108,2023-07-08,,2026-08-30 01:19:03,[V] 오늘은 애니 노래를 부릅니다!,Elena11004,https://cafe.naver.com/elena1004,mysmallvtuber.net,2026-09-01T03:00:43Z
7HeqsVWU64Nv9jma6hGj,엘 레 나,,chzzk,9993a7c163546f42872898fdb35d71de,https://chzzk.naver.com/9993a7c163546f42872898fdb35d71de,엘 레 나,502,2023-07-08,,2026-08-30 01:19:03,[V] 오늘은 애니 노래를 부릅니다!,Elena11004,https://cafe.naver.com/elena1004,mysmallvtuber.net,2026-09-01T03:00:43Z
zWRStmgvwrMUjT9BkNNJ,청호련 horyeon,horyeon,youtube,UCw6KRES13zXFV0pA9Wa3MOA,https://www.youtube.com/channel/UCw6KRES13zXFV0pA9Wa3MOA,청호련 horyeon,55,2025-12-12,,2026-08-29 22:12:02,어서와아,horyeon_fox,https://cafe.naver.com/horong2,mysmallvtuber.net,2026-09-01T03:00:43Z
zWRStmgvwrMUjT9BkNNJ,청호련 horyeon,horyeon,chzzk,1079895a249ffde329d16981e66ebe04,https://chzzk.naver.com/1079895a249ffde329d16981e66ebe04,청호련 horyeon,405,2025-12-12,,2026-08-29 22:12:02,어서와아,horyeon_fox,https://cafe.naver.com/horong2,mysmallvtuber.net,2026-09-01T03:00:43Z
2WtJjYxAVFzu3w7gXPfS,다레껍데기,,youtube,UCkl8-nZT5t-oXZANtSvYdWA,https://www.youtube.com/channel/UCkl8-nZT5t-oXZANtSvYdWA,다레껍데기,279,2024-05-03,,2026-08-30 00:36:03,[V] 집나간 춘식이를 찾아서,Dareskin_,https://discord.gg/cNxpK7kcYs,mysmallvtuber.net,2026-09-01T03:00:43Z
2WtJjYxAVFzu3w7gXPfS,다레껍데기,,youtube,UCb1qv3UoJ84db7JcxwGUZwg,https://www.youtube.com/channel/UCb1qv3UoJ84db7JcxwGUZwg,다레껍데기,45,2024-05-03,,2026-08-30 00:36:03,[V] 집나간 춘식이를 찾아서,Dareskin_,https://discord.gg/cNxpK7kcYs,mysmallvtuber.net,2026-09-01T03:00:43Z
2WtJjYxAVFzu3w7gXPfS,다레껍데기,,chzzk,d4ad65ba2f4ff478d170822f5fba7051,https://chzzk.naver.com/d4ad65ba2f4ff478d170822f5fba7051,다레껍데기,520,2024-05-03,,2026-08-30 00:36:03,[V] 집나간 춘식이를 찾아서,Dareskin_,https://discord.gg/cNxpK7kcYs,mysmallvtuber.net,2026-09-01T03:00:43Z
KMH3zB85aXDtQMZNCm2y,송찐빵,,youtube,UCuoLHlnnu64Cn66VTGH4WEw,https://www.youtube.com/channel/UCuoLHlnnu64Cn66VTGH4WEw,송찐빵,19000,2022-08-01,,2026-08-30 02:44:03,블루아카이브 아비도스 대책위원회편 3장 2파트 보는 날,sbread1055,https://cafe.naver.com/sbread1055,mysmallvtuber.net,2026-09-01T03:00:43Z
KMH3zB85aXDtQMZNCm2y,송찐빵,,youtube,UCQdLlT-ekPKsrmaI9vQ-YbQ,https://www.youtube.com/channel/UCQdLlT-ekPKsrmaI9vQ-YbQ,송풀빵,740,2022-08-01,,2026-08-30 02:44:03,블루아카이브 아비도스 대책위원회편 3장 2파트 보는 날,sbread1055,https://cafe.naver.com/sbread1055,mysmallvtuber.net,2026-09-01T03:00:43Z
KMH3zB85aXDtQMZNCm2y,송찐빵,,chzzk,4028770e384f396fe3318baad907cff5,https://chzzk.naver.com/4028770e384f396fe3318baad907cff5,송찐빵,4435,2022-08-01,,2026-08-30 02:44:03,블루아카이브 아비도스 대책위원회편 3장 2파트 보는 날,sbread1055,https://cafe.naver.com/sbread1055,mysmallvtuber.net,2026-09-01T03:00:43Z
eCUyQNHfxdTdm5gAQsgD,라프사,,youtube,UC8IcZaffl2Ihgv5cehnWKkw,https://www.youtube.com/channel/UC8IcZaffl2Ihgv5cehnWKkw,라프사,19900,2020-12-20,,2026-08-30 03:04:03,29세 아줌마의 마지막 끌어치기,Lap_sa_,https://hez.gg/fan-city/3TyEyImByL5aBayak3rG,mysmallvtuber.net,2026-09-01T03:00:43Z
eCUyQNHfxdTdm5gAQsgD,라프사,,chzzk,6b87563949cc1243ed13201464c9df5e,https://chzzk.naver.com/6b87563949cc1243ed13201464c9df5e,라프사,2483,2020-12-20,,2026-08-30 03:04:03,29세 아줌마의 마지막 끌어치기,Lap_sa_,https://hez.gg/fan-city/3TyEyImByL5aBayak3rG,mysmallvtuber.net,2026-09-01T03:00:43Z
W7kxjdGg7tjsSmPCMHzw,아르헬 언더월드,,chzzk,681fd386b61cd1f9667ce88308cb83e8,https://chzzk.naver.com/681fd386b61cd1f9667ce88308cb83e8,아르헬 언더월드,157,2025-10-31,,2026-08-29 23:03:03,[신입] 아마도 8월 마지막 듀얼 날,Arhell_world,,mysmallvtuber.net,2026-09-01T03:00:43Z
R9XsS2aR9a2ZVrBGawAC,달토끼멜라,,youtube,UCmR85IxpV09ATGFrn2fkZAw,https://www.youtube.com/channel/UCmR85IxpV09ATGFrn2fkZAw,달토끼멜라(보관용),3400,2024-05-26,,2026-08-30 00:23:03,달토끼방송🐇98% 사플과 2%의 덩어리로 배틀그라운드! 심안탕!!,mela1212_v,https://cafe.naver.com/mela1212fancafe,mysmallvtuber.net,2026-09-01T03:00:43Z
R9XsS2aR9a2ZVrBGawAC,달토끼멜라,,soop,nmela1212,https://ch.sooplive.co.kr/nmela1212,달토끼멜라,918,2024-05-26,,2026-08-30 00:23:03,달토끼방송🐇98% 사플과 2%의 덩어리로 배틀그라운드! 심안탕!!,mela1212_v,https://cafe.naver.com/mela1212fancafe,mysmallvtuber.net,2026-09-01T03:00:43Z
r6fNzxaAH8VbKHa5tFZS,몽새,,youtube,UCqOX88_TE4bdhz-05jCZO-Q,https://www.youtube.com/channel/UCqOX88_TE4bdhz-05jCZO-Q,몽새 - 유부녀 버추얼,8250,2023-06-22,,2026-08-29 23:07:02,니케 올드테일즈 유실물 보기,M0NGS4E_vtuber,https://cafe.naver.com/soldoutvtuber,mysmallvtuber.net,2026-09-01T03:00:43Z
r6fNzxaAH8VbKHa5tFZS,몽새,,youtube,UCaN3tSrrzIrXSDonEe7LK9A,https://www.youtube.com/channel/UCaN3tSrrzIrXSDonEe7LK9A,동탄버튜버 긴몽새,4270,2023-06-22,,2026-08-29 23:07:02,니케 올드테일즈 유실물 보기,M0NGS4E_vtuber,https://cafe.naver.com/soldoutvtuber,mysmallvtuber.net,2026-09-01T03:00:43Z
r6fNzxaAH8VbKHa5tFZS,몽새,,chzzk,9bcfc5ce252bd85444a45ae8a80ae5e8,https://chzzk.naver.com/9bcfc5ce252bd85444a45ae8a80ae5e8,몽새,3664,2023-06-22,,2026-08-29 23:07:02,니케 올드테일즈 유실물 보기,M0NGS4E_vtuber,https://cafe.naver.com/soldoutvtuber,mysmallvtuber.net,2026-09-01T03:00:43Z
yMPdfqSnUmzfkYqqL75M,은초이 Choy,Choy,youtube,UCLj64SVR6s5cu0IEozBEphg,https://www.youtube.com/channel/UCLj64SVR6s5cu0IEozBEphg,은초이 choy,502,2025-11-11,,2026-08-29 22:15:04,안녕하세요 치지직,Eun_choy,https://cafe.naver.com/eunchoy,mysmallvtuber.net,2026-09-01T03:00:43Z
yMPdfqSnUmzfkYqqL75M,은초이 Choy,Choy,youtube,UCchU7_y7AMPj03CgBjtsRDA,https://www.youtube.com/channel/UCchU7_y7AMPj03CgBjtsRDA,금초이,147,2025-11-11,,2026-08-29 22:15:04,안녕하세요 치지직,Eun_choy,https://cafe.naver.com/eunchoy,mysmallvtuber.net,2026-09-01T03:00:43Z
yMPdfqSnUmzfkYqqL75M,은초이 Choy,Choy,chzzk,fd8516eb8d31a8a5147e94c281ae3f07,https://chzzk.naver.com/fd8516eb8d31a8a5147e94c281ae3f07,은초이 Choy,1827,2025-11-11,,2026-08-29 22:15:04,안녕하세요 치지직,Eun_choy,https://cafe.naver.com/eunchoy,mysmallvtuber.net,2026-09-01T03:00:43Z
LMA7yWTyXGfVL4NBLXz8,양 치기,,youtube,UCk_ns23dzTbkrcuWLeaJjcw,https://www.youtube.com/channel/UCk_ns23dzTbkrcuWLeaJjcw,양치기,1300,2025-07-07,,2026-08-29 23:23:02,컨텐츠 날라가서  노래방,yang_cg1,https://cafe.naver.com/romanciers2,mysmallvtuber.net,2026-09-01T03:00:43Z
LMA7yWTyXGfVL4NBLXz8,양 치기,,youtube,UCgZA8FbDJc9xZGrEOfhJ3GA,https://www.youtube.com/channel/UCgZA8FbDJc9xZGrEOfhJ3GA,양치기 다시보기,347,2025-07-07,,2026-08-29 23:23:02,컨텐츠 날라가서  노래방,yang_cg1,https://cafe.naver.com/romanciers2,mysmallvtuber.net,2026-09-01T03:00:43Z
LMA7yWTyXGfVL4NBLXz8,양 치기,,chzzk,41bb3c0d8601b085337900ef18f4f695,https://chzzk.naver.com/41bb3c0d8601b085337900ef18f4f695,양 치기,1332,2025-07-07,,2026-08-29 23:23:02,컨텐츠 날라가서  노래방,yang_cg1,https://cafe.naver.com/romanciers2,mysmallvtuber.net,2026-09-01T03:00:43Z
AHDEAyxcZwpyMfmju4rP,도엔 Doen,Doen,youtube,UCdWce0Ze5i9iwm3PM-oSoqQ,https://www.youtube.com/channel/UCdWce0Ze5i9iwm3PM-oSoqQ,도엔 디스크 (D:),106,2025-09-20,,2026-08-30 09:57:03,【V-ARA】 촉슈영도데이 ㅇㅅㅇ)/,doen_ronea,https://cafe.naver.com/novasac,mysmallvtuber.net,2026-09-01T03:00:43Z
AHDEAyxcZwpyMfmju4rP,도엔 Doen,Doen,chzzk,d777edf28d4e27ee8449bf465d36a693,https://chzzk.naver.com/d777edf28d4e27ee8449bf465d36a693,도엔 Doen,912,2025-09-20,,2026-08-30 09:57:03,【V-ARA】 촉슈영도데이 ㅇㅅㅇ)/,doen_ronea,https://cafe.naver.com/novasac,mysmallvtuber.net,2026-09-01T03:00:43Z
jX4g48uutXP5zaBTBspp,모모시로 카나,,youtube,UCmkczuFqOKsdPZlLLwEEHUg,https://www.youtube.com/channel/UCmkczuFqOKsdPZlLLwEEHUg,모모시로_카나,28700,2024-08-03,,2026-08-30 01:58:02,핑크 힉힉호모리의 사이버 온기방 ( ̳- ·̫ - ̳ˆ )◞❤️,momosiro_kana,https://cafe.naver.com/momosirokana,mysmallvtuber.net,2026-09-01T03:00:43Z
jX4g48uutXP5zaBTBspp,모모시로 카나,,youtube,UCuIjcl_wnKv2tWG9t742UAA,https://www.youtube.com/channel/UCuIjcl_wnKv2tWG9t742UAA,카나의 고봉밥 가게,166,2024-08-03,,2026-08-30 01:58:02,핑크 힉힉호모리의 사이버 온기방 ( ̳- ·̫ - ̳ˆ )◞❤️,momosiro_kana,https://cafe.naver.com/momosirokana,mysmallvtuber.net,2026-09-01T03:00:43Z
jX4g48uutXP5zaBTBspp,모모시로 카나,,chzzk,48cbe6b7ab29b43e61ed75b4beaacaf5,https://chzzk.naver.com/48cbe6b7ab29b43e61ed75b4beaacaf5,모모시로 카나,5003,2024-08-03,,2026-08-30 01:58:02,핑크 힉힉호모리의 사이버 온기방 ( ̳- ·̫ - ̳ˆ )◞❤️,momosiro_kana,https://cafe.naver.com/momosirokana,mysmallvtuber.net,2026-09-01T03:00:43Z
3k46SD7V6JdThPpHq5vL,루디님,,youtube,UCdBZxsfGsc0I1MSioUhcQfw,https://www.youtube.com/channel/UCdBZxsfGsc0I1MSioUhcQfw,루디 Rudy,16500,,,2026-08-29 21:32:03,잼컵 지각자 등장[JAM컵 일렉 참여],Rudy_ELPHIS,https://cafe.naver.com/elphisacademy,mysmallvtuber.net,2026-09-01T03:00:43Z
3k46SD7V6JdThPpHq5vL,루디님,,youtube,UCp40GJNTYhB75Ur6snB8KrA,https://www.youtube.com/channel/UCp40GJNTYhB75Ur6snB8KrA,루디 다시보기,1240,,,2026-08-29 21:32:03,잼컵 지각자 등장[JAM컵 일렉 참여],Rudy_ELPHIS,https://cafe.naver.com/elphisacademy,mysmallvtuber.net,2026-09-01T03:00:43Z
3k46SD7V6JdThPpHq5vL,루디님,,chzzk,05c6daaae355aeae2f1843b9edc426b3,https://chzzk.naver.com/05c6daaae355aeae2f1843b9edc426b3,루디님,3014,,,2026-08-29 21:32:03,잼컵 지각자 등장[JAM컵 일렉 참여],Rudy_ELPHIS,https://cafe.naver.com/elphisacademy,mysmallvtuber.net,2026-09-01T03:00:43Z
eGW5vrbzkh4rwhg7tMFd,칼바이스,,youtube,UCZE-Z8MbJ5Syt_myjJinfdw,https://www.youtube.com/channel/UCZE-Z8MbJ5Syt_myjJinfdw,보이스테러피(칼바이스 더빙아카이브),3050,2009-05-05,,2026-08-29 21:24:03,KPS 이세계 미소녀 프로레슬링 럼블로썸 8/29,vvhyuk1,https://cafe.naver.com/viseholic,mysmallvtuber.net,2026-09-01T03:00:43Z
eGW5vrbzkh4rwhg7tMFd,칼바이스,,soop,vvhyuk,https://ch.sooplive.co.kr/vvhyuk,칼바이스,24840,2009-05-05,,2026-08-29 21:24:03,KPS 이세계 미소녀 프로레슬링 럼블로썸 8/29,vvhyuk1,https://cafe.naver.com/viseholic,mysmallvtuber.net,2026-09-01T03:00:43Z
RG46Cfxj57V4tXeEFvP9,레다 LeDA,LeDA,youtube,UC6y3Hyqkh1nUz8CMibWam-w,https://www.youtube.com/channel/UC6y3Hyqkh1nUz8CMibWam-w,레다 LeDA,6820,2025-01-11,,2026-08-29 22:19:02,부산은 뭐가 맛있어요?,Leda_sw_,https://cafe.naver.com/g9g9fancafe,mysmallvtuber.net,2026-09-01T03:00:43Z
RG46Cfxj57V4tXeEFvP9,레다 LeDA,LeDA,chzzk,fab43b20c3bb5a106d8481defda881be,https://chzzk.naver.com/fab43b20c3bb5a106d8481defda881be,레다 LeDA,2347,2025-01-11,,2026-08-29 22:19:02,부산은 뭐가 맛있어요?,Leda_sw_,https://cafe.naver.com/g9g9fancafe,mysmallvtuber.net,2026-09-01T03:00:43Z
2FqzNxSBpLWWnP3q9VCZ,로비아히나 HINA,HINA,youtube,UCiruIvd29KvPGTqZnxqMjYw,https://www.youtube.com/channel/UCiruIvd29KvPGTqZnxqMjYw,로비아 히나,1620,2022-04-24,,2026-08-30 01:02:02,뿌릿,robia_hina,https://cafe.naver.com/babirus,mysmallvtuber.net,2026-09-01T03:00:43Z
2FqzNxSBpLWWnP3q9VCZ,로비아히나 HINA,HINA,youtube,UCUi75gLQOyUDxLLDSTxs24A,https://www.youtube.com/channel/UCUi75gLQOyUDxLLDSTxs24A,히나 다시보기,1420,2022-04-24,,2026-08-30 01:02:02,뿌릿,robia_hina,https://cafe.naver.com/babirus,mysmallvtuber.net,2026-09-01T03:00:43Z
2FqzNxSBpLWWnP3q9VCZ,로비아히나 HINA,HINA,chzzk,71c22f544782791a135ba9d14f1c9e3d,https://chzzk.naver.com/71c22f544782791a135ba9d14f1c9e3d,로비아히나 HINA,2110,2022-04-24,,2026-08-30 01:02:02,뿌릿,robia_hina,https://cafe.naver.com/babirus,mysmallvtuber.net,2026-09-01T03:00:43Z
ZwBVS3RvyqNL4ZeS5wQv,류시호 RyuSiho,RyuSiho,youtube,UC-9fPSlVjMqG3zwbRT2XhXA,https://www.youtube.com/channel/UC-9fPSlVjMqG3zwbRT2XhXA,류시호 RyuSiho,28200,2025-09-14,,2026-08-30 03:40:02,카드게임에무침좌,Siho_Projecti,https://cafe.naver.com/projectiofficial,mysmallvtuber.net,2026-09-01T03:00:43Z
ZwBVS3RvyqNL4ZeS5wQv,류시호 RyuSiho,RyuSiho,youtube,UC9znnYSGrZCIUpIW1IMVB2g,https://www.youtube.com/channel/UC9znnYSGrZCIUpIW1IMVB2g,류시호의 성녀일기,5450,2025-09-14,,2026-08-30 03:40:02,카드게임에무침좌,Siho_Projecti,https://cafe.naver.com/projectiofficial,mysmallvtuber.net,2026-09-01T03:00:43Z
ZwBVS3RvyqNL4ZeS5wQv,류시호 RyuSiho,RyuSiho,chzzk,f36320c432d9f06095ce2cfbbf681c26,https://chzzk.naver.com/f36320c432d9f06095ce2cfbbf681c26,류시호 RyuSiho,52251,2025-09-14,,2026-08-30 03:40:02,카드게임에무침좌,Siho_Projecti,https://cafe.naver.com/projectiofficial,mysmallvtuber.net,2026-09-01T03:00:43Z
rY4MfGdjXz4WJtaBpdhZ,카르페디엠BS,BS,youtube,UCDjmaYxTM9KzSLzXEdSDa-w,https://www.youtube.com/channel/UCDjmaYxTM9KzSLzXEdSDa-w,카르페디엠BS,131,2025-01-04,,2026-08-29 21:50:04,이제 가을이 오려나?,Carpe_Diem_BS,https://cafe.naver.com/carpediembs,mysmallvtuber.net,2026-09-01T03:00:43Z
rY4MfGdjXz4WJtaBpdhZ,카르페디엠BS,BS,soop,xelloss21c,https://ch.sooplive.co.kr/xelloss21c,카르페디엠BS,84,2025-01-04,,2026-08-29 21:50:04,이제 가을이 오려나?,Carpe_Diem_BS,https://cafe.naver.com/carpediembs,mysmallvtuber.net,2026-09-01T03:00:43Z
2cj2BWAgEQt3KkHAn9SP,박지크,,chzzk,c35e9fd23206ca9e3b620a3dd4c110e1,https://chzzk.naver.com/c35e9fd23206ca9e3b620a3dd4c110e1,박지크,827,2024-02-21,,2026-08-29 22:38:03,[VCZ] 팀합방! 명탐정아이돌 등장! [ 구스구스덕 ],zeke781202,https://discord.com/invite/pBn35J4jvA,mysmallvtuber.net,2026-09-01T03:00:43Z
auZrzjzY3DNDe3Qt5AWz,G 담 유,G,youtube,UC3oqN0f-fuxT1QTESDB8aGw,https://www.youtube.com/channel/UC3oqN0f-fuxT1QTESDB8aGw,G담유,51,2025-09-28,,2026-08-29 22:27:02,담유담유구스구스덕합방,GDAMYOU,,mysmallvtuber.net,2026-09-01T03:00:43Z
auZrzjzY3DNDe3Qt5AWz,G 담 유,G,youtube,UCbck4Aa3uM9c7rtrbF-4-GA,https://www.youtube.com/channel/UCbck4Aa3uM9c7rtrbF-4-GA,G담유 다시보기,10,2025-09-28,,2026-08-29 22:27:02,담유담유구스구스덕합방,GDAMYOU,,mysmallvtuber.net,2026-09-01T03:00:43Z
auZrzjzY3DNDe3Qt5AWz,G 담 유,G,chzzk,6740609e358698ff0f33e6b0f3f0f171,https://chzzk.naver.com/6740609e358698ff0f33e6b0f3f0f171,G 담 유,540,2025-09-28,,2026-08-29 22:27:02,담유담유구스구스덕합방,GDAMYOU,,mysmallvtuber.net,2026-09-01T03:00:43Z
cgfU5QSmvmKGZLzqTp7t,하야부사 츠바사,,youtube,UC5FB4WNFz8uTXzAQ6qXLpmA,https://www.youtube.com/channel/UC5FB4WNFz8uTXzAQ6qXLpmA,하야부사 츠바사 Hayabusa Tsubasa,8960,2024-12-21,,2026-08-30 00:23:03,"[V] 빅워크 합방을 할건데요 항상 보던 그 녀석들이에요 익듁하죠? 헤헤 (。・ω・。) (W. 곰나루, 레피, 하린)",S2_tsubasa,https://cafe.naver.com/artisons,mysmallvtuber.net,2026-09-01T03:00:43Z
cgfU5QSmvmKGZLzqTp7t,하야부사 츠바사,,youtube,UCjRg-VxZLhn28AaytzraXzA,https://www.youtube.com/channel/UCjRg-VxZLhn28AaytzraXzA,츠바사 다시보기,140,2024-12-21,,2026-08-30 00:23:03,"[V] 빅워크 합방을 할건데요 항상 보던 그 녀석들이에요 익듁하죠? 헤헤 (。・ω・。) (W. 곰나루, 레피, 하린)",S2_tsubasa,https://cafe.naver.com/artisons,mysmallvtuber.net,2026-09-01T03:00:43Z
cgfU5QSmvmKGZLzqTp7t,하야부사 츠바사,,chzzk,e7104b41f018bb2db3dca526d9f00e53,https://chzzk.naver.com/e7104b41f018bb2db3dca526d9f00e53,하야부사 츠바사,1970,2024-12-21,,2026-08-30 00:23:03,"[V] 빅워크 합방을 할건데요 항상 보던 그 녀석들이에요 익듁하죠? 헤헤 (。・ω・。) (W. 곰나루, 레피, 하린)",S2_tsubasa,https://cafe.naver.com/artisons,mysmallvtuber.net,2026-09-01T03:00:43Z
rVQGssAeAD2GYC7Xaq9r,투미츠,,youtube,UCBtDgY-qAmarm8NiXvEBzXA,https://www.youtube.com/channel/UCBtDgY-qAmarm8NiXvEBzXA,미츠의 보석함,1200,2020-01-30,,2026-08-30 01:16:02,[BIP 연습생] 소통소통💖,xndb004,https://cafe.naver.com/toomits,mysmallvtuber.net,2026-09-01T03:00:43Z
rVQGssAeAD2GYC7Xaq9r,투미츠,,soop,xnalcm004,https://ch.sooplive.co.kr/xnalcm004,투미츠,4109,2020-01-30,,2026-08-30 01:16:02,[BIP 연습생] 소통소통💖,xndb004,https://cafe.naver.com/toomits,mysmallvtuber.net,2026-09-01T03:00:43Z
fHRTdcyuwR88BNmZCdSf,뀨복,,youtube,UCBnZj0OMIbKdXFTSVkSFDJg,https://www.youtube.com/channel/UCBnZj0OMIbKdXFTSVkSFDJg,뀨복,448,,,2026-08-30 03:04:03,새벽이군요,,https://cafe.naver.com/kkyubog,mysmallvtuber.net,2026-09-01T03:00:43Z
fHRTdcyuwR88BNmZCdSf,뀨복,,soop,kkyubog,https://ch.sooplive.co.kr/kkyubog,뀨복,4230,,,2026-08-30 03:04:03,새벽이군요,,https://cafe.naver.com/kkyubog,mysmallvtuber.net,2026-09-01T03:00:43Z
k3aEJnPVT4vvDX8kUW42,나츄,,youtube,UCHl1MJHP_ejGyMpGJvJGWeA,https://www.youtube.com/channel/UCHl1MJHP_ejGyMpGJvJGWeA,나츄,2570,,,2026-08-30 03:37:03,으냣으냐냐냣😹,nachu_vtuber,https://cafe.naver.com/nachufan,mysmallvtuber.net,2026-09-01T03:00:43Z
k3aEJnPVT4vvDX8kUW42,나츄,,youtube,UC1Ldog26SePesVUp1K4JCsA,https://www.youtube.com/channel/UC1Ldog26SePesVUp1K4JCsA,나츄 다시보기,4240,,,2026-08-30 03:37:03,으냣으냐냐냣😹,nachu_vtuber,https://cafe.naver.com/nachufan,mysmallvtuber.net,2026-09-01T03:00:43Z
k3aEJnPVT4vvDX8kUW42,나츄,,chzzk,b192cb11dec2630c8e01102daef7b76f,https://chzzk.naver.com/b192cb11dec2630c8e01102daef7b76f,나츄,6567,,,2026-08-30 03:37:03,으냣으냐냐냣😹,nachu_vtuber,https://cafe.naver.com/nachufan,mysmallvtuber.net,2026-09-01T03:00:43Z
b5mwDq7VE8CBGPXTAtNh,샤치_ξ,,youtube,UCBdLDaJRUzg_gIGkcrtw1bA,https://www.youtube.com/channel/UCBdLDaJRUzg_gIGkcrtw1bA,잡다샤치,244,2022-05-03,,2026-08-30 02:04:02,🥑[모가리] 후열로 던전밥 보면서 작업하기/고정글 보고 UP해주세용! 🥑,sharchi_TWC,https://cafe.naver.com/sharchi,mysmallvtuber.net,2026-09-01T03:00:43Z
b5mwDq7VE8CBGPXTAtNh,샤치_ξ,,soop,catmusic1016,https://ch.sooplive.co.kr/catmusic1016,샤치_ξ,1538,2022-05-03,,2026-08-30 02:04:02,🥑[모가리] 후열로 던전밥 보면서 작업하기/고정글 보고 UP해주세용! 🥑,sharchi_TWC,https://cafe.naver.com/sharchi,mysmallvtuber.net,2026-09-01T03:00:43Z
pdbdQaSEJyw9b2h4kEhX,리츄쨩,,youtube,UCigqjGFwap1eUxpLPS5UWiw,https://www.youtube.com/channel/UCigqjGFwap1eUxpLPS5UWiw,리츄쨩 richuu,545,2024-07-18,,2026-08-30 00:12:02,T1vsBFX 경기 같이보기!! (티원응원방) #lckwatchparty,richuu94,https://cafe.naver.com/richuu,mysmallvtuber.net,2026-09-01T03:00:43Z
pdbdQaSEJyw9b2h4kEhX,리츄쨩,,youtube,UCnz3LNxNfLsDYa5T4MCg2Dw,https://www.youtube.com/channel/UCnz3LNxNfLsDYa5T4MCg2Dw,리츄 풀영상,250,2024-07-18,,2026-08-30 00:12:02,T1vsBFX 경기 같이보기!! (티원응원방) #lckwatchparty,richuu94,https://cafe.naver.com/richuu,mysmallvtuber.net,2026-09-01T03:00:43Z
pdbdQaSEJyw9b2h4kEhX,리츄쨩,,chzzk,a84af7f8c35b72723e1908452b276cb8,https://chzzk.naver.com/a84af7f8c35b72723e1908452b276cb8,리츄쨩,6582,2024-07-18,,2026-08-30 00:12:02,T1vsBFX 경기 같이보기!! (티원응원방) #lckwatchparty,richuu94,https://cafe.naver.com/richuu,mysmallvtuber.net,2026-09-01T03:00:43Z
BA6xrf2Bjn5RrsFyZCxj,알오 AlphaOmega,AlphaOmega,chzzk,469658d4d0ed945a1423db7d97b0f2ad,https://chzzk.naver.com/469658d4d0ed945a1423db7d97b0f2ad,알오 AlphaOmega,265,,,2026-08-29 18:35:04,[V/유입환영] 잔잔하게 일하는 수달 (작업뱅)🦦,alphaomega_01,https://discord.com/invite/Hf6ngSC3HH,mysmallvtuber.net,2026-09-01T03:00:43Z
rXtymzwWSRs6Udducgyk,담익지,,youtube,UC2Yxfy3TMQXj8t2ggS9hFTw,https://www.youtube.com/channel/UC2Yxfy3TMQXj8t2ggS9hFTw,담익지,6710,2022-12-04,,2026-08-29 22:04:03,귤복복 비화보기,DAMIGJI_,https://discord.com/invite/JCUdsaA8Y3,mysmallvtuber.net,2026-09-01T03:00:43Z
rXtymzwWSRs6Udducgyk,담익지,,chzzk,b3faaa462d5ed590e966e7ee8936fa53,https://chzzk.naver.com/b3faaa462d5ed590e966e7ee8936fa53,담익지,2207,2022-12-04,,2026-08-29 22:04:03,귤복복 비화보기,DAMIGJI_,https://discord.com/invite/JCUdsaA8Y3,mysmallvtuber.net,2026-09-01T03:00:43Z
RYcdKWnELQHvdg5Jsz6G,사이네코 코나타 Wishing,Wishing,youtube,UCz_xNPBcTDH47ENPaRE_mAQ,https://www.youtube.com/channel/UCz_xNPBcTDH47ENPaRE_mAQ,사이네코 코나타 Saineko konata,663,2024-08-04,,2026-08-30 01:10:05,"봉,,,,,,누도...구경,,,하고,,,,,",wishing_konata,https://cafe.naver.com/wishinglive,mysmallvtuber.net,2026-09-01T03:00:43Z
RYcdKWnELQHvdg5Jsz6G,사이네코 코나타 Wishing,Wishing,youtube,UCR_KwgX6rqhCBxVZLwfckZA,https://www.youtube.com/channel/UCR_KwgX6rqhCBxVZLwfckZA,코나타 다시보기,248,2024-08-04,,2026-08-30 01:10:05,"봉,,,,,,누도...구경,,,하고,,,,,",wishing_konata,https://cafe.naver.com/wishinglive,mysmallvtuber.net,2026-09-01T03:00:43Z
RYcdKWnELQHvdg5Jsz6G,사이네코 코나타 Wishing,Wishing,chzzk,dc5a830020254936843b8afeed98949f,https://chzzk.naver.com/dc5a830020254936843b8afeed98949f,사이네코 코나타 Wishing,5155,2024-08-04,,2026-08-30 01:10:05,"봉,,,,,,누도...구경,,,하고,,,,,",wishing_konata,https://cafe.naver.com/wishinglive,mysmallvtuber.net,2026-09-01T03:00:43Z
FksywLpu4QjPrmvgbRbd,샤메이,,youtube,UCjqii_QCCgL4znyTpfcnkkA,https://www.youtube.com/channel/UCjqii_QCCgL4znyTpfcnkkA,샤메이 Syamei,10800,2022-08-16,,2026-08-29 20:28:02,극기주 . . 끝나땨? ◜~◝,syameionline,,mysmallvtuber.net,2026-09-01T03:00:43Z
FksywLpu4QjPrmvgbRbd,샤메이,,youtube,UCrlSawJA3yapykwkIY4qacQ,https://www.youtube.com/channel/UCrlSawJA3yapykwkIY4qacQ,샤메이 다시보기 Syamei Archive,1740,2022-08-16,,2026-08-29 20:28:02,극기주 . . 끝나땨? ◜~◝,syameionline,,mysmallvtuber.net,2026-09-01T03:00:43Z
FksywLpu4QjPrmvgbRbd,샤메이,,chzzk,6d16804cf98da47ba82bd13c0c029723,https://chzzk.naver.com/6d16804cf98da47ba82bd13c0c029723,샤메이,27159,2022-08-16,,2026-08-29 20:28:02,극기주 . . 끝나땨? ◜~◝,syameionline,,mysmallvtuber.net,2026-09-01T03:00:43Z
HsqDPbPXt2sXVEZuPp8k,독쥐DOKG,DOKG,youtube,UC0-7Ra2KP37Ku3h2ReV9hww,https://www.youtube.com/channel/UC0-7Ra2KP37Ku3h2ReV9hww,독쥐,94,2025-07-14,,2026-08-29 18:18:02,[BIP 연습생] 노래뱅 짧게 히힛 (33/153),dokg531,https://cafe.naver.com/dokg531,mysmallvtuber.net,2026-09-01T03:00:43Z
HsqDPbPXt2sXVEZuPp8k,독쥐DOKG,DOKG,soop,dokg531,https://ch.sooplive.co.kr/dokg531,독쥐DOKG,1226,2025-07-14,,2026-08-29 18:18:02,[BIP 연습생] 노래뱅 짧게 히힛 (33/153),dokg531,https://cafe.naver.com/dokg531,mysmallvtuber.net,2026-09-01T03:00:43Z
sgCjPLT3HAuWDxszPEbD,코히루,,youtube,UCT_IpIzbIoQjkZCwmWzkHOA,https://www.youtube.com/channel/UCT_IpIzbIoQjkZCwmWzkHOA,코히루,8890,2025-05-26,,2026-08-29 21:22:03,후열 노래 깍기,,https://cafe.naver.com/cohiru,mysmallvtuber.net,2026-09-01T03:00:43Z
sgCjPLT3HAuWDxszPEbD,코히루,,youtube,UCVlAnrb5D5V7fOnN_33asjg,https://www.youtube.com/channel/UCVlAnrb5D5V7fOnN_33asjg,코히루 다시보기,443,2025-05-26,,2026-08-29 21:22:03,후열 노래 깍기,,https://cafe.naver.com/cohiru,mysmallvtuber.net,2026-09-01T03:00:43Z
sgCjPLT3HAuWDxszPEbD,코히루,,chzzk,4780ce79757a7c82057fab72a35453e8,https://chzzk.naver.com/4780ce79757a7c82057fab72a35453e8,코히루,5334,2025-05-26,,2026-08-29 21:22:03,후열 노래 깍기,,https://cafe.naver.com/cohiru,mysmallvtuber.net,2026-09-01T03:00:43Z
QaHN66wdZqHFB1Mbq7c2,요나,,youtube,UChSejVxK1nHkvKaPSNeqBnA,https://www.youtube.com/channel/UChSejVxK1nHkvKaPSNeqBnA,요나,12100,2021-02-28,,2026-08-29 17:11:03,카페에서 2000일 월페이퍼 배포중 🐳,yona_whale,https://cafe.naver.com/iotayona,mysmallvtuber.net,2026-09-01T03:00:43Z
QaHN66wdZqHFB1Mbq7c2,요나,,youtube,UCRSUoZSQ4rLi42dupd0dAQg,https://www.youtube.com/channel/UCRSUoZSQ4rLi42dupd0dAQg,하이퍼요나슈퍼째트킥,3210,2021-02-28,,2026-08-29 17:11:03,카페에서 2000일 월페이퍼 배포중 🐳,yona_whale,https://cafe.naver.com/iotayona,mysmallvtuber.net,2026-09-01T03:00:43Z
QaHN66wdZqHFB1Mbq7c2,요나,,chzzk,7c52f0becffdf297fcd74c037aeca750,https://chzzk.naver.com/7c52f0becffdf297fcd74c037aeca750,요나,6226,2021-02-28,,2026-08-29 17:11:03,카페에서 2000일 월페이퍼 배포중 🐳,yona_whale,https://cafe.naver.com/iotayona,mysmallvtuber.net,2026-09-01T03:00:43Z
RLPDzLakvdynQnsvgg3m,나다n가막,n,youtube,UC6xQYHj3_DzTxhUtwHP5rTQ,https://www.youtube.com/channel/UC6xQYHj3_DzTxhUtwHP5rTQ,나다&가막,1330,2025-05-10,,2026-08-29 22:42:03,캠페인 완료 후 메운디 저녁 내기,nadangamak,https://cafe.naver.com/nadangamak,mysmallvtuber.net,2026-09-01T03:00:43Z
RLPDzLakvdynQnsvgg3m,나다n가막,n,youtube,UC5Jbe0a2zg3SBIJHqNjc1Ow,https://www.youtube.com/channel/UC5Jbe0a2zg3SBIJHqNjc1Ow,나다가막 다시보기,145,2025-05-10,,2026-08-29 22:42:03,캠페인 완료 후 메운디 저녁 내기,nadangamak,https://cafe.naver.com/nadangamak,mysmallvtuber.net,2026-09-01T03:00:43Z
RLPDzLakvdynQnsvgg3m,나다n가막,n,chzzk,cde9b4c389b36d38c8b2693a95de7385,https://chzzk.naver.com/cde9b4c389b36d38c8b2693a95de7385,나다n가막,1244,2025-05-10,,2026-08-29 22:42:03,캠페인 완료 후 메운디 저녁 내기,nadangamak,https://cafe.naver.com/nadangamak,mysmallvtuber.net,2026-09-01T03:00:43Z
gfspu8wXbcDakQ94qzTC,유우스즈 무무,,youtube,UCXOV1n3Pd-5qAYurmw5nv5Q,https://www.youtube.com/channel/UCXOV1n3Pd-5qAYurmw5nv5Q,유우스즈 무무 Yuusz Mumu,5040,,,2026-08-29 16:28:02,노래하는 개똥벌레,YuuszMumu,https://cafe.naver.com/reactkrofficial,mysmallvtuber.net,2026-09-01T03:00:43Z
gfspu8wXbcDakQ94qzTC,유우스즈 무무,,youtube,UCL2wpb5XxrR2ObBxMp6nkvw,https://www.youtube.com/channel/UCL2wpb5XxrR2ObBxMp6nkvw,무무 무했니,389,,,2026-08-29 16:28:02,노래하는 개똥벌레,YuuszMumu,https://cafe.naver.com/reactkrofficial,mysmallvtuber.net,2026-09-01T03:00:43Z
gfspu8wXbcDakQ94qzTC,유우스즈 무무,,chzzk,8272a88361c84d51adebeeba3eb0f901,https://chzzk.naver.com/8272a88361c84d51adebeeba3eb0f901,유우스즈 무무,10473,,,2026-08-29 16:28:02,노래하는 개똥벌레,YuuszMumu,https://cafe.naver.com/reactkrofficial,mysmallvtuber.net,2026-09-01T03:00:43Z
LX4c6HLVfkc4Tetbr9WK,마왕이노리!,,youtube,UCIvHCM72b5kLUjeh-yfsspw,https://www.youtube.com/channel/UCIvHCM72b5kLUjeh-yfsspw,이노리 inorisama,1040,2025-12-19,,2026-08-29 17:54:03,비방텐션 작업뱅 CCTV입니다 약간 작업실 창문열어둔 느낌,inorisama162,,mysmallvtuber.net,2026-09-01T03:00:43Z
LX4c6HLVfkc4Tetbr9WK,마왕이노리!,,soop,inorisama,https://ch.sooplive.co.kr/inorisama,마왕이노리!,4728,2025-12-19,,2026-08-29 17:54:03,비방텐션 작업뱅 CCTV입니다 약간 작업실 창문열어둔 느낌,inorisama162,,mysmallvtuber.net,2026-09-01T03:00:43Z
MXA4ksB24tgNRktpTuMG,김렝지,,youtube,UCK_d8SntGnKHn4z95BPL2AQ,https://www.youtube.com/channel/UCK_d8SntGnKHn4z95BPL2AQ,렝지,8200,,,2026-08-29 19:54:03,오랜만에 공장ㄱㄱㄱ 카뮤 오빠 스토리까지,,https://cafe.naver.com/lenzi1215,mysmallvtuber.net,2026-09-01T03:00:43Z
MXA4ksB24tgNRktpTuMG,김렝지,,youtube,UCOEgM1l_UwozNkt0PMD1zRQ,https://www.youtube.com/channel/UCOEgM1l_UwozNkt0PMD1zRQ,렝지 다시보기,4110,,,2026-08-29 19:54:03,오랜만에 공장ㄱㄱㄱ 카뮤 오빠 스토리까지,,https://cafe.naver.com/lenzi1215,mysmallvtuber.net,2026-09-01T03:00:43Z
MXA4ksB24tgNRktpTuMG,김렝지,,chzzk,c59080612c2f5778a02b7bc680e160e9,https://chzzk.naver.com/c59080612c2f5778a02b7bc680e160e9,김렝지,6783,,,2026-08-29 19:54:03,오랜만에 공장ㄱㄱㄱ 카뮤 오빠 스토리까지,,https://cafe.naver.com/lenzi1215,mysmallvtuber.net,2026-09-01T03:00:43Z
DHmJGGmU89BUbDHXMpmW,모야지,,youtube,UCMWXv0lfTyi2zjOSkW-OCkg,https://www.youtube.com/channel/UCMWXv0lfTyi2zjOSkW-OCkg,모야지moyaji,51300,2023-08-13,,2026-08-29 15:59:03,❣️뜨어어 개바쁜 일주일이엇다~~  (신청곡 !sr),moyaji77,https://cafe.naver.com/moyaji700,mysmallvtuber.net,2026-09-01T03:00:43Z
DHmJGGmU89BUbDHXMpmW,모야지,,youtube,UCi4fCWCQtM6RTRRveJoHO7w,https://www.youtube.com/channel/UCi4fCWCQtM6RTRRveJoHO7w,모야지 다시보기,3320,2023-08-13,,2026-08-29 15:59:03,❣️뜨어어 개바쁜 일주일이엇다~~  (신청곡 !sr),moyaji77,https://cafe.naver.com/moyaji700,mysmallvtuber.net,2026-09-01T03:00:43Z
DHmJGGmU89BUbDHXMpmW,모야지,,chzzk,ff8a77860f5a1da0bd6991c5041525f5,https://chzzk.naver.com/ff8a77860f5a1da0bd6991c5041525f5,모야지,12040,2023-08-13,,2026-08-29 15:59:03,❣️뜨어어 개바쁜 일주일이엇다~~  (신청곡 !sr),moyaji77,https://cafe.naver.com/moyaji700,mysmallvtuber.net,2026-09-01T03:00:43Z
zQLAxSj2FSBUDpgUdt8M,유하나 Uhana,Uhana,chzzk,a47bbfd15ffd002cc91ffd2025d2a8f9,https://chzzk.naver.com/a47bbfd15ffd002cc91ffd2025d2a8f9,유하나 Uhana,297,,,2026-08-29 16:51:03,[V] 일하러왔다💙ฅ^•ﻌ•^ฅ*,HanaU_Virtual,https://discord.com/invite/XfG9w9yhKU,mysmallvtuber.net,2026-09-01T03:00:43Z
3pFpJS5zJxgTL6EATxh8,나카노 유카,,youtube,UC9ZcKQ9owUKQ5YZphw1qRHw,https://www.youtube.com/channel/UC9ZcKQ9owUKQ5YZphw1qRHw,나카노 유카,791,,,2026-08-29 20:04:03,카드게임까지야무지게즐기기,nakanoyuka_,https://cafe.naver.com/yukanepiehouse,mysmallvtuber.net,2026-09-01T03:00:43Z
3pFpJS5zJxgTL6EATxh8,나카노 유카,,youtube,UCjEKT9184lVtGB7HKwZNAIQ,https://www.youtube.com/channel/UCjEKT9184lVtGB7HKwZNAIQ,나카노 유카 다시보기,296,,,2026-08-29 20:04:03,카드게임까지야무지게즐기기,nakanoyuka_,https://cafe.naver.com/yukanepiehouse,mysmallvtuber.net,2026-09-01T03:00:43Z
3pFpJS5zJxgTL6EATxh8,나카노 유카,,chzzk,ee82e3edded2caa145683f90ef5f833d,https://chzzk.naver.com/ee82e3edded2caa145683f90ef5f833d,나카노 유카,1773,,,2026-08-29 20:04:03,카드게임까지야무지게즐기기,nakanoyuka_,https://cafe.naver.com/yukanepiehouse,mysmallvtuber.net,2026-09-01T03:00:43Z
0MyofpuVR4zPKql961D3,반님l,l,youtube,UCj2qZQT1oF2MULq2MZMqu0w,https://www.youtube.com/channel/UCj2qZQT1oF2MULq2MZMqu0w,반님 Van,52800,2019-12-13,,2026-08-29 19:12:03,집에서 머리 50cm 자른 사람.,Van_Nim_,https://cafe.naver.com/otwoffical,mysmallvtuber.net,2026-09-01T03:00:43Z
0MyofpuVR4zPKql961D3,반님l,l,youtube,UCWFYA2jG7giYrUaSZ1P9uzQ,https://www.youtube.com/channel/UCWFYA2jG7giYrUaSZ1P9uzQ,반님 다시보기,6440,2019-12-13,,2026-08-29 19:12:03,집에서 머리 50cm 자른 사람.,Van_Nim_,https://cafe.naver.com/otwoffical,mysmallvtuber.net,2026-09-01T03:00:43Z
0MyofpuVR4zPKql961D3,반님l,l,chzzk,3a2d2f4e9132d822423f6aa879e598c5,https://chzzk.naver.com/3a2d2f4e9132d822423f6aa879e598c5,반님l,39758,2019-12-13,,2026-08-29 19:12:03,집에서 머리 50cm 자른 사람.,Van_Nim_,https://cafe.naver.com/otwoffical,mysmallvtuber.net,2026-09-01T03:00:43Z
dPwvJaerUqw3m7fn8duF,헤일Haillop,Haillop,youtube,UCih-Dl325CnmQw7o3A0QWug,https://www.youtube.com/channel/UCih-Dl325CnmQw7o3A0QWug,Haillop헤일,474,2023-03-27,,2026-08-29 19:00:06,[V]스타레일 스토리 스포 안당한 너구리!,haillop,https://discord.gg/ZmeYNnVVKv,mysmallvtuber.net,2026-09-01T03:00:43Z
dPwvJaerUqw3m7fn8duF,헤일Haillop,Haillop,chzzk,ed5d1ec14256c95d33a5f1ec2b43c1c4,https://chzzk.naver.com/ed5d1ec14256c95d33a5f1ec2b43c1c4,헤일Haillop,380,2023-03-27,,2026-08-29 19:00:06,[V]스타레일 스토리 스포 안당한 너구리!,haillop,https://discord.gg/ZmeYNnVVKv,mysmallvtuber.net,2026-09-01T03:00:43Z
mY2Pxh6RHtBmrPQbPkfs,리라비,,youtube,UCgLO1MC7oMaZajU0lRJdIyw,https://www.youtube.com/channel/UCgLO1MC7oMaZajU0lRJdIyw,리라비,440,2024-03-16,,2026-08-29 20:00:04,"벌칙은 공겜! 포켓로그♡(w.백경,양녀무)(방해룰렛1500)",Lirabi44,https://discord.com/invite/7wAr8CQafC,mysmallvtuber.net,2026-09-01T03:00:43Z
mY2Pxh6RHtBmrPQbPkfs,리라비,,youtube,UCRV7YG1_x7FD9Bl5o2aKppQ,https://www.youtube.com/channel/UCRV7YG1_x7FD9Bl5o2aKppQ,리라비 다시보기,740,2024-03-16,,2026-08-29 20:00:04,"벌칙은 공겜! 포켓로그♡(w.백경,양녀무)(방해룰렛1500)",Lirabi44,https://discord.com/invite/7wAr8CQafC,mysmallvtuber.net,2026-09-01T03:00:43Z
mY2Pxh6RHtBmrPQbPkfs,리라비,,chzzk,5abd86365fee99b560451266cf8053bb,https://chzzk.naver.com/5abd86365fee99b560451266cf8053bb,리라비,903,2024-03-16,,2026-08-29 20:00:04,"벌칙은 공겜! 포켓로그♡(w.백경,양녀무)(방해룰렛1500)",Lirabi44,https://discord.com/invite/7wAr8CQafC,mysmallvtuber.net,2026-09-01T03:00:43Z
TvpMXqWbKBfN4aJy8jcT,루스티카나,,youtube,UCn8_TDVrNQsaefOYFOSisnQ,https://www.youtube.com/channel/UCn8_TDVrNQsaefOYFOSisnQ,루스티카나,153,2024-05-13,,2026-08-29 18:20:03,이젠 하다하다 저주받은 집이냐,_rusticana,,mysmallvtuber.net,2026-09-01T03:00:43Z
TvpMXqWbKBfN4aJy8jcT,루스티카나,,youtube,UC-jllXscdJ64RUrIP017kBg,https://www.youtube.com/channel/UC-jllXscdJ64RUrIP017kBg,루스티카나 다시보기,249,2024-05-13,,2026-08-29 18:20:03,이젠 하다하다 저주받은 집이냐,_rusticana,,mysmallvtuber.net,2026-09-01T03:00:43Z
TvpMXqWbKBfN4aJy8jcT,루스티카나,,chzzk,472d8a425bbaaa8a8e837fbdd7b72c09,https://chzzk.naver.com/472d8a425bbaaa8a8e837fbdd7b72c09,루스티카나,1341,2024-05-13,,2026-08-29 18:20:03,이젠 하다하다 저주받은 집이냐,_rusticana,,mysmallvtuber.net,2026-09-01T03:00:43Z
bRLBcmQGfCRwSTTWysLT,므엥이,,youtube,UC7lbDCeOCeYC11Rt5B-ZNyQ,https://www.youtube.com/channel/UC7lbDCeOCeYC11Rt5B-ZNyQ,므엥이,32400,2023-05-23,,2026-08-29 23:07:02,귀여운 마녀 볼래요? 🎃,mueeng030,https://cafe.naver.com/choiowo,mysmallvtuber.net,2026-09-01T03:00:43Z
bRLBcmQGfCRwSTTWysLT,므엥이,,youtube,UCSCQonGPUfHjTi6GtjWHvPg,https://www.youtube.com/channel/UCSCQonGPUfHjTi6GtjWHvPg,므엥이 다시봐요,1270,2023-05-23,,2026-08-29 23:07:02,귀여운 마녀 볼래요? 🎃,mueeng030,https://cafe.naver.com/choiowo,mysmallvtuber.net,2026-09-01T03:00:43Z
bRLBcmQGfCRwSTTWysLT,므엥이,,chzzk,b5b18dc043cbf37ee67e4615687b8f77,https://chzzk.naver.com/b5b18dc043cbf37ee67e4615687b8f77,므엥이,9484,2023-05-23,,2026-08-29 23:07:02,귀여운 마녀 볼래요? 🎃,mueeng030,https://cafe.naver.com/choiowo,mysmallvtuber.net,2026-09-01T03:00:43Z
Qy9zGzQXFLTkxFkzxPxt,홍서월,,youtube,UC2EayZ4BEOZjrTarX70Cw1w,https://www.youtube.com/channel/UC2EayZ4BEOZjrTarX70Cw1w,홍서월,1350,2024-05-30,,2026-08-29 15:10:06,🌕[노래뱅] 일어나~ 일어나~ 다시 한번 해보는거야 [몽상컴퍼니]⚖️,seowolhong,https://cafe.naver.com/mongsangc,mysmallvtuber.net,2026-09-01T03:00:43Z
Qy9zGzQXFLTkxFkzxPxt,홍서월,,youtube,UC5iZy8-c2ZsBsbx6yFgrPCQ,https://www.youtube.com/channel/UC5iZy8-c2ZsBsbx6yFgrPCQ,긴서월,887,2024-05-30,,2026-08-29 15:10:06,🌕[노래뱅] 일어나~ 일어나~ 다시 한번 해보는거야 [몽상컴퍼니]⚖️,seowolhong,https://cafe.naver.com/mongsangc,mysmallvtuber.net,2026-09-01T03:00:43Z
Qy9zGzQXFLTkxFkzxPxt,홍서월,,chzzk,227b431ef15d1085ba29f54b8a7048fd,https://chzzk.naver.com/227b431ef15d1085ba29f54b8a7048fd,홍서월,7150,2024-05-30,,2026-08-29 15:10:06,🌕[노래뱅] 일어나~ 일어나~ 다시 한번 해보는거야 [몽상컴퍼니]⚖️,seowolhong,https://cafe.naver.com/mongsangc,mysmallvtuber.net,2026-09-01T03:00:43Z
HJd6Q4p2k3Ssy4BBWeer,라오 rao,rao,chzzk,33ee55dfebfa254784e07da27566152f,https://chzzk.naver.com/33ee55dfebfa254784e07da27566152f,라오 rao,543,2025-01-08,,2026-08-29 12:34:02,[v] 에픽세븐 파먹기,dlfkdh_65,https://discord.gg/fJ4uDqd5rQ,mysmallvtuber.net,2026-09-01T03:00:43Z
K4As5HuKWRqQbQdk82bB,청둥찌덕,,youtube,UCgk1EkzqRVImgdopzZatFgQ,https://www.youtube.com/channel/UCgk1EkzqRVImgdopzZatFgQ,청둥찌덕,2730,2024-10-09,,2026-08-29 17:27:02,🦆 초딩들의 MAXIM! 초딩들의 어흐어흐였던 '올림푸스 가디언'! 찌덕이랑 아침까지 같이봐요 ㅇㅁㅇ/ (w. 다소 음담패설 있을 유) 🦆,CD_zziduk,https://cafe.naver.com/zzidukzziduk,mysmallvtuber.net,2026-09-01T03:00:43Z
K4As5HuKWRqQbQdk82bB,청둥찌덕,,chzzk,f53081b9a3ceaea1742f413a83258b38,https://chzzk.naver.com/f53081b9a3ceaea1742f413a83258b38,청둥찌덕,2325,2024-10-09,,2026-08-29 17:27:02,🦆 초딩들의 MAXIM! 초딩들의 어흐어흐였던 '올림푸스 가디언'! 찌덕이랑 아침까지 같이봐요 ㅇㅁㅇ/ (w. 다소 음담패설 있을 유) 🦆,CD_zziduk,https://cafe.naver.com/zzidukzziduk,mysmallvtuber.net,2026-09-01T03:00:43Z
RczkcEEyAnHXJ4rgyct4,민루잼,,youtube,UCqbFwwZnzgxQHHLJBaQ5Z3w,https://www.youtube.com/channel/UCqbFwwZnzgxQHHLJBaQ5Z3w,민루잼,1000,,,2026-08-29 02:51:02,.,,,mysmallvtuber.net,2026-09-01T03:00:43Z
RczkcEEyAnHXJ4rgyct4,민루잼,,youtube,UCS0n4fwKLlhXDK4kBNsgoiQ,https://www.youtube.com/channel/UCS0n4fwKLlhXDK4kBNsgoiQ,루잼 다시보기,506,,,2026-08-29 02:51:02,.,,,mysmallvtuber.net,2026-09-01T03:00:43Z
RczkcEEyAnHXJ4rgyct4,민루잼,,chzzk,cb4b5ef6ed487f102a0f2eb2eb6c381e,https://chzzk.naver.com/cb4b5ef6ed487f102a0f2eb2eb6c381e,민루잼,3932,,,2026-08-29 02:51:02,.,,,mysmallvtuber.net,2026-09-01T03:00:43Z
LUSjcAQEQQqq4yDH3aBQ,함준,,youtube,UCqBmT6Hrgoe0zTr3I5hy12Q,https://www.youtube.com/channel/UCqBmT6Hrgoe0zTr3I5hy12Q,함준,58,2024-03-11,,2026-08-29 02:47:02,이 고양이는 방송 시간이 왜 이럼 ???,hamjoon_2,https://discord.com/invite/v7saCqBQ4C,mysmallvtuber.net,2026-09-01T03:00:43Z
LUSjcAQEQQqq4yDH3aBQ,함준,,youtube,UC8IGANH7PJoPe5SeETqRO3Q,https://www.youtube.com/channel/UC8IGANH7PJoPe5SeETqRO3Q,함준 다시보기,46,2024-03-11,,2026-08-29 02:47:02,이 고양이는 방송 시간이 왜 이럼 ???,hamjoon_2,https://discord.com/invite/v7saCqBQ4C,mysmallvtuber.net,2026-09-01T03:00:43Z
LUSjcAQEQQqq4yDH3aBQ,함준,,chzzk,adb0d1cd905f534677f1ff8662d5e33d,https://chzzk.naver.com/adb0d1cd905f534677f1ff8662d5e33d,함준,485,2024-03-11,,2026-08-29 02:47:02,이 고양이는 방송 시간이 왜 이럼 ???,hamjoon_2,https://discord.com/invite/v7saCqBQ4C,mysmallvtuber.net,2026-09-01T03:00:43Z
2r27UbdDGAtRxpJeXPDW,돈쵸아,,youtube,UCs1eYqUaQIcHG6S4-LOZYFQ,https://www.youtube.com/channel/UCs1eYqUaQIcHG6S4-LOZYFQ,돈쵸아,815,,,2026-08-28 23:56:03,미안해요 조금만 쉬다 올게요,d_choa1220,https://discord.com/invite/ynRhT7Yx62,mysmallvtuber.net,2026-09-01T03:00:43Z
2r27UbdDGAtRxpJeXPDW,돈쵸아,,chzzk,798cb0d9b70f1589654e64422386f9e9,https://chzzk.naver.com/798cb0d9b70f1589654e64422386f9e9,돈쵸아,3375,,,2026-08-28 23:56:03,미안해요 조금만 쉬다 올게요,d_choa1220,https://discord.com/invite/ynRhT7Yx62,mysmallvtuber.net,2026-09-01T03:00:43Z
T7TRRLJkrLC5LXMH5fYD,코우세이 우키,,youtube,UCjuWigP6skwENUHJZ-DzLGw,https://www.youtube.com/channel/UCjuWigP6skwENUHJZ-DzLGw,코우세이 우키 Kosei Uki,1430,2024-07-17,,2026-08-29 00:37:03,양키 듀오가 죽다 돌아왔네 🍎💭,Kosei_Uki_,https://cafe.naver.com/vivendi,mysmallvtuber.net,2026-09-01T03:00:43Z
T7TRRLJkrLC5LXMH5fYD,코우세이 우키,,chzzk,1b8fadbb141d246c88a8a722ef3bb06f,https://chzzk.naver.com/1b8fadbb141d246c88a8a722ef3bb06f,코우세이 우키,2241,2024-07-17,,2026-08-29 00:37:03,양키 듀오가 죽다 돌아왔네 🍎💭,Kosei_Uki_,https://cafe.naver.com/vivendi,mysmallvtuber.net,2026-09-01T03:00:43Z
gCCtHzuvP43ArJaxYxPQ,올빰이,,youtube,UCzThWGnoy839sTJsg_3j9xw,https://www.youtube.com/channel/UCzThWGnoy839sTJsg_3j9xw,올빰이,529,,,2026-08-28 23:40:05,무서워서 지려도 친구 해주기,olppami_OvO,https://cafe.naver.com/olppamishack,mysmallvtuber.net,2026-09-01T03:00:43Z
gCCtHzuvP43ArJaxYxPQ,올빰이,,chzzk,c9dc205ac495d296638327c6ae471a65,https://chzzk.naver.com/c9dc205ac495d296638327c6ae471a65,올빰이,675,,,2026-08-28 23:40:05,무서워서 지려도 친구 해주기,olppami_OvO,https://cafe.naver.com/olppamishack,mysmallvtuber.net,2026-09-01T03:00:43Z
UrUcJ27dRMlH2hAnSCQi,향아치,,youtube,UCQV6pkNkEGBpQXzCh4G19WQ,https://www.youtube.com/channel/UCQV6pkNkEGBpQXzCh4G19WQ,Hyang Ah Chi 향아치,578000,2022-03-20,,2026-08-29 00:12:02,수술전 마지막 노래방 with 중도참여 환영,,https://cafe.naver.com/hyangahchi,mysmallvtuber.net,2026-09-01T03:00:43Z
UrUcJ27dRMlH2hAnSCQi,향아치,,chzzk,f3f7af23c948938651fd244014ff1204,https://chzzk.naver.com/f3f7af23c948938651fd244014ff1204,향아치,67846,2022-03-20,,2026-08-29 00:12:02,수술전 마지막 노래방 with 중도참여 환영,,https://cafe.naver.com/hyangahchi,mysmallvtuber.net,2026-09-01T03:00:43Z
qXtcmbSx3F26h4suJVwb,세 츠린,,youtube,UCUpRtETAiIgIzK-DvsqvApA,https://www.youtube.com/channel/UCUpRtETAiIgIzK-DvsqvApA,세츠린,1200,2023-11-18,,2026-08-29 00:41:03,로아 복귀했는데 뭐부터 해야해요...? (훈수 일부가능),Setsurin_Vtuber,,mysmallvtuber.net,2026-09-01T03:00:43Z
qXtcmbSx3F26h4suJVwb,세 츠린,,chzzk,55b869d787c9298c6497b9ab72da023b,https://chzzk.naver.com/55b869d787c9298c6497b9ab72da023b,세 츠린,856,2023-11-18,,2026-08-29 00:41:03,로아 복귀했는데 뭐부터 해야해요...? (훈수 일부가능),Setsurin_Vtuber,,mysmallvtuber.net,2026-09-01T03:00:43Z
bPCgavZMUbYfwHvXtmS4,뽀실애기,,youtube,UC5ggRkwxlh2JtwfvD4QduXw,https://www.youtube.com/channel/UC5ggRkwxlh2JtwfvD4QduXw,뽀실애기,70,2025-11-10,,2026-08-29 00:02:03,✨안뇽안뇽낭ㄴㄴ요,4silbaby_,https://cafe.naver.com/4silbaby,mysmallvtuber.net,2026-09-01T03:00:43Z
bPCgavZMUbYfwHvXtmS4,뽀실애기,,chzzk,1d30969be4ba452d5e9be3ec7bf6316f,https://chzzk.naver.com/1d30969be4ba452d5e9be3ec7bf6316f,뽀실애기,385,2025-11-10,,2026-08-29 00:02:03,✨안뇽안뇽낭ㄴㄴ요,4silbaby_,https://cafe.naver.com/4silbaby,mysmallvtuber.net,2026-09-01T03:00:43Z
JVMymJbCpDZX6xxAMTJH,미도미도 마요,,youtube,UCls95hH--nOEgKDjR2nKNUA,https://www.youtube.com/channel/UCls95hH--nOEgKDjR2nKNUA,미도미도 마요 Midomido Mayo,15900,2024-11-30,,2026-08-28 22:25:03,비가와도 가야지 어떡해.. 【Re:AcT KR】,Midomido_Mayo,,mysmallvtuber.net,2026-09-01T03:00:43Z
JVMymJbCpDZX6xxAMTJH,미도미도 마요,,youtube,UC2WcZDV2dHgtJp4H-LscyKA,https://www.youtube.com/channel/UC2WcZDV2dHgtJp4H-LscyKA,미도마요,830,2024-11-30,,2026-08-28 22:25:03,비가와도 가야지 어떡해.. 【Re:AcT KR】,Midomido_Mayo,,mysmallvtuber.net,2026-09-01T03:00:43Z
JVMymJbCpDZX6xxAMTJH,미도미도 마요,,chzzk,051f034c064edd60d48dee2a47bc0790,https://chzzk.naver.com/051f034c064edd60d48dee2a47bc0790,미도미도 마요,11233,2024-11-30,,2026-08-28 22:25:03,비가와도 가야지 어떡해.. 【Re:AcT KR】,Midomido_Mayo,,mysmallvtuber.net,2026-09-01T03:00:43Z
ubPNDRKaYk4XWgGV8zf7,미호 콘코드 Miho Concord,Miho Concord,youtube,UCj3m5yiHnImxRAoQ_btYr6g,https://www.youtube.com/channel/UCj3m5yiHnImxRAoQ_btYr6g,【V】紺紅土みほ　Miho Concord ch.,735,2021-01-14,,2026-08-29 00:02:03,(잡담하며) 쌓인 단발 게임 소화하기 【Vtuber/일본어/한국어OK】,Mihoming_2021,https://discord.com/invite/aNAgyPuyPx,mysmallvtuber.net,2026-09-01T03:00:43Z
ubPNDRKaYk4XWgGV8zf7,미호 콘코드 Miho Concord,Miho Concord,chzzk,24f5b5a031da2c173a8aaab088790194,https://chzzk.naver.com/24f5b5a031da2c173a8aaab088790194,미호 콘코드 Miho Concord,604,2021-01-14,,2026-08-29 00:02:03,(잡담하며) 쌓인 단발 게임 소화하기 【Vtuber/일본어/한국어OK】,Mihoming_2021,https://discord.com/invite/aNAgyPuyPx,mysmallvtuber.net,2026-09-01T03:00:43Z
xfzUD3gXtXtTWbJ24JYh,첼로 vtuber,vtuber,youtube,UCdvLzJHv6cLZ14oWu76_58A,https://www.youtube.com/channel/UCdvLzJHv6cLZ14oWu76_58A,첼로의 당고둥지,431,2023-04-13,,2026-08-28 23:20:05,유사뉴비 발헤임 3일차,cello_Vtuber,https://cafe.naver.com/cellovtuber?tc=shared_link,mysmallvtuber.net,2026-09-01T03:00:43Z
xfzUD3gXtXtTWbJ24JYh,첼로 vtuber,vtuber,youtube,UCpESeZ3kLmXWrqFLNB8FjpQ,https://www.youtube.com/channel/UCpESeZ3kLmXWrqFLNB8FjpQ,첼로 풀영상 다시보기,56,2023-04-13,,2026-08-28 23:20:05,유사뉴비 발헤임 3일차,cello_Vtuber,https://cafe.naver.com/cellovtuber?tc=shared_link,mysmallvtuber.net,2026-09-01T03:00:43Z
xfzUD3gXtXtTWbJ24JYh,첼로 vtuber,vtuber,chzzk,dadb0a61ec6a6e6eee09613fc3b350c7,https://chzzk.naver.com/dadb0a61ec6a6e6eee09613fc3b350c7,첼로 vtuber,838,2023-04-13,,2026-08-28 23:20:05,유사뉴비 발헤임 3일차,cello_Vtuber,https://cafe.naver.com/cellovtuber?tc=shared_link,mysmallvtuber.net,2026-09-01T03:00:43Z
LacsJzkGyXLqNZdGL3wT,야마구치 유키,,youtube,UCG8OUA8ldBHtSCLzr9raqXw,https://www.youtube.com/channel/UCG8OUA8ldBHtSCLzr9raqXw,Yamaguchi Yuki,161,,,2026-08-28 22:35:03,(!시참) 오퍼 안 사보는 연습!  ₍ᐢ‥ᐢ₎ ♡,vtuberyamaguchi,https://discord.com/invite/tZTjbNC7k9,mysmallvtuber.net,2026-09-01T03:00:43Z
LacsJzkGyXLqNZdGL3wT,야마구치 유키,,chzzk,0a0aecc1adf64ddf4f2b7bad7d924860,https://chzzk.naver.com/0a0aecc1adf64ddf4f2b7bad7d924860,야마구치 유키,348,,,2026-08-28 22:35:03,(!시참) 오퍼 안 사보는 연습!  ₍ᐢ‥ᐢ₎ ♡,vtuberyamaguchi,https://discord.com/invite/tZTjbNC7k9,mysmallvtuber.net,2026-09-01T03:00:43Z
ttVDpPsMvW7XreWkt3te,모부이,,youtube,UClOTBiZzh3hXhfqqMwJWPHg,https://www.youtube.com/channel/UClOTBiZzh3hXhfqqMwJWPHg,모부이,399,2025-03-04,,2026-08-28 22:11:03,어떻게 하는 게임이었더라,mobui0304,https://cafe.naver.com/mobuuu,mysmallvtuber.net,2026-09-01T03:00:43Z
ttVDpPsMvW7XreWkt3te,모부이,,chzzk,e5c088b7846ce73c07e27d9bacc719f0,https://chzzk.naver.com/e5c088b7846ce73c07e27d9bacc719f0,모부이,536,2025-03-04,,2026-08-28 22:11:03,어떻게 하는 게임이었더라,mobui0304,https://cafe.naver.com/mobuuu,mysmallvtuber.net,2026-09-01T03:00:43Z
NSckdr2LqSFrxzBK6Pkm,김모야moya,moya,youtube,UCkVtqHuPtnVDdT-GY35mdyA,https://www.youtube.com/channel/UCkVtqHuPtnVDdT-GY35mdyA,김모야,30,2025-03-04,,2026-08-29 00:42:03,올림포스 가디언 1화부터 ~! 오디세이로 그리스신화 입문해써요,,https://cafe.naver.com/gimmoya,mysmallvtuber.net,2026-09-01T03:00:43Z
NSckdr2LqSFrxzBK6Pkm,김모야moya,moya,youtube,UCIM-IX9s1nUI1NzoPsovWcw,https://www.youtube.com/channel/UCIM-IX9s1nUI1NzoPsovWcw,김모야 다시보기,32,2025-03-04,,2026-08-29 00:42:03,올림포스 가디언 1화부터 ~! 오디세이로 그리스신화 입문해써요,,https://cafe.naver.com/gimmoya,mysmallvtuber.net,2026-09-01T03:00:43Z
NSckdr2LqSFrxzBK6Pkm,김모야moya,moya,chzzk,e1acdaf981a068dedb3edfdd9c0ad452,https://chzzk.naver.com/e1acdaf981a068dedb3edfdd9c0ad452,김모야moya,805,2025-03-04,,2026-08-29 00:42:03,올림포스 가디언 1화부터 ~! 오디세이로 그리스신화 입문해써요,,https://cafe.naver.com/gimmoya,mysmallvtuber.net,2026-09-01T03:00:43Z
pncraWa5Xg6ENp7cpH4A,이예다,,youtube,UC1MQV3ZkjqyJG-UhXRg-LJA,https://www.youtube.com/channel/UC1MQV3ZkjqyJG-UhXRg-LJA,이예다 LEEYEDA,2050,2022-12-17,,2026-08-29 00:17:02,복숭이들아 나랑 사귀자 🩷 (축하합니다! 당신은 TRUE ENDING 「법정」을 달성하셨습니다),leeyeda_,https://cafe.naver.com/leeyeda,mysmallvtuber.net,2026-09-01T03:00:43Z
pncraWa5Xg6ENp7cpH4A,이예다,,youtube,UC23XsxdCI12Pj02qMi1OEvA,https://www.youtube.com/channel/UC23XsxdCI12Pj02qMi1OEvA,예다의 흑역사 다시보기,624,2022-12-17,,2026-08-29 00:17:02,복숭이들아 나랑 사귀자 🩷 (축하합니다! 당신은 TRUE ENDING 「법정」을 달성하셨습니다),leeyeda_,https://cafe.naver.com/leeyeda,mysmallvtuber.net,2026-09-01T03:00:43Z
pncraWa5Xg6ENp7cpH4A,이예다,,soop,leeyeda,https://ch.sooplive.co.kr/leeyeda,이예다,1195,2022-12-17,,2026-08-29 00:17:02,복숭이들아 나랑 사귀자 🩷 (축하합니다! 당신은 TRUE ENDING 「법정」을 달성하셨습니다),leeyeda_,https://cafe.naver.com/leeyeda,mysmallvtuber.net,2026-09-01T03:00:43Z
RFvzDEamHjZm9ZLtbyU5,쵸쵸우,,youtube,UCzoP3s16B9hP7f_qIc6DReQ,https://www.youtube.com/channel/UCzoP3s16B9hP7f_qIc6DReQ,쵸쵸우,472000,,,2026-08-29 00:18:02,지도동📍문명에서는 1인분한다구,chochou_v,,mysmallvtuber.net,2026-09-01T03:00:43Z
RFvzDEamHjZm9ZLtbyU5,쵸쵸우,,youtube,UC6C2Qs2BB7_IBo42GTdOC9w,https://www.youtube.com/channel/UC6C2Qs2BB7_IBo42GTdOC9w,쵸쵸우 100%,2430,,,2026-08-29 00:18:02,지도동📍문명에서는 1인분한다구,chochou_v,,mysmallvtuber.net,2026-09-01T03:00:43Z
RFvzDEamHjZm9ZLtbyU5,쵸쵸우,,chzzk,6ec2829475b485474e7bd1df449cb160,https://chzzk.naver.com/6ec2829475b485474e7bd1df449cb160,쵸쵸우,11043,,,2026-08-29 00:18:02,지도동📍문명에서는 1인분한다구,chochou_v,,mysmallvtuber.net,2026-09-01T03:00:43Z
D57RQdFm88DbFxSHKQaC,아이텔 시즈 Aitel Siz,Aitel Siz,youtube,UCyLMoSScYdXqJVGuNQd4tLg,https://www.youtube.com/channel/UCyLMoSScYdXqJVGuNQd4tLg,Siz ch. 아이텔 시즈,3370,2024-05-15,,2026-08-28 20:07:03,손잡이가 생겨써요,aitelsiz,https://cafe.naver.com/lussiacademy,mysmallvtuber.net,2026-09-01T03:00:43Z
D57RQdFm88DbFxSHKQaC,아이텔 시즈 Aitel Siz,Aitel Siz,youtube,UCEY45q9kTg1lCiWzqvxAXsQ,https://www.youtube.com/channel/UCEY45q9kTg1lCiWzqvxAXsQ,시즈의 영상 모음,779,2024-05-15,,2026-08-28 20:07:03,손잡이가 생겨써요,aitelsiz,https://cafe.naver.com/lussiacademy,mysmallvtuber.net,2026-09-01T03:00:43Z
D57RQdFm88DbFxSHKQaC,아이텔 시즈 Aitel Siz,Aitel Siz,chzzk,2629ef26d6abd8cf1fa7d52e83ba3542,https://chzzk.naver.com/2629ef26d6abd8cf1fa7d52e83ba3542,아이텔 시즈 Aitel Siz,2019,2024-05-15,,2026-08-28 20:07:03,손잡이가 생겨써요,aitelsiz,https://cafe.naver.com/lussiacademy,mysmallvtuber.net,2026-09-01T03:00:43Z
8CpyphwzpkeuQbQyMcAp,토랴몽,,youtube,UCynbm114m3o-rb93TUBM-oQ,https://www.youtube.com/channel/UCynbm114m3o-rb93TUBM-oQ,토랴몽,7130,2023-12-19,,2026-08-28 16:31:03,스파이더맨 하는 중 [유부녀즈],toryamong09,https://cafe.naver.com/soldoutvtuber,mysmallvtuber.net,2026-09-01T03:00:43Z
8CpyphwzpkeuQbQyMcAp,토랴몽,,youtube,UC3mZlbuDv_WxtSp5tJM1gaA,https://www.youtube.com/channel/UC3mZlbuDv_WxtSp5tJM1gaA,토랴몽의 먹다 남은 이유식,373,2023-12-19,,2026-08-28 16:31:03,스파이더맨 하는 중 [유부녀즈],toryamong09,https://cafe.naver.com/soldoutvtuber,mysmallvtuber.net,2026-09-01T03:00:43Z
8CpyphwzpkeuQbQyMcAp,토랴몽,,soop,choisy200009,https://ch.sooplive.co.kr/choisy200009,토랴몽,2522,2023-12-19,,2026-08-28 16:31:03,스파이더맨 하는 중 [유부녀즈],toryamong09,https://cafe.naver.com/soldoutvtuber,mysmallvtuber.net,2026-09-01T03:00:43Z
72MCqPuQYCrM6KyWYEaN,에르 Ereu,Ereu,youtube,UCJCmE3Dlm9KitWLjUNAZ__w,https://www.youtube.com/channel/UCJCmE3Dlm9KitWLjUNAZ__w,에르 Ereu,1430,2025-04-17,,2026-08-28 21:25:05,지식작을 해봅시다 :),goddnswld,https://cafe.naver.com/goddnswld,mysmallvtuber.net,2026-09-01T03:00:43Z
72MCqPuQYCrM6KyWYEaN,에르 Ereu,Ereu,chzzk,34dc474cc540a35ee71625eee3c07224,https://chzzk.naver.com/34dc474cc540a35ee71625eee3c07224,에르 Ereu,1797,2025-04-17,,2026-08-28 21:25:05,지식작을 해봅시다 :),goddnswld,https://cafe.naver.com/goddnswld,mysmallvtuber.net,2026-09-01T03:00:43Z
juta44EjgNwJaVs2KNtY,뽀땃쥐,,youtube,UCTsdKQlyrUyKwOmwkrTm-tg,https://www.youtube.com/channel/UCTsdKQlyrUyKwOmwkrTm-tg,뽀땃쥐,136,2026-02-14,,2026-08-27 23:28:02,에임 연습 하는 낚시 게임 [V/유입환영],bboshrew,https://discord.com/invite/SWuTD2rerE,mysmallvtuber.net,2026-09-01T03:00:43Z
juta44EjgNwJaVs2KNtY,뽀땃쥐,,youtube,UCjRdQ7da8B1rUS2Hl2zXEQA,https://www.youtube.com/channel/UCjRdQ7da8B1rUS2Hl2zXEQA,땃시보기,18,2026-02-14,,2026-08-27 23:28:02,에임 연습 하는 낚시 게임 [V/유입환영],bboshrew,https://discord.com/invite/SWuTD2rerE,mysmallvtuber.net,2026-09-01T03:00:43Z
juta44EjgNwJaVs2KNtY,뽀땃쥐,,chzzk,e19ec9ca473e36a0b6c1bc164684229b,https://chzzk.naver.com/e19ec9ca473e36a0b6c1bc164684229b,뽀땃쥐,635,2026-02-14,,2026-08-27 23:28:02,에임 연습 하는 낚시 게임 [V/유입환영],bboshrew,https://discord.com/invite/SWuTD2rerE,mysmallvtuber.net,2026-09-01T03:00:43Z
evYFWS6TuvasRu7DRDGw,니스 로벨리아,,youtube,UC3h69VcntH34jxRsRfcplEQ,https://www.youtube.com/channel/UC3h69VcntH34jxRsRfcplEQ,니스 로벨리아 / Nis Lobelia,1390,2024-08-10,,2026-08-27 22:20:06,이리 할사람이 부족해,Nis_v_r,https://cafe.naver.com/ccsofficial,mysmallvtuber.net,2026-09-01T03:00:43Z
evYFWS6TuvasRu7DRDGw,니스 로벨리아,,chzzk,9d6de0a964e060e0d5b41ca3f564e486,https://chzzk.naver.com/9d6de0a964e060e0d5b41ca3f564e486,니스 로벨리아,595,2024-08-10,,2026-08-27 22:20:06,이리 할사람이 부족해,Nis_v_r,https://cafe.naver.com/ccsofficial,mysmallvtuber.net,2026-09-01T03:00:43Z
hD6vDqyvxc26v3RHF6XX,나기농 Naginong,Naginong,youtube,UCNU8VMjVkYK9INB_rMy0nyg,https://www.youtube.com/channel/UCNU8VMjVkYK9INB_rMy0nyg,나기농의 하루나기,2600,2020-05-20,,2026-08-27 23:02:03,8월의 카페탐방!,Nagi_nong,https://cafe.naver.com/vnonghyup,mysmallvtuber.net,2026-09-01T03:00:43Z
hD6vDqyvxc26v3RHF6XX,나기농 Naginong,Naginong,chzzk,815e59f45c098781bc94e7832bf682b9,https://chzzk.naver.com/815e59f45c098781bc94e7832bf682b9,나기농 Naginong,923,2020-05-20,,2026-08-27 23:02:03,8월의 카페탐방!,Nagi_nong,https://cafe.naver.com/vnonghyup,mysmallvtuber.net,2026-09-01T03:00:43Z
kcv6e3tcp7PNqQQ7JYDG,킹끄끄,,youtube,UCRdbMlbhXtPFvWRA0ZM8IuQ,https://www.youtube.com/channel/UCRdbMlbhXtPFvWRA0ZM8IuQ,킹끄끄,75,2025-10-03,,2026-08-28 01:35:05,[싱크룸] 공방은 언제나 재밌어.,Chzzk_K99,https://discord.gg/fTRKceYJve,mysmallvtuber.net,2026-09-01T03:00:43Z
kcv6e3tcp7PNqQQ7JYDG,킹끄끄,,youtube,UCIcJ6KrzBzeZ-MNkfhKOS5w,https://www.youtube.com/channel/UCIcJ6KrzBzeZ-MNkfhKOS5w,긴끄끄,15,2025-10-03,,2026-08-28 01:35:05,[싱크룸] 공방은 언제나 재밌어.,Chzzk_K99,https://discord.gg/fTRKceYJve,mysmallvtuber.net,2026-09-01T03:00:43Z
kcv6e3tcp7PNqQQ7JYDG,킹끄끄,,chzzk,edbd742b5e23b6b698f531638eb3c7ec,https://chzzk.naver.com/edbd742b5e23b6b698f531638eb3c7ec,킹끄끄,1174,2025-10-03,,2026-08-28 01:35:05,[싱크룸] 공방은 언제나 재밌어.,Chzzk_K99,https://discord.gg/fTRKceYJve,mysmallvtuber.net,2026-09-01T03:00:43Z
Ttx6xMPYv63C7Sfvaa2Q,우유니B,B,youtube,UC_G0_yfkGVZbnbKq-c9DSYg,https://www.youtube.com/channel/UC_G0_yfkGVZbnbKq-c9DSYg,우유니,3370,2025-06-09,,2026-08-28 00:03:03,주유소알바공겜?합방이에용:3(w.일오님.레리리님),Uynui55,,mysmallvtuber.net,2026-09-01T03:00:43Z
Ttx6xMPYv63C7Sfvaa2Q,우유니B,B,youtube,UCoyXkQo3SXmL7zh0IOCvvZw,https://www.youtube.com/channel/UCoyXkQo3SXmL7zh0IOCvvZw,우유니다시보기,125,2025-06-09,,2026-08-28 00:03:03,주유소알바공겜?합방이에용:3(w.일오님.레리리님),Uynui55,,mysmallvtuber.net,2026-09-01T03:00:43Z
Ttx6xMPYv63C7Sfvaa2Q,우유니B,B,chzzk,2a785e0fceded1ebe9211d0c2060710e,https://chzzk.naver.com/2a785e0fceded1ebe9211d0c2060710e,우유니B,7258,2025-06-09,,2026-08-28 00:03:03,주유소알바공겜?합방이에용:3(w.일오님.레리리님),Uynui55,,mysmallvtuber.net,2026-09-01T03:00:43Z
VdPgqLzqDMpSNsrqGpJE,카 메 오,,chzzk,5108188539ee1b93c9bb0a755c7817c9,https://chzzk.naver.com/5108188539ee1b93c9bb0a755c7817c9,카 메 오,490,2024-04-15,,2026-08-27 21:58:03,"오랜만의 방송이야!오랜만의 방송이야!오랜만의 방송이야!오랜만의 방송이야!오랜만의 방송이야!오랜만의 방송이야!오랜만의 방송이야!
친선전 모집중!",,https://discord.com/invite/uAnwqasmAp,mysmallvtuber.net,2026-09-01T03:00:43Z
8gZCAW8p5auQM79PKE5x,이른 밤,,youtube,UCZZiM0Mr9SsVvUwK-UMVmEQ,https://www.youtube.com/channel/UCZZiM0Mr9SsVvUwK-UMVmEQ,이른 밤,428,2024-04-19,,2026-08-27 19:22:03,하라버지으이르믈걸고,early_bam,https://cafe.naver.com/earlybam,mysmallvtuber.net,2026-09-01T03:00:43Z
8gZCAW8p5auQM79PKE5x,이른 밤,,youtube,UCFkCyZ2ngFH6jWR2ZmMMoLQ,https://www.youtube.com/channel/UCFkCyZ2ngFH6jWR2ZmMMoLQ,다시 밤,96,2024-04-19,,2026-08-27 19:22:03,하라버지으이르믈걸고,early_bam,https://cafe.naver.com/earlybam,mysmallvtuber.net,2026-09-01T03:00:43Z
8gZCAW8p5auQM79PKE5x,이른 밤,,chzzk,8ea457ce3ccbd22b965c7e02a6b24ee6,https://chzzk.naver.com/8ea457ce3ccbd22b965c7e02a6b24ee6,이른 밤,437,2024-04-19,,2026-08-27 19:22:03,하라버지으이르믈걸고,early_bam,https://cafe.naver.com/earlybam,mysmallvtuber.net,2026-09-01T03:00:43Z
FKJgXQUm9FkQjp6nstW4,얏따,,youtube,UCtFCksyQzk_Ndb7s48Vp4OQ,https://www.youtube.com/channel/UCtFCksyQzk_Ndb7s48Vp4OQ,얏따 Isekai_yattaa,38500,2022-08-06,,2026-08-27 20:50:04,🛠❤ NS vs BFX 농심 응원방!! 플옵까지 단 두 걸음..!!! #LCKWatchParty,,https://cafe.naver.com/yattaa,mysmallvtuber.net,2026-09-01T03:00:43Z
FKJgXQUm9FkQjp6nstW4,얏따,,chzzk,d185099b64dd8ca6b96a51ee3e9011c2,https://chzzk.naver.com/d185099b64dd8ca6b96a51ee3e9011c2,얏따,25939,2022-08-06,,2026-08-27 20:50:04,🛠❤ NS vs BFX 농심 응원방!! 플옵까지 단 두 걸음..!!! #LCKWatchParty,,https://cafe.naver.com/yattaa,mysmallvtuber.net,2026-09-01T03:00:43Z
JjUGeJcYpbjb624Fk9YT,롤체고찌,,youtube,UC1aBdmKvC6yAiq4xgPLOzKA,https://www.youtube.com/channel/UC1aBdmKvC6yAiq4xgPLOzKA,롤체고찌 [롤체하는 다마고찌],127000,2025-09-20,,2026-08-27 11:34:03,18시즌 굿모닝 롤체 라디오 (ᐢ⑅•ᴗ•⑅ᐢ) 🍀,,https://cafe.naver.com/chessgozzi,mysmallvtuber.net,2026-09-01T03:00:43Z
JjUGeJcYpbjb624Fk9YT,롤체고찌,,youtube,UC5QQqPyVKx8v1Nf_wa8_NWg,https://www.youtube.com/channel/UC5QQqPyVKx8v1Nf_wa8_NWg,롱체고찌 [롤체고찌 다시보기],1410,2025-09-20,,2026-08-27 11:34:03,18시즌 굿모닝 롤체 라디오 (ᐢ⑅•ᴗ•⑅ᐢ) 🍀,,https://cafe.naver.com/chessgozzi,mysmallvtuber.net,2026-09-01T03:00:43Z
JjUGeJcYpbjb624Fk9YT,롤체고찌,,chzzk,a10f2d5e29471eaca4b15f473548996e,https://chzzk.naver.com/a10f2d5e29471eaca4b15f473548996e,롤체고찌,10057,2025-09-20,,2026-08-27 11:34:03,18시즌 굿모닝 롤체 라디오 (ᐢ⑅•ᴗ•⑅ᐢ) 🍀,,https://cafe.naver.com/chessgozzi,mysmallvtuber.net,2026-09-01T03:00:43Z
YBg37DgH6tpdQ4ZteWPv,여 링,,youtube,UC44z2BAuCbdJMwY8v70uhJg,https://www.youtube.com/channel/UC44z2BAuCbdJMwY8v70uhJg,여링,1150,2024-05-28,,2026-08-27 00:33:02,드디어 기어나온 어쩌고... + 복귀 공지!,,https://cafe.naver.com/yeoring,mysmallvtuber.net,2026-09-01T03:00:43Z
YBg37DgH6tpdQ4ZteWPv,여 링,,youtube,UCE0cqque1Syq1VAM3aGZwbA,https://www.youtube.com/channel/UCE0cqque1Syq1VAM3aGZwbA,여링 다시보기,358,2024-05-28,,2026-08-27 00:33:02,드디어 기어나온 어쩌고... + 복귀 공지!,,https://cafe.naver.com/yeoring,mysmallvtuber.net,2026-09-01T03:00:43Z
YBg37DgH6tpdQ4ZteWPv,여 링,,chzzk,d906aed58ea1c8e82fbf6ab4c6110649,https://chzzk.naver.com/d906aed58ea1c8e82fbf6ab4c6110649,여 링,7108,2024-05-28,,2026-08-27 00:33:02,드디어 기어나온 어쩌고... + 복귀 공지!,,https://cafe.naver.com/yeoring,mysmallvtuber.net,2026-09-01T03:00:43Z
krm9UnnywYvByYJYKeGL,한작희,,youtube,UCYPxb8PLl_AxPjAF8nUf1dw,https://www.youtube.com/channel/UCYPxb8PLl_AxPjAF8nUf1dw,한작희 JAKHEE,380,2024-02-24,,2026-08-26 22:28:03,목이 많이 붓따🦊🌺,jakheeyam,https://cafe.naver.com/vpik,mysmallvtuber.net,2026-09-01T03:00:43Z
krm9UnnywYvByYJYKeGL,한작희,,youtube,UCI9icvJgFkeIIzuladz1WOQ,https://www.youtube.com/channel/UCI9icvJgFkeIIzuladz1WOQ,두작희 채널,53,2024-02-24,,2026-08-26 22:28:03,목이 많이 붓따🦊🌺,jakheeyam,https://cafe.naver.com/vpik,mysmallvtuber.net,2026-09-01T03:00:43Z
krm9UnnywYvByYJYKeGL,한작희,,chzzk,356301b927585e2a88ce475882049ca0,https://chzzk.naver.com/356301b927585e2a88ce475882049ca0,한작희,807,2024-02-24,,2026-08-26 22:28:03,목이 많이 붓따🦊🌺,jakheeyam,https://cafe.naver.com/vpik,mysmallvtuber.net,2026-09-01T03:00:43Z
m9krbDjQQfSqunKYrwQt,평온히,,youtube,UC91PV99qZBpPPbHgjjf7AZQ,https://www.youtube.com/channel/UC91PV99qZBpPPbHgjjf7AZQ,평온히,46,,,2026-08-26 22:40:04,뉴비 오니오니,,https://discord.com/invite/rRehMWkgJ5,mysmallvtuber.net,2026-09-01T03:00:43Z
m9krbDjQQfSqunKYrwQt,평온히,,chzzk,35bea071d345d0b1318d996f1b06d2b6,https://chzzk.naver.com/35bea071d345d0b1318d996f1b06d2b6,평온히,381,,,2026-08-26 22:40:04,뉴비 오니오니,,https://discord.com/invite/rRehMWkgJ5,mysmallvtuber.net,2026-09-01T03:00:43Z
pbUcYCqyV3FFhwTrraFB,베티PIa,PIa,youtube,UCMt3JxVtzm8IAzx2UtZkdgA,https://www.youtube.com/channel/UCMt3JxVtzm8IAzx2UtZkdgA,마골베티,81,2023-02-24,,2026-08-27 00:55:04,노래추천하는방(여러분이해줘야됨),marigoldbat,,mysmallvtuber.net,2026-09-01T03:00:43Z
pbUcYCqyV3FFhwTrraFB,베티PIa,PIa,chzzk,65db9c280a03f74f2b0fb25438002e92,https://chzzk.naver.com/65db9c280a03f74f2b0fb25438002e92,베티PIa,514,2023-02-24,,2026-08-27 00:55:04,노래추천하는방(여러분이해줘야됨),marigoldbat,,mysmallvtuber.net,2026-09-01T03:00:43Z
xeVNtYRFgnvTSTNmNtnU,어츄,,chzzk,568c1f0a86448b075ac7ff597c407b88,https://chzzk.naver.com/568c1f0a86448b075ac7ff597c407b88,어츄,1606,2025-02-20,,2026-08-27 00:34:02,"조은 수,,,,,,요일 ,,, 저녁",,https://cafe.naver.com/ahchuddangkong2,mysmallvtuber.net,2026-09-01T03:00:43Z
hqmBPfvyRFdt9qkQkd2p,쿠로누마 야미요,,youtube,UCOqo9wR_yi_2ucqDoXVtSLw,https://www.youtube.com/channel/UCOqo9wR_yi_2ucqDoXVtSLw,쿠로누마 야미요黒沼 暗夜,3430,2022-10-01,,2026-08-26 21:08:08,🕯️𝕺𝖈𝖈𝖚𝖑𝖙𝖎𝖈 𝕹𝖎𝖌𝖍𝖙 🕯️야미요랑 같이 이거보자!,96_yamiyo,https://cafe.naver.com/occult666,mysmallvtuber.net,2026-09-01T03:00:43Z
hqmBPfvyRFdt9qkQkd2p,쿠로누마 야미요,,chzzk,2a0480eab6d02992e5b7baf809c91b24,https://chzzk.naver.com/2a0480eab6d02992e5b7baf809c91b24,쿠로누마 야미요,2511,2022-10-01,,2026-08-26 21:08:08,🕯️𝕺𝖈𝖈𝖚𝖑𝖙𝖎𝖈 𝕹𝖎𝖌𝖍𝖙 🕯️야미요랑 같이 이거보자!,96_yamiyo,https://cafe.naver.com/occult666,mysmallvtuber.net,2026-09-01T03:00:43Z
cnfXMhpsX2EGJXNjA3nK,연모란,,youtube,UCPP9yoK4NTzGgTHVRcG-P_A,https://www.youtube.com/channel/UCPP9yoK4NTzGgTHVRcG-P_A,연모란 / Yeon · Moran,14900,2018-06-06,,2026-08-26 22:42:02,🐸팟파- 파야이야- 파파 티리티리,peony6_6,,mysmallvtuber.net,2026-09-01T03:00:43Z
cnfXMhpsX2EGJXNjA3nK,연모란,,youtube,UCXI4tlt_ELDxRPizz-JXfhQ,https://www.youtube.com/channel/UCXI4tlt_ELDxRPizz-JXfhQ,연구리의 관찰일기,41,2018-06-06,,2026-08-26 22:42:02,🐸팟파- 파야이야- 파파 티리티리,peony6_6,,mysmallvtuber.net,2026-09-01T03:00:43Z
cnfXMhpsX2EGJXNjA3nK,연모란,,chzzk,0d966a180d9db733138ec78d70269dca,https://chzzk.naver.com/0d966a180d9db733138ec78d70269dca,연모란,1170,2018-06-06,,2026-08-26 22:42:02,🐸팟파- 파야이야- 파파 티리티리,peony6_6,,mysmallvtuber.net,2026-09-01T03:00:43Z
Je8PKnbXft4RDLvCfe9d,리윤Riyoon,Riyoon,chzzk,674dfc000e52197721b0ed8a1d0b9b6c,https://chzzk.naver.com/674dfc000e52197721b0ed8a1d0b9b6c,리윤Riyoon,496,2025-12-24,,2026-08-27 00:07:03,어디 소문안좋은 북부대공한테 정략결혼으로 팔려가는 느낌,re_end_R_YN,,mysmallvtuber.net,2026-09-01T03:00:43Z
BwpmDzmXchM4KwnsB7sd,아오토 라떼,,youtube,UCzPv09-SJeVd1hBdpvlhy0g,https://www.youtube.com/channel/UCzPv09-SJeVd1hBdpvlhy0g,아오토 라떼 Aoto Latte,6010,,,2026-08-26 22:56:02,촉슈 영도 : 통각에 강한 잘버티는 호랑이 촉슈 첫경험 (≡・Ⱉ・≡)ฅ,Aoto_Latte,https://cafe.naver.com/reactkrofficial,mysmallvtuber.net,2026-09-01T03:00:43Z
BwpmDzmXchM4KwnsB7sd,아오토 라떼,,youtube,UCAePtlqx1XIvYh35J8TpBBw,https://www.youtube.com/channel/UCAePtlqx1XIvYh35J8TpBBw,라떼는 말이야~,729,,,2026-08-26 22:56:02,촉슈 영도 : 통각에 강한 잘버티는 호랑이 촉슈 첫경험 (≡・Ⱉ・≡)ฅ,Aoto_Latte,https://cafe.naver.com/reactkrofficial,mysmallvtuber.net,2026-09-01T03:00:43Z
BwpmDzmXchM4KwnsB7sd,아오토 라떼,,chzzk,c077df8642ba944f714b5ec06cf195e4,https://chzzk.naver.com/c077df8642ba944f714b5ec06cf195e4,아오토 라떼,7429,,,2026-08-26 22:56:02,촉슈 영도 : 통각에 강한 잘버티는 호랑이 촉슈 첫경험 (≡・Ⱉ・≡)ฅ,Aoto_Latte,https://cafe.naver.com/reactkrofficial,mysmallvtuber.net,2026-09-01T03:00:43Z
vSuJLKfRSMxV23DzBk4n,아이탄,,soop,gh0832310,https://ch.sooplive.co.kr/gh0832310,아이탄,109,,,2026-08-26 19:17:03,[뉴보이] 그 물불게임. (5시) w.은령,,,mysmallvtuber.net,2026-09-01T03:00:43Z
PqCb7pLGua6g7pGU9Ynt,아니짱,,chzzk,d6838be024ce1f3dee9c0c2e1e7f3175,https://chzzk.naver.com/d6838be024ce1f3dee9c0c2e1e7f3175,아니짱,235,2024-05-31,,2026-08-26 16:10:04,9월2일에 신의상 공개하는 아니짱,myang26,,mysmallvtuber.net,2026-09-01T03:00:43Z
MLwdeBAFJykt7gDZXaqx,모래캣,,youtube,UCS0a1GKer53CWja5GYCBeIg,https://www.youtube.com/channel/UCS0a1GKer53CWja5GYCBeIg,모래캣,5260,2019-07-26,,2026-08-26 01:43:03,[62] 마법진 만들기,sablokato,https://cafe.naver.com/moraecat,mysmallvtuber.net,2026-09-01T03:00:43Z
MLwdeBAFJykt7gDZXaqx,모래캣,,youtube,UCp8LKcdY48OLouI8o-C15RA,https://www.youtube.com/channel/UCp8LKcdY48OLouI8o-C15RA,모래캣 아카이브,69,2019-07-26,,2026-08-26 01:43:03,[62] 마법진 만들기,sablokato,https://cafe.naver.com/moraecat,mysmallvtuber.net,2026-09-01T03:00:43Z
MLwdeBAFJykt7gDZXaqx,모래캣,,chzzk,3b81fb5e7fac06929cb64e014a9ab364,https://chzzk.naver.com/3b81fb5e7fac06929cb64e014a9ab364,모래캣,741,2019-07-26,,2026-08-26 01:43:03,[62] 마법진 만들기,sablokato,https://cafe.naver.com/moraecat,mysmallvtuber.net,2026-09-01T03:00:43Z
hzEEJDZwZ4FxkaxYLy7v,디롬,,youtube,UCct-Nw-7tAlYWgB9iCktJ5g,https://www.youtube.com/channel/UCct-Nw-7tAlYWgB9iCktJ5g,디롬,981,2021-04-25,,2026-08-25 22:14:03,늑대는 뚠뚠 오늘도 뚠뚠,romromroo,https://www.vlum.co/club/romromroo,mysmallvtuber.net,2026-09-01T03:00:43Z
hzEEJDZwZ4FxkaxYLy7v,디롬,,youtube,UC_5vkMA4WL45G_KNSlSKIHw,https://www.youtube.com/channel/UC_5vkMA4WL45G_KNSlSKIHw,디롬 다시보기,151,2021-04-25,,2026-08-25 22:14:03,늑대는 뚠뚠 오늘도 뚠뚠,romromroo,https://www.vlum.co/club/romromroo,mysmallvtuber.net,2026-09-01T03:00:43Z
hzEEJDZwZ4FxkaxYLy7v,디롬,,chzzk,aee61e81bb92a9688139b7642ed94866,https://chzzk.naver.com/aee61e81bb92a9688139b7642ed94866,디롬,1450,2021-04-25,,2026-08-25 22:14:03,늑대는 뚠뚠 오늘도 뚠뚠,romromroo,https://www.vlum.co/club/romromroo,mysmallvtuber.net,2026-09-01T03:00:43Z
HGLYCt4TSzE3VGHnLepG,린시,,youtube,UCnuCEzo0IQdsPll7VtGM7CA,https://www.youtube.com/channel/UCnuCEzo0IQdsPll7VtGM7CA,린시의 노래 주머니,1500,2025-04-01,,2026-08-25 22:59:03,안녕~!,Rinshing,https://cafe.naver.com/rinshi,mysmallvtuber.net,2026-09-01T03:00:43Z
HGLYCt4TSzE3VGHnLepG,린시,,chzzk,54bdb327ed6039db869d15b0e5eec394,https://chzzk.naver.com/54bdb327ed6039db869d15b0e5eec394,린시,4098,2025-04-01,,2026-08-25 22:59:03,안녕~!,Rinshing,https://cafe.naver.com/rinshi,mysmallvtuber.net,2026-09-01T03:00:43Z
3gUshX5NhqCcTqST5ktR,김오니,,youtube,UCW3YQzfTzTQ51x1MtLf2YdA,https://www.youtube.com/channel/UCW3YQzfTzTQ51x1MtLf2YdA,김오니,5160,2024-03-17,,2026-08-26 03:09:02,사이비 종교 조사하는 게임,,https://cafe.naver.com/kim0ni,mysmallvtuber.net,2026-09-01T03:00:43Z
3gUshX5NhqCcTqST5ktR,김오니,,youtube,UCgljW-HDFYj2Xlhwd3gH5Ew,https://www.youtube.com/channel/UCgljW-HDFYj2Xlhwd3gH5Ew,긴오니,309,2024-03-17,,2026-08-26 03:09:02,사이비 종교 조사하는 게임,,https://cafe.naver.com/kim0ni,mysmallvtuber.net,2026-09-01T03:00:43Z
3gUshX5NhqCcTqST5ktR,김오니,,chzzk,5117020045d403eed8f15c965223c491,https://chzzk.naver.com/5117020045d403eed8f15c965223c491,김오니,5883,2024-03-17,,2026-08-26 03:09:02,사이비 종교 조사하는 게임,,https://cafe.naver.com/kim0ni,mysmallvtuber.net,2026-09-01T03:00:43Z
hc5uRqMNJc5ZWpR2M7Jn,드알,,youtube,UCSuwQuiJw8YsiiYwdQaUdzA,https://www.youtube.com/channel/UCSuwQuiJw8YsiiYwdQaUdzA,드알,293,,,2026-08-25 15:52:02,💜|˄·͈༝·͈˄₎.｡늑대랑 월루 못 참지 !!,deual_m00n,https://discord.com/invite/ywekfRS8Wb,mysmallvtuber.net,2026-09-01T03:00:43Z
hc5uRqMNJc5ZWpR2M7Jn,드알,,youtube,UC5xrHb3ZVBSvspmBVYmRctw,https://www.youtube.com/channel/UC5xrHb3ZVBSvspmBVYmRctw,드알 다시보기,111,,,2026-08-25 15:52:02,💜|˄·͈༝·͈˄₎.｡늑대랑 월루 못 참지 !!,deual_m00n,https://discord.com/invite/ywekfRS8Wb,mysmallvtuber.net,2026-09-01T03:00:43Z
hc5uRqMNJc5ZWpR2M7Jn,드알,,chzzk,4698c456176e3b68d56edb55f338c4a2,https://chzzk.naver.com/4698c456176e3b68d56edb55f338c4a2,드알,1358,,,2026-08-25 15:52:02,💜|˄·͈༝·͈˄₎.｡늑대랑 월루 못 참지 !!,deual_m00n,https://discord.com/invite/ywekfRS8Wb,mysmallvtuber.net,2026-09-01T03:00:43Z
pjxV572ms9hSynsCRZZA,료쿤,,youtube,UCa13y32z4Hvgl4NBGxS_nEw,https://www.youtube.com/channel/UCa13y32z4Hvgl4NBGxS_nEw,료쿤,234,2024-01-19,,2026-08-25 02:11:03,[V] 아이폰 배터리가 없어...  ^꜆. ̫.꜀^,ryocun0312,https://discord.gg/S7dKNHKWWE,mysmallvtuber.net,2026-09-01T03:00:43Z
pjxV572ms9hSynsCRZZA,료쿤,,chzzk,9d8f3109e278b2709347e2589de8c485,https://chzzk.naver.com/9d8f3109e278b2709347e2589de8c485,료쿤,706,2024-01-19,,2026-08-25 02:11:03,[V] 아이폰 배터리가 없어...  ^꜆. ̫.꜀^,ryocun0312,https://discord.gg/S7dKNHKWWE,mysmallvtuber.net,2026-09-01T03:00:43Z
TcLbDxA7AqPLHX8q75JN,해로해롱,,youtube,UCyHXCjX7HjLaKxniN9HAhJg,https://www.youtube.com/channel/UCyHXCjX7HjLaKxniN9HAhJg,해로해롱,71,2024-05-31,,2026-08-25 03:54:02,김전일 오늘은 진짜 끝까지 볼거야! 같이 볼 사람?,sea_way1212,https://cafe.naver.com/monglebase,mysmallvtuber.net,2026-09-01T03:00:43Z
TcLbDxA7AqPLHX8q75JN,해로해롱,,chzzk,bca004bab58630f78120d53d583afa71,https://chzzk.naver.com/bca004bab58630f78120d53d583afa71,해로해롱,1171,2024-05-31,,2026-08-25 03:54:02,김전일 오늘은 진짜 끝까지 볼거야! 같이 볼 사람?,sea_way1212,https://cafe.naver.com/monglebase,mysmallvtuber.net,2026-09-01T03:00:43Z
6LxX8R3gLrjAydNXvJC9,폴라곰 PolaGoM,PolaGoM,youtube,UCEVgjoNVmHa-juYtM6DPRJg,https://www.youtube.com/channel/UCEVgjoNVmHa-juYtM6DPRJg,폴라곰 YouTube,292,2024-01-05,,2026-08-25 01:55:05,✨ʕ •ɷ•ʔฅ [베르단디 : 사건의 서막] 경찰서장을 죽인 사람은 누구인가..! ✨,PolaGoM_,https://cafe.naver.com/polagom,mysmallvtuber.net,2026-09-01T03:00:43Z
6LxX8R3gLrjAydNXvJC9,폴라곰 PolaGoM,PolaGoM,chzzk,76f0f5d7c88e2325499e68b32fbc1d65,https://chzzk.naver.com/76f0f5d7c88e2325499e68b32fbc1d65,폴라곰 PolaGoM,854,2024-01-05,,2026-08-25 01:55:05,✨ʕ •ɷ•ʔฅ [베르단디 : 사건의 서막] 경찰서장을 죽인 사람은 누구인가..! ✨,PolaGoM_,https://cafe.naver.com/polagom,mysmallvtuber.net,2026-09-01T03:00:43Z
5zRyHcKLGYUqJasNcrZh,기션,,youtube,UCkyi1AejDmDwTt-Q5ovXPmg,https://www.youtube.com/channel/UCkyi1AejDmDwTt-Q5ovXPmg,기션,15000,,,2026-08-25 01:36:03,빙하기 ㅠㅠ,,https://cafe.naver.com/kisean,mysmallvtuber.net,2026-09-01T03:00:43Z
5zRyHcKLGYUqJasNcrZh,기션,,youtube,UC2S7g832PHOY8caziJdsaMw,https://www.youtube.com/channel/UC2S7g832PHOY8caziJdsaMw,긴션,2510,,,2026-08-25 01:36:03,빙하기 ㅠㅠ,,https://cafe.naver.com/kisean,mysmallvtuber.net,2026-09-01T03:00:43Z
5zRyHcKLGYUqJasNcrZh,기션,,chzzk,93f06c016e073c01b6bdb4098a99b1a7,https://chzzk.naver.com/93f06c016e073c01b6bdb4098a99b1a7,기션,11388,,,2026-08-25 01:36:03,빙하기 ㅠㅠ,,https://cafe.naver.com/kisean,mysmallvtuber.net,2026-09-01T03:00:43Z
rajAjNULmqePa4fD6Ed8,유 메루,,youtube,UCVa9K3J3gDsZG12GxSNWc7g,https://www.youtube.com/channel/UCVa9K3J3gDsZG12GxSNWc7g,유메루 YUMERU,440,2024-03-23,,2026-08-24 20:08:03,앙녕하시오,How_yumeru,https://cafe.naver.com/vhowstoryv,mysmallvtuber.net,2026-09-01T03:00:43Z
rajAjNULmqePa4fD6Ed8,유 메루,,youtube,UC_U72nKDBEB2O3Ty1H175Ww,https://www.youtube.com/channel/UC_U72nKDBEB2O3Ty1H175Ww,유메루_다시보기.mp4,106,2024-03-23,,2026-08-24 20:08:03,앙녕하시오,How_yumeru,https://cafe.naver.com/vhowstoryv,mysmallvtuber.net,2026-09-01T03:00:43Z
rajAjNULmqePa4fD6Ed8,유 메루,,chzzk,0cfb40c68e56441c3e0ca58231e3523b,https://chzzk.naver.com/0cfb40c68e56441c3e0ca58231e3523b,유 메루,1237,2024-03-23,,2026-08-24 20:08:03,앙녕하시오,How_yumeru,https://cafe.naver.com/vhowstoryv,mysmallvtuber.net,2026-09-01T03:00:43Z
CxjZWEEehmMzfSVmQeZ5,하나비양,,youtube,UCgqHiUzJ69m9Ubn7NxFTcYQ,https://www.youtube.com/channel/UCgqHiUzJ69m9Ubn7NxFTcYQ,하나비,28600,2022-12-31,,2026-08-25 00:36:03,🌸문어 다리 사이비 무서워서 회먹고 싶다,HANABI_Cats,https://discord.com/invite/8sBpYumNaD,mysmallvtuber.net,2026-09-01T03:00:43Z
CxjZWEEehmMzfSVmQeZ5,하나비양,,chzzk,40ede1fca56fd7141d718c116d5501dc,https://chzzk.naver.com/40ede1fca56fd7141d718c116d5501dc,하나비양,1314,2022-12-31,,2026-08-25 00:36:03,🌸문어 다리 사이비 무서워서 회먹고 싶다,HANABI_Cats,https://discord.com/invite/8sBpYumNaD,mysmallvtuber.net,2026-09-01T03:00:43Z
eJgptczTJkJX7qSndHgb,채화사,,chzzk,5731f33ae59e0f114a3f7d0d512bd30b,https://chzzk.naver.com/5731f33ae59e0f114a3f7d0d512bd30b,채화사,475,,,2026-08-24 03:23:03,🌐 주말을 마무리하는 Jpop 노래뱅~! 🎤🎵,Chae_Hwasa,,mysmallvtuber.net,2026-09-01T03:00:43Z
afunJrBVcz6rePF6sJZk,뱁설야,,youtube,UCUGqo2M2l4GnoQURK135lTg,https://www.youtube.com/channel/UCUGqo2M2l4GnoQURK135lTg,뱁설야,306,2025-10-10,,2026-08-23 22:24:03,오늘의 나는 팰 사냥꾼!!!!,seolya99,https://cafe.naver.com/snows99,mysmallvtuber.net,2026-09-01T03:00:43Z
afunJrBVcz6rePF6sJZk,뱁설야,,youtube,UCfsBAi4fd1T9RxP2nOq93sA,https://www.youtube.com/channel/UCfsBAi4fd1T9RxP2nOq93sA,l설야l,180,2025-10-10,,2026-08-23 22:24:03,오늘의 나는 팰 사냥꾼!!!!,seolya99,https://cafe.naver.com/snows99,mysmallvtuber.net,2026-09-01T03:00:43Z
afunJrBVcz6rePF6sJZk,뱁설야,,chzzk,d98f5978848c87aeda836e5aa7d7369d,https://chzzk.naver.com/d98f5978848c87aeda836e5aa7d7369d,뱁설야,659,2025-10-10,,2026-08-23 22:24:03,오늘의 나는 팰 사냥꾼!!!!,seolya99,https://cafe.naver.com/snows99,mysmallvtuber.net,2026-09-01T03:00:43Z
EufntpxuRYGN5Pszx87z,설은호,,youtube,UCqc7aTEehTKNRxI5V4EJvHQ,https://www.youtube.com/channel/UCqc7aTEehTKNRxI5V4EJvHQ,설은호,78,2023-01-26,,2026-08-24 02:37:03,[V][피융신]군대 가기전의 마지막 방송,seoleunhoo,,mysmallvtuber.net,2026-09-01T03:00:43Z
EufntpxuRYGN5Pszx87z,설은호,,chzzk,d28e7fa7f189956baf0b665a9cf80e3d,https://chzzk.naver.com/d28e7fa7f189956baf0b665a9cf80e3d,설은호,924,2023-01-26,,2026-08-24 02:37:03,[V][피융신]군대 가기전의 마지막 방송,seoleunhoo,,mysmallvtuber.net,2026-09-01T03:00:43Z
jYUcG2bheAPg87mS8mPN,유메카와 토아,,youtube,UCT9B9QR5IpunlCzidQLCUVg,https://www.youtube.com/channel/UCT9B9QR5IpunlCzidQLCUVg,토아,557,2025-02-23,,2026-08-24 03:00:03,크고 아름다운 대마인 같은 다키스트던전,yumekawakr,https://cafe.naver.com/yumekawatoa,mysmallvtuber.net,2026-09-01T03:00:43Z
jYUcG2bheAPg87mS8mPN,유메카와 토아,,chzzk,8818dabe7e7882dadb905813f326bc85,https://chzzk.naver.com/8818dabe7e7882dadb905813f326bc85,유메카와 토아,794,2025-02-23,,2026-08-24 03:00:03,크고 아름다운 대마인 같은 다키스트던전,yumekawakr,https://cafe.naver.com/yumekawatoa,mysmallvtuber.net,2026-09-01T03:00:43Z
wFG1z1e3TBd84eYD8yW2,라모 LAMO,LAMO,youtube,UCxhekwz6B78uEMNwkzbKXRw,https://www.youtube.com/channel/UCxhekwz6B78uEMNwkzbKXRw,라모 LAMO Channel,1550,2022-05-27,,2026-08-23 19:18:02,감기걸린 수리공,lamo_vtuber,https://cafe.naver.com/gaemigool,mysmallvtuber.net,2026-09-01T03:00:43Z
wFG1z1e3TBd84eYD8yW2,라모 LAMO,LAMO,youtube,UC05HxgrO69ROuEKD8_s8rwA,https://www.youtube.com/channel/UC05HxgrO69ROuEKD8_s8rwA,LONG라모,971,2022-05-27,,2026-08-23 19:18:02,감기걸린 수리공,lamo_vtuber,https://cafe.naver.com/gaemigool,mysmallvtuber.net,2026-09-01T03:00:43Z
wFG1z1e3TBd84eYD8yW2,라모 LAMO,LAMO,chzzk,c663e425e015731a5665a57fbac30bb6,https://chzzk.naver.com/c663e425e015731a5665a57fbac30bb6,라모 LAMO,2048,2022-05-27,,2026-08-23 19:18:02,감기걸린 수리공,lamo_vtuber,https://cafe.naver.com/gaemigool,mysmallvtuber.net,2026-09-01T03:00:43Z
RpP5cpVTBzrGMT7zwhqr,유아루,,youtube,UCihQdMwLIHREr9n5O2Q0mgg,https://www.youtube.com/channel/UCihQdMwLIHREr9n5O2Q0mgg,유아루,280,2025-11-14,,2026-08-23 05:26:02,[V/282일차] 갈 땐 가더라도 오버워치 한 잔 정도는 괜찮잖아?⚙️✨,Chzzk_YuAru,https://fancimm.com/profile/271498,mysmallvtuber.net,2026-09-01T03:00:43Z
RpP5cpVTBzrGMT7zwhqr,유아루,,chzzk,6d395c84c99777272f872171b4dfc122,https://chzzk.naver.com/6d395c84c99777272f872171b4dfc122,유아루,1809,2025-11-14,,2026-08-23 05:26:02,[V/282일차] 갈 땐 가더라도 오버워치 한 잔 정도는 괜찮잖아?⚙️✨,Chzzk_YuAru,https://fancimm.com/profile/271498,mysmallvtuber.net,2026-09-01T03:00:43Z
xrk3d5xgR9k5qK7pQWmP,냐뇨뇨냥,,youtube,UCU6gA1nwO5Tcrz9eHS-X4yA,https://www.youtube.com/channel/UCU6gA1nwO5Tcrz9eHS-X4yA,냐뇨뇨냥,751,2024-04-21,,2026-08-23 01:31:03,[신입]폭스소대를 뽑고 싶어요오오오!!! 숙제하기이 (ᐢ꜆.  ̫.꜀ᐢ),nyanya_0421,https://cafe.naver.com/nyonyang,mysmallvtuber.net,2026-09-01T03:00:43Z
xrk3d5xgR9k5qK7pQWmP,냐뇨뇨냥,,chzzk,9812f27abbda07386b7f47420b030572,https://chzzk.naver.com/9812f27abbda07386b7f47420b030572,냐뇨뇨냥,1211,2024-04-21,,2026-08-23 01:31:03,[신입]폭스소대를 뽑고 싶어요오오오!!! 숙제하기이 (ᐢ꜆.  ̫.꜀ᐢ),nyanya_0421,https://cafe.naver.com/nyonyang,mysmallvtuber.net,2026-09-01T03:00:43Z
3L3cgNPDrv3muZz5w5YY,HERA 헤라,HERA,youtube,UCvBwk3Dho_QT-hJ8lSsEA0Q,https://www.youtube.com/channel/UCvBwk3Dho_QT-hJ8lSsEA0Q,헤라_HERA,3590,2024-02-24,,2026-08-22 16:36:03,{TALK} 🐇일본 여행 가기 전에 인사하고 가묘 ♥️,HERA_with_you,,mysmallvtuber.net,2026-09-01T03:00:43Z
3L3cgNPDrv3muZz5w5YY,HERA 헤라,HERA,youtube,UCNgPrSBQFG_WSzSjmuuPAmg,https://www.youtube.com/channel/UCNgPrSBQFG_WSzSjmuuPAmg,헤라_다시보기,1980,2024-02-24,,2026-08-22 16:36:03,{TALK} 🐇일본 여행 가기 전에 인사하고 가묘 ♥️,HERA_with_you,,mysmallvtuber.net,2026-09-01T03:00:43Z
3L3cgNPDrv3muZz5w5YY,HERA 헤라,HERA,chzzk,b14e49789bae3c00b6b4c98d60ff036d,https://chzzk.naver.com/b14e49789bae3c00b6b4c98d60ff036d,HERA 헤라,11941,2024-02-24,,2026-08-22 16:36:03,{TALK} 🐇일본 여행 가기 전에 인사하고 가묘 ♥️,HERA_with_you,,mysmallvtuber.net,2026-09-01T03:00:43Z
HjrckKmAvZA7AVwLQFA7,하이얀별,,youtube,UCovHXfbbw7Mt0WKmTPNYHjg,https://www.youtube.com/channel/UCovHXfbbw7Mt0WKmTPNYHjg,하이얀별,227,2023-03-29,,2026-08-21 22:03:02,【V】 별이랑 별자리랑 크크쇼 ₍ᐢ.ˬ.⑅ᐢ₎,haiyanbyeol_o3o,https://cafe.naver.com/tokkibyeoldotcom,mysmallvtuber.net,2026-09-01T03:00:43Z
HjrckKmAvZA7AVwLQFA7,하이얀별,,chzzk,a4034dd75ee479396aa45c38383bdf7d,https://chzzk.naver.com/a4034dd75ee479396aa45c38383bdf7d,하이얀별,639,2023-03-29,,2026-08-21 22:03:02,【V】 별이랑 별자리랑 크크쇼 ₍ᐢ.ˬ.⑅ᐢ₎,haiyanbyeol_o3o,https://cafe.naver.com/tokkibyeoldotcom,mysmallvtuber.net,2026-09-01T03:00:43Z
pWCcvXjZgWDVTDCMUVvn,루시에,,youtube,UCaOGr5gpE0XD4yNR5FuxHHA,https://www.youtube.com/channel/UCaOGr5gpE0XD4yNR5FuxHHA,루시에,107,,,2026-08-21 20:42:02,[V] 진짜 잠깐,Rucie_V,,mysmallvtuber.net,2026-09-01T03:00:43Z
pWCcvXjZgWDVTDCMUVvn,루시에,,chzzk,1a635a02601ada4d570f5a685cfd896e,https://chzzk.naver.com/1a635a02601ada4d570f5a685cfd896e,루시에,419,,,2026-08-21 20:42:02,[V] 진짜 잠깐,Rucie_V,,mysmallvtuber.net,2026-09-01T03:00:43Z
G7M85s978J6seXPZxdgM,민부릉,,youtube,UClcl8Yqz5-Oekx5S9ssOwyw,https://www.youtube.com/channel/UClcl8Yqz5-Oekx5S9ssOwyw,민부릉,3690,2023-06-10,,2026-08-21 19:49:02,[V] 슬더스개초보,wannabezonjal,,mysmallvtuber.net,2026-09-01T03:00:43Z
G7M85s978J6seXPZxdgM,민부릉,,youtube,UCmc7XrCKBNM3rscAblPB9UQ,https://www.youtube.com/channel/UCmc7XrCKBNM3rscAblPB9UQ,민부릉 다시보기,3720,2023-06-10,,2026-08-21 19:49:02,[V] 슬더스개초보,wannabezonjal,,mysmallvtuber.net,2026-09-01T03:00:43Z
G7M85s978J6seXPZxdgM,민부릉,,chzzk,e35575039cab265fd84493ebcbdb8ad9,https://chzzk.naver.com/e35575039cab265fd84493ebcbdb8ad9,민부릉,4416,2023-06-10,,2026-08-21 19:49:02,[V] 슬더스개초보,wannabezonjal,,mysmallvtuber.net,2026-09-01T03:00:43Z
NPsbznnZAxWfbZmVjeN3,랑아 RangA,RangA,youtube,UCi5jmVoufDpiomHDkZY0URA,https://www.youtube.com/channel/UCi5jmVoufDpiomHDkZY0URA,랑아 RangA,514,2025-12-20,,2026-08-21 09:05:02,WA!,_rang001,https://cafe.naver.com/rang0123,mysmallvtuber.net,2026-09-01T03:00:43Z
NPsbznnZAxWfbZmVjeN3,랑아 RangA,RangA,youtube,UCWNsoALEMVGarcrXS2Snd_Q,https://www.youtube.com/channel/UCWNsoALEMVGarcrXS2Snd_Q,랑아 RangA 풀영상,21,2025-12-20,,2026-08-21 09:05:02,WA!,_rang001,https://cafe.naver.com/rang0123,mysmallvtuber.net,2026-09-01T03:00:43Z
NPsbznnZAxWfbZmVjeN3,랑아 RangA,RangA,chzzk,8b7a0555b9297fa1c4dada9ff520c4d3,https://chzzk.naver.com/8b7a0555b9297fa1c4dada9ff520c4d3,랑아 RangA,719,2025-12-20,,2026-08-21 09:05:02,WA!,_rang001,https://cafe.naver.com/rang0123,mysmallvtuber.net,2026-09-01T03:00:43Z
ECeTrZEdDk9bRjHU27fn,Seira 세이라,Seira,youtube,UCk2IpU62VMFUArbcRFQnmRg,https://www.youtube.com/channel/UCk2IpU62VMFUArbcRFQnmRg,Seira,1110,2022-01-23,,2026-08-19 19:28:02,🐚오타쿠가 머 어때서!!!🐬,000seira000,https://cafe.naver.com/000seira000,mysmallvtuber.net,2026-09-01T03:00:43Z
ECeTrZEdDk9bRjHU27fn,Seira 세이라,Seira,youtube,UCATGvl0GgcpGCA9JS4siiGQ,https://www.youtube.com/channel/UCATGvl0GgcpGCA9JS4siiGQ,세이라의 다시보기 [Seira replay],1160,2022-01-23,,2026-08-19 19:28:02,🐚오타쿠가 머 어때서!!!🐬,000seira000,https://cafe.naver.com/000seira000,mysmallvtuber.net,2026-09-01T03:00:43Z
ECeTrZEdDk9bRjHU27fn,Seira 세이라,Seira,chzzk,a93901cfd6813947bd499a395e5fbca8,https://chzzk.naver.com/a93901cfd6813947bd499a395e5fbca8,Seira 세이라,2243,2022-01-23,,2026-08-19 19:28:02,🐚오타쿠가 머 어때서!!!🐬,000seira000,https://cafe.naver.com/000seira000,mysmallvtuber.net,2026-09-01T03:00:43Z
dzqEzBdaRw3tnxUv3nz8,쿠쿠양,,youtube,UCVo7jmu9PdohJi2Dta7jqAA,https://www.youtube.com/channel/UCVo7jmu9PdohJi2Dta7jqAA,쿠쿠양,15900,2023-05-16,,2026-08-19 00:42:03,뉴비ON🐏포켓몬 교수님🐏니블님께🐏포챔스 마스터 강의듣기🐏,YangKookoo,https://cafe.naver.com/kookooyang,mysmallvtuber.net,2026-09-01T03:00:43Z
dzqEzBdaRw3tnxUv3nz8,쿠쿠양,,chzzk,585d4019bd6c04fb9a4704fb4626f7e2,https://chzzk.naver.com/585d4019bd6c04fb9a4704fb4626f7e2,쿠쿠양,3233,2023-05-16,,2026-08-19 00:42:03,뉴비ON🐏포켓몬 교수님🐏니블님께🐏포챔스 마스터 강의듣기🐏,YangKookoo,https://cafe.naver.com/kookooyang,mysmallvtuber.net,2026-09-01T03:00:43Z
acPnCzJRZkqzgGwK7Wfg,도깨비 느루,,chzzk,43f75bba1b8b94c00d7e07453d6cada4,https://chzzk.naver.com/43f75bba1b8b94c00d7e07453d6cada4,도깨비 느루,402,2025-04-19,,2026-08-18 15:22:02,공지하고 수다수다,neuruowo,https://cafe.naver.com/neuruhouse,mysmallvtuber.net,2026-09-01T03:00:43Z
gqcSgJvjhY62A7u3Yk53,송밤,,youtube,UCBasHlmkbKFGrbS30KUXI1Q,https://www.youtube.com/channel/UCBasHlmkbKFGrbS30KUXI1Q,송밤,11600,2023-03-30,,2026-08-17 01:37:02,ㅠㅠ [플랜비],,https://cafe.naver.com/bver99,mysmallvtuber.net,2026-09-01T03:00:43Z
gqcSgJvjhY62A7u3Yk53,송밤,,soop,s07o24,https://ch.sooplive.co.kr/s07o24,송밤,21740,2023-03-30,,2026-08-17 01:37:02,ㅠㅠ [플랜비],,https://cafe.naver.com/bver99,mysmallvtuber.net,2026-09-01T03:00:43Z
2nS46DQDx728fv3dvFzM,께모,,youtube,UCITPIceoNIU0MNpbkqsGpMQ,https://www.youtube.com/channel/UCITPIceoNIU0MNpbkqsGpMQ,께모,94,2024-08-29,,2026-08-16 14:58:03,늦으면 없음,77H_M0,https://cafe.naver.com/vivendi,mysmallvtuber.net,2026-09-01T03:00:43Z
2nS46DQDx728fv3dvFzM,께모,,chzzk,52aa8c15ca1a89d453f9a84d89496744,https://chzzk.naver.com/52aa8c15ca1a89d453f9a84d89496744,께모,287,2024-08-29,,2026-08-16 14:58:03,늦으면 없음,77H_M0,https://cafe.naver.com/vivendi,mysmallvtuber.net,2026-09-01T03:00:43Z
rREAqf6TqZWftfYBVWpq,니은 Neeun,Neeun,youtube,UCC7WLerEM0HC1LFmAy6mxOA,https://www.youtube.com/channel/UCC7WLerEM0HC1LFmAy6mxOA,니은,842,,,2026-08-15 16:56:03,생애 첫 걸프라 도전기 : 푸니모후 랑 !,,https://cafe.naver.com/neeun2,mysmallvtuber.net,2026-09-01T03:00:43Z
rREAqf6TqZWftfYBVWpq,니은 Neeun,Neeun,youtube,UCgyok5i6IuVlWLzUwgFSHQg,https://www.youtube.com/channel/UCgyok5i6IuVlWLzUwgFSHQg,니은 다시보기,250,,,2026-08-15 16:56:03,생애 첫 걸프라 도전기 : 푸니모후 랑 !,,https://cafe.naver.com/neeun2,mysmallvtuber.net,2026-09-01T03:00:43Z
rREAqf6TqZWftfYBVWpq,니은 Neeun,Neeun,chzzk,721b1c00548673d1b96b206b498b4893,https://chzzk.naver.com/721b1c00548673d1b96b206b498b4893,니은 Neeun,4620,,,2026-08-15 16:56:03,생애 첫 걸프라 도전기 : 푸니모후 랑 !,,https://cafe.naver.com/neeun2,mysmallvtuber.net,2026-09-01T03:00:43Z
yD37qd9dNHxMcrLp4s3u,점술가 이꾼,,youtube,UC7WpfGKMlfBAo8D5_LQHYwQ,https://www.youtube.com/channel/UC7WpfGKMlfBAo8D5_LQHYwQ,점술가 이꾼,63,2022-06-14,,2026-08-15 00:29:03,[v] 보스 트라이만 nnn번째...제발 좀 깨보자 좀,iggun0,https://www.fancity.io/city/3ynERv1TbAULlrxr150t,mysmallvtuber.net,2026-09-01T03:00:43Z
yD37qd9dNHxMcrLp4s3u,점술가 이꾼,,chzzk,40261f9628063e1ce764bd09124c6ced,https://chzzk.naver.com/40261f9628063e1ce764bd09124c6ced,점술가 이꾼,283,2022-06-14,,2026-08-15 00:29:03,[v] 보스 트라이만 nnn번째...제발 좀 깨보자 좀,iggun0,https://www.fancity.io/city/3ynERv1TbAULlrxr150t,mysmallvtuber.net,2026-09-01T03:00:43Z
xuJDwgmKMLJ4Kn8HQAYV,l 라임 l,l l,youtube,UCikE_w-_M0Hh97kRHU8o8QA,https://www.youtube.com/channel/UCikE_w-_M0Hh97kRHU8o8QA,라임_vtuber,1250,2023-04-15,,2026-08-14 22:40:03,[V/술뱅] 말복이라서 삼계탕 들고왔어!,limevtuber0724,https://discord.gg/WhV5KcaAzV,mysmallvtuber.net,2026-09-01T03:00:43Z
xuJDwgmKMLJ4Kn8HQAYV,l 라임 l,l l,chzzk,3b876a21fea20ac6627184c02aeda524,https://chzzk.naver.com/3b876a21fea20ac6627184c02aeda524,l 라임 l,471,2023-04-15,,2026-08-14 22:40:03,[V/술뱅] 말복이라서 삼계탕 들고왔어!,limevtuber0724,https://discord.gg/WhV5KcaAzV,mysmallvtuber.net,2026-09-01T03:00:43Z
4W8BACrw9F88hfm4YKvh,연 하젤콩,,youtube,UCIw3hOAwU_X6uvCTL0Z0cbg,https://www.youtube.com/channel/UCIw3hOAwU_X6uvCTL0Z0cbg,연하젤콩,401,2023-11-07,,2026-08-14 19:06:02,[HGE Creator 콜라보]  쯔꾸루 RPG 쯔꾸루 용사~,jellikong6956,https://cafe.naver.com/jelkongkong,mysmallvtuber.net,2026-09-01T03:00:43Z
4W8BACrw9F88hfm4YKvh,연 하젤콩,,chzzk,cccbb46dc713d793a747c00ea15129c1,https://chzzk.naver.com/cccbb46dc713d793a747c00ea15129c1,연 하젤콩,1723,2023-11-07,,2026-08-14 19:06:02,[HGE Creator 콜라보]  쯔꾸루 RPG 쯔꾸루 용사~,jellikong6956,https://cafe.naver.com/jelkongkong,mysmallvtuber.net,2026-09-01T03:00:43Z
vqDgrL3Vm5gX6UgzR8TC,윤다온 daon,daon,youtube,UCKdVh7syfMwR8ePQ1quUUug,https://www.youtube.com/channel/UCKdVh7syfMwR8ePQ1quUUug,다온 daon,16,2025-12-04,,2026-08-14 16:20:02,[신입] 저에게 설명할 기회를 주세요,yoondaon_,https://cafe.naver.com/yoondaon,mysmallvtuber.net,2026-09-01T03:00:43Z
vqDgrL3Vm5gX6UgzR8TC,윤다온 daon,daon,youtube,UCJa4I5tIUnLHYaumvbbI2Bw,https://www.youtube.com/channel/UCJa4I5tIUnLHYaumvbbI2Bw,길게보는 다온이,9,2025-12-04,,2026-08-14 16:20:02,[신입] 저에게 설명할 기회를 주세요,yoondaon_,https://cafe.naver.com/yoondaon,mysmallvtuber.net,2026-09-01T03:00:43Z
vqDgrL3Vm5gX6UgzR8TC,윤다온 daon,daon,chzzk,83a6328c13213270db7657dc3c4b7b6c,https://chzzk.naver.com/83a6328c13213270db7657dc3c4b7b6c,윤다온 daon,364,2025-12-04,,2026-08-14 16:20:02,[신입] 저에게 설명할 기회를 주세요,yoondaon_,https://cafe.naver.com/yoondaon,mysmallvtuber.net,2026-09-01T03:00:43Z
JqfEY25X9tJzfWfUF2zb,도혜솜,,youtube,UCIIJxNz5VmX9V8zyXtq6VYQ,https://www.youtube.com/channel/UCIIJxNz5VmX9V8zyXtq6VYQ,도혜솜,893,2024-01-08,,2026-08-13 23:41:03,그저 수다방,Hyesom_official,https://cafe.naver.com/mandupal2,mysmallvtuber.net,2026-09-01T03:00:43Z
JqfEY25X9tJzfWfUF2zb,도혜솜,,chzzk,7794207019442f817d711825a7a22d66,https://chzzk.naver.com/7794207019442f817d711825a7a22d66,도혜솜,798,2024-01-08,,2026-08-13 23:41:03,그저 수다방,Hyesom_official,https://cafe.naver.com/mandupal2,mysmallvtuber.net,2026-09-01T03:00:43Z
tX7YYkCxjjPH89RA8yC7,온범,,chzzk,ae5be6ab1bb73f744552cbe30811f509,https://chzzk.naver.com/ae5be6ab1bb73f744552cbe30811f509,온범,103,2024-03-01,,2026-08-13 23:59:02,[V] 팀사약이었다가..팀삼약이었다가...팀이약...또리,onbum_sy,https://fancimm.com/profile/648811,mysmallvtuber.net,2026-09-01T03:00:43Z
tTGqmthSjCSwrX9LjrHf,홍삼이,,youtube,UCg6M2_4x75XgKLhRKODnyrQ,https://www.youtube.com/channel/UCg6M2_4x75XgKLhRKODnyrQ,홍삼이,53,2024-03-01,,2026-08-13 23:52:03,[V] 아주 오랜만 또 이리 w.온범,vhongsam_2,https://discord.com/invite/BnEHkD5AW7,mysmallvtuber.net,2026-09-01T03:00:43Z
tTGqmthSjCSwrX9LjrHf,홍삼이,,chzzk,6a453d7914f90d3ca595c418574c370f,https://chzzk.naver.com/6a453d7914f90d3ca595c418574c370f,홍삼이,400,2024-03-01,,2026-08-13 23:52:03,[V] 아주 오랜만 또 이리 w.온범,vhongsam_2,https://discord.com/invite/BnEHkD5AW7,mysmallvtuber.net,2026-09-01T03:00:43Z
tWcHbgSfGj9fZaJrByyh,라가초,,youtube,UCtibtN_RI0e2ZYxhVtIDO7A,https://www.youtube.com/channel/UCtibtN_RI0e2ZYxhVtIDO7A,라가초 Ragacho,3920,2023-04-23,,2026-08-13 23:40:03,[v]  포코피아 DLC 업데이트+이벤트 떴어요!,Ragacho00,https://cafe.naver.com/ragacho,mysmallvtuber.net,2026-09-01T03:00:43Z
tWcHbgSfGj9fZaJrByyh,라가초,,youtube,UCKCBbsmIOZizPbdvYsXjUzQ,https://www.youtube.com/channel/UCKCBbsmIOZizPbdvYsXjUzQ,풀 라가초 다시보기,58,2023-04-23,,2026-08-13 23:40:03,[v]  포코피아 DLC 업데이트+이벤트 떴어요!,Ragacho00,https://cafe.naver.com/ragacho,mysmallvtuber.net,2026-09-01T03:00:43Z
tWcHbgSfGj9fZaJrByyh,라가초,,chzzk,38fe4b3ae2fb9f7cdcc15560d8837f6e,https://chzzk.naver.com/38fe4b3ae2fb9f7cdcc15560d8837f6e,라가초,693,2023-04-23,,2026-08-13 23:40:03,[v]  포코피아 DLC 업데이트+이벤트 떴어요!,Ragacho00,https://cafe.naver.com/ragacho,mysmallvtuber.net,2026-09-01T03:00:43Z
pnbvy5gqNgUEGQfKk7An,라 토,,youtube,UCjAYDYLUwsvRqsUGO5fTvyQ,https://www.youtube.com/channel/UCjAYDYLUwsvRqsUGO5fTvyQ,라토 다시보기,51,2023-04-01,,2026-08-12 23:59:03,뚱땅뚱땅,Aisenma_Rato,https://discord.com/invite/2aBPNkC7X4,mysmallvtuber.net,2026-09-01T03:00:43Z
pnbvy5gqNgUEGQfKk7An,라 토,,chzzk,80850c3e0c30abd0d92aa3fc3e71ff19,https://chzzk.naver.com/80850c3e0c30abd0d92aa3fc3e71ff19,라 토,226,2023-04-01,,2026-08-12 23:59:03,뚱땅뚱땅,Aisenma_Rato,https://discord.com/invite/2aBPNkC7X4,mysmallvtuber.net,2026-09-01T03:00:43Z
kJqFsEmFNDCR52s4uaSB,오르렛,,youtube,UCb1Z0MP_k4C4zZQEMcD-MpQ,https://www.youtube.com/channel/UCb1Z0MP_k4C4zZQEMcD-MpQ,오르렛,84,,,2026-08-10 13:39:03,점심 먹었어? 대장은 먹는 중,olulet_,https://cafe.naver.com/olulet,mysmallvtuber.net,2026-09-01T03:00:43Z
kJqFsEmFNDCR52s4uaSB,오르렛,,youtube,UCcGAhjpJCtozvDEP-vaNgEw,https://www.youtube.com/channel/UCcGAhjpJCtozvDEP-vaNgEw,오르렛 다시보기,18,,,2026-08-10 13:39:03,점심 먹었어? 대장은 먹는 중,olulet_,https://cafe.naver.com/olulet,mysmallvtuber.net,2026-09-01T03:00:43Z
kJqFsEmFNDCR52s4uaSB,오르렛,,chzzk,16f9b7edec8c98b17d0606e9c716173e,https://chzzk.naver.com/16f9b7edec8c98b17d0606e9c716173e,오르렛,615,,,2026-08-10 13:39:03,점심 먹었어? 대장은 먹는 중,olulet_,https://cafe.naver.com/olulet,mysmallvtuber.net,2026-09-01T03:00:43Z
TmwACs5yReaE9AvGTZM4,강바다 BADA,BADA,chzzk,46e0abb959f02f1bc61ded45b153b529,https://chzzk.naver.com/46e0abb959f02f1bc61ded45b153b529,강바다 BADA,250,2025-08-16,,2026-08-09 22:28:03,"【잡담, 공지】파손된 함장은 교환이 불가합니다.",kangbada_ch,,mysmallvtuber.net,2026-09-01T03:00:43Z
GWRgU2byQLxjprfYFnF8,깜장냥말,,youtube,UCO0VFOb6k_JCDCMSoq9q8Fw,https://www.youtube.com/channel/UCO0VFOb6k_JCDCMSoq9q8Fw,다시 보는 냥말 방송,21,2024-02-06,,2026-08-09 22:33:03,[V] 생일에 심즈 애드온만 6만원치 구매한 사람,Nnangmmal_,https://discord.gg/bspnq9yuPX,mysmallvtuber.net,2026-09-01T03:00:43Z
GWRgU2byQLxjprfYFnF8,깜장냥말,,chzzk,9e9bc0f007b5c9526dad4a8024bfbbc5,https://chzzk.naver.com/9e9bc0f007b5c9526dad4a8024bfbbc5,깜장냥말,250,2024-02-06,,2026-08-09 22:33:03,[V] 생일에 심즈 애드온만 6만원치 구매한 사람,Nnangmmal_,https://discord.gg/bspnq9yuPX,mysmallvtuber.net,2026-09-01T03:00:43Z
RbjDA3k8JWWH5QLpfxxh,문유아 MoonYouA,MoonYouA,youtube,UCbjZvzzwwr_bU1Fvn-cNbGQ,https://www.youtube.com/channel/UCbjZvzzwwr_bU1Fvn-cNbGQ,문유아,41,2024-07-15,,2026-08-06 00:09:03,그냥 찜 할께...,MoonYouA,https://cafe.naver.com/moonyoua,mysmallvtuber.net,2026-09-01T03:00:43Z
RbjDA3k8JWWH5QLpfxxh,문유아 MoonYouA,MoonYouA,youtube,UCc8LJmyp6YBZesepXLMqizQ,https://www.youtube.com/channel/UCc8LJmyp6YBZesepXLMqizQ,달 저장소,13,2024-07-15,,2026-08-06 00:09:03,그냥 찜 할께...,MoonYouA,https://cafe.naver.com/moonyoua,mysmallvtuber.net,2026-09-01T03:00:43Z
RbjDA3k8JWWH5QLpfxxh,문유아 MoonYouA,MoonYouA,chzzk,f1f32d2ba7bc4839cdb24751e1f57f67,https://chzzk.naver.com/f1f32d2ba7bc4839cdb24751e1f57f67,문유아 MoonYouA,425,2024-07-15,,2026-08-06 00:09:03,그냥 찜 할께...,MoonYouA,https://cafe.naver.com/moonyoua,mysmallvtuber.net,2026-09-01T03:00:43Z
3SgrTbjU9ddpFtuuwxEh,밍 냐,,youtube,UC2vpJYXEduO32AQeNAvfMrg,https://www.youtube.com/channel/UC2vpJYXEduO32AQeNAvfMrg,밍냐의 종합게임,351,2025-03-29,,2026-08-05 19:39:03,악세서리 위치 아시는 포코피아선생님 구합니다,mingnya09,,mysmallvtuber.net,2026-09-01T03:00:43Z
3SgrTbjU9ddpFtuuwxEh,밍 냐,,chzzk,a2996bc71de2f737dfe939b94803cb19,https://chzzk.naver.com/a2996bc71de2f737dfe939b94803cb19,밍 냐,671,2025-03-29,,2026-08-05 19:39:03,악세서리 위치 아시는 포코피아선생님 구합니다,mingnya09,,mysmallvtuber.net,2026-09-01T03:00:43Z
8V8Z2WY9a2c4EFG3WnM3,카우리3,,youtube,UC4XPCZY-Sei1WZiEtN8-6lA,https://www.youtube.com/channel/UC4XPCZY-Sei1WZiEtN8-6lA,카우리,197,2025-05-05,,2026-08-05 01:13:02,안녕 디지몬~ 친구들 모두 안녕💚,kawri_7,,mysmallvtuber.net,2026-09-01T03:00:43Z
8V8Z2WY9a2c4EFG3WnM3,카우리3,,chzzk,37965aa8c73eef583d0185296b970c39,https://chzzk.naver.com/37965aa8c73eef583d0185296b970c39,카우리3,681,2025-05-05,,2026-08-05 01:13:02,안녕 디지몬~ 친구들 모두 안녕💚,kawri_7,,mysmallvtuber.net,2026-09-01T03:00:43Z
GDKn2cmcGWA7gP8E3k7m,졸업했어요감사합니다,,youtube,UCk6DWgW6JE26OWfFaxTD_nQ,https://www.youtube.com/channel/UCk6DWgW6JE26OWfFaxTD_nQ,미야오 미우,269,2026-06-13,,2026-08-04 17:50:04,퍼즐왕이 되기.,MiyaoMiu,https://cafe.naver.com/miyaomiu,mysmallvtuber.net,2026-09-01T03:00:43Z
GDKn2cmcGWA7gP8E3k7m,졸업했어요감사합니다,,chzzk,85928a2b5f4f1daf249284140f65d088,https://chzzk.naver.com/85928a2b5f4f1daf249284140f65d088,졸업했어요감사합니다,240,2026-06-13,,2026-08-04 17:50:04,퍼즐왕이 되기.,MiyaoMiu,https://cafe.naver.com/miyaomiu,mysmallvtuber.net,2026-09-01T03:00:43Z
bsBWQVQdJ6nLKPXq8zYJ,시바사키 히로땅,,youtube,UCpfYp_WKx7se6WB9ypRZ5cA,https://www.youtube.com/channel/UCpfYp_WKx7se6WB9ypRZ5cA,시바사키 히로땅,30,2025-06-13,,2026-08-03 03:16:02,소년탐정 김전일1기 15화부터,HENA_o_o0421,https://cafe.naver.com/hiro0621,mysmallvtuber.net,2026-09-01T03:00:43Z
bsBWQVQdJ6nLKPXq8zYJ,시바사키 히로땅,,chzzk,b91064e2a9a935433c4dea01bebc6b76,https://chzzk.naver.com/b91064e2a9a935433c4dea01bebc6b76,시바사키 히로땅,374,2025-06-13,,2026-08-03 03:16:02,소년탐정 김전일1기 15화부터,HENA_o_o0421,https://cafe.naver.com/hiro0621,mysmallvtuber.net,2026-09-01T03:00:43Z
RCuULh2e6KgeYDEuh42a,세현 Sehyun,Sehyun,youtube,UC9Zv846zTTZacnx29GfxiHg,https://www.youtube.com/channel/UC9Zv846zTTZacnx29GfxiHg,세현 Sehyun セヒョン,658,2024-09-14,,2026-08-02 05:18:03,[V] 싱드컵 노래 바꾸고 싶어서 다시 깎는 도자기,v_sehyun,https://cafe.naver.com/vsehyun,mysmallvtuber.net,2026-09-01T03:00:43Z
RCuULh2e6KgeYDEuh42a,세현 Sehyun,Sehyun,chzzk,7b34559c61af0cf8c16c27f4e67a7dcd,https://chzzk.naver.com/7b34559c61af0cf8c16c27f4e67a7dcd,세현 Sehyun,1092,2024-09-14,,2026-08-02 05:18:03,[V] 싱드컵 노래 바꾸고 싶어서 다시 깎는 도자기,v_sehyun,https://cafe.naver.com/vsehyun,mysmallvtuber.net,2026-09-01T03:00:43Z
LEXGynQqDh8YjnFbApMD,유즈사 헤라,,youtube,UChvgGUB-QirrwVlHa3uwj2A,https://www.youtube.com/channel/UChvgGUB-QirrwVlHa3uwj2A,유즈사 헤라,2480,2025-10-04,,2026-08-01 02:15:03,(어그로X) 지금까지 유즈사 헤라 였습니다 감사합니다 그리고 헤쁠아 미안하고 사랑해,VLY_Hera,https://cafe.naver.com/rionjoo,mysmallvtuber.net,2026-09-01T03:00:43Z
LEXGynQqDh8YjnFbApMD,유즈사 헤라,,chzzk,d1bc0251d482b2912cea69bfb7cc3ab2,https://chzzk.naver.com/d1bc0251d482b2912cea69bfb7cc3ab2,유즈사 헤라,1046,2025-10-04,,2026-08-01 02:15:03,(어그로X) 지금까지 유즈사 헤라 였습니다 감사합니다 그리고 헤쁠아 미안하고 사랑해,VLY_Hera,https://cafe.naver.com/rionjoo,mysmallvtuber.net,2026-09-01T03:00:43Z
DWLXE3378x3PWYSDPanM,리아니야,,youtube,UCKWMjBCS5opm6XIebHmPVcg,https://www.youtube.com/channel/UCKWMjBCS5opm6XIebHmPVcg,리아니야 Lianiya,10,2024-02-19,,2026-03-02 00:45:04,[버미육😺] 시골인줄 알았는데 이세계 전생한거였던 고양이,Lianiya_Vtuber,https://discord.gg/ecmjgnuJjB,mysmallvtuber.net,2026-09-01T03:00:43Z
DWLXE3378x3PWYSDPanM,리아니야,,youtube,UCRvwnR1sj3ebcPhIWhr4rZg,https://www.youtube.com/channel/UCRvwnR1sj3ebcPhIWhr4rZg,리아니야 다시보기,41,2024-02-19,,2026-03-02 00:45:04,[버미육😺] 시골인줄 알았는데 이세계 전생한거였던 고양이,Lianiya_Vtuber,https://discord.gg/ecmjgnuJjB,mysmallvtuber.net,2026-09-01T03:00:43Z
DWLXE3378x3PWYSDPanM,리아니야,,chzzk,9d37449ef7d1f404404941248f4e09e5,https://chzzk.naver.com/9d37449ef7d1f404404941248f4e09e5,리아니야,382,2024-02-19,,2026-03-02 00:45:04,[버미육😺] 시골인줄 알았는데 이세계 전생한거였던 고양이,Lianiya_Vtuber,https://discord.gg/ecmjgnuJjB,mysmallvtuber.net,2026-09-01T03:00:43Z
