vtuber_id,name,name_en,platform,channel_id,channel_url,channel_name,followers,debut_date,affiliation,last_live_at,last_live_title,twitter_id,community_link,source,collected_at
8jfpmr7FnZsYwE7pnhuK,김 데쿠,,youtube,UCJ9cZCz0O5as4c8m2S8HCtg,https://www.youtube.com/channel/UCJ9cZCz0O5as4c8m2S8HCtg,데쿠 Deku,589,2023-01-05,,2026-10-01 12:02:03,자은코쿠나 텐시노요-니 ϵ( ‘◇’ )϶,,https://cafe.naver.com/dekuzzang,mysmallvtuber.net,2026-10-01T03:32:36Z
8jfpmr7FnZsYwE7pnhuK,김 데쿠,,chzzk,aacb6131c12f38adb9c22943c15ac761,https://chzzk.naver.com/aacb6131c12f38adb9c22943c15ac761,김 데쿠,1773,2023-01-05,,2026-10-01 12:02:03,자은코쿠나 텐시노요-니 ϵ( ‘◇’ )϶,,https://cafe.naver.com/dekuzzang,mysmallvtuber.net,2026-10-01T03:32:36Z
d8r9FEb6n4RSe7HfLe2t,메모Memo,Memo,chzzk,9410d980b56423d1fa7b1707703b1279,https://chzzk.naver.com/9410d980b56423d1fa7b1707703b1279,메모Memo,430,,,2026-10-01 12:02:03,🔮오늘도 좋은 오후입니다!,,,mysmallvtuber.net,2026-10-01T03:32:36Z
XfHTJv7SCDfLMRXAWtz6,온하얀 ONHAYAN,ONHAYAN,youtube,UC2MteJDOxQAFttPrFoH8MvQ,https://www.youtube.com/channel/UC2MteJDOxQAFttPrFoH8MvQ,온하얀 ONHAYAN,2200,2025-01-26,,2026-10-01 12:02:03,힐링 겨울 대기방 (w.로카),onwhite090,https://cafe.naver.com/stardreamco,mysmallvtuber.net,2026-10-01T03:32:36Z
XfHTJv7SCDfLMRXAWtz6,온하얀 ONHAYAN,ONHAYAN,chzzk,91caa53fc6cf5ee3cdbc802bd23bf155,https://chzzk.naver.com/91caa53fc6cf5ee3cdbc802bd23bf155,온하얀 ONHAYAN,4305,2025-01-26,,2026-10-01 12:02:03,힐링 겨울 대기방 (w.로카),onwhite090,https://cafe.naver.com/stardreamco,mysmallvtuber.net,2026-10-01T03:32:36Z
LcgscFFpMu6TpA7q6Uyb,자두뇨끼,,youtube,UCIV7zR_Ub9NvZihvxMic7vg,https://www.youtube.com/channel/UCIV7zR_Ub9NvZihvxMic7vg,자두뇨끼,698,,,2026-10-01 12:00:03,좀밍연고 2일차 좀비 때려잡는 여고생,,https://cafe.naver.com/zadugnocchi,mysmallvtuber.net,2026-10-01T03:32:36Z
LcgscFFpMu6TpA7q6Uyb,자두뇨끼,,youtube,UCx0th5-FOdYP071oinFN78Q,https://www.youtube.com/channel/UCx0th5-FOdYP071oinFN78Q,자두뇨끼 다시보기,1940,,,2026-10-01 12:00:03,좀밍연고 2일차 좀비 때려잡는 여고생,,https://cafe.naver.com/zadugnocchi,mysmallvtuber.net,2026-10-01T03:32:36Z
LcgscFFpMu6TpA7q6Uyb,자두뇨끼,,chzzk,55cad23e436b9b31f5e0fffe3d588194,https://chzzk.naver.com/55cad23e436b9b31f5e0fffe3d588194,자두뇨끼,12394,,,2026-10-01 12:00:03,좀밍연고 2일차 좀비 때려잡는 여고생,,https://cafe.naver.com/zadugnocchi,mysmallvtuber.net,2026-10-01T03:32:36Z
GvWzLqbJr7beUUYsbrxE,데블리쉬,,chzzk,e823de7448ae3fa30b25185ea4ed1618,https://chzzk.naver.com/e823de7448ae3fa30b25185ea4ed1618,데블리쉬,630,2023-02-22,,2026-10-01 11:57:03,261001) 출근 전 드롭스) 레이븐 스토리 결말! & 전무뽑고 세팅시작 (저녁은 명조 여별 픽업 & 스토리 친해지기),devilish_chzzk,,mysmallvtuber.net,2026-10-01T03:32:36Z
S5DrwYvZ4wUNRkwnjbJK,이로나묭 치카,,youtube,UCndpBqc3xTaVKdm7TcDWb6g,https://www.youtube.com/channel/UCndpBqc3xTaVKdm7TcDWb6g,이로나묭 치카 【Ch. Mao Chika】,21600,2024-09-07,,2026-10-01 12:02:03,좀밍연고 양치카!,MaoChiKa1220,https://cafe.naver.com/chicaffeine,mysmallvtuber.net,2026-10-01T03:32:36Z
S5DrwYvZ4wUNRkwnjbJK,이로나묭 치카,,youtube,UCN-NbWPpH8CIWlga7XpONig,https://www.youtube.com/channel/UCN-NbWPpH8CIWlga7XpONig,다시보고 치카 【Ch. Mao Chika】,6640,2024-09-07,,2026-10-01 12:02:03,좀밍연고 양치카!,MaoChiKa1220,https://cafe.naver.com/chicaffeine,mysmallvtuber.net,2026-10-01T03:32:36Z
S5DrwYvZ4wUNRkwnjbJK,이로나묭 치카,,chzzk,ec30975bd41d3179fe7734ddbf760acb,https://chzzk.naver.com/ec30975bd41d3179fe7734ddbf760acb,이로나묭 치카,56113,2024-09-07,,2026-10-01 12:02:03,좀밍연고 양치카!,MaoChiKa1220,https://cafe.naver.com/chicaffeine,mysmallvtuber.net,2026-10-01T03:32:36Z
mUMBCFCywGTrBjxdAe6w,연 리,,youtube,UCl5YZQQx3h72rBAwuu4MzaA,https://www.youtube.com/channel/UCl5YZQQx3h72rBAwuu4MzaA,연리,10400,,,2026-10-01 11:59:03,좀밍연고 2일차 가보쟈구~,younri__,https://cafe.naver.com/younribab,mysmallvtuber.net,2026-10-01T03:32:36Z
mUMBCFCywGTrBjxdAe6w,연 리,,youtube,UCphU13JJcU3Ysj-Fn-J861A,https://www.youtube.com/channel/UCphU13JJcU3Ysj-Fn-J861A,연리의 다시보기,1830,,,2026-10-01 11:59:03,좀밍연고 2일차 가보쟈구~,younri__,https://cafe.naver.com/younribab,mysmallvtuber.net,2026-10-01T03:32:36Z
mUMBCFCywGTrBjxdAe6w,연 리,,chzzk,f3228c570a0b3b1f0f8306e3479ea46b,https://chzzk.naver.com/f3228c570a0b3b1f0f8306e3479ea46b,연 리,32605,,,2026-10-01 11:59:03,좀밍연고 2일차 가보쟈구~,younri__,https://cafe.naver.com/younribab,mysmallvtuber.net,2026-10-01T03:32:36Z
wuC565QuSCJsMtAbqFKR,힌콕,,youtube,UC6mjfW-hFicoie2ZT5IUVGA,https://www.youtube.com/channel/UC6mjfW-hFicoie2ZT5IUVGA,힌콕 HINQOC,12900,,,2026-10-01 11:56:03,오늘은 니케 굿즈와 케로로 굿즈와 리그오브레전드 카드깡,hinqocorv,,mysmallvtuber.net,2026-10-01T03:32:36Z
wuC565QuSCJsMtAbqFKR,힌콕,,soop,hinqocorv,https://ch.sooplive.co.kr/hinqocorv,힌콕,13709,,,2026-10-01 11:56:03,오늘은 니케 굿즈와 케로로 굿즈와 리그오브레전드 카드깡,hinqocorv,,mysmallvtuber.net,2026-10-01T03:32:36Z
n4SU9PrSgUR5HMZeTTQp,빵룽,,youtube,UCVWZqtCQeIAWYmLj4-VAo8w,https://www.youtube.com/channel/UCVWZqtCQeIAWYmLj4-VAo8w,빵룽,22900,2019-01-12,,2026-10-01 12:00:03,✿ 10월엔 새옷이지! 🦊,roong__2,https://cafe.naver.com/roongcafe,mysmallvtuber.net,2026-10-01T03:32:36Z
n4SU9PrSgUR5HMZeTTQp,빵룽,,youtube,UCb6KXs7_WH6L0tI0DiKv1SA,https://www.youtube.com/channel/UCb6KXs7_WH6L0tI0DiKv1SA,빵룽 되새김질,4580,2019-01-12,,2026-10-01 12:00:03,✿ 10월엔 새옷이지! 🦊,roong__2,https://cafe.naver.com/roongcafe,mysmallvtuber.net,2026-10-01T03:32:36Z
n4SU9PrSgUR5HMZeTTQp,빵룽,,chzzk,a3c5623862d0d1dda383f5efbc39c6f4,https://chzzk.naver.com/a3c5623862d0d1dda383f5efbc39c6f4,빵룽,20627,2019-01-12,,2026-10-01 12:00:03,✿ 10월엔 새옷이지! 🦊,roong__2,https://cafe.naver.com/roongcafe,mysmallvtuber.net,2026-10-01T03:32:36Z
PtBUBM9ktAHqft8Ft8WB,리마 파트로나,,youtube,UC0_l5EmFAJnEz3KfArXnFAQ,https://www.youtube.com/channel/UC0_l5EmFAJnEz3KfArXnFAQ,리마 파트로나,2640,2022-01-09,,2026-10-01 12:04:03,🐰와우 군단 스토리 구경해보자!  (목표: 팔로우 올리기) 🐰₍ᐢ › ༝ ‹ ᐢ₎ !,rima_patrona,https://discord.gg/Gc4h7D5j8T,mysmallvtuber.net,2026-10-01T03:32:36Z
PtBUBM9ktAHqft8Ft8WB,리마 파트로나,,youtube,UCactal0XJKAbuA1L0tGgoKQ,https://www.youtube.com/channel/UCactal0XJKAbuA1L0tGgoKQ,리마의 큰 공방,505,2022-01-09,,2026-10-01 12:04:03,🐰와우 군단 스토리 구경해보자!  (목표: 팔로우 올리기) 🐰₍ᐢ › ༝ ‹ ᐢ₎ !,rima_patrona,https://discord.gg/Gc4h7D5j8T,mysmallvtuber.net,2026-10-01T03:32:36Z
PtBUBM9ktAHqft8Ft8WB,리마 파트로나,,chzzk,0f8dd536173906358d479d641bc3bca3,https://chzzk.naver.com/0f8dd536173906358d479d641bc3bca3,리마 파트로나,2872,2022-01-09,,2026-10-01 12:04:03,🐰와우 군단 스토리 구경해보자!  (목표: 팔로우 올리기) 🐰₍ᐢ › ༝ ‹ ᐢ₎ !,rima_patrona,https://discord.gg/Gc4h7D5j8T,mysmallvtuber.net,2026-10-01T03:32:36Z
WYe5yUR7db86Rbqf9H3q,샤르망,,youtube,UCiWqkt4_1wzWtvCuUAe0fTA,https://www.youtube.com/channel/UCiWqkt4_1wzWtvCuUAe0fTA,샤르망 [ Charmante ],7010,2023-11-19,,2026-10-01 12:00:03,우! 우! 와! 와! 우와~ 우와와 타쿠타쿠 챠오 [ 이브닛 ],charmante_owo,https://cafe.naver.com/godanssity,mysmallvtuber.net,2026-10-01T03:32:36Z
WYe5yUR7db86Rbqf9H3q,샤르망,,youtube,UC-Q-L_gwoOYsppZ3d8z1uJA,https://www.youtube.com/channel/UC-Q-L_gwoOYsppZ3d8z1uJA,샤르망 다시보기,2140,2023-11-19,,2026-10-01 12:00:03,우! 우! 와! 와! 우와~ 우와와 타쿠타쿠 챠오 [ 이브닛 ],charmante_owo,https://cafe.naver.com/godanssity,mysmallvtuber.net,2026-10-01T03:32:36Z
WYe5yUR7db86Rbqf9H3q,샤르망,,soop,owozzz,https://ch.sooplive.co.kr/owozzz,샤르망,41342,2023-11-19,,2026-10-01 12:00:03,우! 우! 와! 와! 우와~ 우와와 타쿠타쿠 챠오 [ 이브닛 ],charmante_owo,https://cafe.naver.com/godanssity,mysmallvtuber.net,2026-10-01T03:32:36Z
BLXmj4CjVdNCFgmXNZVD,네링_,,youtube,UCv9anYV9oUDxz7iXVDJfRnQ,https://www.youtube.com/channel/UCv9anYV9oUDxz7iXVDJfRnQ,네링 Music Official,8300,2022-03-20,,2026-10-01 11:56:03,[메르헨] 치이카와 : 인어섬의 비밀 스포 하는 중,Nering_HR,https://cafe.naver.com/marchenfancafe,mysmallvtuber.net,2026-10-01T03:32:36Z
BLXmj4CjVdNCFgmXNZVD,네링_,,youtube,UCo38e_LMkt6czhFNrKZXaTg,https://www.youtube.com/channel/UCo38e_LMkt6czhFNrKZXaTg,링구링구,492,2022-03-20,,2026-10-01 11:56:03,[메르헨] 치이카와 : 인어섬의 비밀 스포 하는 중,Nering_HR,https://cafe.naver.com/marchenfancafe,mysmallvtuber.net,2026-10-01T03:32:36Z
BLXmj4CjVdNCFgmXNZVD,네링_,,soop,nering0117,https://ch.sooplive.co.kr/nering0117,네링_,4737,2022-03-20,,2026-10-01 11:56:03,[메르헨] 치이카와 : 인어섬의 비밀 스포 하는 중,Nering_HR,https://cafe.naver.com/marchenfancafe,mysmallvtuber.net,2026-10-01T03:32:36Z
4GV2pYgmsKa3hgTZ4ZkY,유 식혜,,youtube,UC1XH6Fj8B0WcCJ2gwYkeKfA,https://www.youtube.com/channel/UC1XH6Fj8B0WcCJ2gwYkeKfA,유식혜,899,2023-03-20,,2026-10-01 11:59:03,안심하고 들어오세요( •̀ ω •́ )✧oO(등심은 안됩니다),,https://cafe.naver.com/sikhyelove,mysmallvtuber.net,2026-10-01T03:32:36Z
4GV2pYgmsKa3hgTZ4ZkY,유 식혜,,youtube,UCFFGC8jXMnsun4JSWbqstFA,https://www.youtube.com/channel/UCFFGC8jXMnsun4JSWbqstFA,유식혜 다시보기,505,2023-03-20,,2026-10-01 11:59:03,안심하고 들어오세요( •̀ ω •́ )✧oO(등심은 안됩니다),,https://cafe.naver.com/sikhyelove,mysmallvtuber.net,2026-10-01T03:32:36Z
4GV2pYgmsKa3hgTZ4ZkY,유 식혜,,chzzk,6083cd428f4fe0a2c3c806917827e310,https://chzzk.naver.com/6083cd428f4fe0a2c3c806917827e310,유 식혜,3813,2023-03-20,,2026-10-01 11:59:03,안심하고 들어오세요( •̀ ω •́ )✧oO(등심은 안됩니다),,https://cafe.naver.com/sikhyelove,mysmallvtuber.net,2026-10-01T03:32:36Z
aW5PR7FXVgGQznuFYtfs,오단밍,,youtube,UCgiVrKwgg7VQ6OM8nKHTm3A,https://www.youtube.com/channel/UCgiVrKwgg7VQ6OM8nKHTm3A,오단밍ㆍlistella,4030,2024-09-15,,2026-10-01 11:56:03,좀밍여고 2일차,odanming,https://cafe.naver.com/listellaofficial,mysmallvtuber.net,2026-10-01T03:32:36Z
aW5PR7FXVgGQznuFYtfs,오단밍,,youtube,UCaSEyKvFHBauJ_dX94mthBg,https://www.youtube.com/channel/UCaSEyKvFHBauJ_dX94mthBg,오단밍 다시보기,1290,2024-09-15,,2026-10-01 11:56:03,좀밍여고 2일차,odanming,https://cafe.naver.com/listellaofficial,mysmallvtuber.net,2026-10-01T03:32:36Z
aW5PR7FXVgGQznuFYtfs,오단밍,,chzzk,f3b204dd3fd6925835ca1848cd4b6d3c,https://chzzk.naver.com/f3b204dd3fd6925835ca1848cd4b6d3c,오단밍,18087,2024-09-15,,2026-10-01 11:56:03,좀밍여고 2일차,odanming,https://cafe.naver.com/listellaofficial,mysmallvtuber.net,2026-10-01T03:32:36Z
hqnfhg5dPUbbZL5L7gkW,이 아니,,youtube,UC9LG1vUDTffjYNwPKzTFyrA,https://www.youtube.com/channel/UC9LG1vUDTffjYNwPKzTFyrA,아니 노래 한다니깐,5600,2022-11-13,,2026-10-01 11:59:03,좋은 오후야,lee_a_ni,https://cafe.naver.com/goldanghome,mysmallvtuber.net,2026-10-01T03:32:36Z
hqnfhg5dPUbbZL5L7gkW,이 아니,,youtube,UCccyieaT-GL8_5z1CLCIuvg,https://www.youtube.com/channel/UCccyieaT-GL8_5z1CLCIuvg,이아니 VOD,3750,2022-11-13,,2026-10-01 11:59:03,좋은 오후야,lee_a_ni,https://cafe.naver.com/goldanghome,mysmallvtuber.net,2026-10-01T03:32:36Z
hqnfhg5dPUbbZL5L7gkW,이 아니,,chzzk,eef5c2238f1667a915855c644ac4f975,https://chzzk.naver.com/eef5c2238f1667a915855c644ac4f975,이 아니,9747,2022-11-13,,2026-10-01 11:59:03,좋은 오후야,lee_a_ni,https://cafe.naver.com/goldanghome,mysmallvtuber.net,2026-10-01T03:32:36Z
vDLyHP4jaefRSjHbAMc2,라벤_,,youtube,UCqmRlPCeFrYNEUyuf6_H5YA,https://www.youtube.com/channel/UCqmRlPCeFrYNEUyuf6_H5YA,라벤,20500,2022-02-23,,2026-10-01 11:58:03,[한보름] :: 성대결절 극복 노래방 >.< 💜즉방109💜33/330,laven_d_0223,https://cafe.naver.com/lavend0710,mysmallvtuber.net,2026-10-01T03:32:36Z
vDLyHP4jaefRSjHbAMc2,라벤_,,youtube,UCyxmbWaGRgZKR4IknvAnCPw,https://www.youtube.com/channel/UCyxmbWaGRgZKR4IknvAnCPw,라벤 다시보기,2140,2022-02-23,,2026-10-01 11:58:03,[한보름] :: 성대결절 극복 노래방 >.< 💜즉방109💜33/330,laven_d_0223,https://cafe.naver.com/lavend0710,mysmallvtuber.net,2026-10-01T03:32:36Z
vDLyHP4jaefRSjHbAMc2,라벤_,,soop,lavend0710,https://ch.sooplive.co.kr/lavend0710,라벤_,4295,2022-02-23,,2026-10-01 11:58:03,[한보름] :: 성대결절 극복 노래방 >.< 💜즉방109💜33/330,laven_d_0223,https://cafe.naver.com/lavend0710,mysmallvtuber.net,2026-10-01T03:32:36Z
q3jkcLsCwsJ2AXdLZMSK,뿌요,,youtube,UCau7akR1H0oGFBt7V_Ux03g,https://www.youtube.com/channel/UCau7akR1H0oGFBt7V_Ux03g,뿌요ぷよ,2120,2022-10-22,,2026-10-01 12:01:03,작업방송/ 노래 추천 환영,puyo_online,,mysmallvtuber.net,2026-10-01T03:32:36Z
q3jkcLsCwsJ2AXdLZMSK,뿌요,,soop,puyo0805,https://ch.sooplive.co.kr/puyo0805,뿌요,3708,2022-10-22,,2026-10-01 12:01:03,작업방송/ 노래 추천 환영,puyo_online,,mysmallvtuber.net,2026-10-01T03:32:36Z
ua2U3DTKHVeCeHBUGPAM,테 테,,youtube,UCY_QriYZx5S98JMtXwl-A6g,https://www.youtube.com/channel/UCY_QriYZx5S98JMtXwl-A6g,테테,552,,,2026-10-01 12:00:03,[ʚ🩷ɞ] ꉂ(˶ˊᗜˋ˶) 이환 옹뇽뇽🩷,,https://cafe.naver.com/tete0701,mysmallvtuber.net,2026-10-01T03:32:36Z
ua2U3DTKHVeCeHBUGPAM,테 테,,chzzk,af51552244c8bdc6d3a8202303554377,https://chzzk.naver.com/af51552244c8bdc6d3a8202303554377,테 테,1790,,,2026-10-01 12:00:03,[ʚ🩷ɞ] ꉂ(˶ˊᗜˋ˶) 이환 옹뇽뇽🩷,,https://cafe.naver.com/tete0701,mysmallvtuber.net,2026-10-01T03:32:36Z
F2PX6EUppFkK2pUYjECH,김맞는,,youtube,UCc0zt6GuEgsTPrwaAmc5k-A,https://www.youtube.com/channel/UCc0zt6GuEgsTPrwaAmc5k-A,김맞는,97,,,2026-10-01 11:59:03,💙고요한 10던🎨,kimright0,https://cafe.naver.com/kimright0,mysmallvtuber.net,2026-10-01T03:32:36Z
F2PX6EUppFkK2pUYjECH,김맞는,,chzzk,c376622f765901eb5cc983ecd16f511f,https://chzzk.naver.com/c376622f765901eb5cc983ecd16f511f,김맞는,1770,,,2026-10-01 11:59:03,💙고요한 10던🎨,kimright0,https://cafe.naver.com/kimright0,mysmallvtuber.net,2026-10-01T03:32:36Z
dDvdYAK7xssLex3vNFtD,나을 Naeul,Naeul,youtube,UCZQpyrZumNd4X4Ihi2ysHuQ,https://www.youtube.com/channel/UCZQpyrZumNd4X4Ihi2ysHuQ,나을 ナウル Naeul Game CH.,1540,2021-09-15,,2026-10-01 11:59:03,ʕ·͡˔·Ɂ 유입환영 💛 공포 / 사...살려주라...! (˃̣̣︿˂̣̣),_Rabbit_ii,https://cafe.naver.com/dreamofmaidream,mysmallvtuber.net,2026-10-01T03:32:36Z
dDvdYAK7xssLex3vNFtD,나을 Naeul,Naeul,youtube,UC5zc9PIZXs4iZ4JNUwG2izw,https://www.youtube.com/channel/UC5zc9PIZXs4iZ4JNUwG2izw,나을 데워먹기,1410,2021-09-15,,2026-10-01 11:59:03,ʕ·͡˔·Ɂ 유입환영 💛 공포 / 사...살려주라...! (˃̣̣︿˂̣̣),_Rabbit_ii,https://cafe.naver.com/dreamofmaidream,mysmallvtuber.net,2026-10-01T03:32:36Z
dDvdYAK7xssLex3vNFtD,나을 Naeul,Naeul,chzzk,34dd8435552bd6739e7158f7762705b8,https://chzzk.naver.com/34dd8435552bd6739e7158f7762705b8,나을 Naeul,3082,2021-09-15,,2026-10-01 11:59:03,ʕ·͡˔·Ɂ 유입환영 💛 공포 / 사...살려주라...! (˃̣̣︿˂̣̣),_Rabbit_ii,https://cafe.naver.com/dreamofmaidream,mysmallvtuber.net,2026-10-01T03:32:36Z
aQeqP73P9Qc8rFy9abV3,가도아,,youtube,UCGWx0o6nS9XbLPIXYFDajQA,https://www.youtube.com/channel/UCGWx0o6nS9XbLPIXYFDajQA,가도아 _ 돠의 스타레일 채널,6560,2024-12-07,,2026-10-01 11:57:03,돠의 무료 계정상담 & 대리클! (4.6 이상중재 도와드려요!),,https://cafe.naver.com/gogodoa,mysmallvtuber.net,2026-10-01T03:32:36Z
aQeqP73P9Qc8rFy9abV3,가도아,,chzzk,8088ba35af7d2a4776590fbcc1d5a462,https://chzzk.naver.com/8088ba35af7d2a4776590fbcc1d5a462,가도아,2222,2024-12-07,,2026-10-01 11:57:03,돠의 무료 계정상담 & 대리클! (4.6 이상중재 도와드려요!),,https://cafe.naver.com/gogodoa,mysmallvtuber.net,2026-10-01T03:32:36Z
qErmPHWrXWPft9sD1Qwp,월야화랑,,youtube,UCLt5k6GHxK-wt5ZsXOcAmKg,https://www.youtube.com/channel/UCLt5k6GHxK-wt5ZsXOcAmKg,월야화랑,4050,2021-01-25,,2026-10-01 12:04:03,[ 니케 ] 10월도 잘 부탁드립니다~!,wolyahwalang,https://cafe.naver.com/wolyahwalang,mysmallvtuber.net,2026-10-01T03:32:36Z
qErmPHWrXWPft9sD1Qwp,월야화랑,,youtube,UCwp5_o8fcJ4Nh9qUqCWl1Kw,https://www.youtube.com/channel/UCwp5_o8fcJ4Nh9qUqCWl1Kw,월야화랑 다시보기,591,2021-01-25,,2026-10-01 12:04:03,[ 니케 ] 10월도 잘 부탁드립니다~!,wolyahwalang,https://cafe.naver.com/wolyahwalang,mysmallvtuber.net,2026-10-01T03:32:36Z
qErmPHWrXWPft9sD1Qwp,월야화랑,,chzzk,3553849193a26f157ba0b83d6ea1857d,https://chzzk.naver.com/3553849193a26f157ba0b83d6ea1857d,월야화랑,3977,2021-01-25,,2026-10-01 12:04:03,[ 니케 ] 10월도 잘 부탁드립니다~!,wolyahwalang,https://cafe.naver.com/wolyahwalang,mysmallvtuber.net,2026-10-01T03:32:36Z
QCNfdSWUb8BbxhANfSu8,밤새나,,youtube,UC6MqNwFPHEd7YYOBILZbWQQ,https://www.youtube.com/channel/UC6MqNwFPHEd7YYOBILZbWQQ,밤새나 BAMSAENA,2080,2022-03-09,,2026-10-01 12:02:03,10시 30분)💧A WAY OUT (w.바또랑)🌕,bamsaena,,mysmallvtuber.net,2026-10-01T03:32:36Z
QCNfdSWUb8BbxhANfSu8,밤새나,,youtube,UCzSfVbOe92XdXaZkVzSsqgg,https://www.youtube.com/channel/UCzSfVbOe92XdXaZkVzSsqgg,밤새나는 교신중,1150,2022-03-09,,2026-10-01 12:02:03,10시 30분)💧A WAY OUT (w.바또랑)🌕,bamsaena,,mysmallvtuber.net,2026-10-01T03:32:36Z
QCNfdSWUb8BbxhANfSu8,밤새나,,soop,bamsaena,https://ch.sooplive.co.kr/bamsaena,밤새나,2136,2022-03-09,,2026-10-01 12:02:03,10시 30분)💧A WAY OUT (w.바또랑)🌕,bamsaena,,mysmallvtuber.net,2026-10-01T03:32:36Z
5A8bFm9vwdjrrfGSpVgW,미스정,,youtube,UCzT73Q8CTPy7iRwv-qVr2Vw,https://www.youtube.com/channel/UCzT73Q8CTPy7iRwv-qVr2Vw,미스정,3950,2024-08-04,,2026-10-01 12:02:03,[고화질!] 금메달 따면 구독권 50장 뿌리는 방🥇,Miss_Jeoung,https://cafe.naver.com/missjeongfancafe,mysmallvtuber.net,2026-10-01T03:32:36Z
5A8bFm9vwdjrrfGSpVgW,미스정,,youtube,UCReEZzyWu_QPAeOZeawolhA,https://www.youtube.com/channel/UCReEZzyWu_QPAeOZeawolhA,미스정 오래보기,91,2024-08-04,,2026-10-01 12:02:03,[고화질!] 금메달 따면 구독권 50장 뿌리는 방🥇,Miss_Jeoung,https://cafe.naver.com/missjeongfancafe,mysmallvtuber.net,2026-10-01T03:32:36Z
5A8bFm9vwdjrrfGSpVgW,미스정,,chzzk,20ed50a69faeb69a6f81d95f05fda35e,https://chzzk.naver.com/20ed50a69faeb69a6f81d95f05fda35e,미스정,3134,2024-08-04,,2026-10-01 12:02:03,[고화질!] 금메달 따면 구독권 50장 뿌리는 방🥇,Miss_Jeoung,https://cafe.naver.com/missjeongfancafe,mysmallvtuber.net,2026-10-01T03:32:36Z
KJjzQAm4x2rQGLazGJxj,새싹 Saessack,Saessack,youtube,UCbGEco6cNH4gn5Iowy_g5tg,https://www.youtube.com/channel/UCbGEco6cNH4gn5Iowy_g5tg,새싹,22800,2023-10-01,,2026-10-01 11:58:03,3주년인데 생일이랑 하루차이라 퉁쳐서 뭐없는방송,saessack_ouo,https://cafe.naver.com/saessack42,mysmallvtuber.net,2026-10-01T03:32:36Z
KJjzQAm4x2rQGLazGJxj,새싹 Saessack,Saessack,youtube,UCS713WNUMyVCbZdmUKI6dew,https://www.youtube.com/channel/UCS713WNUMyVCbZdmUKI6dew,풀새싹,1940,2023-10-01,,2026-10-01 11:58:03,3주년인데 생일이랑 하루차이라 퉁쳐서 뭐없는방송,saessack_ouo,https://cafe.naver.com/saessack42,mysmallvtuber.net,2026-10-01T03:32:36Z
KJjzQAm4x2rQGLazGJxj,새싹 Saessack,Saessack,chzzk,2417b47685106ec21b79c8803b7f1ecf,https://chzzk.naver.com/2417b47685106ec21b79c8803b7f1ecf,새싹 Saessack,32305,2023-10-01,,2026-10-01 11:58:03,3주년인데 생일이랑 하루차이라 퉁쳐서 뭐없는방송,saessack_ouo,https://cafe.naver.com/saessack42,mysmallvtuber.net,2026-10-01T03:32:36Z
JBdr8psdu6j87h3FpcsZ,바또랑,,youtube,UChTu7_a-f8yvxaOK-02_QYg,https://www.youtube.com/channel/UChTu7_a-f8yvxaOK-02_QYg,바또랑 【이매방랑】,2780,,,2026-10-01 11:58:03,[이매방랑] 💧A WAY OUT (w.밤새나)🌕,,https://cafe.naver.com/imaebanglang,mysmallvtuber.net,2026-10-01T03:32:36Z
JBdr8psdu6j87h3FpcsZ,바또랑,,soop,bttolang,https://ch.sooplive.co.kr/bttolang,바또랑,1058,,,2026-10-01 11:58:03,[이매방랑] 💧A WAY OUT (w.밤새나)🌕,,https://cafe.naver.com/imaebanglang,mysmallvtuber.net,2026-10-01T03:32:36Z
YSWnhqgVNtjPnPHmmnTz,미니멜로,,youtube,UC8vRXCc8WyRfJijmMrbEgMQ,https://www.youtube.com/channel/UC8vRXCc8WyRfJijmMrbEgMQ,미니멜로,19400,2025-02-14,,2026-10-01 12:00:03,스네즈냐냐냐냔🍓,luyminy,https://cafe.naver.com/minimallow,mysmallvtuber.net,2026-10-01T03:32:36Z
YSWnhqgVNtjPnPHmmnTz,미니멜로,,youtube,UCR88yyw5P5sgUJOw_ZDln6g,https://www.youtube.com/channel/UCR88yyw5P5sgUJOw_ZDln6g,미니멜로 도서관,23500,2025-02-14,,2026-10-01 12:00:03,스네즈냐냐냐냔🍓,luyminy,https://cafe.naver.com/minimallow,mysmallvtuber.net,2026-10-01T03:32:36Z
YSWnhqgVNtjPnPHmmnTz,미니멜로,,chzzk,e4b12ad6a22d3e8d1dd8a79522cca667,https://chzzk.naver.com/e4b12ad6a22d3e8d1dd8a79522cca667,미니멜로,19142,2025-02-14,,2026-10-01 12:00:03,스네즈냐냐냐냔🍓,luyminy,https://cafe.naver.com/minimallow,mysmallvtuber.net,2026-10-01T03:32:36Z
m9krbDjQQfSqunKYrwQt,평온히,,youtube,UC91PV99qZBpPPbHgjjf7AZQ,https://www.youtube.com/channel/UC91PV99qZBpPPbHgjjf7AZQ,평온히,46,,,2026-10-01 12:00:03,조곤조곤방,,https://discord.com/invite/rRehMWkgJ5,mysmallvtuber.net,2026-10-01T03:32:36Z
m9krbDjQQfSqunKYrwQt,평온히,,chzzk,35bea071d345d0b1318d996f1b06d2b6,https://chzzk.naver.com/35bea071d345d0b1318d996f1b06d2b6,평온히,398,,,2026-10-01 12:00:03,조곤조곤방,,https://discord.com/invite/rRehMWkgJ5,mysmallvtuber.net,2026-10-01T03:32:36Z
G34zaECfWX7C3Mywbz3X,금이요,,youtube,UCXt29SfJUH62dygvYAiOPvw,https://www.youtube.com/channel/UCXt29SfJUH62dygvYAiOPvw,금이요,254,2025-05-05,,2026-10-01 12:00:03,무면허인 제가 유면허인 여동생 운전 가르치기,kum_iyo,https://cafe.naver.com/romanciers2,mysmallvtuber.net,2026-10-01T03:32:36Z
G34zaECfWX7C3Mywbz3X,금이요,,chzzk,6baf8d21940686f50a64f63a9d96e0da,https://chzzk.naver.com/6baf8d21940686f50a64f63a9d96e0da,금이요,1522,2025-05-05,,2026-10-01 12:00:03,무면허인 제가 유면허인 여동생 운전 가르치기,kum_iyo,https://cafe.naver.com/romanciers2,mysmallvtuber.net,2026-10-01T03:32:36Z
WW8PnhJDDpN3N2q62PAL,니니아,,youtube,UCCs6PUrVAbCaN0xuQ35qiLQ,https://www.youtube.com/channel/UCCs6PUrVAbCaN0xuQ35qiLQ,니니아 ninia,27600,2022-03-26,,2026-10-01 11:57:03,빠릉빠른 니아 아침뉴스,,https://cafe.naver.com/niniaovo,mysmallvtuber.net,2026-10-01T03:32:36Z
WW8PnhJDDpN3N2q62PAL,니니아,,youtube,UCqiIPMN7TDZXypmYGqS_BXQ,https://www.youtube.com/channel/UCqiIPMN7TDZXypmYGqS_BXQ,니니아 풀,3860,2022-03-26,,2026-10-01 11:57:03,빠릉빠른 니아 아침뉴스,,https://cafe.naver.com/niniaovo,mysmallvtuber.net,2026-10-01T03:32:36Z
WW8PnhJDDpN3N2q62PAL,니니아,,chzzk,f00f6d46ecc6d735b96ecf376b9e5212,https://chzzk.naver.com/f00f6d46ecc6d735b96ecf376b9e5212,니니아,43280,2022-03-26,,2026-10-01 11:57:03,빠릉빠른 니아 아침뉴스,,https://cafe.naver.com/niniaovo,mysmallvtuber.net,2026-10-01T03:32:36Z
S599dTykFBEhNKEZ8n64,손냐미强,,youtube,UCM191-N8PgQ1BYMGNTK-h7Q,https://www.youtube.com/channel/UCM191-N8PgQ1BYMGNTK-h7Q,손냐미,1440,2022-07-11,,2026-10-01 11:59:03,아오ㅈ1탄광 갈게,S_nyami_,https://discord.com/invite/DpmEaD3zJH,mysmallvtuber.net,2026-10-01T03:32:36Z
S599dTykFBEhNKEZ8n64,손냐미强,,soop,snyami,https://ch.sooplive.co.kr/snyami,손냐미强,4461,2022-07-11,,2026-10-01 11:59:03,아오ㅈ1탄광 갈게,S_nyami_,https://discord.com/invite/DpmEaD3zJH,mysmallvtuber.net,2026-10-01T03:32:36Z
SpBQp456yB2AvJZTKNHu,실키아,,youtube,UC9T6mWOyYRYLb9J7YmDuGMw,https://www.youtube.com/channel/UC9T6mWOyYRYLb9J7YmDuGMw,실키아,1610,2022-06-17,,2026-10-01 11:58:03,컴퓨터야 아프지마.. 아깽이들이랑 시참 롤,Silkia_Vtuber,,mysmallvtuber.net,2026-10-01T03:32:36Z
SpBQp456yB2AvJZTKNHu,실키아,,chzzk,f9f5fda096ff44d36127036cd18b0db2,https://chzzk.naver.com/f9f5fda096ff44d36127036cd18b0db2,실키아,1632,2022-06-17,,2026-10-01 11:58:03,컴퓨터야 아프지마.. 아깽이들이랑 시참 롤,Silkia_Vtuber,,mysmallvtuber.net,2026-10-01T03:32:36Z
ZyZjQvs2EemXTdhTVvta,타마요yo,yo,youtube,UCrri_esYVyXjCPA2Fk1lppg,https://www.youtube.com/channel/UCrri_esYVyXjCPA2Fk1lppg,타마요yo,97,,,2026-10-01 09:16:03,🍳 쫀아!! 너무 추어. 너무 추어탕. 감기조심해요 모두 ( •̀ .̫ •́ )✧,,https://cafe.naver.com/ttamayo,mysmallvtuber.net,2026-10-01T03:32:36Z
ZyZjQvs2EemXTdhTVvta,타마요yo,yo,youtube,UCinuUL3tzlOWcz2BpNwOejg,https://www.youtube.com/channel/UCinuUL3tzlOWcz2BpNwOejg,타마요 다시보기,34,,,2026-10-01 09:16:03,🍳 쫀아!! 너무 추어. 너무 추어탕. 감기조심해요 모두 ( •̀ .̫ •́ )✧,,https://cafe.naver.com/ttamayo,mysmallvtuber.net,2026-10-01T03:32:36Z
ZyZjQvs2EemXTdhTVvta,타마요yo,yo,chzzk,2e80c78ddd03eb6aec73535746e821ca,https://chzzk.naver.com/2e80c78ddd03eb6aec73535746e821ca,타마요yo,215,,,2026-10-01 09:16:03,🍳 쫀아!! 너무 추어. 너무 추어탕. 감기조심해요 모두 ( •̀ .̫ •́ )✧,,https://cafe.naver.com/ttamayo,mysmallvtuber.net,2026-10-01T03:32:36Z
BnA4KZkYEktaZJQkHYuj,티아나 스이,,youtube,UC0o-b9zuF8yEmFodH5YBSVw,https://www.youtube.com/channel/UC0o-b9zuF8yEmFodH5YBSVw,티아나 스이 TIANA SEUI,3100,2024-05-25,,2026-10-01 11:56:03,아시안게임 유도🥋 남자 함께봐요!💙,seui_vpbs,https://cafe.naver.com/playbyschool,mysmallvtuber.net,2026-10-01T03:32:36Z
BnA4KZkYEktaZJQkHYuj,티아나 스이,,youtube,UCJgnhZswQ8itU2Adi_lVP6g,https://www.youtube.com/channel/UCJgnhZswQ8itU2Adi_lVP6g,티아나 스이 다싀보기,1170,2024-05-25,,2026-10-01 11:56:03,아시안게임 유도🥋 남자 함께봐요!💙,seui_vpbs,https://cafe.naver.com/playbyschool,mysmallvtuber.net,2026-10-01T03:32:36Z
BnA4KZkYEktaZJQkHYuj,티아나 스이,,chzzk,8f3661d67e49f0b84736059952d59f06,https://chzzk.naver.com/8f3661d67e49f0b84736059952d59f06,티아나 스이,7495,2024-05-25,,2026-10-01 11:56:03,아시안게임 유도🥋 남자 함께봐요!💙,seui_vpbs,https://cafe.naver.com/playbyschool,mysmallvtuber.net,2026-10-01T03:32:36Z
Njsq2yF3EL8VVrCEtuYk,도도리코 dodorico,dodorico,youtube,UC4EfkI7T4smGh8c2TS_bzLQ,https://www.youtube.com/channel/UC4EfkI7T4smGh8c2TS_bzLQ,도도리코(dodorico),6200,2023-06-24,,2026-10-01 11:58:03,[드롭스] 여우가 여우 만나러 왔어요🦊 여우의 별자리 · 메인스토리 첫 감상,dodori_20,https://cafe.naver.com/ddorico,mysmallvtuber.net,2026-10-01T03:32:36Z
Njsq2yF3EL8VVrCEtuYk,도도리코 dodorico,dodorico,youtube,UCdrtZlVsaZFzgp9K1oHdGIA,https://www.youtube.com/channel/UCdrtZlVsaZFzgp9K1oHdGIA,도도리코 서브컬쳐,1540,2023-06-24,,2026-10-01 11:58:03,[드롭스] 여우가 여우 만나러 왔어요🦊 여우의 별자리 · 메인스토리 첫 감상,dodori_20,https://cafe.naver.com/ddorico,mysmallvtuber.net,2026-10-01T03:32:36Z
Njsq2yF3EL8VVrCEtuYk,도도리코 dodorico,dodorico,chzzk,d676df6bcb09c553c26a2e2b92542fd6,https://chzzk.naver.com/d676df6bcb09c553c26a2e2b92542fd6,도도리코 dodorico,6941,2023-06-24,,2026-10-01 11:58:03,[드롭스] 여우가 여우 만나러 왔어요🦊 여우의 별자리 · 메인스토리 첫 감상,dodori_20,https://cafe.naver.com/ddorico,mysmallvtuber.net,2026-10-01T03:32:36Z
wheRthq84WY88FcEySuK,첼시냥,,youtube,UC2ySLm9Jf7BF3OfkGhhjSxA,https://www.youtube.com/channel/UC2ySLm9Jf7BF3OfkGhhjSxA,첼시냥,967,2024-11-22,,2026-10-01 12:03:03,10월에 어느 멋진 날에~🍂,chelsea_me0w,,mysmallvtuber.net,2026-10-01T03:32:36Z
wheRthq84WY88FcEySuK,첼시냥,,youtube,UC-DR-LVRTMS5sNLZ2M3wtSg,https://www.youtube.com/channel/UC-DR-LVRTMS5sNLZ2M3wtSg,숨겨진 냥이의 일기장,76,2024-11-22,,2026-10-01 12:03:03,10월에 어느 멋진 날에~🍂,chelsea_me0w,,mysmallvtuber.net,2026-10-01T03:32:36Z
wheRthq84WY88FcEySuK,첼시냥,,soop,chelseanya,https://ch.sooplive.co.kr/chelseanya,첼시냥,2174,2024-11-22,,2026-10-01 12:03:03,10월에 어느 멋진 날에~🍂,chelsea_me0w,,mysmallvtuber.net,2026-10-01T03:32:36Z
3cWFQxb3cn8cdXJaUT2D,야토 Yato,Yato,youtube,UChaT4DUnWxSsym-devGo6wQ,https://www.youtube.com/channel/UChaT4DUnWxSsym-devGo6wQ,야토 YATOㆍlistella,23900,2023-06-03,,2026-10-01 12:00:03,오레사마 등장. ( ˙꒳˙  )ིྀ,yatoisyato,https://cafe.naver.com/listellaofficial,mysmallvtuber.net,2026-10-01T03:32:36Z
3cWFQxb3cn8cdXJaUT2D,야토 Yato,Yato,youtube,UCNqy24P5r161KSDllGkDhcA,https://www.youtube.com/channel/UCNqy24P5r161KSDllGkDhcA,야토 다시보기,2630,2023-06-03,,2026-10-01 12:00:03,오레사마 등장. ( ˙꒳˙  )ིྀ,yatoisyato,https://cafe.naver.com/listellaofficial,mysmallvtuber.net,2026-10-01T03:32:36Z
3cWFQxb3cn8cdXJaUT2D,야토 Yato,Yato,chzzk,e87999abca4fd0c3214e05ef414ce951,https://chzzk.naver.com/e87999abca4fd0c3214e05ef414ce951,야토 Yato,20298,2023-06-03,,2026-10-01 12:00:03,오레사마 등장. ( ˙꒳˙  )ིྀ,yatoisyato,https://cafe.naver.com/listellaofficial,mysmallvtuber.net,2026-10-01T03:32:36Z
Gwhr7mQdYHrK6sdhFy6j,유키네 하츠라,,youtube,UCdhQjjc6s3WxvgWge1NETng,https://www.youtube.com/channel/UCdhQjjc6s3WxvgWge1NETng,유키네 하츠라 Yukine Hatsura,889,2026-02-20,,2026-10-01 11:36:02,[ 신입 / V ] 유하💗 10월 1일이야 벌써!!!,YukineHatsura_,https://cafe.naver.com/yukinehatsura,mysmallvtuber.net,2026-10-01T03:32:36Z
Gwhr7mQdYHrK6sdhFy6j,유키네 하츠라,,chzzk,e077066171ef440e4193c29f2fd9ac14,https://chzzk.naver.com/e077066171ef440e4193c29f2fd9ac14,유키네 하츠라,425,2026-02-20,,2026-10-01 11:36:02,[ 신입 / V ] 유하💗 10월 1일이야 벌써!!!,YukineHatsura_,https://cafe.naver.com/yukinehatsura,mysmallvtuber.net,2026-10-01T03:32:36Z
yS4Rj88VLqXTqAHZQMwK,해블린,,youtube,UCm8cHb6dLX6ZpDsV1DevNFA,https://www.youtube.com/channel/UCm8cHb6dLX6ZpDsV1DevNFA,해블린,7510,2021-09-16,,2026-10-01 12:04:03,[좀밍연고] 안녕하세요 전학생이에요~ ^^,haevelyn__,https://cafe.naver.com/haevelyn,mysmallvtuber.net,2026-10-01T03:32:36Z
yS4Rj88VLqXTqAHZQMwK,해블린,,youtube,UC2vzJvtMCP-hmOwEkgVUw4g,https://www.youtube.com/channel/UC2vzJvtMCP-hmOwEkgVUw4g,해블린풀코스,865,2021-09-16,,2026-10-01 12:04:03,[좀밍연고] 안녕하세요 전학생이에요~ ^^,haevelyn__,https://cafe.naver.com/haevelyn,mysmallvtuber.net,2026-10-01T03:32:36Z
yS4Rj88VLqXTqAHZQMwK,해블린,,chzzk,e14259667937be6e561d28ab156718be,https://chzzk.naver.com/e14259667937be6e561d28ab156718be,해블린,33671,2021-09-16,,2026-10-01 12:04:03,[좀밍연고] 안녕하세요 전학생이에요~ ^^,haevelyn__,https://cafe.naver.com/haevelyn,mysmallvtuber.net,2026-10-01T03:32:36Z
GZADYJxC9fex72MSYZ8p,푸후,,youtube,UC0sWvYDGJTbscoVTw3I05sw,https://www.youtube.com/channel/UC0sWvYDGJTbscoVTw3I05sw,푸후(쌍둥이 아이돌),9170,2023-08-28,,2026-10-01 11:58:03,나의 첫경험을  월급을 룰렛으로 정하기 1시부터 !!-  !굿즈 &10/3 반캠,Puru_Huru_,https://cafe.naver.com/puhu,mysmallvtuber.net,2026-10-01T03:32:36Z
GZADYJxC9fex72MSYZ8p,푸후,,chzzk,2cf1367e97d68909b024b368d2c4683c,https://chzzk.naver.com/2cf1367e97d68909b024b368d2c4683c,푸후,10697,2023-08-28,,2026-10-01 11:58:03,나의 첫경험을  월급을 룰렛으로 정하기 1시부터 !!-  !굿즈 &10/3 반캠,Puru_Huru_,https://cafe.naver.com/puhu,mysmallvtuber.net,2026-10-01T03:32:36Z
mFH8R6XM5wMJQRgcHCNg,로쥬마리,,youtube,UCe-bh49zSgiNuP5Ani7xuOA,https://www.youtube.com/channel/UCe-bh49zSgiNuP5Ani7xuOA,로쥬마리 Rozyumari,5380,2021-07-21,,2026-10-01 11:34:02,뭐했다고 벌써 10월이지٩ʕ◕౪◕ʔو,,https://cafe.naver.com/marifancafe,mysmallvtuber.net,2026-10-01T03:32:36Z
mFH8R6XM5wMJQRgcHCNg,로쥬마리,,youtube,UC7fsMs4UxQYrS1W2fmkKxCw,https://www.youtube.com/channel/UC7fsMs4UxQYrS1W2fmkKxCw,롱쥬마리,516,2021-07-21,,2026-10-01 11:34:02,뭐했다고 벌써 10월이지٩ʕ◕౪◕ʔو,,https://cafe.naver.com/marifancafe,mysmallvtuber.net,2026-10-01T03:32:36Z
mFH8R6XM5wMJQRgcHCNg,로쥬마리,,chzzk,d7fcdd7413c90d58e81f4720273795b2,https://chzzk.naver.com/d7fcdd7413c90d58e81f4720273795b2,로쥬마리,4044,2021-07-21,,2026-10-01 11:34:02,뭐했다고 벌써 10월이지٩ʕ◕౪◕ʔو,,https://cafe.naver.com/marifancafe,mysmallvtuber.net,2026-10-01T03:32:36Z
SCU99nhkZcqLq9QLGGvm,하라페코 모모모 Wishing,Wishing,youtube,UCZ1ZNMMScd8i3PK7qmU1zaA,https://www.youtube.com/channel/UCZ1ZNMMScd8i3PK7qmU1zaA,하라페코 모모모,1930,2024-08-04,,2026-10-01 09:47:02,컴퓨터가 말을 안들어요,wishing_momomo,https://cafe.naver.com/wishinglive,mysmallvtuber.net,2026-10-01T03:32:36Z
SCU99nhkZcqLq9QLGGvm,하라페코 모모모 Wishing,Wishing,youtube,UClsWwCjGMC9_K-QtDLBs8Uw,https://www.youtube.com/channel/UClsWwCjGMC9_K-QtDLBs8Uw,모모모 다시보기,924,2024-08-04,,2026-10-01 09:47:02,컴퓨터가 말을 안들어요,wishing_momomo,https://cafe.naver.com/wishinglive,mysmallvtuber.net,2026-10-01T03:32:36Z
SCU99nhkZcqLq9QLGGvm,하라페코 모모모 Wishing,Wishing,chzzk,cc111c664f8e6a2ce297fd9a52db5636,https://chzzk.naver.com/cc111c664f8e6a2ce297fd9a52db5636,하라페코 모모모 Wishing,7998,2024-08-04,,2026-10-01 09:47:02,컴퓨터가 말을 안들어요,wishing_momomo,https://cafe.naver.com/wishinglive,mysmallvtuber.net,2026-10-01T03:32:36Z
JVMymJbCpDZX6xxAMTJH,미도미도 마요,,youtube,UCls95hH--nOEgKDjR2nKNUA,https://www.youtube.com/channel/UCls95hH--nOEgKDjR2nKNUA,미도미도 마요 Midomido Mayo,26100,2024-11-30,,2026-10-01 12:00:03,날씨가 춥다 이게 날씨지  【Re:AcT KR】,Midomido_Mayo,,mysmallvtuber.net,2026-10-01T03:32:36Z
JVMymJbCpDZX6xxAMTJH,미도미도 마요,,youtube,UC2WcZDV2dHgtJp4H-LscyKA,https://www.youtube.com/channel/UC2WcZDV2dHgtJp4H-LscyKA,미도마요,932,2024-11-30,,2026-10-01 12:00:03,날씨가 춥다 이게 날씨지  【Re:AcT KR】,Midomido_Mayo,,mysmallvtuber.net,2026-10-01T03:32:36Z
JVMymJbCpDZX6xxAMTJH,미도미도 마요,,chzzk,051f034c064edd60d48dee2a47bc0790,https://chzzk.naver.com/051f034c064edd60d48dee2a47bc0790,미도미도 마요,12488,2024-11-30,,2026-10-01 12:00:03,날씨가 춥다 이게 날씨지  【Re:AcT KR】,Midomido_Mayo,,mysmallvtuber.net,2026-10-01T03:32:36Z
5hkbffVfsT4kUnFM9c9p,베쿠♬,,youtube,UCNt2oeh3zRRcvWihLriecMA,https://www.youtube.com/channel/UCNt2oeh3zRRcvWihLriecMA,베쿠 / BEKU,714,2023-10-24,,2026-10-01 09:48:03,아침 유입을 구합니다,,,mysmallvtuber.net,2026-10-01T03:32:36Z
5hkbffVfsT4kUnFM9c9p,베쿠♬,,soop,bekuku,https://ch.sooplive.co.kr/bekuku,베쿠♬,2653,2023-10-24,,2026-10-01 09:48:03,아침 유입을 구합니다,,,mysmallvtuber.net,2026-10-01T03:32:36Z
nDmEG57u6XpyMwrkABpZ,일오 채널,,youtube,UC9K23k9FslXmO_Hzp4I_EVA,https://www.youtube.com/channel/UC9K23k9FslXmO_Hzp4I_EVA,일오,514,2024-11-01,,2026-10-01 11:56:03,🐭  [스타2] 스타크래프트2 늅늅이의 군심! 군림해주겠어요!!,15f_Vtuber,https://cafe.naver.com/15lovesyou,mysmallvtuber.net,2026-10-01T03:32:36Z
nDmEG57u6XpyMwrkABpZ,일오 채널,,chzzk,97bf6a96e19616aba1a5f95e5dc0a901,https://chzzk.naver.com/97bf6a96e19616aba1a5f95e5dc0a901,일오 채널,3676,2024-11-01,,2026-10-01 11:56:03,🐭  [스타2] 스타크래프트2 늅늅이의 군심! 군림해주겠어요!!,15f_Vtuber,https://cafe.naver.com/15lovesyou,mysmallvtuber.net,2026-10-01T03:32:36Z
RrPrGBCaHH3rpfaMn2xD,레우로,,youtube,UCgfbaijcPkUWMw0HOpYuLUw,https://www.youtube.com/channel/UCgfbaijcPkUWMw0HOpYuLUw,Leuro_레우로_レウロ,266,2022-02-26,,2026-10-01 10:06:03,[동시송출] 쁘띠플래닛으로 힐링하며 토크,Leuro_v,https://cafe.naver.com/leurogreen,mysmallvtuber.net,2026-10-01T03:32:36Z
RrPrGBCaHH3rpfaMn2xD,레우로,,chzzk,3ac36eead7d987339191808f06e066db,https://chzzk.naver.com/3ac36eead7d987339191808f06e066db,레우로,882,2022-02-26,,2026-10-01 10:06:03,[동시송출] 쁘띠플래닛으로 힐링하며 토크,Leuro_v,https://cafe.naver.com/leurogreen,mysmallvtuber.net,2026-10-01T03:32:36Z
vSuJLKfRSMxV23DzBk4n,아이탄,,soop,gh0832310,https://ch.sooplive.co.kr/gh0832310,아이탄,113,,,2026-10-01 06:57:03,"[뉴보이] 중학교 1학년 아침뱅 33,330",,,mysmallvtuber.net,2026-10-01T03:32:36Z
ThrSVPVc2LsJMJjsZPLW,리베 Ribe,Ribe,youtube,UCb4UrDI_oYZz2fTKFnEW2Tw,https://www.youtube.com/channel/UCb4UrDI_oYZz2fTKFnEW2Tw,리베 Ribe,5880,2024-08-16,,2026-10-01 09:30:05,【Ribe】 굿모닝 출퇴근 노래🎵ㅣPOUCH POP,Ribe_DD,https://cafe.naver.com/sweetieberi,mysmallvtuber.net,2026-10-01T03:32:36Z
ThrSVPVc2LsJMJjsZPLW,리베 Ribe,Ribe,youtube,UCTxEu-XtGtmJKH6ORwf1K9w,https://www.youtube.com/channel/UCTxEu-XtGtmJKH6ORwf1K9w,리베 Ribe 다시보기,148,2024-08-16,,2026-10-01 09:30:05,【Ribe】 굿모닝 출퇴근 노래🎵ㅣPOUCH POP,Ribe_DD,https://cafe.naver.com/sweetieberi,mysmallvtuber.net,2026-10-01T03:32:36Z
ThrSVPVc2LsJMJjsZPLW,리베 Ribe,Ribe,chzzk,4821f1d1d8359bd740d8d73d7bc284f8,https://chzzk.naver.com/4821f1d1d8359bd740d8d73d7bc284f8,리베 Ribe,3967,2024-08-16,,2026-10-01 09:30:05,【Ribe】 굿모닝 출퇴근 노래🎵ㅣPOUCH POP,Ribe_DD,https://cafe.naver.com/sweetieberi,mysmallvtuber.net,2026-10-01T03:32:36Z
M3Haddk4xFSTG4TycgUj,고뇽찌,,youtube,UCL9OnS4bTOMmTt_5ET6L2Hw,https://www.youtube.com/channel/UCL9OnS4bTOMmTt_5ET6L2Hw,고뇽찌,5930,,,2026-10-01 07:08:03,안녕 새벽 알뇽이 잘 잤니? 나는 안잤엉,,https://cafe.naver.com/gonyongjji,mysmallvtuber.net,2026-10-01T03:32:36Z
M3Haddk4xFSTG4TycgUj,고뇽찌,,chzzk,78d950b1c85bffff10367c4735aa6cfc,https://chzzk.naver.com/78d950b1c85bffff10367c4735aa6cfc,고뇽찌,5962,,,2026-10-01 07:08:03,안녕 새벽 알뇽이 잘 잤니? 나는 안잤엉,,https://cafe.naver.com/gonyongjji,mysmallvtuber.net,2026-10-01T03:32:36Z
8xLPfG8Rv2czPPbDneqT,이 신,,youtube,UCkR_KrJ3K2tteNpPvpNxv2A,https://www.youtube.com/channel/UCkR_KrJ3K2tteNpPvpNxv2A,이 신ᆞVtuber,4690,2024-04-04,,2026-10-01 03:02:03,[봉누도2 | 이랑] 와랄라 신나게! 🌊,_Shin_0405,https://cafe.naver.com/shin0405,mysmallvtuber.net,2026-10-01T03:32:36Z
8xLPfG8Rv2czPPbDneqT,이 신,,youtube,UC3tEMHafVvJCs9ZLLH8jfUA,https://www.youtube.com/channel/UC3tEMHafVvJCs9ZLLH8jfUA,이 신ㆍArchive,2870,2024-04-04,,2026-10-01 03:02:03,[봉누도2 | 이랑] 와랄라 신나게! 🌊,_Shin_0405,https://cafe.naver.com/shin0405,mysmallvtuber.net,2026-10-01T03:32:36Z
8xLPfG8Rv2czPPbDneqT,이 신,,chzzk,8775b3047a658f3f637797c244ba4b34,https://chzzk.naver.com/8775b3047a658f3f637797c244ba4b34,이 신,11587,2024-04-04,,2026-10-01 03:02:03,[봉누도2 | 이랑] 와랄라 신나게! 🌊,_Shin_0405,https://cafe.naver.com/shin0405,mysmallvtuber.net,2026-10-01T03:32:36Z
sJLuzcWn2merHa9HfxCH,루빈 LUVIN,LUVIN,youtube,UCT_zytTjKpU8CPwfwnkxgrQ,https://www.youtube.com/channel/UCT_zytTjKpU8CPwfwnkxgrQ,루빈 Luvin,1240,,,2026-10-01 02:58:03,[그냥서버] 서버 1일차에 문이 닫힌 빚쟁이,luvin_winter_,https://cafe.naver.com/luvinwinter00,mysmallvtuber.net,2026-10-01T03:32:36Z
sJLuzcWn2merHa9HfxCH,루빈 LUVIN,LUVIN,youtube,UC1Hbbzn67K5itZZBbD6B-FQ,https://www.youtube.com/channel/UC1Hbbzn67K5itZZBbD6B-FQ,긴루빈,101,,,2026-10-01 02:58:03,[그냥서버] 서버 1일차에 문이 닫힌 빚쟁이,luvin_winter_,https://cafe.naver.com/luvinwinter00,mysmallvtuber.net,2026-10-01T03:32:36Z
sJLuzcWn2merHa9HfxCH,루빈 LUVIN,LUVIN,chzzk,6bfe9d40bfdc073643e9535b4718423b,https://chzzk.naver.com/6bfe9d40bfdc073643e9535b4718423b,루빈 LUVIN,3048,,,2026-10-01 02:58:03,[그냥서버] 서버 1일차에 문이 닫힌 빚쟁이,luvin_winter_,https://cafe.naver.com/luvinwinter00,mysmallvtuber.net,2026-10-01T03:32:36Z
REr3Xt6rGxTRXyu4uJV8,나팔뿝뿌,,youtube,UCqZz58cgSq8B2jKv8JsHZkA,https://www.youtube.com/channel/UCqZz58cgSq8B2jKv8JsHZkA,나팔뿝뿌,1550,2024-01-06,,2026-10-01 04:31:02,[영도 반의반의반값 1초5원] 자다깼는데요 할 일이 있긴 한데 귀가 심심해서요 작업뱅 안 해봤는데요 일단 켜봤어요,napalpuppu,https://cafe.naver.com/napalpuppu,mysmallvtuber.net,2026-10-01T03:32:36Z
REr3Xt6rGxTRXyu4uJV8,나팔뿝뿌,,youtube,UChc58GFZ2FOorY-S285Kmmw,https://www.youtube.com/channel/UChc58GFZ2FOorY-S285Kmmw,나팔뿝뿌 다시보기,279,2024-01-06,,2026-10-01 04:31:02,[영도 반의반의반값 1초5원] 자다깼는데요 할 일이 있긴 한데 귀가 심심해서요 작업뱅 안 해봤는데요 일단 켜봤어요,napalpuppu,https://cafe.naver.com/napalpuppu,mysmallvtuber.net,2026-10-01T03:32:36Z
REr3Xt6rGxTRXyu4uJV8,나팔뿝뿌,,chzzk,05fe6d7cecce71ac727f6b7124b05e29,https://chzzk.naver.com/05fe6d7cecce71ac727f6b7124b05e29,나팔뿝뿌,3588,2024-01-06,,2026-10-01 04:31:02,[영도 반의반의반값 1초5원] 자다깼는데요 할 일이 있긴 한데 귀가 심심해서요 작업뱅 안 해봤는데요 일단 켜봤어요,napalpuppu,https://cafe.naver.com/napalpuppu,mysmallvtuber.net,2026-10-01T03:32:36Z
auZrzjzY3DNDe3Qt5AWz,G 담 유,G,youtube,UC3oqN0f-fuxT1QTESDB8aGw,https://www.youtube.com/channel/UC3oqN0f-fuxT1QTESDB8aGw,G담유,51,2025-09-28,,2026-10-01 05:17:02,담유담유,GDAMYOU,,mysmallvtuber.net,2026-10-01T03:32:36Z
auZrzjzY3DNDe3Qt5AWz,G 담 유,G,youtube,UCbck4Aa3uM9c7rtrbF-4-GA,https://www.youtube.com/channel/UCbck4Aa3uM9c7rtrbF-4-GA,G담유 다시보기,10,2025-09-28,,2026-10-01 05:17:02,담유담유,GDAMYOU,,mysmallvtuber.net,2026-10-01T03:32:36Z
auZrzjzY3DNDe3Qt5AWz,G 담 유,G,chzzk,6740609e358698ff0f33e6b0f3f0f171,https://chzzk.naver.com/6740609e358698ff0f33e6b0f3f0f171,G 담 유,541,2025-09-28,,2026-10-01 05:17:02,담유담유,GDAMYOU,,mysmallvtuber.net,2026-10-01T03:32:36Z
TGXXzSc394XT55WdcTzQ,호로라 Horora,Horora,youtube,UCpt1bIJIzBRsMzAC6XyIXqQ,https://www.youtube.com/channel/UCpt1bIJIzBRsMzAC6XyIXqQ,호로라,12000,,,2026-10-01 02:26:02,🩸공포의 공포게임 ㄷㄷ [휠체어 탄 남자 2]💀,,https://cafe.naver.com/hxrxra,mysmallvtuber.net,2026-10-01T03:32:36Z
TGXXzSc394XT55WdcTzQ,호로라 Horora,Horora,chzzk,b54e6349785f789d10edc822c0ef4b89,https://chzzk.naver.com/b54e6349785f789d10edc822c0ef4b89,호로라 Horora,1726,,,2026-10-01 02:26:02,🩸공포의 공포게임 ㄷㄷ [휠체어 탄 남자 2]💀,,https://cafe.naver.com/hxrxra,mysmallvtuber.net,2026-10-01T03:32:36Z
ubPNDRKaYk4XWgGV8zf7,미호 콘코드 Miho Concord,Miho Concord,youtube,UCj3m5yiHnImxRAoQ_btYr6g,https://www.youtube.com/channel/UCj3m5yiHnImxRAoQ_btYr6g,【V】紺紅土みほ　Miho Concord ch.,744,2021-01-14,,2026-10-01 01:32:03,광기의 3게임 가챠 파티  【Vtuber/일본어/한국어OK】,Mihoming_2021,https://discord.com/invite/aNAgyPuyPx,mysmallvtuber.net,2026-10-01T03:32:36Z
ubPNDRKaYk4XWgGV8zf7,미호 콘코드 Miho Concord,Miho Concord,chzzk,24f5b5a031da2c173a8aaab088790194,https://chzzk.naver.com/24f5b5a031da2c173a8aaab088790194,미호 콘코드 Miho Concord,608,2021-01-14,,2026-10-01 01:32:03,광기의 3게임 가챠 파티  【Vtuber/일본어/한국어OK】,Mihoming_2021,https://discord.com/invite/aNAgyPuyPx,mysmallvtuber.net,2026-10-01T03:32:36Z
NSqSjecbz5bKJJGeQ2n9,연소화 Sohwa,Sohwa,youtube,UCbxdfLS75bq3G6aRPYHLpkQ,https://www.youtube.com/channel/UCbxdfLS75bq3G6aRPYHLpkQ,연소화 Yeonsohwa,1240,2025-04-23,,2026-10-01 01:22:03,"회식하는 날은 너무 피곤해..,ㅠ",YeonSoHwa,https://discord.com/invite/35tCGGzRuq,mysmallvtuber.net,2026-10-01T03:32:36Z
NSqSjecbz5bKJJGeQ2n9,연소화 Sohwa,Sohwa,youtube,UC7aBYiucoc2TWoQBGvy-fHw,https://www.youtube.com/channel/UC7aBYiucoc2TWoQBGvy-fHw,연소화 다시보기,63,2025-04-23,,2026-10-01 01:22:03,"회식하는 날은 너무 피곤해..,ㅠ",YeonSoHwa,https://discord.com/invite/35tCGGzRuq,mysmallvtuber.net,2026-10-01T03:32:36Z
NSqSjecbz5bKJJGeQ2n9,연소화 Sohwa,Sohwa,chzzk,bc630aa88c2753dbac14a09fd4901890,https://chzzk.naver.com/bc630aa88c2753dbac14a09fd4901890,연소화 Sohwa,1012,2025-04-23,,2026-10-01 01:22:03,"회식하는 날은 너무 피곤해..,ㅠ",YeonSoHwa,https://discord.com/invite/35tCGGzRuq,mysmallvtuber.net,2026-10-01T03:32:36Z
6fXFACkdFSuKvWgPbaWw,도롱챠,,chzzk,539ddad723de57dcbff8b11f27877a90,https://chzzk.naver.com/539ddad723de57dcbff8b11f27877a90,도롱챠,29238,2020-12-08,,2026-10-01 01:56:03,수요일,,,mysmallvtuber.net,2026-10-01T03:32:36Z
Ttx6xMPYv63C7Sfvaa2Q,우 유 니,,youtube,UC_G0_yfkGVZbnbKq-c9DSYg,https://www.youtube.com/channel/UC_G0_yfkGVZbnbKq-c9DSYg,우유니,4130,2025-06-09,,2026-09-30 23:53:02,눈떠보니 추석이 스킵됐어 :<,Uynui55,,mysmallvtuber.net,2026-10-01T03:32:36Z
Ttx6xMPYv63C7Sfvaa2Q,우 유 니,,youtube,UCoyXkQo3SXmL7zh0IOCvvZw,https://www.youtube.com/channel/UCoyXkQo3SXmL7zh0IOCvvZw,우유니다시보기,139,2025-06-09,,2026-09-30 23:53:02,눈떠보니 추석이 스킵됐어 :<,Uynui55,,mysmallvtuber.net,2026-10-01T03:32:36Z
Ttx6xMPYv63C7Sfvaa2Q,우 유 니,,chzzk,2a785e0fceded1ebe9211d0c2060710e,https://chzzk.naver.com/2a785e0fceded1ebe9211d0c2060710e,우 유 니,8263,2025-06-09,,2026-09-30 23:53:02,눈떠보니 추석이 스킵됐어 :<,Uynui55,,mysmallvtuber.net,2026-10-01T03:32:36Z
FHzTW9VLDmrMhu7SaeGa,매화린 Maehwarin,Maehwarin,youtube,UCOArnjXiiLnaI9u7T8pIuOA,https://www.youtube.com/channel/UCOArnjXiiLnaI9u7T8pIuOA,매화린 Maehwarin,1680,2025-11-08,,2026-10-01 05:26:02,[사령화] 교배하자,Maehwarin_SRH3,https://cafe.naver.com/grimproduction,mysmallvtuber.net,2026-10-01T03:32:36Z
FHzTW9VLDmrMhu7SaeGa,매화린 Maehwarin,Maehwarin,chzzk,c62ac389ebfc8942302298df5e9cd71b,https://chzzk.naver.com/c62ac389ebfc8942302298df5e9cd71b,매화린 Maehwarin,4787,2025-11-08,,2026-10-01 05:26:02,[사령화] 교배하자,Maehwarin_SRH3,https://cafe.naver.com/grimproduction,mysmallvtuber.net,2026-10-01T03:32:36Z
jJ2NQWzL4aZsTCtmm8Gu,사야 세리카,,youtube,UCYE_P_X3dJt1I1xjiiBWTtw,https://www.youtube.com/channel/UCYE_P_X3dJt1I1xjiiBWTtw,SAYA SERICA 사야 세리카 ch.,1100,2025-03-15,,2026-10-01 00:28:03,저를 사랑해주시는 건가용? 기뻐용 히히,Otome_scarlet,https://cafe.naver.com/otometale,mysmallvtuber.net,2026-10-01T03:32:36Z
jJ2NQWzL4aZsTCtmm8Gu,사야 세리카,,youtube,UCsl0EW6-DboEVsJoPoPIzwg,https://www.youtube.com/channel/UCsl0EW6-DboEVsJoPoPIzwg,사야 세리카 다시보기,125,2025-03-15,,2026-10-01 00:28:03,저를 사랑해주시는 건가용? 기뻐용 히히,Otome_scarlet,https://cafe.naver.com/otometale,mysmallvtuber.net,2026-10-01T03:32:36Z
jJ2NQWzL4aZsTCtmm8Gu,사야 세리카,,chzzk,4a372ebe1371e867cf160dcd4deeaf2c,https://chzzk.naver.com/4a372ebe1371e867cf160dcd4deeaf2c,사야 세리카,1665,2025-03-15,,2026-10-01 00:28:03,저를 사랑해주시는 건가용? 기뻐용 히히,Otome_scarlet,https://cafe.naver.com/otometale,mysmallvtuber.net,2026-10-01T03:32:36Z
4YcE3z5WmCxNHAHkxynv,나송진,,youtube,UC16TqNvgNg5TFBlRP3p98aA,https://www.youtube.com/channel/UC16TqNvgNg5TFBlRP3p98aA,나송진,138,2024-10-24,,2026-10-01 01:29:02,9월의 마지막에 집에서 워터파크 개장함..이런샤가...ㄹ...,NaSongjin,https://discord.gg/NrQWG2hzYB,mysmallvtuber.net,2026-10-01T03:32:36Z
4YcE3z5WmCxNHAHkxynv,나송진,,chzzk,74e79142b1db379dce32040c7ba3316e,https://chzzk.naver.com/74e79142b1db379dce32040c7ba3316e,나송진,685,2024-10-24,,2026-10-01 01:29:02,9월의 마지막에 집에서 워터파크 개장함..이런샤가...ㄹ...,NaSongjin,https://discord.gg/NrQWG2hzYB,mysmallvtuber.net,2026-10-01T03:32:36Z
kamF4vkcVUPhyHSFhZh7,이토리,,youtube,UCISU8_2d0NH12obgRQD9fmA,https://www.youtube.com/channel/UCISU8_2d0NH12obgRQD9fmA,이토리 다시보기,740,,,2026-10-01 01:14:03,토리가오랜만에왔는데보러와줘!!!!!!!!!!!!,itorilv1,https://cafe.naver.com/itoria,mysmallvtuber.net,2026-10-01T03:32:36Z
kamF4vkcVUPhyHSFhZh7,이토리,,chzzk,ecf489fb67472a4a3d71909942132a9c,https://chzzk.naver.com/ecf489fb67472a4a3d71909942132a9c,이토리,932,,,2026-10-01 01:14:03,토리가오랜만에왔는데보러와줘!!!!!!!!!!!!,itorilv1,https://cafe.naver.com/itoria,mysmallvtuber.net,2026-10-01T03:32:36Z
JBQjfvKgZQYQMxMgeNHe,짤녀와 많쿠만in텟슈,in,youtube,UCJ-soEmJLdj_fSpBU5RpQyg,https://www.youtube.com/channel/UCJ-soEmJLdj_fSpBU5RpQyg,짤녀와 많쿠만in텟슈,1970,2024-04-10,,2026-10-01 02:28:02,구독리스트작성하깅,zo90000___,https://cafe.naver.com/90000man,mysmallvtuber.net,2026-10-01T03:32:36Z
JBQjfvKgZQYQMxMgeNHe,짤녀와 많쿠만in텟슈,in,youtube,UCJ-soEmJLdj_fSpBU5RpQyg,https://www.youtube.com/channel/UCJ-soEmJLdj_fSpBU5RpQyg,짤녀와 많쿠만in텟슈,1970,2024-04-10,,2026-10-01 02:28:02,구독리스트작성하깅,zo90000___,https://cafe.naver.com/90000man,mysmallvtuber.net,2026-10-01T03:32:36Z
JBQjfvKgZQYQMxMgeNHe,짤녀와 많쿠만in텟슈,in,chzzk,9ce95ae0f4a9c2fc99b5ecba1ba91cb7,https://chzzk.naver.com/9ce95ae0f4a9c2fc99b5ecba1ba91cb7,짤녀와 많쿠만in텟슈,3130,2024-04-10,,2026-10-01 02:28:02,구독리스트작성하깅,zo90000___,https://cafe.naver.com/90000man,mysmallvtuber.net,2026-10-01T03:32:36Z
YG698BDGw63RNjRpYu7j,샤켓,,youtube,UCfxb88EGB-o7z4UDlOAJGJQ,https://www.youtube.com/channel/UCfxb88EGB-o7z4UDlOAJGJQ,샤켓 SHACET,143,2022-01-04,,2026-10-01 03:10:06,바뿌다ㅏ오랜만! 달디 단 밤 짧뱅~ ( 모비노기 아이라 / 빙결술사 ),sha_cet,https://cafe.naver.com/shacett,mysmallvtuber.net,2026-10-01T03:32:36Z
YG698BDGw63RNjRpYu7j,샤켓,,youtube,UCEDPz-Hu-SuRQlFgwylmjGQ,https://www.youtube.com/channel/UCEDPz-Hu-SuRQlFgwylmjGQ,샤켓 토크,98,2022-01-04,,2026-10-01 03:10:06,바뿌다ㅏ오랜만! 달디 단 밤 짧뱅~ ( 모비노기 아이라 / 빙결술사 ),sha_cet,https://cafe.naver.com/shacett,mysmallvtuber.net,2026-10-01T03:32:36Z
YG698BDGw63RNjRpYu7j,샤켓,,chzzk,949ae8645613f060665ab4439ff9d8d4,https://chzzk.naver.com/949ae8645613f060665ab4439ff9d8d4,샤켓,1833,2022-01-04,,2026-10-01 03:10:06,바뿌다ㅏ오랜만! 달디 단 밤 짧뱅~ ( 모비노기 아이라 / 빙결술사 ),sha_cet,https://cafe.naver.com/shacett,mysmallvtuber.net,2026-10-01T03:32:36Z
szGUsTc5Db3PzzqxKaUC,그나로,,youtube,UCIrfspU4YLMa6hO7aXx1kUg,https://www.youtube.com/channel/UCIrfspU4YLMa6hO7aXx1kUg,그나로 Gnaro,1650,,,2026-10-01 00:28:03,"✨[영도데이] AI, 노래추천 말고 웃긴거",Uta_Gnaro,https://cafe.naver.com/gnaro,mysmallvtuber.net,2026-10-01T03:32:36Z
szGUsTc5Db3PzzqxKaUC,그나로,,youtube,UCPkDaVJCvfd9O8Wo4G2oIeQ,https://www.youtube.com/channel/UCPkDaVJCvfd9O8Wo4G2oIeQ,그나로 다시보기,147,,,2026-10-01 00:28:03,"✨[영도데이] AI, 노래추천 말고 웃긴거",Uta_Gnaro,https://cafe.naver.com/gnaro,mysmallvtuber.net,2026-10-01T03:32:36Z
szGUsTc5Db3PzzqxKaUC,그나로,,chzzk,f4c2ff0be58895c211652674f2f19ffa,https://chzzk.naver.com/f4c2ff0be58895c211652674f2f19ffa,그나로,2391,,,2026-10-01 00:28:03,"✨[영도데이] AI, 노래추천 말고 웃긴거",Uta_Gnaro,https://cafe.naver.com/gnaro,mysmallvtuber.net,2026-10-01T03:32:36Z
cXGzkeduaywDmX36bJ8h,스텔레쨩,,chzzk,cbf4e8c0a64f2edc1820e3fd1ce6c5ef,https://chzzk.naver.com/cbf4e8c0a64f2edc1820e3fd1ce6c5ef,스텔레쨩,543,2024-09-20,,2026-10-01 00:33:02,자기전 스텔레  [버미육] !굿즈,stelle_scarlett,https://discord.gg/QgsTEXKZgB,mysmallvtuber.net,2026-10-01T03:32:36Z
Kw5VQDfQDrvgUWDLGGXk,밍턴_,,youtube,UC1IX083pPBnLiRDxfYeKjcg,https://www.youtube.com/channel/UC1IX083pPBnLiRDxfYeKjcg,밍턴 Mingturn,40100,2021-07-19,,2026-10-01 00:07:03,🌟띵조데이 빠른대리가챠🌟 // 밍단콘 한정굿즈 발매 !굿즈,mingturn97,https://cafe.naver.com/mingturn,mysmallvtuber.net,2026-10-01T03:32:36Z
Kw5VQDfQDrvgUWDLGGXk,밍턴_,,youtube,UCH17TIVS-ux2orQDHn23RDw,https://www.youtube.com/channel/UCH17TIVS-ux2orQDHn23RDw,밍턴  Mingturn Music Official,5990,2021-07-19,,2026-10-01 00:07:03,🌟띵조데이 빠른대리가챠🌟 // 밍단콘 한정굿즈 발매 !굿즈,mingturn97,https://cafe.naver.com/mingturn,mysmallvtuber.net,2026-10-01T03:32:36Z
Kw5VQDfQDrvgUWDLGGXk,밍턴_,,soop,mingturn97,https://ch.sooplive.co.kr/mingturn97,밍턴_,26218,2021-07-19,,2026-10-01 00:07:03,🌟띵조데이 빠른대리가챠🌟 // 밍단콘 한정굿즈 발매 !굿즈,mingturn97,https://cafe.naver.com/mingturn,mysmallvtuber.net,2026-10-01T03:32:36Z
8SakwbsJRGa73nBCdbcJ,쵸요링,,youtube,UCZH33EqbIaft5m3_CIrQDiQ,https://www.youtube.com/channel/UCZH33EqbIaft5m3_CIrQDiQ,쵸요링,12300,2022-11-02,,2026-10-01 03:02:03,쫄보,nadayaho_,https://cafe.naver.com/nadyaho,mysmallvtuber.net,2026-10-01T03:32:36Z
8SakwbsJRGa73nBCdbcJ,쵸요링,,chzzk,e008490d3464797704feac3b9ad8fe67,https://chzzk.naver.com/e008490d3464797704feac3b9ad8fe67,쵸요링,5023,2022-11-02,,2026-10-01 03:02:03,쫄보,nadayaho_,https://cafe.naver.com/nadyaho,mysmallvtuber.net,2026-10-01T03:32:36Z
x4W8BvHyhBXQDJhgwQVs,마냐나,,youtube,UCMEtLT7PFwWES9ho8BhNM4w,https://www.youtube.com/channel/UCMEtLT7PFwWES9ho8BhNM4w,마냐나,605,2023-05-10,,2026-10-01 02:09:03,42빌드 처음 해본 좀린이 등쟈ㅇ૮꒰ྀི ˶˃̵ ^ ˂̵˵ ꒱ྀིა,manyana158,https://cafe.naver.com/manyana158,mysmallvtuber.net,2026-10-01T03:32:36Z
x4W8BvHyhBXQDJhgwQVs,마냐나,,youtube,UC7hxHMdP2KRq3mCS2G8Pqlg,https://www.youtube.com/channel/UC7hxHMdP2KRq3mCS2G8Pqlg,다시만냐,268,2023-05-10,,2026-10-01 02:09:03,42빌드 처음 해본 좀린이 등쟈ㅇ૮꒰ྀི ˶˃̵ ^ ˂̵˵ ꒱ྀིა,manyana158,https://cafe.naver.com/manyana158,mysmallvtuber.net,2026-10-01T03:32:36Z
x4W8BvHyhBXQDJhgwQVs,마냐나,,chzzk,f4022e7c7403c765dda995b30369577c,https://chzzk.naver.com/f4022e7c7403c765dda995b30369577c,마냐나,1411,2023-05-10,,2026-10-01 02:09:03,42빌드 처음 해본 좀린이 등쟈ㅇ૮꒰ྀི ˶˃̵ ^ ˂̵˵ ꒱ྀིა,manyana158,https://cafe.naver.com/manyana158,mysmallvtuber.net,2026-10-01T03:32:36Z
38CnARGRMngP8xLJbkMU,유나욘,,youtube,UCx8zoL_sTds7wJahHG2c_Zg,https://www.youtube.com/channel/UCx8zoL_sTds7wJahHG2c_Zg,유나욘 YOUNAYON,1190,2024-06-20,,2026-09-30 23:55:03,그니까 이거 메카?물인건가요? (っ °Д °;)っ,,https://cafe.naver.com/yontie,mysmallvtuber.net,2026-10-01T03:32:36Z
38CnARGRMngP8xLJbkMU,유나욘,,chzzk,652abc4f57f73627fd3b63c1acb46735,https://chzzk.naver.com/652abc4f57f73627fd3b63c1acb46735,유나욘,1809,2024-06-20,,2026-09-30 23:55:03,그니까 이거 메카?물인건가요? (っ °Д °;)っ,,https://cafe.naver.com/yontie,mysmallvtuber.net,2026-10-01T03:32:36Z
k5pduGPFCS3ycGf8aUgQ,이호 E2HO,E2HO,youtube,UCfSRLly_Yah1pzu3WWreNDw,https://www.youtube.com/channel/UCfSRLly_Yah1pzu3WWreNDw,이호 E2HO,68,2024-11-22,,2026-10-01 01:42:02,[V/유입환영] 애니모 1일차!,E2HO_,,mysmallvtuber.net,2026-10-01T03:32:36Z
k5pduGPFCS3ycGf8aUgQ,이호 E2HO,E2HO,youtube,UCg5LtJRJtHIxOudjxSyfaLQ,https://www.youtube.com/channel/UCg5LtJRJtHIxOudjxSyfaLQ,풀버전이호,10,2024-11-22,,2026-10-01 01:42:02,[V/유입환영] 애니모 1일차!,E2HO_,,mysmallvtuber.net,2026-10-01T03:32:36Z
k5pduGPFCS3ycGf8aUgQ,이호 E2HO,E2HO,chzzk,21a7930c695a00f84d432bf4f9a9d158,https://chzzk.naver.com/21a7930c695a00f84d432bf4f9a9d158,이호 E2HO,807,2024-11-22,,2026-10-01 01:42:02,[V/유입환영] 애니모 1일차!,E2HO_,,mysmallvtuber.net,2026-10-01T03:32:36Z
L4QdxkE5u3X4NAjqmPXD,므메 mume,mume,youtube,UC2ip4HC1PemGNePtle6eKdg,https://www.youtube.com/channel/UC2ip4HC1PemGNePtle6eKdg,므메 mume,39,2025-11-07,,2026-10-01 03:48:03,˚₊‧꒰ა[띵엘표류기]  re:제로 ໒꒱ ‧₊˚,muemei1107,https://cafe.naver.com/muemeicafe,mysmallvtuber.net,2026-10-01T03:32:36Z
L4QdxkE5u3X4NAjqmPXD,므메 mume,mume,chzzk,1719cd70a390172a286f31eeea644272,https://chzzk.naver.com/1719cd70a390172a286f31eeea644272,므메 mume,821,2025-11-07,,2026-10-01 03:48:03,˚₊‧꒰ა[띵엘표류기]  re:제로 ໒꒱ ‧₊˚,muemei1107,https://cafe.naver.com/muemeicafe,mysmallvtuber.net,2026-10-01T03:32:36Z
zrSpCUeMGqbWe2LPc66H,유메아쿠 코롯,,youtube,UCWtBvoh1wYrOx33DHXOBx_A,https://www.youtube.com/channel/UCWtBvoh1wYrOx33DHXOBx_A,유메아쿠 코롯 YUMEAKU COLOT,1620,2025-08-02,,2026-10-01 01:59:03,엣취콜록콜록엣치콜록코롯,colot0509,https://cafe.naver.com/studiosegno,mysmallvtuber.net,2026-10-01T03:32:36Z
zrSpCUeMGqbWe2LPc66H,유메아쿠 코롯,,chzzk,8b6ddefc6d8df5a5c6bc2e00aa0999f2,https://chzzk.naver.com/8b6ddefc6d8df5a5c6bc2e00aa0999f2,유메아쿠 코롯,1303,2025-08-02,,2026-10-01 01:59:03,엣취콜록콜록엣치콜록코롯,colot0509,https://cafe.naver.com/studiosegno,mysmallvtuber.net,2026-10-01T03:32:36Z
AHDEAyxcZwpyMfmju4rP,도엔 Doen,Doen,youtube,UCdWce0Ze5i9iwm3PM-oSoqQ,https://www.youtube.com/channel/UCdWce0Ze5i9iwm3PM-oSoqQ,도엔 디스크 (D:),110,2025-09-20,,2026-10-01 02:47:02,【V-ARA】 새로운 노동요를 들어봐★,doen_ronea,https://cafe.naver.com/novasac,mysmallvtuber.net,2026-10-01T03:32:36Z
AHDEAyxcZwpyMfmju4rP,도엔 Doen,Doen,chzzk,d777edf28d4e27ee8449bf465d36a693,https://chzzk.naver.com/d777edf28d4e27ee8449bf465d36a693,도엔 Doen,924,2025-09-20,,2026-10-01 02:47:02,【V-ARA】 새로운 노동요를 들어봐★,doen_ronea,https://cafe.naver.com/novasac,mysmallvtuber.net,2026-10-01T03:32:36Z
YB8AgBYtqeq2xXdxjVck,쿠로바,,youtube,UCLv2H3BKhfO1h3_ZuUH00xA,https://www.youtube.com/channel/UCLv2H3BKhfO1h3_ZuUH00xA,쿠로바 Kurova,10,2024-05-27,,2026-09-30 23:14:03,있잖아... 그거 말이야... 야근!,kuro_va,,mysmallvtuber.net,2026-10-01T03:32:36Z
YB8AgBYtqeq2xXdxjVck,쿠로바,,chzzk,47dad440b5ec9f2082aea82529bfb065,https://chzzk.naver.com/47dad440b5ec9f2082aea82529bfb065,쿠로바,2009,2024-05-27,,2026-09-30 23:14:03,있잖아... 그거 말이야... 야근!,kuro_va,,mysmallvtuber.net,2026-10-01T03:32:36Z
uKNfrN8xnySNxdWsXCmV,꾸이링,,youtube,UCbxsSGvSbl3HeWno4jxTCHg,https://www.youtube.com/channel/UCbxsSGvSbl3HeWno4jxTCHg,꾸이링튜브,1020,2020-02-07,,2026-10-01 01:48:03,노오뤠,0guiling01,https://cafe.naver.com/guiling,mysmallvtuber.net,2026-10-01T03:32:36Z
uKNfrN8xnySNxdWsXCmV,꾸이링,,youtube,UC4xN-bNVarW_gH5WWAjiZxg,https://www.youtube.com/channel/UC4xN-bNVarW_gH5WWAjiZxg,꾸이링다시보기,754,2020-02-07,,2026-10-01 01:48:03,노오뤠,0guiling01,https://cafe.naver.com/guiling,mysmallvtuber.net,2026-10-01T03:32:36Z
uKNfrN8xnySNxdWsXCmV,꾸이링,,chzzk,27b38f9ce948643d639f6abfc2788b15,https://chzzk.naver.com/27b38f9ce948643d639f6abfc2788b15,꾸이링,3877,2020-02-07,,2026-10-01 01:48:03,노오뤠,0guiling01,https://cafe.naver.com/guiling,mysmallvtuber.net,2026-10-01T03:32:36Z
zRmt4q3daX7rba9zX5Re,묘현,,youtube,UCra5umS649V6OGqWUYEninw,https://www.youtube.com/channel/UCra5umS649V6OGqWUYEninw,묘정비소 기록실,2050,2023-02-20,,2026-10-01 03:01:03,마크의 달인! 블루팀 늦은 합류!,myo_planet0220,https://cafe.naver.com/retale0203,mysmallvtuber.net,2026-10-01T03:32:36Z
zRmt4q3daX7rba9zX5Re,묘현,,youtube,UCA84uz0lgwYy0u7F_zCjptg,https://www.youtube.com/channel/UCA84uz0lgwYy0u7F_zCjptg,묘현 다시보기,703,2023-02-20,,2026-10-01 03:01:03,마크의 달인! 블루팀 늦은 합류!,myo_planet0220,https://cafe.naver.com/retale0203,mysmallvtuber.net,2026-10-01T03:32:36Z
zRmt4q3daX7rba9zX5Re,묘현,,chzzk,1b55e07f8d3cdf58334796ed76cd9699,https://chzzk.naver.com/1b55e07f8d3cdf58334796ed76cd9699,묘현,4192,2023-02-20,,2026-10-01 03:01:03,마크의 달인! 블루팀 늦은 합류!,myo_planet0220,https://cafe.naver.com/retale0203,mysmallvtuber.net,2026-10-01T03:32:36Z
3L3cgNPDrv3muZz5w5YY,HERA 헤라,HERA,youtube,UCvBwk3Dho_QT-hJ8lSsEA0Q,https://www.youtube.com/channel/UCvBwk3Dho_QT-hJ8lSsEA0Q,헤라헤라,3740,2024-02-24,,2026-10-01 01:06:03,{봉누도2} 🐇헤간호 출근 11일차!! 연애사업 1일차♥️,HERA_with_you,,mysmallvtuber.net,2026-10-01T03:32:36Z
3L3cgNPDrv3muZz5w5YY,HERA 헤라,HERA,youtube,UCNgPrSBQFG_WSzSjmuuPAmg,https://www.youtube.com/channel/UCNgPrSBQFG_WSzSjmuuPAmg,헤라_다시보기,2070,2024-02-24,,2026-10-01 01:06:03,{봉누도2} 🐇헤간호 출근 11일차!! 연애사업 1일차♥️,HERA_with_you,,mysmallvtuber.net,2026-10-01T03:32:36Z
3L3cgNPDrv3muZz5w5YY,HERA 헤라,HERA,chzzk,b14e49789bae3c00b6b4c98d60ff036d,https://chzzk.naver.com/b14e49789bae3c00b6b4c98d60ff036d,HERA 헤라,12474,2024-02-24,,2026-10-01 01:06:03,{봉누도2} 🐇헤간호 출근 11일차!! 연애사업 1일차♥️,HERA_with_you,,mysmallvtuber.net,2026-10-01T03:32:36Z
QBGnjNuTykVh8kEMcfWz,코기사와 코코로,,youtube,UCLk9evD-qCmBgw3SgHYhjBw,https://www.youtube.com/channel/UCLk9evD-qCmBgw3SgHYhjBw,코기사와 코코로,442,2025-07-01,,2026-10-01 02:37:02,대리뽑 해주는데 내꺼 빼고 다 반천뽑,GNZ_kokoro,https://cafe.naver.com/gnz1234,mysmallvtuber.net,2026-10-01T03:32:36Z
QBGnjNuTykVh8kEMcfWz,코기사와 코코로,,youtube,UCxIuHMZfqV5_BuqSEpTc0fQ,https://www.youtube.com/channel/UCxIuHMZfqV5_BuqSEpTc0fQ,코기사와 코코로 다시보기,350,2025-07-01,,2026-10-01 02:37:02,대리뽑 해주는데 내꺼 빼고 다 반천뽑,GNZ_kokoro,https://cafe.naver.com/gnz1234,mysmallvtuber.net,2026-10-01T03:32:36Z
QBGnjNuTykVh8kEMcfWz,코기사와 코코로,,chzzk,1d19dc348fdf699e63885944b49ff60c,https://chzzk.naver.com/1d19dc348fdf699e63885944b49ff60c,코기사와 코코로,2768,2025-07-01,,2026-10-01 02:37:02,대리뽑 해주는데 내꺼 빼고 다 반천뽑,GNZ_kokoro,https://cafe.naver.com/gnz1234,mysmallvtuber.net,2026-10-01T03:32:36Z
fQLy9JhgguSg7A37MXNc,이츠미 세요,,youtube,UCuDqB7mzh9IDxrk-TwsFf5w,https://www.youtube.com/channel/UCuDqB7mzh9IDxrk-TwsFf5w,이츠미 세요 ITSUMI SEYO,413,2026-02-08,,2026-10-01 01:35:05,치지직 대표 섹띠 이세요,ItsumiSeyo,https://cafe.naver.com/itsumiseyo,mysmallvtuber.net,2026-10-01T03:32:36Z
fQLy9JhgguSg7A37MXNc,이츠미 세요,,youtube,UCFgNwppRUr0RpSkD5A8tzoQ,https://www.youtube.com/channel/UCFgNwppRUr0RpSkD5A8tzoQ,여기보 세요,53,2026-02-08,,2026-10-01 01:35:05,치지직 대표 섹띠 이세요,ItsumiSeyo,https://cafe.naver.com/itsumiseyo,mysmallvtuber.net,2026-10-01T03:32:36Z
fQLy9JhgguSg7A37MXNc,이츠미 세요,,chzzk,b4a361de2b3575c09b92cc2ef358925f,https://chzzk.naver.com/b4a361de2b3575c09b92cc2ef358925f,이츠미 세요,1402,2026-02-08,,2026-10-01 01:35:05,치지직 대표 섹띠 이세요,ItsumiSeyo,https://cafe.naver.com/itsumiseyo,mysmallvtuber.net,2026-10-01T03:32:36Z
nmbrz2NUBhGnTXCvndPz,니르 Niru,Niru,youtube,UCNBofPSLWBI-LNMMoy_ua2Q,https://www.youtube.com/channel/UCNBofPSLWBI-LNMMoy_ua2Q,니르,12600,2025-05-10,,2026-10-01 03:06:03,봉누도2 오뒤세는 내일 쉬고 오겠스빈다,status_niru,https://cafe.naver.com/statopen,mysmallvtuber.net,2026-10-01T03:32:36Z
nmbrz2NUBhGnTXCvndPz,니르 Niru,Niru,youtube,UCqDNVtDFIUJzeZSBO88QVsg,https://www.youtube.com/channel/UCqDNVtDFIUJzeZSBO88QVsg,니르 다시보기,921,2025-05-10,,2026-10-01 03:06:03,봉누도2 오뒤세는 내일 쉬고 오겠스빈다,status_niru,https://cafe.naver.com/statopen,mysmallvtuber.net,2026-10-01T03:32:36Z
nmbrz2NUBhGnTXCvndPz,니르 Niru,Niru,chzzk,e0b11eab54ad5ecf2306fdd2d7e4f5c2,https://chzzk.naver.com/e0b11eab54ad5ecf2306fdd2d7e4f5c2,니르 Niru,8734,2025-05-10,,2026-10-01 03:06:03,봉누도2 오뒤세는 내일 쉬고 오겠스빈다,status_niru,https://cafe.naver.com/statopen,mysmallvtuber.net,2026-10-01T03:32:36Z
3xdppdqDKpd9snAXkeL7,루리아Ruria,Ruria,youtube,UCCypnUxMAPJ55XjSRjpxgTg,https://www.youtube.com/channel/UCCypnUxMAPJ55XjSRjpxgTg,루리아,614,,,2026-10-01 01:03:03,"오늘은 발헤임하는 날!  (검은달밤, 노작, 백서빈)",Ru__Ri_A,https://cafe.naver.com/ruriacandy,mysmallvtuber.net,2026-10-01T03:32:36Z
3xdppdqDKpd9snAXkeL7,루리아Ruria,Ruria,chzzk,aac9c3eb8e66d3caf47924074386fdc5,https://chzzk.naver.com/aac9c3eb8e66d3caf47924074386fdc5,루리아Ruria,864,,,2026-10-01 01:03:03,"오늘은 발헤임하는 날!  (검은달밤, 노작, 백서빈)",Ru__Ri_A,https://cafe.naver.com/ruriacandy,mysmallvtuber.net,2026-10-01T03:32:36Z
RYnb8LPnfUp5ZUqpmVO3,퀸슈아,,youtube,UCzJBAM84jcC15C2ZTleGsNg,https://www.youtube.com/channel/UCzJBAM84jcC15C2ZTleGsNg,퀸슈아 ShuA,5270,2022-06-18,,2026-09-30 23:55:03,와아아아따,shua_queen,https://cafe.naver.com/queenshua,mysmallvtuber.net,2026-10-01T03:32:36Z
RYnb8LPnfUp5ZUqpmVO3,퀸슈아,,youtube,UCFK6pwtQlHNg-i_mW-EawmQ,https://www.youtube.com/channel/UCFK6pwtQlHNg-i_mW-EawmQ,퀸슈아 긴슈아,1140,2022-06-18,,2026-09-30 23:55:03,와아아아따,shua_queen,https://cafe.naver.com/queenshua,mysmallvtuber.net,2026-10-01T03:32:36Z
RYnb8LPnfUp5ZUqpmVO3,퀸슈아,,chzzk,00b3e3351b84827c73d78caba23fa238,https://chzzk.naver.com/00b3e3351b84827c73d78caba23fa238,퀸슈아,6335,2022-06-18,,2026-09-30 23:55:03,와아아아따,shua_queen,https://cafe.naver.com/queenshua,mysmallvtuber.net,2026-10-01T03:32:36Z
T7TRRLJkrLC5LXMH5fYD,코우세이 우키,,youtube,UCjuWigP6skwENUHJZ-DzLGw,https://www.youtube.com/channel/UCjuWigP6skwENUHJZ-DzLGw,코우세이 우키 Kosei Uki,1440,2024-07-17,,2026-10-01 01:17:03,"백룸 탈출기 (w. 꿀유자, 푼다, 리파카)",Kosei_Uki_,https://cafe.naver.com/vivendi,mysmallvtuber.net,2026-10-01T03:32:36Z
T7TRRLJkrLC5LXMH5fYD,코우세이 우키,,chzzk,1b8fadbb141d246c88a8a722ef3bb06f,https://chzzk.naver.com/1b8fadbb141d246c88a8a722ef3bb06f,코우세이 우키,2322,2024-07-17,,2026-10-01 01:17:03,"백룸 탈출기 (w. 꿀유자, 푼다, 리파카)",Kosei_Uki_,https://cafe.naver.com/vivendi,mysmallvtuber.net,2026-10-01T03:32:36Z
8FWHNsHyB3Gx7C757pez,카나프 Kanaph,Kanaph,youtube,UCb5AKwhqhLePqhZLbMeuiLw,https://www.youtube.com/channel/UCb5AKwhqhLePqhZLbMeuiLw,카나프 KANAPH,8120,2022-12-24,,2026-09-30 23:38:03,말랑말랑 천사의 귀 마사지💐3DIO ASMR,_Kanaph,https://cafe.naver.com/isoropia,mysmallvtuber.net,2026-10-01T03:32:36Z
8FWHNsHyB3Gx7C757pez,카나프 Kanaph,Kanaph,youtube,UCrAsy0HeM5gmB_Lf2BRh_iQ,https://www.youtube.com/channel/UCrAsy0HeM5gmB_Lf2BRh_iQ,카나프의 화분,2170,2022-12-24,,2026-09-30 23:38:03,말랑말랑 천사의 귀 마사지💐3DIO ASMR,_Kanaph,https://cafe.naver.com/isoropia,mysmallvtuber.net,2026-10-01T03:32:36Z
8FWHNsHyB3Gx7C757pez,카나프 Kanaph,Kanaph,chzzk,852d27f701a047c7dba8ca41cd88e319,https://chzzk.naver.com/852d27f701a047c7dba8ca41cd88e319,카나프 Kanaph,4474,2022-12-24,,2026-09-30 23:38:03,말랑말랑 천사의 귀 마사지💐3DIO ASMR,_Kanaph,https://cafe.naver.com/isoropia,mysmallvtuber.net,2026-10-01T03:32:36Z
3SfKTQ5SFX8e7JZDDGWJ,가을솔,,chzzk,45d0e65f8c9f98557a595b9d12736f70,https://chzzk.naver.com/45d0e65f8c9f98557a595b9d12736f70,가을솔,1795,,,2026-10-01 03:17:02,✨💖💕✨곤듀 오늘 여별별 비틱!!비이이이틱 할꼬양 ^^✧⁺⸜(●′▾‵●)⸝⁺✧🐣🤣,,https://discord.com/invite/838MBPKukA,mysmallvtuber.net,2026-10-01T03:32:36Z
2FZFkqhjsbvmC5NzVhNV,하리_HARI,HARI,youtube,UCfHB-f14_PNq8EJn6SmvJ0w,https://www.youtube.com/channel/UCfHB-f14_PNq8EJn6SmvJ0w,하리 HARI [VRECORD],703,2024-11-23,,2026-10-01 01:02:03,🦴고독방송심 하는 가나디🦴,vrecord_hari,https://cafe.naver.com/vrecord,mysmallvtuber.net,2026-10-01T03:32:36Z
2FZFkqhjsbvmC5NzVhNV,하리_HARI,HARI,soop,harivrecord,https://ch.sooplive.co.kr/harivrecord,하리_HARI,1805,2024-11-23,,2026-10-01 01:02:03,🦴고독방송심 하는 가나디🦴,vrecord_hari,https://cafe.naver.com/vrecord,mysmallvtuber.net,2026-10-01T03:32:36Z
5Bn96MTbpy5ukBzNLqdA,아츠키 Atsuki,Atsuki,youtube,UCMoIq0MVwFyrXpPuh_1Nc0g,https://www.youtube.com/channel/UCMoIq0MVwFyrXpPuh_1Nc0g,아츠키 Atsuki,2440,2024-08-10,,2026-10-01 00:48:03,소녀 랭크에 출동할 것이와요 하와와와- ₍^˶⦁༝⦁˶^₎◞ ̑̑,tsuki_dayo0723,https://cafe.naver.com/atsukidayo,mysmallvtuber.net,2026-10-01T03:32:36Z
5Bn96MTbpy5ukBzNLqdA,아츠키 Atsuki,Atsuki,youtube,UCOTF5v7D5bSY6AAdSKQ1kIg,https://www.youtube.com/channel/UCOTF5v7D5bSY6AAdSKQ1kIg,아츠키 다시보기,57,2024-08-10,,2026-10-01 00:48:03,소녀 랭크에 출동할 것이와요 하와와와- ₍^˶⦁༝⦁˶^₎◞ ̑̑,tsuki_dayo0723,https://cafe.naver.com/atsukidayo,mysmallvtuber.net,2026-10-01T03:32:36Z
5Bn96MTbpy5ukBzNLqdA,아츠키 Atsuki,Atsuki,chzzk,5851c2186efcfb2850d9f0b0ea70deb4,https://chzzk.naver.com/5851c2186efcfb2850d9f0b0ea70deb4,아츠키 Atsuki,689,2024-08-10,,2026-10-01 00:48:03,소녀 랭크에 출동할 것이와요 하와와와- ₍^˶⦁༝⦁˶^₎◞ ̑̑,tsuki_dayo0723,https://cafe.naver.com/atsukidayo,mysmallvtuber.net,2026-10-01T03:32:36Z
sasN2zEqpagTST54whp2,노아 NOA,NOA,chzzk,1b7263344f2fb5f0713832e670fb9c39,https://chzzk.naver.com/1b7263344f2fb5f0713832e670fb9c39,노아 NOA,1710,2024-10-06,,2026-10-01 00:59:03,[신입D+47/V]지나가다 눈길 닿는다면 와줄래?🩵💙,,https://cafe.naver.com/akizuki,mysmallvtuber.net,2026-10-01T03:32:36Z
RbjDA3k8JWWH5QLpfxxh,문유아 MoonYouA,MoonYouA,youtube,UCbjZvzzwwr_bU1Fvn-cNbGQ,https://www.youtube.com/channel/UCbjZvzzwwr_bU1Fvn-cNbGQ,문유아,43,2024-07-15,,2026-10-01 00:29:03,일단 힐링이라고 해서 왔는데요 (w.린키라),MoonYouA,https://cafe.naver.com/moonyoua,mysmallvtuber.net,2026-10-01T03:32:36Z
RbjDA3k8JWWH5QLpfxxh,문유아 MoonYouA,MoonYouA,youtube,UCc8LJmyp6YBZesepXLMqizQ,https://www.youtube.com/channel/UCc8LJmyp6YBZesepXLMqizQ,월식 저장소,13,2024-07-15,,2026-10-01 00:29:03,일단 힐링이라고 해서 왔는데요 (w.린키라),MoonYouA,https://cafe.naver.com/moonyoua,mysmallvtuber.net,2026-10-01T03:32:36Z
RbjDA3k8JWWH5QLpfxxh,문유아 MoonYouA,MoonYouA,chzzk,f1f32d2ba7bc4839cdb24751e1f57f67,https://chzzk.naver.com/f1f32d2ba7bc4839cdb24751e1f57f67,문유아 MoonYouA,437,2024-07-15,,2026-10-01 00:29:03,일단 힐링이라고 해서 왔는데요 (w.린키라),MoonYouA,https://cafe.naver.com/moonyoua,mysmallvtuber.net,2026-10-01T03:32:36Z
2QTdDWXSKbbgkdJcukg2,천서단,,youtube,UC4wgXG_iN_7wycHizMUg6kQ,https://www.youtube.com/channel/UC4wgXG_iN_7wycHizMUg6kQ,서단 youtube,178,,,2026-10-01 01:36:02,안녕 (ﾉ◕ヮ◕)ﾉ*:･ﾟ✧🤍,,https://cafe.naver.com/se0dan,mysmallvtuber.net,2026-10-01T03:32:36Z
2QTdDWXSKbbgkdJcukg2,천서단,,youtube,UC2_hPk0HPbZm2fl40DkuOlw,https://www.youtube.com/channel/UC2_hPk0HPbZm2fl40DkuOlw,서단시보기,244,,,2026-10-01 01:36:02,안녕 (ﾉ◕ヮ◕)ﾉ*:･ﾟ✧🤍,,https://cafe.naver.com/se0dan,mysmallvtuber.net,2026-10-01T03:32:36Z
2QTdDWXSKbbgkdJcukg2,천서단,,chzzk,17466937fcddc5345b2fdfafc9a55147,https://chzzk.naver.com/17466937fcddc5345b2fdfafc9a55147,천서단,1071,,,2026-10-01 01:36:02,안녕 (ﾉ◕ヮ◕)ﾉ*:･ﾟ✧🤍,,https://cafe.naver.com/se0dan,mysmallvtuber.net,2026-10-01T03:32:36Z
t4bgVEgEwfRZF49vKr6U,시스네,,youtube,UC_rXopl6s9UnZwyqfPZtLpg,https://www.youtube.com/channel/UC_rXopl6s9UnZwyqfPZtLpg,시스네,1120,2026-05-05,,2026-10-01 01:27:03,[97일] 멘탈 나갔던 그녀 ............ 치유해줄 집사들 구함,cisnes_,https://cafe.naver.com/cisnes,mysmallvtuber.net,2026-10-01T03:32:36Z
t4bgVEgEwfRZF49vKr6U,시스네,,youtube,UC9A6d9cZ4SxQ_FIEtcL_GyA,https://www.youtube.com/channel/UC9A6d9cZ4SxQ_FIEtcL_GyA,스네 모아보기,257,2026-05-05,,2026-10-01 01:27:03,[97일] 멘탈 나갔던 그녀 ............ 치유해줄 집사들 구함,cisnes_,https://cafe.naver.com/cisnes,mysmallvtuber.net,2026-10-01T03:32:36Z
t4bgVEgEwfRZF49vKr6U,시스네,,chzzk,c3355ea2b3bea6c646789510796379d6,https://chzzk.naver.com/c3355ea2b3bea6c646789510796379d6,시스네,644,2026-05-05,,2026-10-01 01:27:03,[97일] 멘탈 나갔던 그녀 ............ 치유해줄 집사들 구함,cisnes_,https://cafe.naver.com/cisnes,mysmallvtuber.net,2026-10-01T03:32:36Z
MLwdeBAFJykt7gDZXaqx,모래캣,,youtube,UCS0a1GKer53CWja5GYCBeIg,https://www.youtube.com/channel/UCS0a1GKer53CWja5GYCBeIg,모래캣,5270,2019-07-26,,2026-10-01 02:23:03,[73] 와루도 3000시간이면 챌린저 아님??,sablokato,https://cafe.naver.com/moraecat,mysmallvtuber.net,2026-10-01T03:32:36Z
MLwdeBAFJykt7gDZXaqx,모래캣,,youtube,UCp8LKcdY48OLouI8o-C15RA,https://www.youtube.com/channel/UCp8LKcdY48OLouI8o-C15RA,모래캣 아카이브,69,2019-07-26,,2026-10-01 02:23:03,[73] 와루도 3000시간이면 챌린저 아님??,sablokato,https://cafe.naver.com/moraecat,mysmallvtuber.net,2026-10-01T03:32:36Z
MLwdeBAFJykt7gDZXaqx,모래캣,,chzzk,3b81fb5e7fac06929cb64e014a9ab364,https://chzzk.naver.com/3b81fb5e7fac06929cb64e014a9ab364,모래캣,747,2019-07-26,,2026-10-01 02:23:03,[73] 와루도 3000시간이면 챌린저 아님??,sablokato,https://cafe.naver.com/moraecat,mysmallvtuber.net,2026-10-01T03:32:36Z
JCKUaq2bq8svF4yMhb62,킴딸기,,youtube,UCFfs-bkSS0bK-55EAecRKyA,https://www.youtube.com/channel/UCFfs-bkSS0bK-55EAecRKyA,사고뭉치 킴딸기,961,2023-08-13,,2026-10-01 04:32:03,[그냥 서버] 입주!! 50/500-51/510 룰렛 있어용![글로비],,https://cafe.naver.com/talggysfamilia,mysmallvtuber.net,2026-10-01T03:32:36Z
JCKUaq2bq8svF4yMhb62,킴딸기,,soop,kimtalggy,https://ch.sooplive.co.kr/kimtalggy,킴딸기,1398,2023-08-13,,2026-10-01 04:32:03,[그냥 서버] 입주!! 50/500-51/510 룰렛 있어용![글로비],,https://cafe.naver.com/talggysfamilia,mysmallvtuber.net,2026-10-01T03:32:36Z
jXG76RDGYrM9GVUwbqDb,자쿠로 I 에델리안,I,youtube,UCIFQ5yddGoyydsLS9vIJ-Kw,https://www.youtube.com/channel/UCIFQ5yddGoyydsLS9vIJ-Kw,자쿠로 알만다이트 【 에델리안 】,347,2024-10-05,,2026-09-30 23:56:02,[V/유입환영] 수요일의 엔딩요정 【 에델리안 】,PN_zakuro,https://cafe.naver.com/paranet,mysmallvtuber.net,2026-10-01T03:32:36Z
jXG76RDGYrM9GVUwbqDb,자쿠로 I 에델리안,I,chzzk,bb49ddcb2a273b25a4bb3aee549d0839,https://chzzk.naver.com/bb49ddcb2a273b25a4bb3aee549d0839,자쿠로 I 에델리안,558,2024-10-05,,2026-09-30 23:56:02,[V/유입환영] 수요일의 엔딩요정 【 에델리안 】,PN_zakuro,https://cafe.naver.com/paranet,mysmallvtuber.net,2026-10-01T03:32:36Z
gA6GjuDTuRBUeH2MfSHL,비야무,,youtube,UC63oOGcY5LJeRZih7TPSYbw,https://www.youtube.com/channel/UC63oOGcY5LJeRZih7TPSYbw,B_yamu,19600,2022-10-30,,2026-09-30 23:24:03,9월이 끝났대.,beeyamu,,mysmallvtuber.net,2026-10-01T03:32:36Z
gA6GjuDTuRBUeH2MfSHL,비야무,,youtube,UCI9sJgPLQnP7l_T6ZeTpvIg,https://www.youtube.com/channel/UCI9sJgPLQnP7l_T6ZeTpvIg,B_yamu Archive,350,2022-10-30,,2026-09-30 23:24:03,9월이 끝났대.,beeyamu,,mysmallvtuber.net,2026-10-01T03:32:36Z
gA6GjuDTuRBUeH2MfSHL,비야무,,chzzk,e8ff504bacb0216638849e6a7932615a,https://chzzk.naver.com/e8ff504bacb0216638849e6a7932615a,비야무,1785,2022-10-30,,2026-09-30 23:24:03,9월이 끝났대.,beeyamu,,mysmallvtuber.net,2026-10-01T03:32:36Z
73q8QNamzpQYR8macfxJ,아루네 arune,arune,youtube,UCYFkAR8tti-ywrrNoTreYFw,https://www.youtube.com/channel/UCYFkAR8tti-ywrrNoTreYFw,아루네 arune,1700,2025-05-09,,2026-09-30 23:06:02,🤍첫 실친 합방 방송 정지 안먹게 해주세요🤍,arune_1030,https://cafe.naver.com/serionn,mysmallvtuber.net,2026-10-01T03:32:36Z
73q8QNamzpQYR8macfxJ,아루네 arune,arune,chzzk,7edea32c0c19842f07c6a1e323a5b15a,https://chzzk.naver.com/7edea32c0c19842f07c6a1e323a5b15a,아루네 arune,2190,2025-05-09,,2026-09-30 23:06:02,🤍첫 실친 합방 방송 정지 안먹게 해주세요🤍,arune_1030,https://cafe.naver.com/serionn,mysmallvtuber.net,2026-10-01T03:32:36Z
a5eWQuHvCzLn94YPPRkh,온담,,soop,gangj486,https://ch.sooplive.co.kr/gangj486,온담,915,,,2026-10-01 00:55:03,경고! 건들면 물어요 / 한복방셀 마지막 날 50 500,,,mysmallvtuber.net,2026-10-01T03:32:36Z
2WtJjYxAVFzu3w7gXPfS,다레껍데기,,youtube,UCkl8-nZT5t-oXZANtSvYdWA,https://www.youtube.com/channel/UCkl8-nZT5t-oXZANtSvYdWA,다레껍데기,280,2024-05-03,,2026-10-01 01:56:03,[팰스동] 무슨 속성을 키워야 좋을까 흠,Dareskin_,https://discord.gg/cNxpK7kcYs,mysmallvtuber.net,2026-10-01T03:32:36Z
2WtJjYxAVFzu3w7gXPfS,다레껍데기,,youtube,UCb1qv3UoJ84db7JcxwGUZwg,https://www.youtube.com/channel/UCb1qv3UoJ84db7JcxwGUZwg,다레껍데기,45,2024-05-03,,2026-10-01 01:56:03,[팰스동] 무슨 속성을 키워야 좋을까 흠,Dareskin_,https://discord.gg/cNxpK7kcYs,mysmallvtuber.net,2026-10-01T03:32:36Z
2WtJjYxAVFzu3w7gXPfS,다레껍데기,,chzzk,d4ad65ba2f4ff478d170822f5fba7051,https://chzzk.naver.com/d4ad65ba2f4ff478d170822f5fba7051,다레껍데기,527,2024-05-03,,2026-10-01 01:56:03,[팰스동] 무슨 속성을 키워야 좋을까 흠,Dareskin_,https://discord.gg/cNxpK7kcYs,mysmallvtuber.net,2026-10-01T03:32:36Z
B9HUp3afLwhZ2eMhVzQY,와이안,,youtube,UCiCtRyJIDB1oWeytRwd44BA,https://www.youtube.com/channel/UCiCtRyJIDB1oWeytRwd44BA,와이안의 이안바,79,2025-05-15,,2026-10-01 00:52:02,[유입환영] 잔잔한 수요일 밤 여러분의 신청곡은 무엇인가요? [신청곡데이],wyan_official,,mysmallvtuber.net,2026-10-01T03:32:36Z
B9HUp3afLwhZ2eMhVzQY,와이안,,chzzk,dce8163af8770f85ee1119b4ac1c0619,https://chzzk.naver.com/dce8163af8770f85ee1119b4ac1c0619,와이안,325,2025-05-15,,2026-10-01 00:52:02,[유입환영] 잔잔한 수요일 밤 여러분의 신청곡은 무엇인가요? [신청곡데이],wyan_official,,mysmallvtuber.net,2026-10-01T03:32:36Z
BFCuteMBgR2eNvHXz9et,시반 SHHVAN,SHHVAN,youtube,UCHHkbsAIVglw3SADXrrj0sA,https://www.youtube.com/channel/UCHHkbsAIVglw3SADXrrj0sA,시반 SHHVAN,2690,2024-10-11,,2026-10-01 01:10:04,[1500팔 신의상] 낮져밤이,SHHVAN_,https://cafe.naver.com/shhvan,mysmallvtuber.net,2026-10-01T03:32:36Z
BFCuteMBgR2eNvHXz9et,시반 SHHVAN,SHHVAN,chzzk,f0ee2cbdd32aa82bfb8c7262503755d5,https://chzzk.naver.com/f0ee2cbdd32aa82bfb8c7262503755d5,시반 SHHVAN,1385,2024-10-11,,2026-10-01 01:10:04,[1500팔 신의상] 낮져밤이,SHHVAN_,https://cafe.naver.com/shhvan,mysmallvtuber.net,2026-10-01T03:32:36Z
zkVgNbF6AkATsCdGBdzj,유논 YUNON,YUNON,youtube,UCtD8lp3h303iLyIJZ9c2lYA,https://www.youtube.com/channel/UCtD8lp3h303iLyIJZ9c2lYA,유논 YUNON [VRECORD],11600,2022-01-22,,2026-10-01 00:32:02,브론즈 랭크,vrecord_yunon,https://cafe.naver.com/vrecord,mysmallvtuber.net,2026-10-01T03:32:36Z
zkVgNbF6AkATsCdGBdzj,유논 YUNON,YUNON,chzzk,575b8dd00630a025c9ad3729df908abf,https://chzzk.naver.com/575b8dd00630a025c9ad3729df908abf,유논 YUNON,8079,2022-01-22,,2026-10-01 00:32:02,브론즈 랭크,vrecord_yunon,https://cafe.naver.com/vrecord,mysmallvtuber.net,2026-10-01T03:32:36Z
b5mwDq7VE8CBGPXTAtNh,샤치_ξ,,youtube,UCBdLDaJRUzg_gIGkcrtw1bA,https://www.youtube.com/channel/UCBdLDaJRUzg_gIGkcrtw1bA,잡다샤치,244,2022-05-03,,2026-10-01 08:34:02,🥑[모가리] 유유 자적 하고싶은 그냥서버 운영자 cctv (버츄얼 x) 🥑,sharchi_TWC,https://cafe.naver.com/sharchi,mysmallvtuber.net,2026-10-01T03:32:36Z
b5mwDq7VE8CBGPXTAtNh,샤치_ξ,,soop,catmusic1016,https://ch.sooplive.co.kr/catmusic1016,샤치_ξ,1550,2022-05-03,,2026-10-01 08:34:02,🥑[모가리] 유유 자적 하고싶은 그냥서버 운영자 cctv (버츄얼 x) 🥑,sharchi_TWC,https://cafe.naver.com/sharchi,mysmallvtuber.net,2026-10-01T03:32:36Z
zfGmtgcfm5vNFTkwSGcb,연떠,,youtube,UClSZX3R4GhRRqiKuY9RMQug,https://www.youtube.com/channel/UClSZX3R4GhRRqiKuY9RMQug,롱떠,583,,,2026-10-01 02:25:03,에바 다봐서 저챗,,https://cafe.naver.com/yeontt,mysmallvtuber.net,2026-10-01T03:32:36Z
zfGmtgcfm5vNFTkwSGcb,연떠,,chzzk,2468c1fe1c2844da02a52dfb133494a2,https://chzzk.naver.com/2468c1fe1c2844da02a52dfb133494a2,연떠,4292,,,2026-10-01 02:25:03,에바 다봐서 저챗,,https://cafe.naver.com/yeontt,mysmallvtuber.net,2026-10-01T03:32:36Z
Gt9LFkWgYAmfLZpPRtme,소닉워터,,youtube,UCO2x9kVZD1yPPdjd2ZgYAgA,https://www.youtube.com/channel/UCO2x9kVZD1yPPdjd2ZgYAgA,소닉워터,218,2021-04-20,,2026-10-01 03:57:03,[마학순] 물빼는 날,V_Sonicwater,,mysmallvtuber.net,2026-10-01T03:32:36Z
Gt9LFkWgYAmfLZpPRtme,소닉워터,,chzzk,74277b2dde5ca096438683c9d558cf05,https://chzzk.naver.com/74277b2dde5ca096438683c9d558cf05,소닉워터,594,2021-04-20,,2026-10-01 03:57:03,[마학순] 물빼는 날,V_Sonicwater,,mysmallvtuber.net,2026-10-01T03:32:36Z
Fy7nqmJP6vL7hbfHYgwQ,유키네 치아,,chzzk,7e66e2b05d8b7197fd5a5c075367cce0,https://chzzk.naver.com/7e66e2b05d8b7197fd5a5c075367cce0,유키네 치아,620,2025-01-04,,2026-09-30 23:15:05,[버미육/소통환영] 오늘은 마작치는 날 (게임아니야...),yukinechia,,mysmallvtuber.net,2026-10-01T03:32:36Z
HDcCELQR7rkw52WwCjvn,배비꼬,,youtube,UCVlRspMebofH_Af90wGgUFA,https://www.youtube.com/channel/UCVlRspMebofH_Af90wGgUFA,배비꼬,40000,2023-08-10,,2026-09-30 23:16:03,후열 이리,babekko_39,https://cafe.naver.com/babekko0810,mysmallvtuber.net,2026-10-01T03:32:36Z
HDcCELQR7rkw52WwCjvn,배비꼬,,youtube,UCTYi5wfoWzcK5ePp7M9SUBw,https://www.youtube.com/channel/UCTYi5wfoWzcK5ePp7M9SUBw,꺼진 배비꼬도 다시보자,505,2023-08-10,,2026-09-30 23:16:03,후열 이리,babekko_39,https://cafe.naver.com/babekko0810,mysmallvtuber.net,2026-10-01T03:32:36Z
HDcCELQR7rkw52WwCjvn,배비꼬,,chzzk,361eea6eaa690bcfe8004fd6ade7dda7,https://chzzk.naver.com/361eea6eaa690bcfe8004fd6ade7dda7,배비꼬,20788,2023-08-10,,2026-09-30 23:16:03,후열 이리,babekko_39,https://cafe.naver.com/babekko0810,mysmallvtuber.net,2026-10-01T03:32:36Z
NQGEeQjAwmYK8kn7u9Yw,정베르 JEONG BER,JEONG BER,youtube,UCs0wkvWKwqg-U09fvrVg3DA,https://www.youtube.com/channel/UCs0wkvWKwqg-U09fvrVg3DA,비활성화,219,2024-12-07,,2026-09-30 23:03:02,걱정끼쳐서 미안해요.,berte_v_,https://cafe.naver.com/vertev,mysmallvtuber.net,2026-10-01T03:32:36Z
NQGEeQjAwmYK8kn7u9Yw,정베르 JEONG BER,JEONG BER,youtube,UCzFcsMQRmgzaPG0qFGMQ9oA,https://www.youtube.com/channel/UCzFcsMQRmgzaPG0qFGMQ9oA,베르의 다시보기,35,2024-12-07,,2026-09-30 23:03:02,걱정끼쳐서 미안해요.,berte_v_,https://cafe.naver.com/vertev,mysmallvtuber.net,2026-10-01T03:32:36Z
NQGEeQjAwmYK8kn7u9Yw,정베르 JEONG BER,JEONG BER,chzzk,f83b18e17d760163fdbd6e9512d5fdfb,https://chzzk.naver.com/f83b18e17d760163fdbd6e9512d5fdfb,정베르 JEONG BER,3164,2024-12-07,,2026-09-30 23:03:02,걱정끼쳐서 미안해요.,berte_v_,https://cafe.naver.com/vertev,mysmallvtuber.net,2026-10-01T03:32:36Z
CcFAjrfEiYGujdRF2l9Q,오새벽,,youtube,UC2qfEGUpI-xJbJN_QXvkm1Q,https://www.youtube.com/channel/UC2qfEGUpI-xJbJN_QXvkm1Q,오새벽,1980,2022-02-13,,2026-09-30 23:30:03,치이카와 같이보자~~~,oh__dawn,https://cafe.naver.com/chobifam,mysmallvtuber.net,2026-10-01T03:32:36Z
CcFAjrfEiYGujdRF2l9Q,오새벽,,youtube,UCGeBnaOIU1KKv4d-WVc_Xig,https://www.youtube.com/channel/UCGeBnaOIU1KKv4d-WVc_Xig,오새벽 아카이브,366,2022-02-13,,2026-09-30 23:30:03,치이카와 같이보자~~~,oh__dawn,https://cafe.naver.com/chobifam,mysmallvtuber.net,2026-10-01T03:32:36Z
CcFAjrfEiYGujdRF2l9Q,오새벽,,chzzk,95ef23acfc4873eb0908b9cb8c775a62,https://chzzk.naver.com/95ef23acfc4873eb0908b9cb8c775a62,오새벽,4696,2022-02-13,,2026-09-30 23:30:03,치이카와 같이보자~~~,oh__dawn,https://cafe.naver.com/chobifam,mysmallvtuber.net,2026-10-01T03:32:36Z
3MbcJtBpXpzvFBAp85hQ,세이로쿠 키라,,youtube,UCxK9Lu1TjYqUH0FAOqW9EXQ,https://www.youtube.com/channel/UCxK9Lu1TjYqUH0FAOqW9EXQ,세이로쿠 키라 Seiroku Kira,1900,2025-09-05,,2026-10-01 03:23:02,팬미팅용 스몰토크 연습하고 노래하기,SeirokuKira,https://cafe.naver.com/reactkrofficial,mysmallvtuber.net,2026-10-01T03:32:36Z
3MbcJtBpXpzvFBAp85hQ,세이로쿠 키라,,chzzk,f63f66f701a9af347c668f3056cdaa9a,https://chzzk.naver.com/f63f66f701a9af347c668f3056cdaa9a,세이로쿠 키라,4384,2025-09-05,,2026-10-01 03:23:02,팬미팅용 스몰토크 연습하고 노래하기,SeirokuKira,https://cafe.naver.com/reactkrofficial,mysmallvtuber.net,2026-10-01T03:32:36Z
kRbbHtWGGwNau9rcLSxm,헵부,,youtube,UCutkNvtcLSb-ewywfH2vZCQ,https://www.youtube.com/channel/UCutkNvtcLSb-ewywfH2vZCQ,헵부,3310,2025-01-05,,2026-10-01 01:28:03,[Ve:live] 치이카와 영화 보고 온 후기,hebbu0706,https://cafe.naver.com/hebbuhappy,mysmallvtuber.net,2026-10-01T03:32:36Z
kRbbHtWGGwNau9rcLSxm,헵부,,chzzk,d319cb8491dfd75979d47ca1b19fc083,https://chzzk.naver.com/d319cb8491dfd75979d47ca1b19fc083,헵부,1529,2025-01-05,,2026-10-01 01:28:03,[Ve:live] 치이카와 영화 보고 온 후기,hebbu0706,https://cafe.naver.com/hebbuhappy,mysmallvtuber.net,2026-10-01T03:32:36Z
3WbjhkTJ6S6DqMtfEAn3,규하랑,,youtube,UCXxxGNXhu9xspz0L1g1ri5g,https://www.youtube.com/channel/UCXxxGNXhu9xspz0L1g1ri5g,규하랑 Gyuharang,579,2024-06-20,,2026-10-01 05:06:03,[드롭스]이리 한 캐릭만 파보는거 나쁠까..?,gyuharang,https://discord.com/channels/1248558045827694694/1248949285324587080,mysmallvtuber.net,2026-10-01T03:32:36Z
3WbjhkTJ6S6DqMtfEAn3,규하랑,,chzzk,8a7511f45bbf7e1dde46200af595e98d,https://chzzk.naver.com/8a7511f45bbf7e1dde46200af595e98d,규하랑,781,2024-06-20,,2026-10-01 05:06:03,[드롭스]이리 한 캐릭만 파보는거 나쁠까..?,gyuharang,https://discord.com/channels/1248558045827694694/1248949285324587080,mysmallvtuber.net,2026-10-01T03:32:36Z
6a3VWBjTg3bg9EuzybFa,하루나엘,,youtube,UCAU7X5T4lNWWEi_asdNQnog,https://www.youtube.com/channel/UCAU7X5T4lNWWEi_asdNQnog,하루나엘,1700,2023-04-13,,2026-10-01 01:56:03,[하루나엘] 뿌점을 해요~!!,HaRuNa__L,https://cafe.naver.com/pitapatrand,mysmallvtuber.net,2026-10-01T03:32:36Z
6a3VWBjTg3bg9EuzybFa,하루나엘,,youtube,UC67r9HmV4Ql5G0jQ7xcO68g,https://www.youtube.com/channel/UC67r9HmV4Ql5G0jQ7xcO68g,하루나엘 다시보기,549,2023-04-13,,2026-10-01 01:56:03,[하루나엘] 뿌점을 해요~!!,HaRuNa__L,https://cafe.naver.com/pitapatrand,mysmallvtuber.net,2026-10-01T03:32:36Z
6a3VWBjTg3bg9EuzybFa,하루나엘,,chzzk,3d11f301d71cce5bcd1e96bbaec314be,https://chzzk.naver.com/3d11f301d71cce5bcd1e96bbaec314be,하루나엘,6041,2023-04-13,,2026-10-01 01:56:03,[하루나엘] 뿌점을 해요~!!,HaRuNa__L,https://cafe.naver.com/pitapatrand,mysmallvtuber.net,2026-10-01T03:32:36Z
hzEEJDZwZ4FxkaxYLy7v,디롬,,youtube,UCct-Nw-7tAlYWgB9iCktJ5g,https://www.youtube.com/channel/UCct-Nw-7tAlYWgB9iCktJ5g,디롬,981,2021-04-25,,2026-10-01 00:09:03,사이버도박중독,romromroo,https://www.vlum.co/club/romromroo,mysmallvtuber.net,2026-10-01T03:32:36Z
hzEEJDZwZ4FxkaxYLy7v,디롬,,youtube,UC_5vkMA4WL45G_KNSlSKIHw,https://www.youtube.com/channel/UC_5vkMA4WL45G_KNSlSKIHw,디롬 다시보기,152,2021-04-25,,2026-10-01 00:09:03,사이버도박중독,romromroo,https://www.vlum.co/club/romromroo,mysmallvtuber.net,2026-10-01T03:32:36Z
hzEEJDZwZ4FxkaxYLy7v,디롬,,chzzk,aee61e81bb92a9688139b7642ed94866,https://chzzk.naver.com/aee61e81bb92a9688139b7642ed94866,디롬,1449,2021-04-25,,2026-10-01 00:09:03,사이버도박중독,romromroo,https://www.vlum.co/club/romromroo,mysmallvtuber.net,2026-10-01T03:32:36Z
fN7vy8cfmnGZJmaL3Z3p,냐땅이,,youtube,UCOxqlVNbkPgLX3HS2QVP8Pw,https://www.youtube.com/channel/UCOxqlVNbkPgLX3HS2QVP8Pw,냐땅이,2630,2022-02-22,,2026-10-01 00:23:03,음탕여우 뽑으러 왔어요 ദ്ദി*ˊᗜˋ*),nh4721,https://cafe.naver.com/nh4721,mysmallvtuber.net,2026-10-01T03:32:36Z
fN7vy8cfmnGZJmaL3Z3p,냐땅이,,youtube,UCAseSKOdWDZp49tvQCAzKBQ,https://www.youtube.com/channel/UCAseSKOdWDZp49tvQCAzKBQ,ASMR 냐땅이,98,2022-02-22,,2026-10-01 00:23:03,음탕여우 뽑으러 왔어요 ദ്ദി*ˊᗜˋ*),nh4721,https://cafe.naver.com/nh4721,mysmallvtuber.net,2026-10-01T03:32:36Z
fN7vy8cfmnGZJmaL3Z3p,냐땅이,,chzzk,2f050f29c9924122356ac91765f17e56,https://chzzk.naver.com/2f050f29c9924122356ac91765f17e56,냐땅이,2128,2022-02-22,,2026-10-01 00:23:03,음탕여우 뽑으러 왔어요 ദ്ദി*ˊᗜˋ*),nh4721,https://cafe.naver.com/nh4721,mysmallvtuber.net,2026-10-01T03:32:36Z
NMqtLDZGSfgWJ6CuXwRp,초깨비,,youtube,UCZnrdNaOFqniv7qEEqQFvIg,https://www.youtube.com/channel/UCZnrdNaOFqniv7qEEqQFvIg,초깨비,344000,,,2026-10-01 02:56:03,[봉누도2]야근중은 오늘도 야근중 13일차📗,choggebi,https://cafe.naver.com/choggeb2,mysmallvtuber.net,2026-10-01T03:32:36Z
NMqtLDZGSfgWJ6CuXwRp,초깨비,,chzzk,58fbc220638009db28385db1112d22df,https://chzzk.naver.com/58fbc220638009db28385db1112d22df,초깨비,7609,,,2026-10-01 02:56:03,[봉누도2]야근중은 오늘도 야근중 13일차📗,choggebi,https://cafe.naver.com/choggeb2,mysmallvtuber.net,2026-10-01T03:32:36Z
un7gv2zR45Rc9v57wqsc,코메,,youtube,UCuXBoGY4L2b3V0zPCH3Lc_g,https://www.youtube.com/channel/UCuXBoGY4L2b3V0zPCH3Lc_g,코메 Comet,1480,2023-05-23,,2026-10-01 01:41:02,음치박치코치,Ne_comet,https://cafe.naver.com/necomet,mysmallvtuber.net,2026-10-01T03:32:36Z
un7gv2zR45Rc9v57wqsc,코메,,youtube,UCSOEzTewyLqKfV43ZJy8-tQ,https://www.youtube.com/channel/UCSOEzTewyLqKfV43ZJy8-tQ,코메선장 다시보기,141,2023-05-23,,2026-10-01 01:41:02,음치박치코치,Ne_comet,https://cafe.naver.com/necomet,mysmallvtuber.net,2026-10-01T03:32:36Z
un7gv2zR45Rc9v57wqsc,코메,,chzzk,fde66e266136cea72f06a13b7c8f484a,https://chzzk.naver.com/fde66e266136cea72f06a13b7c8f484a,코메,2203,2023-05-23,,2026-10-01 01:41:02,음치박치코치,Ne_comet,https://cafe.naver.com/necomet,mysmallvtuber.net,2026-10-01T03:32:36Z
GDHjbUdj7ucHa6jjKezp,마젯,,youtube,UCEmnAcKG61C1OhlqAeh9KUA,https://www.youtube.com/channel/UCEmnAcKG61C1OhlqAeh9KUA,마젯 Mazet,57800,2023-04-01,,2026-10-01 02:40:02,🐌얼굴값(?)이 방송에 어떤 영향을 주는지 측정중 . . .,ma__zet,https://cafe.naver.com/mazet,mysmallvtuber.net,2026-10-01T03:32:36Z
GDHjbUdj7ucHa6jjKezp,마젯,,youtube,UCAO_8cy5NqEKx7EjsIq98ag,https://www.youtube.com/channel/UCAO_8cy5NqEKx7EjsIq98ag,마젯 다시보기,3050,2023-04-01,,2026-10-01 02:40:02,🐌얼굴값(?)이 방송에 어떤 영향을 주는지 측정중 . . .,ma__zet,https://cafe.naver.com/mazet,mysmallvtuber.net,2026-10-01T03:32:36Z
GDHjbUdj7ucHa6jjKezp,마젯,,chzzk,9ff4bdc7aa4f3384e84db402bc128b0c,https://chzzk.naver.com/9ff4bdc7aa4f3384e84db402bc128b0c,마젯,26623,2023-04-01,,2026-10-01 02:40:02,🐌얼굴값(?)이 방송에 어떤 영향을 주는지 측정중 . . .,ma__zet,https://cafe.naver.com/mazet,mysmallvtuber.net,2026-10-01T03:32:36Z
KHNtkXtPJYZ8faFAp4Mn,오하루땅,,youtube,UCXk65mZEUXJWaOTFoj6Vibg,https://www.youtube.com/channel/UCXk65mZEUXJWaOTFoj6Vibg,오하루땅 아카이브,682,2023-11-18,,2026-10-01 02:06:03,일정표 짜고 자러가겠슴다 >.<~,oharu313,,mysmallvtuber.net,2026-10-01T03:32:36Z
KHNtkXtPJYZ8faFAp4Mn,오하루땅,,chzzk,f3e05c4c8d90ae77db629fa2e12ced40,https://chzzk.naver.com/f3e05c4c8d90ae77db629fa2e12ced40,오하루땅,793,2023-11-18,,2026-10-01 02:06:03,일정표 짜고 자러가겠슴다 >.<~,oharu313,,mysmallvtuber.net,2026-10-01T03:32:36Z
CyuLxzhUHdFMR6TH8CDG,달래 피 스타치오,,youtube,UCQotuTTiFs_jTFsb846bu3Q,https://www.youtube.com/channel/UCQotuTTiFs_jTFsb846bu3Q,달래 피 스타치오,272,2023-10-31,,2026-10-01 02:58:03,8일차] 잔혹한 링크의 태제,DalRae_1031,https://cafe.naver.com/dalraep,mysmallvtuber.net,2026-10-01T03:32:36Z
CyuLxzhUHdFMR6TH8CDG,달래 피 스타치오,,chzzk,d202a12455e7e1e617637a98e5add553,https://chzzk.naver.com/d202a12455e7e1e617637a98e5add553,달래 피 스타치오,610,2023-10-31,,2026-10-01 02:58:03,8일차] 잔혹한 링크의 태제,DalRae_1031,https://cafe.naver.com/dalraep,mysmallvtuber.net,2026-10-01T03:32:36Z
L4YFp4MHkMQ5aBKELUcd,주이령,,youtube,UCwbWUyT_pUJ9p4LNDu6xIIw,https://www.youtube.com/channel/UCwbWUyT_pUJ9p4LNDu6xIIw,주이령,358,2024-02-17,,2026-10-01 00:43:02,빛의 추락,Juiryeong,https://discord.gg/aQwwrv5weK,mysmallvtuber.net,2026-10-01T03:32:36Z
L4YFp4MHkMQ5aBKELUcd,주이령,,youtube,UCr19YOtTYLYt9W1xRjASnKw,https://www.youtube.com/channel/UCr19YOtTYLYt9W1xRjASnKw,주이령 기억 보따리(다시 보기),36,2024-02-17,,2026-10-01 00:43:02,빛의 추락,Juiryeong,https://discord.gg/aQwwrv5weK,mysmallvtuber.net,2026-10-01T03:32:36Z
L4YFp4MHkMQ5aBKELUcd,주이령,,chzzk,c06d120ddd406714ef4b22dad8166d03,https://chzzk.naver.com/c06d120ddd406714ef4b22dad8166d03,주이령,327,2024-02-17,,2026-10-01 00:43:02,빛의 추락,Juiryeong,https://discord.gg/aQwwrv5weK,mysmallvtuber.net,2026-10-01T03:32:36Z
4mvq45mVx5eKGtDgjmjg,서 리아,,youtube,UCU_1N72wfUi9UKKVEbnaktA,https://www.youtube.com/channel/UCU_1N72wfUi9UKKVEbnaktA,서리아,1580,2024-03-25,,2026-10-01 02:06:03,💙이상하다 분명.. 방송을 했던 것 같은데...,seoria815,https://cafe.naver.com/seoria815,mysmallvtuber.net,2026-10-01T03:32:36Z
4mvq45mVx5eKGtDgjmjg,서 리아,,chzzk,abcf5c832694ad4fd6547210ba317b3f,https://chzzk.naver.com/abcf5c832694ad4fd6547210ba317b3f,서 리아,1789,2024-03-25,,2026-10-01 02:06:03,💙이상하다 분명.. 방송을 했던 것 같은데...,seoria815,https://cafe.naver.com/seoria815,mysmallvtuber.net,2026-10-01T03:32:36Z
h6bAwTWdgRKKCaLjZZVG,김마꽁,,soop,mak0ng,https://ch.sooplive.co.kr/mak0ng,김마꽁,1007,,,2026-10-01 00:37:02,마꽁이랑 놀아줘,,,mysmallvtuber.net,2026-10-01T03:32:36Z
KMH3zB85aXDtQMZNCm2y,송찐빵,,youtube,UCuoLHlnnu64Cn66VTGH4WEw,https://www.youtube.com/channel/UCuoLHlnnu64Cn66VTGH4WEw,송찐빵,19100,2022-08-01,,2026-10-01 03:44:03,블루아카이브 백화요란 2장 메인스토리 같이보기,sbread1055,https://cafe.naver.com/sbread1055,mysmallvtuber.net,2026-10-01T03:32:36Z
KMH3zB85aXDtQMZNCm2y,송찐빵,,youtube,UCQdLlT-ekPKsrmaI9vQ-YbQ,https://www.youtube.com/channel/UCQdLlT-ekPKsrmaI9vQ-YbQ,송풀빵,767,2022-08-01,,2026-10-01 03:44:03,블루아카이브 백화요란 2장 메인스토리 같이보기,sbread1055,https://cafe.naver.com/sbread1055,mysmallvtuber.net,2026-10-01T03:32:36Z
KMH3zB85aXDtQMZNCm2y,송찐빵,,chzzk,4028770e384f396fe3318baad907cff5,https://chzzk.naver.com/4028770e384f396fe3318baad907cff5,송찐빵,4448,2022-08-01,,2026-10-01 03:44:03,블루아카이브 백화요란 2장 메인스토리 같이보기,sbread1055,https://cafe.naver.com/sbread1055,mysmallvtuber.net,2026-10-01T03:32:36Z
c7XjH6TBhV6Qz3KKh2QT,온유 ONUU,ONUU,youtube,UCWMu3puueV9WF6riY3PTWvg,https://www.youtube.com/channel/UCWMu3puueV9WF6riY3PTWvg,온유ONUU 다시보기,208,,,2026-10-01 05:57:03,뒷게임 듀오 다시 뭉치기💜,,https://cafe.naver.com/withonuu,mysmallvtuber.net,2026-10-01T03:32:36Z
c7XjH6TBhV6Qz3KKh2QT,온유 ONUU,ONUU,chzzk,fcb753fcb6007b1fd8a1275562a31b11,https://chzzk.naver.com/fcb753fcb6007b1fd8a1275562a31b11,온유 ONUU,1866,,,2026-10-01 05:57:03,뒷게임 듀오 다시 뭉치기💜,,https://cafe.naver.com/withonuu,mysmallvtuber.net,2026-10-01T03:32:36Z
QmPTVYNyvB4msc23Yrcj,냥슈 CATSHU,CATSHU,youtube,UCPg2jbReZg9lRnENI2o6kEw,https://www.youtube.com/channel/UCPg2jbReZg9lRnENI2o6kEw,냥슈 CATSHU,201,2026-08-16,,2026-10-01 04:40:05,안아줘요~  [!룰렛],nyangsyu118412,https://cafe.naver.com/catshubagi,mysmallvtuber.net,2026-10-01T03:32:36Z
QmPTVYNyvB4msc23Yrcj,냥슈 CATSHU,CATSHU,youtube,UC57YVIR0mxzIq8DGLok9QlQ,https://www.youtube.com/channel/UC57YVIR0mxzIq8DGLok9QlQ,냥슈 다시보기,82,2026-08-16,,2026-10-01 04:40:05,안아줘요~  [!룰렛],nyangsyu118412,https://cafe.naver.com/catshubagi,mysmallvtuber.net,2026-10-01T03:32:36Z
QmPTVYNyvB4msc23Yrcj,냥슈 CATSHU,CATSHU,chzzk,c662c103aed2b541487e1aaaa44bc4ec,https://chzzk.naver.com/c662c103aed2b541487e1aaaa44bc4ec,냥슈 CATSHU,740,2026-08-16,,2026-10-01 04:40:05,안아줘요~  [!룰렛],nyangsyu118412,https://cafe.naver.com/catshubagi,mysmallvtuber.net,2026-10-01T03:32:36Z
pBjmwzXAybn4CuSD8ZtR,소라네 하노코,,youtube,UCJDXmm82qUG2zes40taUmJg,https://www.youtube.com/channel/UCJDXmm82qUG2zes40taUmJg,소라네 하노코 SORANE HANOKO,2270,2025-08-02,,2026-09-30 22:59:03,피부 노래져서 노래 불러요,hanoko0703,https://cafe.naver.com/studiosegno,mysmallvtuber.net,2026-10-01T03:32:36Z
pBjmwzXAybn4CuSD8ZtR,소라네 하노코,,chzzk,6a2f8115bc4301fbae3adb2fbe60182f,https://chzzk.naver.com/6a2f8115bc4301fbae3adb2fbe60182f,소라네 하노코,1495,2025-08-02,,2026-09-30 22:59:03,피부 노래져서 노래 불러요,hanoko0703,https://cafe.naver.com/studiosegno,mysmallvtuber.net,2026-10-01T03:32:36Z
UewDfd83CMFZ2LxHrP3S,해루닝,,chzzk,eaa3d33a92b7fb253dd88bcf718b1897,https://chzzk.naver.com/eaa3d33a92b7fb253dd88bcf718b1897,해루닝,874,2025-02-05,,2026-10-01 00:47:03,[!펀딩] 선택 잘해라잉💜,,https://cafe.naver.com/haeruworld,mysmallvtuber.net,2026-10-01T03:32:36Z
f2AY9feBKjtkjprJauNF,쁘밍,,youtube,UCb4SKHYmyfYMSN9NrP7fQPg,https://www.youtube.com/channel/UCb4SKHYmyfYMSN9NrP7fQPg,쁘밍,2770,2019-06-25,,2026-10-01 00:11:03,"🐰10장 아직도 상편??_스포, 훈수 칼 차단. 🐰",bbuming_vt,https://cafe.naver.com/bbuming,mysmallvtuber.net,2026-10-01T03:32:36Z
f2AY9feBKjtkjprJauNF,쁘밍,,chzzk,0537e132c47b6d4fa46650e30ba39d4a,https://chzzk.naver.com/0537e132c47b6d4fa46650e30ba39d4a,쁘밍,2729,2019-06-25,,2026-10-01 00:11:03,"🐰10장 아직도 상편??_스포, 훈수 칼 차단. 🐰",bbuming_vt,https://cafe.naver.com/bbuming,mysmallvtuber.net,2026-10-01T03:32:36Z
L7JBEGjWN3RN4cSc8sxH,모코 파르페,,youtube,UCt6LGQPj3P0I4iZ8OC-mumg,https://www.youtube.com/channel/UCt6LGQPj3P0I4iZ8OC-mumg,모코 파르페,8020,2025-03-21,,2026-10-01 05:22:03,맹순정 15일차 집에 경찰관분들이 오셨는데 이게 왜 봉누도가 아니지 ㅠㅠ 죄송합니다,Mocoparfe,https://cafe.naver.com/twillitstudio,mysmallvtuber.net,2026-10-01T03:32:36Z
L7JBEGjWN3RN4cSc8sxH,모코 파르페,,youtube,UCcPcE3bL5guQcENDOlPRNWw,https://www.youtube.com/channel/UCcPcE3bL5guQcENDOlPRNWw,모코와퐁당,541,2025-03-21,,2026-10-01 05:22:03,맹순정 15일차 집에 경찰관분들이 오셨는데 이게 왜 봉누도가 아니지 ㅠㅠ 죄송합니다,Mocoparfe,https://cafe.naver.com/twillitstudio,mysmallvtuber.net,2026-10-01T03:32:36Z
L7JBEGjWN3RN4cSc8sxH,모코 파르페,,chzzk,d20f164fe5946abe0bce2e5a43052923,https://chzzk.naver.com/d20f164fe5946abe0bce2e5a43052923,모코 파르페,7394,2025-03-21,,2026-10-01 05:22:03,맹순정 15일차 집에 경찰관분들이 오셨는데 이게 왜 봉누도가 아니지 ㅠㅠ 죄송합니다,Mocoparfe,https://cafe.naver.com/twillitstudio,mysmallvtuber.net,2026-10-01T03:32:36Z
cn3zuDJY3Q5xUxcnXBXx,이엘 EL,EL,youtube,UC8ChSpwMhm71JRffZfYiuHg,https://www.youtube.com/channel/UC8ChSpwMhm71JRffZfYiuHg,이엘EL_MUSIC,1050,2024-04-04,,2026-10-01 00:58:02,오버워치 후열 저챗,2L_el_116,,mysmallvtuber.net,2026-10-01T03:32:36Z
cn3zuDJY3Q5xUxcnXBXx,이엘 EL,EL,youtube,UCU65qxURZE-mKj7JIrCaECQ,https://www.youtube.com/channel/UCU65qxURZE-mKj7JIrCaECQ,이엘 다시보기,64,2024-04-04,,2026-10-01 00:58:02,오버워치 후열 저챗,2L_el_116,,mysmallvtuber.net,2026-10-01T03:32:36Z
cn3zuDJY3Q5xUxcnXBXx,이엘 EL,EL,chzzk,b05c77137f47647684406f32511fea8f,https://chzzk.naver.com/b05c77137f47647684406f32511fea8f,이엘 EL,1398,2024-04-04,,2026-10-01 00:58:02,오버워치 후열 저챗,2L_el_116,,mysmallvtuber.net,2026-10-01T03:32:36Z
RyU5YSguyPBzRUZCdgyu,무아 Muah,Muah,youtube,UCKryoDQ1wye6RqiUD60-Wvg,https://www.youtube.com/channel/UCKryoDQ1wye6RqiUD60-Wvg,무아 Muah,22,2026-06-02,,2026-10-01 01:27:03,🥕잦은 방송으로 성대를 잃은 비운의 토끼 ૮₍˶ᵔᵕᵔ˶ ₎ა🍀,,https://cafe.naver.com/formuah,mysmallvtuber.net,2026-10-01T03:32:36Z
RyU5YSguyPBzRUZCdgyu,무아 Muah,Muah,chzzk,e16604fb8b78344f68a791c8b0b907fa,https://chzzk.naver.com/e16604fb8b78344f68a791c8b0b907fa,무아 Muah,376,2026-06-02,,2026-10-01 01:27:03,🥕잦은 방송으로 성대를 잃은 비운의 토끼 ૮₍˶ᵔᵕᵔ˶ ₎ა🍀,,https://cafe.naver.com/formuah,mysmallvtuber.net,2026-10-01T03:32:36Z
bXQVD9Z4G9yPzcaHjBzq,팔 량,,youtube,UCL7WQ9B9R56cgTRy3sSBMvw,https://www.youtube.com/channel/UCL7WQ9B9R56cgTRy3sSBMvw,팔량,416,2024-01-05,,2026-09-30 21:55:02,[V/!공약] 또 고민에 빠졌다..,,,mysmallvtuber.net,2026-10-01T03:32:36Z
bXQVD9Z4G9yPzcaHjBzq,팔 량,,chzzk,d90971beb37c2b18433c6362234901a1,https://chzzk.naver.com/d90971beb37c2b18433c6362234901a1,팔 량,1926,2024-01-05,,2026-09-30 21:55:02,[V/!공약] 또 고민에 빠졌다..,,,mysmallvtuber.net,2026-10-01T03:32:36Z
9rfQ6EPem6MPu9esRNwM,야로로,,youtube,UCL-oXCbSMUAEZWUXIVZsLIA,https://www.youtube.com/channel/UCL-oXCbSMUAEZWUXIVZsLIA,야로로 YARORO,19300,2023-07-14,,2026-09-30 23:55:03,[V] 아저씨의 치이카와 영화 관람 전 공부하기,YARORO_Vtuber,https://cafe.naver.com/officialyaroro,mysmallvtuber.net,2026-10-01T03:32:36Z
9rfQ6EPem6MPu9esRNwM,야로로,,chzzk,4dc75f28b67156646c18af0c6efad29b,https://chzzk.naver.com/4dc75f28b67156646c18af0c6efad29b,야로로,774,2023-07-14,,2026-09-30 23:55:03,[V] 아저씨의 치이카와 영화 관람 전 공부하기,YARORO_Vtuber,https://cafe.naver.com/officialyaroro,mysmallvtuber.net,2026-10-01T03:32:36Z
dKANHhuAnv27QjaWsXp2,백희 Baekhee,Baekhee,youtube,UCbeJRhxXIHeGMHN_MjuDPWQ,https://www.youtube.com/channel/UCbeJRhxXIHeGMHN_MjuDPWQ,백희 Baekhee,3660,2025-11-08,,2026-10-01 02:58:03,[사령화] 잔잔저챗,Baekhee_SRH4,https://cafe.naver.com/grimproduction,mysmallvtuber.net,2026-10-01T03:32:36Z
dKANHhuAnv27QjaWsXp2,백희 Baekhee,Baekhee,chzzk,d916dc846dcbe66a3482e238625b9022,https://chzzk.naver.com/d916dc846dcbe66a3482e238625b9022,백희 Baekhee,10604,2025-11-08,,2026-10-01 02:58:03,[사령화] 잔잔저챗,Baekhee_SRH4,https://cafe.naver.com/grimproduction,mysmallvtuber.net,2026-10-01T03:32:36Z
2cj2BWAgEQt3KkHAn9SP,박지크,,chzzk,c35e9fd23206ca9e3b620a3dd4c110e1,https://chzzk.naver.com/c35e9fd23206ca9e3b620a3dd4c110e1,박지크,832,2024-02-21,,2026-10-01 01:48:03,[VCZ] 마크의달인 팀 대항전서버 참가 [ w.블루팀 ],zeke781202,https://discord.com/invite/pBn35J4jvA,mysmallvtuber.net,2026-10-01T03:32:36Z
C9j394GVUXYZnPcmJjSf,텔라 tella,tella,youtube,UCemheEhm48CnYUc-ELV2row,https://www.youtube.com/channel/UCemheEhm48CnYUc-ELV2row,텔라 옛날 계정,400,,,2026-09-30 22:52:02,어흐의 별자리 신체검사 하기 - 이후 까마귀녀,stella_hosino,https://cafe.naver.com/stella47,mysmallvtuber.net,2026-10-01T03:32:36Z
C9j394GVUXYZnPcmJjSf,텔라 tella,tella,youtube,UCgJ4XtMrQRkLohR4kprwS3A,https://www.youtube.com/channel/UCgJ4XtMrQRkLohR4kprwS3A,텔라 다시보기 모음,179,,,2026-09-30 22:52:02,어흐의 별자리 신체검사 하기 - 이후 까마귀녀,stella_hosino,https://cafe.naver.com/stella47,mysmallvtuber.net,2026-10-01T03:32:36Z
C9j394GVUXYZnPcmJjSf,텔라 tella,tella,chzzk,2b6076d06cf75e2ffa15a95165f6e03c,https://chzzk.naver.com/2b6076d06cf75e2ffa15a95165f6e03c,텔라 tella,1146,,,2026-09-30 22:52:02,어흐의 별자리 신체검사 하기 - 이후 까마귀녀,stella_hosino,https://cafe.naver.com/stella47,mysmallvtuber.net,2026-10-01T03:32:36Z
Scn7zpFzKduKQQ9sL885,묘루스,,youtube,UCzK1yqJ4wvhCnVxpiGZ1Dww,https://www.youtube.com/channel/UCzK1yqJ4wvhCnVxpiGZ1Dww,묘루스,92,2025-12-12,,2026-09-30 23:04:02,[V] 9월 정산!! 9월에 무슨 일이 있었나요?ㅣ고양이 라디오,Myorus_cat,,mysmallvtuber.net,2026-10-01T03:32:36Z
Scn7zpFzKduKQQ9sL885,묘루스,,chzzk,c278bc8fd12a84deb67c133132521835,https://chzzk.naver.com/c278bc8fd12a84deb67c133132521835,묘루스,218,2025-12-12,,2026-09-30 23:04:02,[V] 9월 정산!! 9월에 무슨 일이 있었나요?ㅣ고양이 라디오,Myorus_cat,,mysmallvtuber.net,2026-10-01T03:32:36Z
85LesX7XrgQFyd4PzxXH,쿠뽀미,,youtube,UCdVN6apP9i8nLQpDr4Nf69g,https://www.youtube.com/channel/UCdVN6apP9i8nLQpDr4Nf69g,쿠뽀미,7970,2025-12-21,,2026-10-01 00:36:02,[봉누도2 구루마] 오늘 다 억텐임,kuppomi,https://cafe.naver.com/kuppomi,mysmallvtuber.net,2026-10-01T03:32:36Z
85LesX7XrgQFyd4PzxXH,쿠뽀미,,youtube,UCqdRRaYWoqFoEdzjDTQHDcQ,https://www.youtube.com/channel/UCqdRRaYWoqFoEdzjDTQHDcQ,롱뽀미,785,2025-12-21,,2026-10-01 00:36:02,[봉누도2 구루마] 오늘 다 억텐임,kuppomi,https://cafe.naver.com/kuppomi,mysmallvtuber.net,2026-10-01T03:32:36Z
85LesX7XrgQFyd4PzxXH,쿠뽀미,,chzzk,73fc52c403eb3485524c02e1a0f2e623,https://chzzk.naver.com/73fc52c403eb3485524c02e1a0f2e623,쿠뽀미,3493,2025-12-21,,2026-10-01 00:36:02,[봉누도2 구루마] 오늘 다 억텐임,kuppomi,https://cafe.naver.com/kuppomi,mysmallvtuber.net,2026-10-01T03:32:36Z
6KduVSVKxf8WhqnFbqsA,차니0110,,youtube,UCzM8TBpjlYbVyWWVXEYRE6A,https://www.youtube.com/channel/UCzM8TBpjlYbVyWWVXEYRE6A,차니0110,957,2025-05-06,,2026-10-01 01:26:03,[마비노기 모바일] 업데이트노트 같이보기 10월 잘부탁드립니다! 어비스(매어~지옥2) or 레이드(카려움/에매어) 버스방송 (신규/복귀/부캐 도우미) 맞팔환영,,,mysmallvtuber.net,2026-10-01T03:32:36Z
6KduVSVKxf8WhqnFbqsA,차니0110,,chzzk,531a13d0f6e13972eb37775768d1410d,https://chzzk.naver.com/531a13d0f6e13972eb37775768d1410d,차니0110,2223,2025-05-06,,2026-10-01 01:26:03,[마비노기 모바일] 업데이트노트 같이보기 10월 잘부탁드립니다! 어비스(매어~지옥2) or 레이드(카려움/에매어) 버스방송 (신규/복귀/부캐 도우미) 맞팔환영,,,mysmallvtuber.net,2026-10-01T03:32:36Z
VaAysCayRjxdhQ52engu,세 라 핌,,youtube,UCOxXUlfJop5WtX6RS4BY4ZA,https://www.youtube.com/channel/UCOxXUlfJop5WtX6RS4BY4ZA,세라핌🌸핌카이브🩷,1370,2024-03-25,,2026-10-01 03:19:02,[v] [800♡] 🌸비가온당 천사아가씨🩷 『 오모리 w.톱밥입니다 』 ♪ (✿◡‿◡),_Angel_Seraphim,https://cafe.naver.com/angelseraphim,mysmallvtuber.net,2026-10-01T03:32:36Z
VaAysCayRjxdhQ52engu,세 라 핌,,chzzk,11d8198a35373468ccbc5c669d371080,https://chzzk.naver.com/11d8198a35373468ccbc5c669d371080,세 라 핌,2191,2024-03-25,,2026-10-01 03:19:02,[v] [800♡] 🌸비가온당 천사아가씨🩷 『 오모리 w.톱밥입니다 』 ♪ (✿◡‿◡),_Angel_Seraphim,https://cafe.naver.com/angelseraphim,mysmallvtuber.net,2026-10-01T03:32:36Z
RuRnhsdTqHZxGswvL9ht,러비비,,youtube,UCEq0bUl2mx6Y3zP-oc3lsVA,https://www.youtube.com/channel/UCEq0bUl2mx6Y3zP-oc3lsVA,러비비,2200,,,2026-10-01 00:32:02,경찰서 갔다온 썰 푼다 (21:00 w.코멧 합방),,https://discord.com/invite/WxGg6QyBp4,mysmallvtuber.net,2026-10-01T03:32:36Z
RuRnhsdTqHZxGswvL9ht,러비비,,youtube,UCfJ9RQvhEtSbz40AKRSENAQ,https://www.youtube.com/channel/UCfJ9RQvhEtSbz40AKRSENAQ,러비비 다시보기,673,,,2026-10-01 00:32:02,경찰서 갔다온 썰 푼다 (21:00 w.코멧 합방),,https://discord.com/invite/WxGg6QyBp4,mysmallvtuber.net,2026-10-01T03:32:36Z
RuRnhsdTqHZxGswvL9ht,러비비,,chzzk,b47bf4acc15db13ce1b888ef1b54e622,https://chzzk.naver.com/b47bf4acc15db13ce1b888ef1b54e622,러비비,1082,,,2026-10-01 00:32:02,경찰서 갔다온 썰 푼다 (21:00 w.코멧 합방),,https://discord.com/invite/WxGg6QyBp4,mysmallvtuber.net,2026-10-01T03:32:36Z
Q27tm45jjdZR9gyxtNaB,유미호 MiHo,MiHo,youtube,UC29N2eOD2niwzSOkohogQ3w,https://www.youtube.com/channel/UC29N2eOD2niwzSOkohogQ3w,유미호,5340,2025-08-09,,2026-10-01 02:03:03,[유순해] 세상의 억까를 다 당하는 중,U_Miho_0809,https://cafe.naver.com/umiho,mysmallvtuber.net,2026-10-01T03:32:36Z
Q27tm45jjdZR9gyxtNaB,유미호 MiHo,MiHo,chzzk,44dae7a2b81746e217082f6ef7f81779,https://chzzk.naver.com/44dae7a2b81746e217082f6ef7f81779,유미호 MiHo,5327,2025-08-09,,2026-10-01 02:03:03,[유순해] 세상의 억까를 다 당하는 중,U_Miho_0809,https://cafe.naver.com/umiho,mysmallvtuber.net,2026-10-01T03:32:36Z
cgfU5QSmvmKGZLzqTp7t,하야부사 츠바사,,youtube,UC5FB4WNFz8uTXzAQ6qXLpmA,https://www.youtube.com/channel/UC5FB4WNFz8uTXzAQ6qXLpmA,하야부사 츠바사 Hayabusa Tsubasa,8920,2024-12-21,,2026-10-01 01:13:03,[V] 이번주는 사힐 강점기임니다 (。・ω・。) 근데 게임 너무 어려운거 아님니까,S2_tsubasa,https://cafe.naver.com/artisons,mysmallvtuber.net,2026-10-01T03:32:36Z
cgfU5QSmvmKGZLzqTp7t,하야부사 츠바사,,youtube,UCjRg-VxZLhn28AaytzraXzA,https://www.youtube.com/channel/UCjRg-VxZLhn28AaytzraXzA,츠바사 다시보기,138,2024-12-21,,2026-10-01 01:13:03,[V] 이번주는 사힐 강점기임니다 (。・ω・。) 근데 게임 너무 어려운거 아님니까,S2_tsubasa,https://cafe.naver.com/artisons,mysmallvtuber.net,2026-10-01T03:32:36Z
cgfU5QSmvmKGZLzqTp7t,하야부사 츠바사,,chzzk,e7104b41f018bb2db3dca526d9f00e53,https://chzzk.naver.com/e7104b41f018bb2db3dca526d9f00e53,하야부사 츠바사,1988,2024-12-21,,2026-10-01 01:13:03,[V] 이번주는 사힐 강점기임니다 (。・ω・。) 근데 게임 너무 어려운거 아님니까,S2_tsubasa,https://cafe.naver.com/artisons,mysmallvtuber.net,2026-10-01T03:32:36Z
Xj6qWqMnqZv6bYHwVecm,연이나,,youtube,UCMcE8VEgw6BwBWRVaAe8CFQ,https://www.youtube.com/channel/UCMcE8VEgw6BwBWRVaAe8CFQ,연이나 HoweverIna,808,2025-02-25,,2026-09-30 22:54:02,노가리나 까면서 놀자 :3,however_ina,https://ciety.xyz/@howeverina,mysmallvtuber.net,2026-10-01T03:32:36Z
Xj6qWqMnqZv6bYHwVecm,연이나,,youtube,UCpQzO7xXE2PQcjQShzYHw6g,https://www.youtube.com/channel/UCpQzO7xXE2PQcjQShzYHw6g,연이나(However_Ina),13,2025-02-25,,2026-09-30 22:54:02,노가리나 까면서 놀자 :3,however_ina,https://ciety.xyz/@howeverina,mysmallvtuber.net,2026-10-01T03:32:36Z
Xj6qWqMnqZv6bYHwVecm,연이나,,chzzk,1bba9a34d4d2b8b998c36c5cdbc9f4fe,https://chzzk.naver.com/1bba9a34d4d2b8b998c36c5cdbc9f4fe,연이나,298,2025-02-25,,2026-09-30 22:54:02,노가리나 까면서 놀자 :3,however_ina,https://ciety.xyz/@howeverina,mysmallvtuber.net,2026-10-01T03:32:36Z
hX4CQgvxf6n4hPbU9pSk,유우챠,,youtube,UCoNAZKKlOOTRj4LNALSvNZQ,https://www.youtube.com/channel/UCoNAZKKlOOTRj4LNALSvNZQ,유우챠 YUUCHA,4430,2023-06-26,,2026-09-30 23:20:03,🏳️로블록스 하면서 잡담하는 이모 방송이야~🐤,yuucha0626,https://cafe.naver.com/yuuchav,mysmallvtuber.net,2026-10-01T03:32:36Z
hX4CQgvxf6n4hPbU9pSk,유우챠,,youtube,UCKd7J6vCkj-C_ctMoL3IkKA,https://www.youtube.com/channel/UCKd7J6vCkj-C_ctMoL3IkKA,유우챠의 플래그 회수,512,2023-06-26,,2026-09-30 23:20:03,🏳️로블록스 하면서 잡담하는 이모 방송이야~🐤,yuucha0626,https://cafe.naver.com/yuuchav,mysmallvtuber.net,2026-10-01T03:32:36Z
hX4CQgvxf6n4hPbU9pSk,유우챠,,chzzk,4f9963668012f5b4d4c2647eb77820e6,https://chzzk.naver.com/4f9963668012f5b4d4c2647eb77820e6,유우챠,1627,2023-06-26,,2026-09-30 23:20:03,🏳️로블록스 하면서 잡담하는 이모 방송이야~🐤,yuucha0626,https://cafe.naver.com/yuuchav,mysmallvtuber.net,2026-10-01T03:32:36Z
da6SBHnHadqa4THCpgXk,히레 hire,hire,youtube,UCNA88sifwpaAMZesydTq8xw,https://www.youtube.com/channel/UCNA88sifwpaAMZesydTq8xw,히레,574,2025-10-18,,2026-10-01 00:09:03,아겜 보려다 밤새다 지각한 청년 ∑ᔪ(°ᐤ°;)ᔭ💦🐡🫧,hire02350,,mysmallvtuber.net,2026-10-01T03:32:36Z
da6SBHnHadqa4THCpgXk,히레 hire,hire,chzzk,0be8dc1c87bc63e51380f779123df6aa,https://chzzk.naver.com/0be8dc1c87bc63e51380f779123df6aa,히레 hire,3099,2025-10-18,,2026-10-01 00:09:03,아겜 보려다 밤새다 지각한 청년 ∑ᔪ(°ᐤ°;)ᔭ💦🐡🫧,hire02350,,mysmallvtuber.net,2026-10-01T03:32:36Z
RC7awq6DRZn9W5srgmJv,남다늘,,youtube,UCSYri_aFcQcL-gD_7FhKxvQ,https://www.youtube.com/channel/UCSYri_aFcQcL-gD_7FhKxvQ,남다늘 풀-생방송다시보기채널,238,,,2026-10-01 01:18:03,😎🖐️후열 게임 : 무한미니게임지옥 파판7리버스 #13-1 (챕터 9)🖐️😎,daneol__,https://cafe.naver.com/namdaneol,mysmallvtuber.net,2026-10-01T03:32:36Z
RC7awq6DRZn9W5srgmJv,남다늘,,chzzk,1218d91de2df4a7f6416a7c986418ba5,https://chzzk.naver.com/1218d91de2df4a7f6416a7c986418ba5,남다늘,739,,,2026-10-01 01:18:03,😎🖐️후열 게임 : 무한미니게임지옥 파판7리버스 #13-1 (챕터 9)🖐️😎,daneol__,https://cafe.naver.com/namdaneol,mysmallvtuber.net,2026-10-01T03:32:36Z
GHP2XUHzUFhPc2c59NEj,라디유,,youtube,UC44QE3DVUuDrhUC5yp4zRYQ,https://www.youtube.com/channel/UC44QE3DVUuDrhUC5yp4zRYQ,라디유,333000,2019-10-28,,2026-09-30 23:26:03,와 음치백만년만에 노래방,radiyoui,https://cafe.naver.com/radiyu,mysmallvtuber.net,2026-10-01T03:32:36Z
GHP2XUHzUFhPc2c59NEj,라디유,,chzzk,68f895c59a1043bc5019b5e08c83a5c5,https://chzzk.naver.com/68f895c59a1043bc5019b5e08c83a5c5,라디유,78371,2019-10-28,,2026-09-30 23:26:03,와 음치백만년만에 노래방,radiyoui,https://cafe.naver.com/radiyu,mysmallvtuber.net,2026-10-01T03:32:36Z
pEf9ArGJSXr4Spn7JvP6,델 쥬,,youtube,UCMEJQZzIgKzjJPC81Qjb5Fw,https://www.youtube.com/channel/UCMEJQZzIgKzjJPC81Qjb5Fw,델쥬,1580,2022-04-11,,2026-10-01 01:08:03,ㅇㅅㅇ,,https://cafe.naver.com/dellju,mysmallvtuber.net,2026-10-01T03:32:36Z
pEf9ArGJSXr4Spn7JvP6,델 쥬,,youtube,UCjSP1uIqSyLbImXgxu-brVQ,https://www.youtube.com/channel/UCjSP1uIqSyLbImXgxu-brVQ,델쥬 다시보기,571,2022-04-11,,2026-10-01 01:08:03,ㅇㅅㅇ,,https://cafe.naver.com/dellju,mysmallvtuber.net,2026-10-01T03:32:36Z
pEf9ArGJSXr4Spn7JvP6,델 쥬,,chzzk,ed6874f498ce8559a4118f2f87270a6f,https://chzzk.naver.com/ed6874f498ce8559a4118f2f87270a6f,델 쥬,1429,2022-04-11,,2026-10-01 01:08:03,ㅇㅅㅇ,,https://cafe.naver.com/dellju,mysmallvtuber.net,2026-10-01T03:32:36Z
NnbSU7PQYyUmkCcpbGp3,리아네,,youtube,UCu6VSEHFB0-pVMYk8RsMNTg,https://www.youtube.com/channel/UCu6VSEHFB0-pVMYk8RsMNTg,리아네,75,2024-11-30,,2026-09-30 22:25:03,수요일 방송~💜₍ᐢ.ˬ.ᐢ₎,riane_rabbit,https://cafe.naver.com/liarrabbit,mysmallvtuber.net,2026-10-01T03:32:36Z
NnbSU7PQYyUmkCcpbGp3,리아네,,chzzk,6b8b170a27384ae583a627d936b93492,https://chzzk.naver.com/6b8b170a27384ae583a627d936b93492,리아네,458,2024-11-30,,2026-09-30 22:25:03,수요일 방송~💜₍ᐢ.ˬ.ᐢ₎,riane_rabbit,https://cafe.naver.com/liarrabbit,mysmallvtuber.net,2026-10-01T03:32:36Z
f3ay5BMmQP8hUANBWKxs,곰나루,,youtube,UCCRfNnppgfC1IuelYYGNtbg,https://www.youtube.com/channel/UCCRfNnppgfC1IuelYYGNtbg,곰나루 나룻터,3520,2023-12-16,,2026-10-01 01:45:04,사이비종교갤 탐방하는 겜,bear_nalu,https://cafe.naver.com/artisons,mysmallvtuber.net,2026-10-01T03:32:36Z
f3ay5BMmQP8hUANBWKxs,곰나루,,youtube,UCKsSdyvYLg0ptuCWicv6fiw,https://www.youtube.com/channel/UCKsSdyvYLg0ptuCWicv6fiw,곰나루 동굴,593,2023-12-16,,2026-10-01 01:45:04,사이비종교갤 탐방하는 겜,bear_nalu,https://cafe.naver.com/artisons,mysmallvtuber.net,2026-10-01T03:32:36Z
f3ay5BMmQP8hUANBWKxs,곰나루,,chzzk,cc5b5bfb1483ed369625dd3e84d79d8b,https://chzzk.naver.com/cc5b5bfb1483ed369625dd3e84d79d8b,곰나루,1762,2023-12-16,,2026-10-01 01:45:04,사이비종교갤 탐방하는 겜,bear_nalu,https://cafe.naver.com/artisons,mysmallvtuber.net,2026-10-01T03:32:36Z
gWLvFdThKWnEuK34yFbM,강운실,,youtube,UCy9gmfG3B-q42vBOfK2qN3w,https://www.youtube.com/channel/UCy9gmfG3B-q42vBOfK2qN3w,강운실,78,,,2026-09-30 22:50:02,하라드 가보자고~,riverunsil,,mysmallvtuber.net,2026-10-01T03:32:36Z
gWLvFdThKWnEuK34yFbM,강운실,,youtube,UCcHXWmYD5MH-6YXujxwy1Sw,https://www.youtube.com/channel/UCcHXWmYD5MH-6YXujxwy1Sw,강운실 다시보기,63,,,2026-09-30 22:50:02,하라드 가보자고~,riverunsil,,mysmallvtuber.net,2026-10-01T03:32:36Z
gWLvFdThKWnEuK34yFbM,강운실,,chzzk,a8d295e3e4f1d771e4f29aed42d664b5,https://chzzk.naver.com/a8d295e3e4f1d771e4f29aed42d664b5,강운실,364,,,2026-09-30 22:50:02,하라드 가보자고~,riverunsil,,mysmallvtuber.net,2026-10-01T03:32:36Z
w2zrd6dDaswmaRUTU6pT,빱찌,,youtube,UCTSkjPPvz1b3y4yaHPR8c7w,https://www.youtube.com/channel/UCTSkjPPvz1b3y4yaHPR8c7w,뚜루띠안 빱찌,1470,2025-03-28,,2026-09-30 23:04:02,🛸웅냐냥👽,,https://cafe.naver.com/bbabzzi,mysmallvtuber.net,2026-10-01T03:32:36Z
w2zrd6dDaswmaRUTU6pT,빱찌,,chzzk,b9a9c0046303e93448e799900347a3d2,https://chzzk.naver.com/b9a9c0046303e93448e799900347a3d2,빱찌,906,2025-03-28,,2026-09-30 23:04:02,🛸웅냐냥👽,,https://cafe.naver.com/bbabzzi,mysmallvtuber.net,2026-10-01T03:32:36Z
fZmPm2xwEs2MgJvvdLfg,조홍단,,chzzk,88e0c8e14dd95355d663e608fb96931d,https://chzzk.naver.com/88e0c8e14dd95355d663e608fb96931d,조홍단,733,2025-05-12,,2026-09-30 23:29:04,갱장히 바빴던 오늘 모비로 힐링 하기 ฅ(´ര ̫ ര`),,,mysmallvtuber.net,2026-10-01T03:32:36Z
Rhch2FUSyW5jHgRS7cut,해냄,,youtube,UC6seXzZUyrP_HSyLG_Zt8wg,https://www.youtube.com/channel/UC6seXzZUyrP_HSyLG_Zt8wg,해냄 HAENAEM,2080,2024-01-06,,2026-09-30 23:10:04,나도 질투하는데..?,Hae_naem_,https://cafe.naver.com/haenaemguild,mysmallvtuber.net,2026-10-01T03:32:36Z
Rhch2FUSyW5jHgRS7cut,해냄,,youtube,UCj4RqDv7-rVbzWYe3z7MSGg,https://www.youtube.com/channel/UCj4RqDv7-rVbzWYe3z7MSGg,해냄 다시보기,222,2024-01-06,,2026-09-30 23:10:04,나도 질투하는데..?,Hae_naem_,https://cafe.naver.com/haenaemguild,mysmallvtuber.net,2026-10-01T03:32:36Z
Rhch2FUSyW5jHgRS7cut,해냄,,chzzk,2bddaadfaca317afe554eb390e6df68c,https://chzzk.naver.com/2bddaadfaca317afe554eb390e6df68c,해냄,1163,2024-01-06,,2026-09-30 23:10:04,나도 질투하는데..?,Hae_naem_,https://cafe.naver.com/haenaemguild,mysmallvtuber.net,2026-10-01T03:32:36Z
DRSZ93gBqzRGFhauB3AX,김시루콩,,youtube,UCKKj_2P7UWBwDBULFBVPKmw,https://www.youtube.com/channel/UCKKj_2P7UWBwDBULFBVPKmw,김시루콩,27,2025-08-17,,2026-10-01 02:26:02,오늘은 꼭 낚시 끝장본다,Kim_Sirukong,https://cafe.naver.com/sirukong,mysmallvtuber.net,2026-10-01T03:32:36Z
DRSZ93gBqzRGFhauB3AX,김시루콩,,chzzk,ae36c0e59619e66308b90db60c81057d,https://chzzk.naver.com/ae36c0e59619e66308b90db60c81057d,김시루콩,531,2025-08-17,,2026-10-01 02:26:02,오늘은 꼭 낚시 끝장본다,Kim_Sirukong,https://cafe.naver.com/sirukong,mysmallvtuber.net,2026-10-01T03:32:36Z
ELTxg2GsT8pAHxrwFT8C,디아 나,,youtube,UCOZAtamIRUYWGwFDdhiM2Cw,https://www.youtube.com/channel/UCOZAtamIRUYWGwFDdhiM2Cw,디아나 Diahna,9480,2023-06-03,,2026-10-01 01:56:03,🐾 도마즈 만남이야기 + 어제 컴이 죽었었어요,diahnaing,https://cafe.naver.com/diahnaing,mysmallvtuber.net,2026-10-01T03:32:36Z
ELTxg2GsT8pAHxrwFT8C,디아 나,,youtube,UCHVMN0Xqmcu7Il3uqNGOqkQ,https://www.youtube.com/channel/UCHVMN0Xqmcu7Il3uqNGOqkQ,디아나 다시보기,569,2023-06-03,,2026-10-01 01:56:03,🐾 도마즈 만남이야기 + 어제 컴이 죽었었어요,diahnaing,https://cafe.naver.com/diahnaing,mysmallvtuber.net,2026-10-01T03:32:36Z
ELTxg2GsT8pAHxrwFT8C,디아 나,,chzzk,a80a95f91626493613a7b1093002b26d,https://chzzk.naver.com/a80a95f91626493613a7b1093002b26d,디아 나,5319,2023-06-03,,2026-10-01 01:56:03,🐾 도마즈 만남이야기 + 어제 컴이 죽었었어요,diahnaing,https://cafe.naver.com/diahnaing,mysmallvtuber.net,2026-10-01T03:32:36Z
2cWp6YDaHEhVUWbPFvhK,린세 이데,,youtube,UC4x5640rFDkSr99NqEIAxoA,https://www.youtube.com/channel/UC4x5640rFDkSr99NqEIAxoA,린세컴퍼니,744,2024-02-07,,2026-10-01 00:20:05,이치반 에리 한준기 아다치 레츠고,Rinse7_,https://discord.gg/HSkSBhaGJm,mysmallvtuber.net,2026-10-01T03:32:36Z
2cWp6YDaHEhVUWbPFvhK,린세 이데,,chzzk,f9c5767197acf2b93313d2f57d432a8d,https://chzzk.naver.com/f9c5767197acf2b93313d2f57d432a8d,린세 이데,1303,2024-02-07,,2026-10-01 00:20:05,이치반 에리 한준기 아다치 레츠고,Rinse7_,https://discord.gg/HSkSBhaGJm,mysmallvtuber.net,2026-10-01T03:32:36Z
2e9ucE6xzaxdWq3YgDR8,데메트루,,youtube,UCE17nMphXimMPT6dgLYkk7A,https://www.youtube.com/channel/UCE17nMphXimMPT6dgLYkk7A,데메트루,285,2019-12-19,,2026-10-01 02:37:02,[v/유입환영] 새벽에 조금 얘기하고 갈까?,demeteulu_8,https://cafe.naver.com/bluegrayckdo6,mysmallvtuber.net,2026-10-01T03:32:36Z
2e9ucE6xzaxdWq3YgDR8,데메트루,,chzzk,a60a100f92b18c63eb7d238aec8d29a0,https://chzzk.naver.com/a60a100f92b18c63eb7d238aec8d29a0,데메트루,1382,2019-12-19,,2026-10-01 02:37:02,[v/유입환영] 새벽에 조금 얘기하고 갈까?,demeteulu_8,https://cafe.naver.com/bluegrayckdo6,mysmallvtuber.net,2026-10-01T03:32:36Z
XXJZ43k85BUtKRWUcW6V,옥쓔,,youtube,UCfT34MnoBqDblo00hTUgzZQ,https://www.youtube.com/channel/UCfT34MnoBqDblo00hTUgzZQ,옥쓔,16200,2021-05-08,,2026-10-01 00:08:03,옥쓔 밋다콘이 나왔다에요 (❁´◡`❁),corncorn0202,https://cafe.naver.com/corncorn02,mysmallvtuber.net,2026-10-01T03:32:36Z
XXJZ43k85BUtKRWUcW6V,옥쓔,,youtube,UCTyr5QZEY6Fnj4T-8t0AkRw,https://www.youtube.com/channel/UCTyr5QZEY6Fnj4T-8t0AkRw,쑛쓔,4220,2021-05-08,,2026-10-01 00:08:03,옥쓔 밋다콘이 나왔다에요 (❁´◡`❁),corncorn0202,https://cafe.naver.com/corncorn02,mysmallvtuber.net,2026-10-01T03:32:36Z
XXJZ43k85BUtKRWUcW6V,옥쓔,,chzzk,0e061c23f8d4e7b5a85ba52b7e18bd5b,https://chzzk.naver.com/0e061c23f8d4e7b5a85ba52b7e18bd5b,옥쓔,21302,2021-05-08,,2026-10-01 00:08:03,옥쓔 밋다콘이 나왔다에요 (❁´◡`❁),corncorn0202,https://cafe.naver.com/corncorn02,mysmallvtuber.net,2026-10-01T03:32:36Z
HMY5adHjMwWnmNcgY83k,아홀로 루파,,youtube,UC9gVXsUQNKvj-sn_SAdDi9g,https://www.youtube.com/channel/UC9gVXsUQNKvj-sn_SAdDi9g,아홀로 루파,7120,2025-06-15,,2026-10-01 00:55:03,[컨텐츠: 지켜야 할 추석] 잠깐만요옷에뭐묻었어요가만히있어봐요아제머리카락이네요버리려고요왜버려요그냥두세요어차피조금있으면떨어질텐데그때까지는붙어있게놔둬요이상하게저는이런게좋더라고요당신옷에,AholoRupa,https://cafe.naver.com/aholorupacafe,mysmallvtuber.net,2026-10-01T03:32:36Z
HMY5adHjMwWnmNcgY83k,아홀로 루파,,chzzk,3e948667805e7627459a599018d05853,https://chzzk.naver.com/3e948667805e7627459a599018d05853,아홀로 루파,6352,2025-06-15,,2026-10-01 00:55:03,[컨텐츠: 지켜야 할 추석] 잠깐만요옷에뭐묻었어요가만히있어봐요아제머리카락이네요버리려고요왜버려요그냥두세요어차피조금있으면떨어질텐데그때까지는붙어있게놔둬요이상하게저는이런게좋더라고요당신옷에,AholoRupa,https://cafe.naver.com/aholorupacafe,mysmallvtuber.net,2026-10-01T03:32:36Z
CRS8CU3XWwy9GCR8Z4c5,천유정,,youtube,UCJteQK8mnK1gZ5LgBvdNytw,https://www.youtube.com/channel/UCJteQK8mnK1gZ5LgBvdNytw,천유정 Yujeong,3080,2023-07-22,,2026-10-01 00:35:04,"[아이온2] 아티쟁 준비! 그리고 오늘은 시련 16단 무사히 갈 수 있을까..? / 이슈타르 치유성, 루드라 궁성",yujeong0605,https://discord.gg/BrEKJE4k9N,mysmallvtuber.net,2026-10-01T03:32:36Z
CRS8CU3XWwy9GCR8Z4c5,천유정,,soop,yujeong0605,https://ch.sooplive.co.kr/yujeong0605,천유정,5111,2023-07-22,,2026-10-01 00:35:04,"[아이온2] 아티쟁 준비! 그리고 오늘은 시련 16단 무사히 갈 수 있을까..? / 이슈타르 치유성, 루드라 궁성",yujeong0605,https://discord.gg/BrEKJE4k9N,mysmallvtuber.net,2026-10-01T03:32:36Z
gnPC5GNQR5KStvBMLqmS,비 영,,youtube,UC-mYupfk_ao7F8BtXcjOoeQ,https://www.youtube.com/channel/UC-mYupfk_ao7F8BtXcjOoeQ,Name,6950,,,2026-10-01 00:27:03,총겜 잘함.,,,mysmallvtuber.net,2026-10-01T03:32:36Z
gnPC5GNQR5KStvBMLqmS,비 영,,chzzk,b8413baca31cd4540d400c4fab1e7a29,https://chzzk.naver.com/b8413baca31cd4540d400c4fab1e7a29,비 영,8818,,,2026-10-01 00:27:03,총겜 잘함.,,,mysmallvtuber.net,2026-10-01T03:32:36Z
lf5D82a6YmUpqY33I3Re,데인문 언체인드,,youtube,UCuTzELh43r6Ns9MtNlzgc-g,https://www.youtube.com/channel/UCuTzELh43r6Ns9MtNlzgc-g,데인문 언체인드 / THEINMOON UNCHAINED,1680,2022-08-15,,2026-09-30 23:00:05,아니 라보건 이거 뭔데...?,Theinmoon_,,mysmallvtuber.net,2026-10-01T03:32:36Z
lf5D82a6YmUpqY33I3Re,데인문 언체인드,,youtube,UCKHd02p3iKO7gpSfCtdKeFQ,https://www.youtube.com/channel/UCKHd02p3iKO7gpSfCtdKeFQ,데인문 아카이브 / THEINMOON ARCHIVE,183,2022-08-15,,2026-09-30 23:00:05,아니 라보건 이거 뭔데...?,Theinmoon_,,mysmallvtuber.net,2026-10-01T03:32:36Z
lf5D82a6YmUpqY33I3Re,데인문 언체인드,,chzzk,14a147ac667ed76ae97fe61cb6837c32,https://chzzk.naver.com/14a147ac667ed76ae97fe61cb6837c32,데인문 언체인드,593,2022-08-15,,2026-09-30 23:00:05,아니 라보건 이거 뭔데...?,Theinmoon_,,mysmallvtuber.net,2026-10-01T03:32:36Z
gky3Y5pa6jZLYBQkCSHw,마냥_,,youtube,UCtoHqh381tZlGSmPITK45Lw,https://www.youtube.com/channel/UCtoHqh381tZlGSmPITK45Lw,마냥,12300,2023-11-26,,2026-10-01 02:22:03,[UR:L] 마냥,,https://cafe.naver.com/sandboxidol,mysmallvtuber.net,2026-10-01T03:32:36Z
gky3Y5pa6jZLYBQkCSHw,마냥_,,soop,maluckitty,https://ch.sooplive.co.kr/maluckitty,마냥_,23065,2023-11-26,,2026-10-01 02:22:03,[UR:L] 마냥,,https://cafe.naver.com/sandboxidol,mysmallvtuber.net,2026-10-01T03:32:36Z
An4rnJ7YLJ45ZSV8NZXy,레아나 Reana,Reana,youtube,UCL55fBj8__uGXLyukK0SvEQ,https://www.youtube.com/channel/UCL55fBj8__uGXLyukK0SvEQ,레아나 Reana,34900,2018-12-28,,2026-10-01 00:23:03,마지막 영도 촉각슈트..!!,Reana_Vtuber,https://cafe.naver.com/reanacafe,mysmallvtuber.net,2026-10-01T03:32:36Z
An4rnJ7YLJ45ZSV8NZXy,레아나 Reana,Reana,youtube,UC8KjOvfnLpUU8Sq3qTwpKxQ,https://www.youtube.com/channel/UC8KjOvfnLpUU8Sq3qTwpKxQ,레아나(랙돌) VOD 다시보기,2090,2018-12-28,,2026-10-01 00:23:03,마지막 영도 촉각슈트..!!,Reana_Vtuber,https://cafe.naver.com/reanacafe,mysmallvtuber.net,2026-10-01T03:32:36Z
An4rnJ7YLJ45ZSV8NZXy,레아나 Reana,Reana,chzzk,dcf8337aa57ed257b1c76bafbdb5c054,https://chzzk.naver.com/dcf8337aa57ed257b1c76bafbdb5c054,레아나 Reana,14311,2018-12-28,,2026-10-01 00:23:03,마지막 영도 촉각슈트..!!,Reana_Vtuber,https://cafe.naver.com/reanacafe,mysmallvtuber.net,2026-10-01T03:32:36Z
gsQyUb3nsuhdzLMsSKYx,밍시,,youtube,UCfafkEX1PEGPoZxhgo_vamA,https://www.youtube.com/channel/UCfafkEX1PEGPoZxhgo_vamA,밍시 되새김질,41,2023-07-31,,2026-09-30 23:26:03,메리밍?,_mingsi_,https://discord.gg/d2rRwnBA6H,mysmallvtuber.net,2026-10-01T03:32:36Z
gsQyUb3nsuhdzLMsSKYx,밍시,,chzzk,cbbed4b9f547f2811a4cb79e10f4552f,https://chzzk.naver.com/cbbed4b9f547f2811a4cb79e10f4552f,밍시,1094,2023-07-31,,2026-09-30 23:26:03,메리밍?,_mingsi_,https://discord.gg/d2rRwnBA6H,mysmallvtuber.net,2026-10-01T03:32:36Z
KGjFkqL5NryERVeFCL8s,메이 May Lee,May Lee,chzzk,5b5123770ffc827fa7f98a8faccb7541,https://chzzk.naver.com/5b5123770ffc827fa7f98a8faccb7541,메이 May Lee,864,,,2026-10-01 01:07:03,스토리 개쩌는 초능력 추리 게임을 내 맛대로 더빙할거야!,,https://cafe.naver.com/carrothouse220206,mysmallvtuber.net,2026-10-01T03:32:36Z
3k46SD7V6JdThPpHq5vL,루디님,,youtube,UCdBZxsfGsc0I1MSioUhcQfw,https://www.youtube.com/channel/UCdBZxsfGsc0I1MSioUhcQfw,루디 Rudy,16500,,,2026-09-30 22:12:02,어제 오픈한 게임을 머저리들과 모험을 떠나보자 [마인크래프트 던전스2 w. 실친즈],Rudy_ELPHIS,https://cafe.naver.com/elphisacademy,mysmallvtuber.net,2026-10-01T03:32:36Z
3k46SD7V6JdThPpHq5vL,루디님,,youtube,UCp40GJNTYhB75Ur6snB8KrA,https://www.youtube.com/channel/UCp40GJNTYhB75Ur6snB8KrA,루디 다시보기,1240,,,2026-09-30 22:12:02,어제 오픈한 게임을 머저리들과 모험을 떠나보자 [마인크래프트 던전스2 w. 실친즈],Rudy_ELPHIS,https://cafe.naver.com/elphisacademy,mysmallvtuber.net,2026-10-01T03:32:36Z
3k46SD7V6JdThPpHq5vL,루디님,,chzzk,05c6daaae355aeae2f1843b9edc426b3,https://chzzk.naver.com/05c6daaae355aeae2f1843b9edc426b3,루디님,3016,,,2026-09-30 22:12:02,어제 오픈한 게임을 머저리들과 모험을 떠나보자 [마인크래프트 던전스2 w. 실친즈],Rudy_ELPHIS,https://cafe.naver.com/elphisacademy,mysmallvtuber.net,2026-10-01T03:32:36Z
ufHVzWK8qBqcTCwstu7N,레나찌,,youtube,UCa8Ut0XvLngF9cYVDcsxqNQ,https://www.youtube.com/channel/UCa8Ut0XvLngF9cYVDcsxqNQ,레나찌,324,2023-03-05,,2026-10-01 04:28:02,ㅈㅈㅇㅇ 💚,renaddang_g,https://cafe.naver.com/renazzi,mysmallvtuber.net,2026-10-01T03:32:36Z
ufHVzWK8qBqcTCwstu7N,레나찌,,youtube,UC87D3E04tS6pQsV3WabpvHA,https://www.youtube.com/channel/UC87D3E04tS6pQsV3WabpvHA,레나찌 모았찌,121,2023-03-05,,2026-10-01 04:28:02,ㅈㅈㅇㅇ 💚,renaddang_g,https://cafe.naver.com/renazzi,mysmallvtuber.net,2026-10-01T03:32:36Z
ufHVzWK8qBqcTCwstu7N,레나찌,,chzzk,66d9b111b4e8449a91b5bfd26ccc9f8c,https://chzzk.naver.com/66d9b111b4e8449a91b5bfd26ccc9f8c,레나찌,1658,2023-03-05,,2026-10-01 04:28:02,ㅈㅈㅇㅇ 💚,renaddang_g,https://cafe.naver.com/renazzi,mysmallvtuber.net,2026-10-01T03:32:36Z
utXkmrhDRacgZBb6pRqU,망야_,,youtube,UCir68f1DVuwXkVtRU_b9woQ,https://www.youtube.com/channel/UCir68f1DVuwXkVtRU_b9woQ,망야 MANGYA,29000,,,2026-10-01 01:51:03,소통하자!!💛33/330룰렛,,https://cafe.naver.com/mangya0305,mysmallvtuber.net,2026-10-01T03:32:36Z
utXkmrhDRacgZBb6pRqU,망야_,,soop,habee511,https://ch.sooplive.co.kr/habee511,망야_,12242,,,2026-10-01 01:51:03,소통하자!!💛33/330룰렛,,https://cafe.naver.com/mangya0305,mysmallvtuber.net,2026-10-01T03:32:36Z
KHjUT9FVdSvyHm9GKKmA,요망yomang,yomang,youtube,UCIXNwrBJnynXYqeMgjq25xQ,https://www.youtube.com/channel/UCIXNwrBJnynXYqeMgjq25xQ,Yomang,116,2023-04-11,,2026-09-30 23:49:02,[v] 삼진에바로 기각되었습니다,,https://discord.gg/rP6Qp5x35v,mysmallvtuber.net,2026-10-01T03:32:36Z
KHjUT9FVdSvyHm9GKKmA,요망yomang,yomang,youtube,UCUU22FRT7yzoxntW2pYk6Kg,https://www.youtube.com/channel/UCUU22FRT7yzoxntW2pYk6Kg,요망 다시보기,22,2023-04-11,,2026-09-30 23:49:02,[v] 삼진에바로 기각되었습니다,,https://discord.gg/rP6Qp5x35v,mysmallvtuber.net,2026-10-01T03:32:36Z
KHjUT9FVdSvyHm9GKKmA,요망yomang,yomang,chzzk,e16add2b52d6db2c837e1255f07aec22,https://chzzk.naver.com/e16add2b52d6db2c837e1255f07aec22,요망yomang,681,2023-04-11,,2026-09-30 23:49:02,[v] 삼진에바로 기각되었습니다,,https://discord.gg/rP6Qp5x35v,mysmallvtuber.net,2026-10-01T03:32:36Z
xwAcyNDA6baGf9Sc6Nq3,우냐냥,,youtube,UCvQ-PAkKB4OMABHY5dOi8uw,https://www.youtube.com/channel/UCvQ-PAkKB4OMABHY5dOi8uw,우냐냥,501,,,2026-10-01 00:06:03,트릭컬 시즌2 왕왕왕왕왕왕 중요한 스토리 보기,QUICHE_E,https://cafe.naver.com/vcanvas,mysmallvtuber.net,2026-10-01T03:32:36Z
xwAcyNDA6baGf9Sc6Nq3,우냐냥,,youtube,UCMtvf6TQrb8forMcWjzMgHA,https://www.youtube.com/channel/UCMtvf6TQrb8forMcWjzMgHA,우냐냥의 다시보기,121,,,2026-10-01 00:06:03,트릭컬 시즌2 왕왕왕왕왕왕 중요한 스토리 보기,QUICHE_E,https://cafe.naver.com/vcanvas,mysmallvtuber.net,2026-10-01T03:32:36Z
xwAcyNDA6baGf9Sc6Nq3,우냐냥,,chzzk,7f9142e6c0a044d845b5c8dc6cba45ef,https://chzzk.naver.com/7f9142e6c0a044d845b5c8dc6cba45ef,우냐냥,1267,,,2026-10-01 00:06:03,트릭컬 시즌2 왕왕왕왕왕왕 중요한 스토리 보기,QUICHE_E,https://cafe.naver.com/vcanvas,mysmallvtuber.net,2026-10-01T03:32:36Z
PHHCJTCHcRkAmEwefHFW,채의,,youtube,UCvitpVf3DJSz-tRiMUz85RA,https://www.youtube.com/channel/UCvitpVf3DJSz-tRiMUz85RA,채의,585,2025-01-25,,2026-09-30 22:48:02,✨ 에반게리온 7화부터~,1chaeUi,https://cafe.naver.com/chaezip,mysmallvtuber.net,2026-10-01T03:32:36Z
PHHCJTCHcRkAmEwefHFW,채의,,youtube,UCz7DgKcPSimQGV9j9R-DCiA,https://www.youtube.com/channel/UCz7DgKcPSimQGV9j9R-DCiA,채의 다시보기,317,2025-01-25,,2026-09-30 22:48:02,✨ 에반게리온 7화부터~,1chaeUi,https://cafe.naver.com/chaezip,mysmallvtuber.net,2026-10-01T03:32:36Z
PHHCJTCHcRkAmEwefHFW,채의,,chzzk,5833633de490a73da5d25801584b2ae6,https://chzzk.naver.com/5833633de490a73da5d25801584b2ae6,채의,900,2025-01-25,,2026-09-30 22:48:02,✨ 에반게리온 7화부터~,1chaeUi,https://cafe.naver.com/chaezip,mysmallvtuber.net,2026-10-01T03:32:36Z
cCP5s2AUBSdYfzyhXemg,레피돌,,youtube,UCjrOuceWbKhudA501mFAo0Q,https://www.youtube.com/channel/UCjrOuceWbKhudA501mFAo0Q,레피돌의 치지직 버추얼 뉴스,412,2025-03-08,,2026-10-01 02:05:04,영도데이/페그오 10월 업데이트 내역 같이보기,AT_Lepidolite,https://cafe.naver.com/artisons,mysmallvtuber.net,2026-10-01T03:32:36Z
cCP5s2AUBSdYfzyhXemg,레피돌,,chzzk,c4a867051fca980c13961bb6d88b1b2d,https://chzzk.naver.com/c4a867051fca980c13961bb6d88b1b2d,레피돌,2667,2025-03-08,,2026-10-01 02:05:04,영도데이/페그오 10월 업데이트 내역 같이보기,AT_Lepidolite,https://cafe.naver.com/artisons,mysmallvtuber.net,2026-10-01T03:32:36Z
pExAZERmdQT2fnkurXZc,양메이,,youtube,UCJGXPBjwQOvv4su8hB7TiuQ,https://www.youtube.com/channel/UCJGXPBjwQOvv4su8hB7TiuQ,양메이 Yangmei,9940,2022-11-13,,2026-10-01 01:35:05,"우리는 왜 로블록스에서....? w.남궁혁, 김토키",yangmei1126,https://cafe.naver.com/s2dia,mysmallvtuber.net,2026-10-01T03:32:36Z
pExAZERmdQT2fnkurXZc,양메이,,chzzk,f1869f490ddd660c420b2f57c649e6bb,https://chzzk.naver.com/f1869f490ddd660c420b2f57c649e6bb,양메이,8690,2022-11-13,,2026-10-01 01:35:05,"우리는 왜 로블록스에서....? w.남궁혁, 김토키",yangmei1126,https://cafe.naver.com/s2dia,mysmallvtuber.net,2026-10-01T03:32:36Z
d8uPpuvj7cY54mfQz2Ln,유토링,,youtube,UCrls67U6n3qnPui1NW0F7Cg,https://www.youtube.com/channel/UCrls67U6n3qnPui1NW0F7Cg,유토링,1110,2023-12-26,,2026-10-01 02:14:03,🐿️수요일은 영도데이 (´･ω･`),yutoring__,https://cafe.naver.com/terafore,mysmallvtuber.net,2026-10-01T03:32:36Z
d8uPpuvj7cY54mfQz2Ln,유토링,,youtube,UCtnufNgNpsyYDH2rTLR6lww,https://www.youtube.com/channel/UCtnufNgNpsyYDH2rTLR6lww,유토링 다시보기,66,2023-12-26,,2026-10-01 02:14:03,🐿️수요일은 영도데이 (´･ω･`),yutoring__,https://cafe.naver.com/terafore,mysmallvtuber.net,2026-10-01T03:32:36Z
d8uPpuvj7cY54mfQz2Ln,유토링,,chzzk,105c19a2df33594abc805087f483eb1f,https://chzzk.naver.com/105c19a2df33594abc805087f483eb1f,유토링,5561,2023-12-26,,2026-10-01 02:14:03,🐿️수요일은 영도데이 (´･ω･`),yutoring__,https://cafe.naver.com/terafore,mysmallvtuber.net,2026-10-01T03:32:36Z
rWfYBA6CsVw9bsJdmDs3,튜베로즈n월하향,n,youtube,UC-gINOq3-5Bpoe2abkIwNYw,https://www.youtube.com/channel/UC-gINOq3-5Bpoe2abkIwNYw,튜베로즈🦋🌿,127,2024-06-16,,2026-09-30 21:23:03,"[다정한 화원, 즐거운 휴식처] 회식에 다녀왔더니 책에서도 술 이야기를 한다 (행복의 정복)",Tuberose_Fairy,https://discord.gg/pbjeSHAcxc,mysmallvtuber.net,2026-10-01T03:32:36Z
rWfYBA6CsVw9bsJdmDs3,튜베로즈n월하향,n,chzzk,43602c4b1877b8eec7d5c0fbe18be59b,https://chzzk.naver.com/43602c4b1877b8eec7d5c0fbe18be59b,튜베로즈n월하향,314,2024-06-16,,2026-09-30 21:23:03,"[다정한 화원, 즐거운 휴식처] 회식에 다녀왔더니 책에서도 술 이야기를 한다 (행복의 정복)",Tuberose_Fairy,https://discord.gg/pbjeSHAcxc,mysmallvtuber.net,2026-10-01T03:32:36Z
ds9AxAE7WNf7W6XHuUdB,유메노 모코,,chzzk,be5a6639bbe6886288d26ac8be73469f,https://chzzk.naver.com/be5a6639bbe6886288d26ac8be73469f,유메노 모코,291,,,2026-09-30 23:59:02,이환 레이븐 뽑기하고 컨텐츠 즐기기,,,mysmallvtuber.net,2026-10-01T03:32:36Z
YbmQva9zFwV7nzGn6mVe,쿠미르,,youtube,UChSoVwQgOucKWx-Hrzg1zfw,https://www.youtube.com/channel/UChSoVwQgOucKWx-Hrzg1zfw,쿠미르,3440,2023-12-21,,2026-10-01 02:49:03,첫 랭크! 플래티넘의 공기 맵다 / 노휴방 1015일차 [버미육],kumir_vtuber,https://discord.com/invite/D4hauKu4VE,mysmallvtuber.net,2026-10-01T03:32:36Z
YbmQva9zFwV7nzGn6mVe,쿠미르,,youtube,UCCGu1ARvaB38iKT0Gyi4FhA,https://www.youtube.com/channel/UCCGu1ARvaB38iKT0Gyi4FhA,FULL미르,1190,2023-12-21,,2026-10-01 02:49:03,첫 랭크! 플래티넘의 공기 맵다 / 노휴방 1015일차 [버미육],kumir_vtuber,https://discord.com/invite/D4hauKu4VE,mysmallvtuber.net,2026-10-01T03:32:36Z
YbmQva9zFwV7nzGn6mVe,쿠미르,,chzzk,147592553d18fd240ed2b132f9f3be57,https://chzzk.naver.com/147592553d18fd240ed2b132f9f3be57,쿠미르,3666,2023-12-21,,2026-10-01 02:49:03,첫 랭크! 플래티넘의 공기 맵다 / 노휴방 1015일차 [버미육],kumir_vtuber,https://discord.com/invite/D4hauKu4VE,mysmallvtuber.net,2026-10-01T03:32:36Z
jxFJpaH7mjJsgSAeWY28,루시츄,,youtube,UCmGdgpEjSfopa9bs6n-dMCA,https://www.youtube.com/channel/UCmGdgpEjSfopa9bs6n-dMCA,그림츄,17700,2023-09-24,,2026-10-01 00:26:03,츄기적 🖤,Lucy_chuS2,https://cafe.naver.com/ecrin,mysmallvtuber.net,2026-10-01T03:32:36Z
jxFJpaH7mjJsgSAeWY28,루시츄,,youtube,UCJ_6iUTUjMHMNgKU6wdJReg,https://www.youtube.com/channel/UCJ_6iUTUjMHMNgKU6wdJReg,루시풀,201,2023-09-24,,2026-10-01 00:26:03,츄기적 🖤,Lucy_chuS2,https://cafe.naver.com/ecrin,mysmallvtuber.net,2026-10-01T03:32:36Z
jxFJpaH7mjJsgSAeWY28,루시츄,,chzzk,1acac1ca4420da766e7734c723b37a41,https://chzzk.naver.com/1acac1ca4420da766e7734c723b37a41,루시츄,1058,2023-09-24,,2026-10-01 00:26:03,츄기적 🖤,Lucy_chuS2,https://cafe.naver.com/ecrin,mysmallvtuber.net,2026-10-01T03:32:36Z
qnvwD25jTP5Qk4T2AHp2,시노농 XINO,XINO,youtube,UCTUbOIwr6X2Hys1DiDTQLKg,https://www.youtube.com/channel/UCTUbOIwr6X2Hys1DiDTQLKg,시노농 XINO CH. 大神シノ,10500,2020-11-14,,2026-09-30 22:38:03,내 인생 레전드,XINO_Virtual,https://cafe.naver.com/xinonong,mysmallvtuber.net,2026-10-01T03:32:36Z
qnvwD25jTP5Qk4T2AHp2,시노농 XINO,XINO,chzzk,573aba785831e27446c5d765ced4de7b,https://chzzk.naver.com/573aba785831e27446c5d765ced4de7b,시노농 XINO,3353,2020-11-14,,2026-09-30 22:38:03,내 인생 레전드,XINO_Virtual,https://cafe.naver.com/xinonong,mysmallvtuber.net,2026-10-01T03:32:36Z
LPyj8bHQCzYS8jPS6F7X,유레이 UREI,UREI,youtube,UCIU8PajfzHymOudTkvYyRxA,https://www.youtube.com/channel/UCIU8PajfzHymOudTkvYyRxA,Urei,3440,2025-01-26,,2026-10-01 02:39:02,뿌리얅,Urei0w0,,mysmallvtuber.net,2026-10-01T03:32:36Z
LPyj8bHQCzYS8jPS6F7X,유레이 UREI,UREI,chzzk,4f650f02bc4ab38a998d74e3abb1b68b,https://chzzk.naver.com/4f650f02bc4ab38a998d74e3abb1b68b,유레이 UREI,12760,2025-01-26,,2026-10-01 02:39:02,뿌리얅,Urei0w0,,mysmallvtuber.net,2026-10-01T03:32:36Z
MXA4ksB24tgNRktpTuMG,김렝지,,youtube,UCK_d8SntGnKHn4z95BPL2AQ,https://www.youtube.com/channel/UCK_d8SntGnKHn4z95BPL2AQ,렝지,8250,,,2026-10-01 00:34:02,mudfish까지 보고 ㄱㄱㄱ,,https://cafe.naver.com/lenzi1215,mysmallvtuber.net,2026-10-01T03:32:36Z
MXA4ksB24tgNRktpTuMG,김렝지,,youtube,UCOEgM1l_UwozNkt0PMD1zRQ,https://www.youtube.com/channel/UCOEgM1l_UwozNkt0PMD1zRQ,렝지 다시보기,4130,,,2026-10-01 00:34:02,mudfish까지 보고 ㄱㄱㄱ,,https://cafe.naver.com/lenzi1215,mysmallvtuber.net,2026-10-01T03:32:36Z
MXA4ksB24tgNRktpTuMG,김렝지,,chzzk,c59080612c2f5778a02b7bc680e160e9,https://chzzk.naver.com/c59080612c2f5778a02b7bc680e160e9,김렝지,6842,,,2026-10-01 00:34:02,mudfish까지 보고 ㄱㄱㄱ,,https://cafe.naver.com/lenzi1215,mysmallvtuber.net,2026-10-01T03:32:36Z
JGPH4tjqzfcGyt3NWbRu,모잉,,youtube,UCHzre37UF4o64HRhp-7CDzQ,https://www.youtube.com/channel/UCHzre37UF4o64HRhp-7CDzQ,모잉,145000,2018-02-22,,2026-10-01 06:46:03,[V] 보컬로이드 이상형 월드컵! 💜,,https://cafe.naver.com/moinge,mysmallvtuber.net,2026-10-01T03:32:36Z
JGPH4tjqzfcGyt3NWbRu,모잉,,youtube,UC2fJutQqQRGmlbqiAYFsBuQ,https://www.youtube.com/channel/UC2fJutQqQRGmlbqiAYFsBuQ,모잉 다시보기,17800,2018-02-22,,2026-10-01 06:46:03,[V] 보컬로이드 이상형 월드컵! 💜,,https://cafe.naver.com/moinge,mysmallvtuber.net,2026-10-01T03:32:36Z
JGPH4tjqzfcGyt3NWbRu,모잉,,chzzk,1d333ff175b4db5bd06f87a88579ec1e,https://chzzk.naver.com/1d333ff175b4db5bd06f87a88579ec1e,모잉,48938,2018-02-22,,2026-10-01 06:46:03,[V] 보컬로이드 이상형 월드컵! 💜,,https://cafe.naver.com/moinge,mysmallvtuber.net,2026-10-01T03:32:36Z
xfzUD3gXtXtTWbJ24JYh,첼로 vtuber,vtuber,youtube,UCdvLzJHv6cLZ14oWu76_58A,https://www.youtube.com/channel/UCdvLzJHv6cLZ14oWu76_58A,첼로의 당고둥지,430,2023-04-13,,2026-10-01 00:20:05,가뭄 또한 지나가리다,cello_Vtuber,https://cafe.naver.com/cellovtuber?tc=shared_link,mysmallvtuber.net,2026-10-01T03:32:36Z
xfzUD3gXtXtTWbJ24JYh,첼로 vtuber,vtuber,youtube,UCpESeZ3kLmXWrqFLNB8FjpQ,https://www.youtube.com/channel/UCpESeZ3kLmXWrqFLNB8FjpQ,첼로 풀영상 다시보기,58,2023-04-13,,2026-10-01 00:20:05,가뭄 또한 지나가리다,cello_Vtuber,https://cafe.naver.com/cellovtuber?tc=shared_link,mysmallvtuber.net,2026-10-01T03:32:36Z
xfzUD3gXtXtTWbJ24JYh,첼로 vtuber,vtuber,chzzk,dadb0a61ec6a6e6eee09613fc3b350c7,https://chzzk.naver.com/dadb0a61ec6a6e6eee09613fc3b350c7,첼로 vtuber,846,2023-04-13,,2026-10-01 00:20:05,가뭄 또한 지나가리다,cello_Vtuber,https://cafe.naver.com/cellovtuber?tc=shared_link,mysmallvtuber.net,2026-10-01T03:32:36Z
RZXbqKDKW66m9vXrzLrh,하랑히,,youtube,UCe2SrHYN5yv8s4sD76jJVLA,https://www.youtube.com/channel/UCe2SrHYN5yv8s4sD76jJVLA,하랑히,355,2025-06-28,,2026-09-30 20:06:02,잘쉬다오겠습니다!,heocho_vpbs,https://cafe.naver.com/playbyschool,mysmallvtuber.net,2026-10-01T03:32:36Z
RZXbqKDKW66m9vXrzLrh,하랑히,,youtube,UCobSfJK1gHDH4w3jaWHs_Sw,https://www.youtube.com/channel/UCobSfJK1gHDH4w3jaWHs_Sw,하랑히 다시보기,178,2025-06-28,,2026-09-30 20:06:02,잘쉬다오겠습니다!,heocho_vpbs,https://cafe.naver.com/playbyschool,mysmallvtuber.net,2026-10-01T03:32:36Z
RZXbqKDKW66m9vXrzLrh,하랑히,,chzzk,746201a013be741f2d751e63c8d317ae,https://chzzk.naver.com/746201a013be741f2d751e63c8d317ae,하랑히,2189,2025-06-28,,2026-09-30 20:06:02,잘쉬다오겠습니다!,heocho_vpbs,https://cafe.naver.com/playbyschool,mysmallvtuber.net,2026-10-01T03:32:36Z
B5PbmGndmHEkLzmVYfaH,Go항상,Go,youtube,UCZBFUAgY04cBXZZEPOlW9Bg,https://www.youtube.com/channel/UCZBFUAgY04cBXZZEPOlW9Bg,583,1330,2021-11-11,,2026-09-30 23:11:02,〈𝟓𝟖𝟑〉 납치가 좋아? 세뇌가 좋아? | ●∀●)ﾉ=͟͟͞͞🍚,gohansan_583,https://cafe.naver.com/gohansan,mysmallvtuber.net,2026-10-01T03:32:36Z
B5PbmGndmHEkLzmVYfaH,Go항상,Go,youtube,UCZTs6WiMl1LCLlFAICamSCg,https://www.youtube.com/channel/UCZTs6WiMl1LCLlFAICamSCg,Go봉밥,314,2021-11-11,,2026-09-30 23:11:02,〈𝟓𝟖𝟑〉 납치가 좋아? 세뇌가 좋아? | ●∀●)ﾉ=͟͟͞͞🍚,gohansan_583,https://cafe.naver.com/gohansan,mysmallvtuber.net,2026-10-01T03:32:36Z
B5PbmGndmHEkLzmVYfaH,Go항상,Go,chzzk,5fbfe6e67fbd44b49778f9398446c2cc,https://chzzk.naver.com/5fbfe6e67fbd44b49778f9398446c2cc,Go항상,1257,2021-11-11,,2026-09-30 23:11:02,〈𝟓𝟖𝟑〉 납치가 좋아? 세뇌가 좋아? | ●∀●)ﾉ=͟͟͞͞🍚,gohansan_583,https://cafe.naver.com/gohansan,mysmallvtuber.net,2026-10-01T03:32:36Z
pVJXmVUDnTV7q8SWTydj,윤이온,,youtube,UC9z6-GreqrH7h63-EvRiXcw,https://www.youtube.com/channel/UC9z6-GreqrH7h63-EvRiXcw,윤이온,972,2023-08-15,,2026-10-01 00:49:03,애첩으로 이온이 어때><,virtual_Yunion,,mysmallvtuber.net,2026-10-01T03:32:36Z
pVJXmVUDnTV7q8SWTydj,윤이온,,soop,yunion0227,https://ch.sooplive.co.kr/yunion0227,윤이온,1642,2023-08-15,,2026-10-01 00:49:03,애첩으로 이온이 어때><,virtual_Yunion,,mysmallvtuber.net,2026-10-01T03:32:36Z
DWLXE3378x3PWYSDPanM,리아니야,,youtube,UCKWMjBCS5opm6XIebHmPVcg,https://www.youtube.com/channel/UCKWMjBCS5opm6XIebHmPVcg,리아니야 Lianiya,10,2024-02-19,,2026-10-01 01:25:05,[버미육🐱] 내일 일정생겨서 방송키자마자 바로 이환1.4 하는 장염고양이,Lianiya_Vtuber,https://discord.gg/ecmjgnuJjB,mysmallvtuber.net,2026-10-01T03:32:36Z
DWLXE3378x3PWYSDPanM,리아니야,,youtube,UCRvwnR1sj3ebcPhIWhr4rZg,https://www.youtube.com/channel/UCRvwnR1sj3ebcPhIWhr4rZg,리아니야 다시보기,41,2024-02-19,,2026-10-01 01:25:05,[버미육🐱] 내일 일정생겨서 방송키자마자 바로 이환1.4 하는 장염고양이,Lianiya_Vtuber,https://discord.gg/ecmjgnuJjB,mysmallvtuber.net,2026-10-01T03:32:36Z
DWLXE3378x3PWYSDPanM,리아니야,,chzzk,9d37449ef7d1f404404941248f4e09e5,https://chzzk.naver.com/9d37449ef7d1f404404941248f4e09e5,리아니야,387,2024-02-19,,2026-10-01 01:25:05,[버미육🐱] 내일 일정생겨서 방송키자마자 바로 이환1.4 하는 장염고양이,Lianiya_Vtuber,https://discord.gg/ecmjgnuJjB,mysmallvtuber.net,2026-10-01T03:32:36Z
RFvzDEamHjZm9ZLtbyU5,쵸쵸우,,youtube,UCzoP3s16B9hP7f_qIc6DReQ,https://www.youtube.com/channel/UCzoP3s16B9hP7f_qIc6DReQ,쵸쵸우,472000,,,2026-10-01 00:08:03,씨드머니 '으심해' 15일차 (수요 프로젝트 많관부💗),chochou_v,,mysmallvtuber.net,2026-10-01T03:32:36Z
RFvzDEamHjZm9ZLtbyU5,쵸쵸우,,youtube,UC6C2Qs2BB7_IBo42GTdOC9w,https://www.youtube.com/channel/UC6C2Qs2BB7_IBo42GTdOC9w,쵸쵸우 100%,2500,,,2026-10-01 00:08:03,씨드머니 '으심해' 15일차 (수요 프로젝트 많관부💗),chochou_v,,mysmallvtuber.net,2026-10-01T03:32:36Z
RFvzDEamHjZm9ZLtbyU5,쵸쵸우,,chzzk,6ec2829475b485474e7bd1df449cb160,https://chzzk.naver.com/6ec2829475b485474e7bd1df449cb160,쵸쵸우,11897,,,2026-10-01 00:08:03,씨드머니 '으심해' 15일차 (수요 프로젝트 많관부💗),chochou_v,,mysmallvtuber.net,2026-10-01T03:32:36Z
CLLNkYR948z8Z8RnFCTm,감치치,,youtube,UCZMuxVd3rQ4uaYOSVrc9hHQ,https://www.youtube.com/channel/UCZMuxVd3rQ4uaYOSVrc9hHQ,감치치,6750,2024-03-23,,2026-10-01 00:05:04,⭐후열 토크에오...,gamchichi2,https://cafe.naver.com/gamchichi20240323,mysmallvtuber.net,2026-10-01T03:32:36Z
CLLNkYR948z8Z8RnFCTm,감치치,,youtube,UCY0RqygYVbeXJc6QK1sK4iQ,https://www.youtube.com/channel/UCY0RqygYVbeXJc6QK1sK4iQ,롱치치(감치치),504,2024-03-23,,2026-10-01 00:05:04,⭐후열 토크에오...,gamchichi2,https://cafe.naver.com/gamchichi20240323,mysmallvtuber.net,2026-10-01T03:32:36Z
CLLNkYR948z8Z8RnFCTm,감치치,,chzzk,900d761fd519764075fd7ee8195a80b1,https://chzzk.naver.com/900d761fd519764075fd7ee8195a80b1,감치치,3084,2024-03-23,,2026-10-01 00:05:04,⭐후열 토크에오...,gamchichi2,https://cafe.naver.com/gamchichi20240323,mysmallvtuber.net,2026-10-01T03:32:36Z
qkTjXTvcterDVG6rs6yC,아마시로 메이,,youtube,UCFBGM-uY6yHh9S4o4IXQFMA,https://www.youtube.com/channel/UCFBGM-uY6yHh9S4o4IXQFMA,아마시로 메이 Amashiro Mei,16000,2025-09-03,,2026-09-30 23:38:03,[브이아이] 축구 일본이 이기면 한일전 결승이다!!!,AmashiroMei,https://cafe.naver.com/virtualidol,mysmallvtuber.net,2026-10-01T03:32:36Z
qkTjXTvcterDVG6rs6yC,아마시로 메이,,youtube,UCID7mVxMXyvby4RdUtWhORg,https://www.youtube.com/channel/UCID7mVxMXyvby4RdUtWhORg,아마시로 메이 다시보기,1340,2025-09-03,,2026-09-30 23:38:03,[브이아이] 축구 일본이 이기면 한일전 결승이다!!!,AmashiroMei,https://cafe.naver.com/virtualidol,mysmallvtuber.net,2026-10-01T03:32:36Z
qkTjXTvcterDVG6rs6yC,아마시로 메이,,chzzk,6bcc1c4b89128eac7bc7a7d698ef7aa2,https://chzzk.naver.com/6bcc1c4b89128eac7bc7a7d698ef7aa2,아마시로 메이,7622,2025-09-03,,2026-09-30 23:38:03,[브이아이] 축구 일본이 이기면 한일전 결승이다!!!,AmashiroMei,https://cafe.naver.com/virtualidol,mysmallvtuber.net,2026-10-01T03:32:36Z
qXAjs5yPTAvZ3FBSGAw5,꿀유자,,youtube,UCTMZJ8lRXFlGTVuUlT4RepQ,https://www.youtube.com/channel/UCTMZJ8lRXFlGTVuUlT4RepQ,꿀유자,137,2019-09-11,,2026-10-01 06:58:03,나 꿀빵부대 대장인데 나랑 돈벌면서 승리하자 ฅ(๑•̀⩊•́๑)ฅ,Yu_Ja22,https://cafe.naver.com/yuja22,mysmallvtuber.net,2026-10-01T03:32:36Z
qXAjs5yPTAvZ3FBSGAw5,꿀유자,,youtube,UCteIwKwq_jFArWt0g-jC7nA,https://www.youtube.com/channel/UCteIwKwq_jFArWt0g-jC7nA,꿀유자 다시보기,18,2019-09-11,,2026-10-01 06:58:03,나 꿀빵부대 대장인데 나랑 돈벌면서 승리하자 ฅ(๑•̀⩊•́๑)ฅ,Yu_Ja22,https://cafe.naver.com/yuja22,mysmallvtuber.net,2026-10-01T03:32:36Z
qXAjs5yPTAvZ3FBSGAw5,꿀유자,,chzzk,f323f6d0c4308b33a49e985b91cc321e,https://chzzk.naver.com/f323f6d0c4308b33a49e985b91cc321e,꿀유자,2556,2019-09-11,,2026-10-01 06:58:03,나 꿀빵부대 대장인데 나랑 돈벌면서 승리하자 ฅ(๑•̀⩊•́๑)ฅ,Yu_Ja22,https://cafe.naver.com/yuja22,mysmallvtuber.net,2026-10-01T03:32:36Z
yMtK5z2cVf67SAsnTGUc,코멧o3o,o3o,youtube,UCdaOGLgA6TuBFsyKdHA1NQw,https://www.youtube.com/channel/UCdaOGLgA6TuBFsyKdHA1NQw,코멧,843,2023-12-09,,2026-10-01 00:37:02,협동 내다버린 오비탈스/이후 전굽는중 w.러비비 [아스테라],Comet_030_,https://www.vlum.co/club/comet_030_,mysmallvtuber.net,2026-10-01T03:32:36Z
yMtK5z2cVf67SAsnTGUc,코멧o3o,o3o,chzzk,b2d5af771e2ace887c86e514e953b4f2,https://chzzk.naver.com/b2d5af771e2ace887c86e514e953b4f2,코멧o3o,1009,2023-12-09,,2026-10-01 00:37:02,협동 내다버린 오비탈스/이후 전굽는중 w.러비비 [아스테라],Comet_030_,https://www.vlum.co/club/comet_030_,mysmallvtuber.net,2026-10-01T03:32:36Z
8B7T9EYsTRFCxYWptk65,우미노 사키,,youtube,UCyDVOZ9Eg1WHTBXulUzl5MA,https://www.youtube.com/channel/UCyDVOZ9Eg1WHTBXulUzl5MA,우미노 사키(Umino Saki),3010,2024-04-26,,2026-10-01 00:02:03,[에반게리온 1~10화 안본뇌 같이보기],uminosaki38,https://cafe.naver.com/uminosaki,mysmallvtuber.net,2026-10-01T03:32:36Z
8B7T9EYsTRFCxYWptk65,우미노 사키,,youtube,UCKYXRGWbWwWYJimNVfiwu4A,https://www.youtube.com/channel/UCKYXRGWbWwWYJimNVfiwu4A,우미노 사키 다시보기,1480,2024-04-26,,2026-10-01 00:02:03,[에반게리온 1~10화 안본뇌 같이보기],uminosaki38,https://cafe.naver.com/uminosaki,mysmallvtuber.net,2026-10-01T03:32:36Z
8B7T9EYsTRFCxYWptk65,우미노 사키,,chzzk,6c144288aea90dbb1f4d9f60da6e8acf,https://chzzk.naver.com/6c144288aea90dbb1f4d9f60da6e8acf,우미노 사키,2789,2024-04-26,,2026-10-01 00:02:03,[에반게리온 1~10화 안본뇌 같이보기],uminosaki38,https://cafe.naver.com/uminosaki,mysmallvtuber.net,2026-10-01T03:32:36Z
2HaZQtFFTvm7CFYLymDZ,하지유,,youtube,UC62i7rPIxuODdzGaqt8S6Vg,https://www.youtube.com/channel/UC62i7rPIxuODdzGaqt8S6Vg,하지유,26400,,,2026-09-30 23:54:02,[봉누도] 씨드머니 그래서 오늘 머함 [64년생 하지순],hajiyu_w,https://cafe.naver.com/hajiyuw,mysmallvtuber.net,2026-10-01T03:32:36Z
2HaZQtFFTvm7CFYLymDZ,하지유,,youtube,UCoZgSasVzDP6I1pPpMhYVFw,https://www.youtube.com/channel/UCoZgSasVzDP6I1pPpMhYVFw,다시보기 하지유,976,,,2026-09-30 23:54:02,[봉누도] 씨드머니 그래서 오늘 머함 [64년생 하지순],hajiyu_w,https://cafe.naver.com/hajiyuw,mysmallvtuber.net,2026-10-01T03:32:36Z
2HaZQtFFTvm7CFYLymDZ,하지유,,chzzk,b3f0dd09666949762e0da59210c3f403,https://chzzk.naver.com/b3f0dd09666949762e0da59210c3f403,하지유,17435,,,2026-09-30 23:54:02,[봉누도] 씨드머니 그래서 오늘 머함 [64년생 하지순],hajiyu_w,https://cafe.naver.com/hajiyuw,mysmallvtuber.net,2026-10-01T03:32:36Z
BA6xrf2Bjn5RrsFyZCxj,알오 AlphaOmega,AlphaOmega,chzzk,469658d4d0ed945a1423db7d97b0f2ad,https://chzzk.naver.com/469658d4d0ed945a1423db7d97b0f2ad,알오 AlphaOmega,273,,,2026-09-30 23:35:04,[V/유입환영] 돈없을때는 저금통 뿌숴서 돈모으기🦦,alphaomega_01,https://discord.com/invite/Hf6ngSC3HH,mysmallvtuber.net,2026-10-01T03:32:36Z
rPdE7Fu2HsvmS42aVjbN,호하리 Hohari,Hohari,youtube,UCGxLjFrX_2i4kUoeB3aTE-w,https://www.youtube.com/channel/UCGxLjFrX_2i4kUoeB3aTE-w,호하리,7990,2022-04-25,,2026-10-01 04:59:03,[V] 하아-? 호하리가 너무 관능적? 하리가 주는 세상의 자극에 대한 백신!,hariho11,https://cafe.naver.com/f-e/cafes/31064775/menus/0?t=1766832756118,mysmallvtuber.net,2026-10-01T03:32:36Z
rPdE7Fu2HsvmS42aVjbN,호하리 Hohari,Hohari,youtube,UCmEwjj8fcYyGdy99alx7gIQ,https://www.youtube.com/channel/UCmEwjj8fcYyGdy99alx7gIQ,호하리 다시보기,692,2022-04-25,,2026-10-01 04:59:03,[V] 하아-? 호하리가 너무 관능적? 하리가 주는 세상의 자극에 대한 백신!,hariho11,https://cafe.naver.com/f-e/cafes/31064775/menus/0?t=1766832756118,mysmallvtuber.net,2026-10-01T03:32:36Z
rPdE7Fu2HsvmS42aVjbN,호하리 Hohari,Hohari,chzzk,437789ebfd9ac58804f1d38281bf03b2,https://chzzk.naver.com/437789ebfd9ac58804f1d38281bf03b2,호하리 Hohari,5999,2022-04-25,,2026-10-01 04:59:03,[V] 하아-? 호하리가 너무 관능적? 하리가 주는 세상의 자극에 대한 백신!,hariho11,https://cafe.naver.com/f-e/cafes/31064775/menus/0?t=1766832756118,mysmallvtuber.net,2026-10-01T03:32:36Z
w7MefT8WykDNUe2LYYth,감자에이드,,youtube,UC8xyS0vTR59zNJDvypXl0yg,https://www.youtube.com/channel/UC8xyS0vTR59zNJDvypXl0yg,감자에이드 POTATOADE,2150,2022-03-13,,2026-09-30 22:54:02,Liminal Shroud - 공포게임 전문 감자 -,potatoadegame,https://cafe.naver.com/potatoade,mysmallvtuber.net,2026-10-01T03:32:36Z
w7MefT8WykDNUe2LYYth,감자에이드,,chzzk,9c0820288c20a1d408ece175cae62c37,https://chzzk.naver.com/9c0820288c20a1d408ece175cae62c37,감자에이드,488,2022-03-13,,2026-09-30 22:54:02,Liminal Shroud - 공포게임 전문 감자 -,potatoadegame,https://cafe.naver.com/potatoade,mysmallvtuber.net,2026-10-01T03:32:36Z
g5MGhDWrphepWxCcaeH8,이치카 히비,,youtube,UC-x7n_uteYk1dLAdkXoTsMw,https://www.youtube.com/channel/UC-x7n_uteYk1dLAdkXoTsMw,이치카 히비 ICHIKA HIBI,3530,2024-06-30,,2026-10-01 02:18:03,9월 끄읏,Aquabel_hibi,https://cafe.naver.com/aquabel,mysmallvtuber.net,2026-10-01T03:32:36Z
g5MGhDWrphepWxCcaeH8,이치카 히비,,chzzk,206afc6829e734e662ed0bf24dcbac0e,https://chzzk.naver.com/206afc6829e734e662ed0bf24dcbac0e,이치카 히비,14389,2024-06-30,,2026-10-01 02:18:03,9월 끄읏,Aquabel_hibi,https://cafe.naver.com/aquabel,mysmallvtuber.net,2026-10-01T03:32:36Z
LacsJzkGyXLqNZdGL3wT,야마구치 유키,,youtube,UCG8OUA8ldBHtSCLzr9raqXw,https://www.youtube.com/channel/UCG8OUA8ldBHtSCLzr9raqXw,Yamaguchi Yuki,165,,,2026-09-30 22:05:05,(!시참) 오버워치 같이 놀아요!   ૮꒰ ˶• ༝ •˶꒱ა♡,vtuberyamaguchi,https://discord.com/invite/tZTjbNC7k9,mysmallvtuber.net,2026-10-01T03:32:36Z
LacsJzkGyXLqNZdGL3wT,야마구치 유키,,chzzk,0a0aecc1adf64ddf4f2b7bad7d924860,https://chzzk.naver.com/0a0aecc1adf64ddf4f2b7bad7d924860,야마구치 유키,376,,,2026-09-30 22:05:05,(!시참) 오버워치 같이 놀아요!   ૮꒰ ˶• ༝ •˶꒱ა♡,vtuberyamaguchi,https://discord.com/invite/tZTjbNC7k9,mysmallvtuber.net,2026-10-01T03:32:36Z
fnBDq9pNjQnPdW2WWUrj,하네ㅣHane,Hane,youtube,UC4Fg7aEB30TAkgCi2bONIgQ,https://www.youtube.com/channel/UC4Fg7aEB30TAkgCi2bONIgQ,하네 Hane,15700,2025-02-22,,2026-10-01 00:15:04,쌀먹쥐 데스,otw_hane,https://cafe.naver.com/otwoffical,mysmallvtuber.net,2026-10-01T03:32:36Z
fnBDq9pNjQnPdW2WWUrj,하네ㅣHane,Hane,youtube,UCcZFelgTMiob5kFYdO_q_HQ,https://www.youtube.com/channel/UCcZFelgTMiob5kFYdO_q_HQ,다시하네,1290,2025-02-22,,2026-10-01 00:15:04,쌀먹쥐 데스,otw_hane,https://cafe.naver.com/otwoffical,mysmallvtuber.net,2026-10-01T03:32:36Z
fnBDq9pNjQnPdW2WWUrj,하네ㅣHane,Hane,chzzk,7b9c6553913c755812ef2cd9fbe1dc5c,https://chzzk.naver.com/7b9c6553913c755812ef2cd9fbe1dc5c,하네ㅣHane,22514,2025-02-22,,2026-10-01 00:15:04,쌀먹쥐 데스,otw_hane,https://cafe.naver.com/otwoffical,mysmallvtuber.net,2026-10-01T03:32:36Z
zvFGTdDKuSYtJwphSUtC,뱌링,,youtube,UC96F6R7oSbZgG1bukujlFfQ,https://www.youtube.com/channel/UC96F6R7oSbZgG1bukujlFfQ,뱌링,132,2024-11-01,,2026-09-30 23:39:03,[그냥서버] 즉방 100개로 API 도와주실뿐>_<,,https://cafe.naver.com/blingbyaring,mysmallvtuber.net,2026-10-01T03:32:36Z
zvFGTdDKuSYtJwphSUtC,뱌링,,soop,byaring,https://ch.sooplive.co.kr/byaring,뱌링,1631,2024-11-01,,2026-09-30 23:39:03,[그냥서버] 즉방 100개로 API 도와주실뿐>_<,,https://cafe.naver.com/blingbyaring,mysmallvtuber.net,2026-10-01T03:32:36Z
NxHPeQS2rVNSmVGq6ddN,아주모,,youtube,UCTtpP6fAfYFIres-AiUg2Dw,https://www.youtube.com/channel/UCTtpP6fAfYFIres-AiUg2Dw,아주모 두번보기 다시보기,527,2024-02-19,,2026-10-01 01:06:03,토크토크토크,ajumoajumak,,mysmallvtuber.net,2026-10-01T03:32:36Z
NxHPeQS2rVNSmVGq6ddN,아주모,,chzzk,3fd1a6ced5b550cf810b58bf775bcc00,https://chzzk.naver.com/3fd1a6ced5b550cf810b58bf775bcc00,아주모,1046,2024-02-19,,2026-10-01 01:06:03,토크토크토크,ajumoajumak,,mysmallvtuber.net,2026-10-01T03:32:36Z
b995npNhLFbAfsh2xKsN,루멘시,,youtube,UCa3f-95rS3aclqfjQsbFMQw,https://www.youtube.com/channel/UCa3f-95rS3aclqfjQsbFMQw,루멘시 Rumency,20900,2023-10-31,,2026-10-01 01:18:03,🦋,MencyRu_Star,https://cafe.naver.com/wantproject,mysmallvtuber.net,2026-10-01T03:32:36Z
b995npNhLFbAfsh2xKsN,루멘시,,chzzk,5e4533b7452d6b9ed7ccfd6d2aa628c6,https://chzzk.naver.com/5e4533b7452d6b9ed7ccfd6d2aa628c6,루멘시,2291,2023-10-31,,2026-10-01 01:18:03,🦋,MencyRu_Star,https://cafe.naver.com/wantproject,mysmallvtuber.net,2026-10-01T03:32:36Z
fkzydZgwUcubNCFCLNyc,덴 카시우스,,youtube,UCiR0hjeg_W365OLZS9UqJKA,https://www.youtube.com/channel/UCiR0hjeg_W365OLZS9UqJKA,덴 카시우스,3880,,,2026-09-30 22:07:03,"[셀리브] 명절은 지났지만 증강 윷놀이 (w. 렌야, 토우)",Den_Cassius,https://cafe.naver.com/seliv,mysmallvtuber.net,2026-10-01T03:32:36Z
fkzydZgwUcubNCFCLNyc,덴 카시우스,,chzzk,518166cdeb0ac9bb7119a381be5df7f4,https://chzzk.naver.com/518166cdeb0ac9bb7119a381be5df7f4,덴 카시우스,2742,,,2026-09-30 22:07:03,"[셀리브] 명절은 지났지만 증강 윷놀이 (w. 렌야, 토우)",Den_Cassius,https://cafe.naver.com/seliv,mysmallvtuber.net,2026-10-01T03:32:36Z
TkfL4DXdrVZPVPhpSzYM,백은하,,youtube,UCQgsVYOawT0C58QHRwE2fNA,https://www.youtube.com/channel/UCQgsVYOawT0C58QHRwE2fNA,백은하 BaekEunha♡,8840,2022-05-04,,2026-10-01 01:05:03,봉누도2 오아왕오앙오앙오아왕왕왕왕오아오앙 우로우로ㅓㅇ너ㅏ알,baegeunha59,https://cafe.naver.com/baekeunha,mysmallvtuber.net,2026-10-01T03:32:36Z
TkfL4DXdrVZPVPhpSzYM,백은하,,youtube,UCwf_ugRSJhWOLp2zuptfR0w,https://www.youtube.com/channel/UCwf_ugRSJhWOLp2zuptfR0w,백은하 full 다시보기,450,2022-05-04,,2026-10-01 01:05:03,봉누도2 오아왕오앙오앙오아왕왕왕왕오아오앙 우로우로ㅓㅇ너ㅏ알,baegeunha59,https://cafe.naver.com/baekeunha,mysmallvtuber.net,2026-10-01T03:32:36Z
TkfL4DXdrVZPVPhpSzYM,백은하,,chzzk,85eb67daa4822df8a31f1cdbd74c34da,https://chzzk.naver.com/85eb67daa4822df8a31f1cdbd74c34da,백은하,3266,2022-05-04,,2026-10-01 01:05:03,봉누도2 오아왕오앙오앙오아왕왕왕왕오아오앙 우로우로ㅓㅇ너ㅏ알,baegeunha59,https://cafe.naver.com/baekeunha,mysmallvtuber.net,2026-10-01T03:32:36Z
J8GFTwQxd5awwRGmZs3b,큐랑,,youtube,UCEgxPXTB2ahzMASjbOhCwQw,https://www.youtube.com/channel/UCEgxPXTB2ahzMASjbOhCwQw,큐랑,86600,2023-07-15,,2026-10-01 03:48:03,"오늘은 SBO 공격, 수비, 주루 다 한다🪼",Qrang_vir,https://cafe.naver.com/qrang513,mysmallvtuber.net,2026-10-01T03:32:36Z
J8GFTwQxd5awwRGmZs3b,큐랑,,soop,qrang513,https://ch.sooplive.co.kr/qrang513,큐랑,10152,2023-07-15,,2026-10-01 03:48:03,"오늘은 SBO 공격, 수비, 주루 다 한다🪼",Qrang_vir,https://cafe.naver.com/qrang513,mysmallvtuber.net,2026-10-01T03:32:36Z
VYPH8ZAF7NCnudTCQLjJ,베타031,,youtube,UCNDRM3B8aA1rGtw8I3S12og,https://www.youtube.com/channel/UCNDRM3B8aA1rGtw8I3S12og,베타 👑 BETA,100,2023-11-30,,2026-09-30 22:28:03,[V] 붕스 4.6 메인 스토리 같이 볼래?,crownbeta031,https://cafe.naver.com/crownbeta,mysmallvtuber.net,2026-10-01T03:32:36Z
VYPH8ZAF7NCnudTCQLjJ,베타031,,chzzk,37ff0335ae82f2327520ae67a14c6485,https://chzzk.naver.com/37ff0335ae82f2327520ae67a14c6485,베타031,308,2023-11-30,,2026-09-30 22:28:03,[V] 붕스 4.6 메인 스토리 같이 볼래?,crownbeta031,https://cafe.naver.com/crownbeta,mysmallvtuber.net,2026-10-01T03:32:36Z
NSckdr2LqSFrxzBK6Pkm,김모야moya,moya,youtube,UCkVtqHuPtnVDdT-GY35mdyA,https://www.youtube.com/channel/UCkVtqHuPtnVDdT-GY35mdyA,김모야,31,2025-03-04,,2026-10-01 02:22:03,지오깔랄라는 여우와 함꼐 !,,https://cafe.naver.com/gimmoya,mysmallvtuber.net,2026-10-01T03:32:36Z
NSckdr2LqSFrxzBK6Pkm,김모야moya,moya,youtube,UCIM-IX9s1nUI1NzoPsovWcw,https://www.youtube.com/channel/UCIM-IX9s1nUI1NzoPsovWcw,김모야 다시보기,34,2025-03-04,,2026-10-01 02:22:03,지오깔랄라는 여우와 함꼐 !,,https://cafe.naver.com/gimmoya,mysmallvtuber.net,2026-10-01T03:32:36Z
NSckdr2LqSFrxzBK6Pkm,김모야moya,moya,chzzk,e1acdaf981a068dedb3edfdd9c0ad452,https://chzzk.naver.com/e1acdaf981a068dedb3edfdd9c0ad452,김모야moya,876,2025-03-04,,2026-10-01 02:22:03,지오깔랄라는 여우와 함꼐 !,,https://cafe.naver.com/gimmoya,mysmallvtuber.net,2026-10-01T03:32:36Z
SKD4y3XKHrS5n9jH3aC6,후츄후츄,,chzzk,8b14aeaab59c1896ff9350a4a03515d3,https://chzzk.naver.com/8b14aeaab59c1896ff9350a4a03515d3,후츄후츄,2121,,,2026-09-30 21:35:03,너 없이 먹는 핏자는 맛이 없어,,,mysmallvtuber.net,2026-10-01T03:32:36Z
6ws34eA3qcf5WGpCAMsH,아이샤 AISHA,AISHA,youtube,UCSwOP8NkNo_53426EDrBZFA,https://www.youtube.com/channel/UCSwOP8NkNo_53426EDrBZFA,아이샤 AISHA,2930,,,2026-10-01 00:34:02,안녕하세요,imaishaaa_,https://cafe.naver.com/aishabang,mysmallvtuber.net,2026-10-01T03:32:36Z
6ws34eA3qcf5WGpCAMsH,아이샤 AISHA,AISHA,youtube,UCabuIWqKFlOMFEJyjI7EbPA,https://www.youtube.com/channel/UCabuIWqKFlOMFEJyjI7EbPA,아이샤 AISHA 다시보기,220,,,2026-10-01 00:34:02,안녕하세요,imaishaaa_,https://cafe.naver.com/aishabang,mysmallvtuber.net,2026-10-01T03:32:36Z
6ws34eA3qcf5WGpCAMsH,아이샤 AISHA,AISHA,chzzk,2c749fa90d6281bf17bf4dd1a444fe7b,https://chzzk.naver.com/2c749fa90d6281bf17bf4dd1a444fe7b,아이샤 AISHA,2369,,,2026-10-01 00:34:02,안녕하세요,imaishaaa_,https://cafe.naver.com/aishabang,mysmallvtuber.net,2026-10-01T03:32:36Z
nSTbJqJfSrtjvWrEZWFd,라율,,youtube,UC-xvAYS29Fq3mTj5N0Xupgg,https://www.youtube.com/channel/UC-xvAYS29Fq3mTj5N0Xupgg,라율,11100,,,2026-09-30 21:46:03,오늘은 소통데이 하다가겠습니다 내일 스튜디오 뺍니다 이사! 룰렛 33/333,Layule_oi,,mysmallvtuber.net,2026-10-01T03:32:36Z
nSTbJqJfSrtjvWrEZWFd,라율,,soop,layule,https://ch.sooplive.co.kr/layule,라율,5289,,,2026-09-30 21:46:03,오늘은 소통데이 하다가겠습니다 내일 스튜디오 뺍니다 이사! 룰렛 33/333,Layule_oi,,mysmallvtuber.net,2026-10-01T03:32:36Z
2gDTkMuXAFetmzu2LRDU,세리얀,,youtube,UC3lINKPh9X7olhP8PnYtvPg,https://www.youtube.com/channel/UC3lINKPh9X7olhP8PnYtvPg,세리얀SERIYAN,940,2024-08-31,,2026-10-01 11:59:03,리야니 자고 16시에 올게용!~ 알료븅0.<(노방종 룰렛 상시오픈!),seriyan01,https://cafe.naver.com/yan01,mysmallvtuber.net,2026-10-01T03:32:36Z
2gDTkMuXAFetmzu2LRDU,세리얀,,chzzk,3878fc3da3ddcda1fad68457ab9e6783,https://chzzk.naver.com/3878fc3da3ddcda1fad68457ab9e6783,세리얀,5589,2024-08-31,,2026-10-01 11:59:03,리야니 자고 16시에 올게용!~ 알료븅0.<(노방종 룰렛 상시오픈!),seriyan01,https://cafe.naver.com/yan01,mysmallvtuber.net,2026-10-01T03:32:36Z
4KQh8pTBU62f3CFmdv4Y,문유별,,youtube,UC8DBn9wt9AhYC0wVkQt0wGA,https://www.youtube.com/channel/UC8DBn9wt9AhYC0wVkQt0wGA,문유별,5350,2025-05-18,,2026-09-30 23:58:02,[띵엘표류기] 마크 서버 2일차,moonyubyeol,https://cafe.naver.com/moonyubyeol,mysmallvtuber.net,2026-10-01T03:32:36Z
4KQh8pTBU62f3CFmdv4Y,문유별,,chzzk,6e55c0f93a4efced1216f2bbf04e020d,https://chzzk.naver.com/6e55c0f93a4efced1216f2bbf04e020d,문유별,792,2025-05-18,,2026-09-30 23:58:02,[띵엘표류기] 마크 서버 2일차,moonyubyeol,https://cafe.naver.com/moonyubyeol,mysmallvtuber.net,2026-10-01T03:32:36Z
jX4g48uutXP5zaBTBspp,모모시로 카나,,youtube,UCmkczuFqOKsdPZlLLwEEHUg,https://www.youtube.com/channel/UCmkczuFqOKsdPZlLLwEEHUg,모모시로_카나,28800,2024-08-03,,2026-10-01 00:08:03,9월의 마지막 함께 보내쟛 ! 근데 벌써 10월이라고... ( ̳- ·̫ - ̳ˆ )◞❤️ ?,momosiro_kana,https://cafe.naver.com/momosirokana,mysmallvtuber.net,2026-10-01T03:32:36Z
jX4g48uutXP5zaBTBspp,모모시로 카나,,youtube,UCuIjcl_wnKv2tWG9t742UAA,https://www.youtube.com/channel/UCuIjcl_wnKv2tWG9t742UAA,카나의 고봉밥 가게,166,2024-08-03,,2026-10-01 00:08:03,9월의 마지막 함께 보내쟛 ! 근데 벌써 10월이라고... ( ̳- ·̫ - ̳ˆ )◞❤️ ?,momosiro_kana,https://cafe.naver.com/momosirokana,mysmallvtuber.net,2026-10-01T03:32:36Z
jX4g48uutXP5zaBTBspp,모모시로 카나,,chzzk,48cbe6b7ab29b43e61ed75b4beaacaf5,https://chzzk.naver.com/48cbe6b7ab29b43e61ed75b4beaacaf5,모모시로 카나,5017,2024-08-03,,2026-10-01 00:08:03,9월의 마지막 함께 보내쟛 ! 근데 벌써 10월이라고... ( ̳- ·̫ - ̳ˆ )◞❤️ ?,momosiro_kana,https://cafe.naver.com/momosirokana,mysmallvtuber.net,2026-10-01T03:32:36Z
aKGvaLHbGP392p8Vgpzs,하루나 코이,,youtube,UC8mc-pkrunhC78hAaR6CX_A,https://www.youtube.com/channel/UC8mc-pkrunhC78hAaR6CX_A,하루나 코이VTuber,2230,,,2026-10-01 00:56:03,마크의 달인 팀 대항전 [레드팀] - 1등 가즈아!!!,1koi_9,https://cafe.naver.com/koi1109,mysmallvtuber.net,2026-10-01T03:32:36Z
aKGvaLHbGP392p8Vgpzs,하루나 코이,,chzzk,f1788ecebeeb3384d87c9bdbac9517e3,https://chzzk.naver.com/f1788ecebeeb3384d87c9bdbac9517e3,하루나 코이,1649,,,2026-10-01 00:56:03,마크의 달인 팀 대항전 [레드팀] - 1등 가즈아!!!,1koi_9,https://cafe.naver.com/koi1109,mysmallvtuber.net,2026-10-01T03:32:36Z
DPm3Hjm6L8h79rTFvLVg,집배원 도리,,youtube,UCZpuxBS6OjIXPpn7505x-1A,https://www.youtube.com/channel/UCZpuxBS6OjIXPpn7505x-1A,도리 영상 보관소 (임시 운영),452,2024-02-25,,2026-09-30 22:56:03,싱글코어지만 택배는 정리하고싶어!,dori_DR52,https://cafe.naver.com/zzigzzag,mysmallvtuber.net,2026-10-01T03:32:36Z
DPm3Hjm6L8h79rTFvLVg,집배원 도리,,chzzk,7a7726e1c6eb40c7ef2f215718f24a95,https://chzzk.naver.com/7a7726e1c6eb40c7ef2f215718f24a95,집배원 도리,1066,2024-02-25,,2026-09-30 22:56:03,싱글코어지만 택배는 정리하고싶어!,dori_DR52,https://cafe.naver.com/zzigzzag,mysmallvtuber.net,2026-10-01T03:32:36Z
btdSYPbW6xfHa4ZJK7zk,아 즈 AZ,AZ,youtube,UCG90QwbnFDSkMPnKpRzNWnQ,https://www.youtube.com/channel/UCG90QwbnFDSkMPnKpRzNWnQ,아즈 AZ,8660,2025-11-01,,2026-10-01 00:50:04,[HEXIA] 강의 끗! 마감하는 방,Hexia_AZ,,mysmallvtuber.net,2026-10-01T03:32:36Z
btdSYPbW6xfHa4ZJK7zk,아 즈 AZ,AZ,youtube,UC7flM-UuwRJJLCGcJ13Wpag,https://www.youtube.com/channel/UC7flM-UuwRJJLCGcJ13Wpag,아즈 다시보기,585,2025-11-01,,2026-10-01 00:50:04,[HEXIA] 강의 끗! 마감하는 방,Hexia_AZ,,mysmallvtuber.net,2026-10-01T03:32:36Z
btdSYPbW6xfHa4ZJK7zk,아 즈 AZ,AZ,chzzk,e2640468861f80d658873c25dc69e32b,https://chzzk.naver.com/e2640468861f80d658873c25dc69e32b,아 즈 AZ,10469,2025-11-01,,2026-10-01 00:50:04,[HEXIA] 강의 끗! 마감하는 방,Hexia_AZ,,mysmallvtuber.net,2026-10-01T03:32:36Z
PEWAMRcUrk9Fj6p7dFAd,한류월,,youtube,UCFHwcns2Hym2CVgTmFc_4Mw,https://www.youtube.com/channel/UCFHwcns2Hym2CVgTmFc_4Mw,한류월,144,2019-12-05,,2026-09-30 21:34:03,🐼 배가고파요...,Ryuwall_,https://cafe.naver.com/ryuwall,mysmallvtuber.net,2026-10-01T03:32:36Z
PEWAMRcUrk9Fj6p7dFAd,한류월,,youtube,UCxiOBGO4PGwopIGGR6CU3-g,https://www.youtube.com/channel/UCxiOBGO4PGwopIGGR6CU3-g,한시보기,20,2019-12-05,,2026-09-30 21:34:03,🐼 배가고파요...,Ryuwall_,https://cafe.naver.com/ryuwall,mysmallvtuber.net,2026-10-01T03:32:36Z
PEWAMRcUrk9Fj6p7dFAd,한류월,,chzzk,ef935e68b61168fbe647f70f0f00431c,https://chzzk.naver.com/ef935e68b61168fbe647f70f0f00431c,한류월,329,2019-12-05,,2026-09-30 21:34:03,🐼 배가고파요...,Ryuwall_,https://cafe.naver.com/ryuwall,mysmallvtuber.net,2026-10-01T03:32:36Z
cALAYgQ7xdJjXFjRbUVU,여드레,,youtube,UCRYvqx2l2hVGfkE2nRSevrA,https://www.youtube.com/channel/UCRYvqx2l2hVGfkE2nRSevrA,여드레,160,2022-12-22,,2026-09-30 23:15:05,☾.·͙ 💜 .·͙☽ 오늘은 모해볼까낭 . 또바데🙈,yeodeule_,,mysmallvtuber.net,2026-10-01T03:32:36Z
cALAYgQ7xdJjXFjRbUVU,여드레,,youtube,UC_1vMapwkB0af-_0pk0xJ2w,https://www.youtube.com/channel/UC_1vMapwkB0af-_0pk0xJ2w,여기보기,12,2022-12-22,,2026-09-30 23:15:05,☾.·͙ 💜 .·͙☽ 오늘은 모해볼까낭 . 또바데🙈,yeodeule_,,mysmallvtuber.net,2026-10-01T03:32:36Z
cALAYgQ7xdJjXFjRbUVU,여드레,,chzzk,96bf9f517dcd0c1df7e89260ad7472fd,https://chzzk.naver.com/96bf9f517dcd0c1df7e89260ad7472fd,여드레,732,2022-12-22,,2026-09-30 23:15:05,☾.·͙ 💜 .·͙☽ 오늘은 모해볼까낭 . 또바데🙈,yeodeule_,,mysmallvtuber.net,2026-10-01T03:32:36Z
8V8Z2WY9a2c4EFG3WnM3,카우리3,,youtube,UC4XPCZY-Sei1WZiEtN8-6lA,https://www.youtube.com/channel/UC4XPCZY-Sei1WZiEtN8-6lA,카우리,196,2025-05-05,,2026-10-01 00:58:02,[뉴걸/초파민] 30레벨까지만..💚,kawri_7,,mysmallvtuber.net,2026-10-01T03:32:36Z
8V8Z2WY9a2c4EFG3WnM3,카우리3,,soop,kawri3,https://ch.sooplive.co.kr/kawri3,카우리3,367,2025-05-05,,2026-10-01 00:58:02,[뉴걸/초파민] 30레벨까지만..💚,kawri_7,,mysmallvtuber.net,2026-10-01T03:32:36Z
bdXjKsZtpJqCF8eaFTrf,따리DDARY,DDARY,youtube,UCvk7-niWI5cJBRzWBgAoyfw,https://www.youtube.com/channel/UCvk7-niWI5cJBRzWBgAoyfw,따리,73,2025-03-15,,2026-09-30 23:21:03,사진 찍으러 가기~,ddary_bbo,https://cafe.naver.com/fotionclass,mysmallvtuber.net,2026-10-01T03:32:36Z
bdXjKsZtpJqCF8eaFTrf,따리DDARY,DDARY,youtube,UCZ4q8qifjC4isbyrj5Xxi8g,https://www.youtube.com/channel/UCZ4q8qifjC4isbyrj5Xxi8g,따리를 다시봐요,32,2025-03-15,,2026-09-30 23:21:03,사진 찍으러 가기~,ddary_bbo,https://cafe.naver.com/fotionclass,mysmallvtuber.net,2026-10-01T03:32:36Z
bdXjKsZtpJqCF8eaFTrf,따리DDARY,DDARY,chzzk,0d97f92e538f91caacdeea24ee3dd340,https://chzzk.naver.com/0d97f92e538f91caacdeea24ee3dd340,따리DDARY,803,2025-03-15,,2026-09-30 23:21:03,사진 찍으러 가기~,ddary_bbo,https://cafe.naver.com/fotionclass,mysmallvtuber.net,2026-10-01T03:32:36Z
2r27UbdDGAtRxpJeXPDW,돈쵸아,,youtube,UCs1eYqUaQIcHG6S4-LOZYFQ,https://www.youtube.com/channel/UCs1eYqUaQIcHG6S4-LOZYFQ,돈쵸아,889,,,2026-10-01 00:36:02,뜌뜌땨댜,d_choa1220,https://discord.com/invite/ynRhT7Yx62,mysmallvtuber.net,2026-10-01T03:32:36Z
2r27UbdDGAtRxpJeXPDW,돈쵸아,,chzzk,798cb0d9b70f1589654e64422386f9e9,https://chzzk.naver.com/798cb0d9b70f1589654e64422386f9e9,돈쵸아,3428,,,2026-10-01 00:36:02,뜌뜌땨댜,d_choa1220,https://discord.com/invite/ynRhT7Yx62,mysmallvtuber.net,2026-10-01T03:32:36Z
BY2M9mkNeXzgZJhshSxJ,이큐 EQue,EQue,youtube,UCHOkiJyBi_bKIm7hHWZm9lQ,https://www.youtube.com/channel/UCHOkiJyBi_bKIm7hHWZm9lQ,이큐 E. Que Ch. Virtual Hertz,4230,2022-02-12,,2026-09-30 23:59:02,님들은 11시간동안 밥알 세지 마라...,VHZ_EQue,https://cafe.naver.com/virtualhertz,mysmallvtuber.net,2026-10-01T03:32:36Z
BY2M9mkNeXzgZJhshSxJ,이큐 EQue,EQue,youtube,UCkhfMOkFz1AEKyvZwqzvQNQ,https://www.youtube.com/channel/UCkhfMOkFz1AEKyvZwqzvQNQ,이큐 E Que 다시보기 Ch. Virtual Hertz,799,2022-02-12,,2026-09-30 23:59:02,님들은 11시간동안 밥알 세지 마라...,VHZ_EQue,https://cafe.naver.com/virtualhertz,mysmallvtuber.net,2026-10-01T03:32:36Z
BY2M9mkNeXzgZJhshSxJ,이큐 EQue,EQue,chzzk,74a2d3bb7aa1b0503e21bf58e61bfcc1,https://chzzk.naver.com/74a2d3bb7aa1b0503e21bf58e61bfcc1,이큐 EQue,4337,2022-02-12,,2026-09-30 23:59:02,님들은 11시간동안 밥알 세지 마라...,VHZ_EQue,https://cafe.naver.com/virtualhertz,mysmallvtuber.net,2026-10-01T03:32:36Z
q5ZmZNC72TGCmvyrCWHU,팡농이,,youtube,UCHKrAwPtO3h6JTWTlOcS0hA,https://www.youtube.com/channel/UCHKrAwPtO3h6JTWTlOcS0hA,팡농이,682,2024-05-17,,2026-09-30 23:32:03,[가챠내전] 오늘도 백정 연습을 하는 것이다..😖,P_NongE,discord.gg/SNR3v4Rj4U,mysmallvtuber.net,2026-10-01T03:32:36Z
q5ZmZNC72TGCmvyrCWHU,팡농이,,chzzk,7377716c1d4389a852b5b3c0189e10c2,https://chzzk.naver.com/7377716c1d4389a852b5b3c0189e10c2,팡농이,992,2024-05-17,,2026-09-30 23:32:03,[가챠내전] 오늘도 백정 연습을 하는 것이다..😖,P_NongE,discord.gg/SNR3v4Rj4U,mysmallvtuber.net,2026-10-01T03:32:36Z
Ay3vjdmf5sAPuJWR4bvv,냥애웅,,youtube,UCQ8tlC7cYdkq0mrNxLSJg-w,https://www.youtube.com/channel/UCQ8tlC7cYdkq0mrNxLSJg-w,냥애웅,63,2026-05-17,,2026-10-01 11:59:03,그냥서버 입주함미다!!!!! 벌칙 애교월드컵,nyangaewoong,https://cafe.naver.com/garing,mysmallvtuber.net,2026-10-01T03:32:36Z
Ay3vjdmf5sAPuJWR4bvv,냥애웅,,soop,nyanggaring,https://ch.sooplive.co.kr/nyanggaring,냥애웅,2051,2026-05-17,,2026-10-01 11:59:03,그냥서버 입주함미다!!!!! 벌칙 애교월드컵,nyangaewoong,https://cafe.naver.com/garing,mysmallvtuber.net,2026-10-01T03:32:36Z
7xFT6xjUzcYX3aV2KSDZ,김멩뚜,,youtube,UCYc3Zzx008dBZEIhNnxIOyg,https://www.youtube.com/channel/UCYc3Zzx008dBZEIhNnxIOyg,김멩뚜,2630,,,2026-10-01 00:46:02,🍑그냥 유출이 취미인 X끼...,mengddu3u,https://cafe.naver.com/mengddu,mysmallvtuber.net,2026-10-01T03:32:36Z
7xFT6xjUzcYX3aV2KSDZ,김멩뚜,,youtube,UC_A2rN6zTo3JV5B8RtJ5-mw,https://www.youtube.com/channel/UC_A2rN6zTo3JV5B8RtJ5-mw,꺼진 멩뚜도 다시보자,103,,,2026-10-01 00:46:02,🍑그냥 유출이 취미인 X끼...,mengddu3u,https://cafe.naver.com/mengddu,mysmallvtuber.net,2026-10-01T03:32:36Z
7xFT6xjUzcYX3aV2KSDZ,김멩뚜,,chzzk,749a0e6bbc227a7a69206650415c2299,https://chzzk.naver.com/749a0e6bbc227a7a69206650415c2299,김멩뚜,1975,,,2026-10-01 00:46:02,🍑그냥 유출이 취미인 X끼...,mengddu3u,https://cafe.naver.com/mengddu,mysmallvtuber.net,2026-10-01T03:32:36Z
Bu2WBcGFc5etPnGvDqv3,고순해,,youtube,UCGdAiNQhIeZnvz8nH7wjKyw,https://www.youtube.com/channel/UCGdAiNQhIeZnvz8nH7wjKyw,고순해,425,2023-10-20,,2026-10-01 00:57:03,[마스터즈 드롭스] 마스터즈 A조 예선 하위조 중계방 ✿,,https://cafe.naver.com/gosunhae,mysmallvtuber.net,2026-10-01T03:32:36Z
Bu2WBcGFc5etPnGvDqv3,고순해,,chzzk,19f9ece522b9155b4e577d7b9b46103a,https://chzzk.naver.com/19f9ece522b9155b4e577d7b9b46103a,고순해,3257,2023-10-20,,2026-10-01 00:57:03,[마스터즈 드롭스] 마스터즈 A조 예선 하위조 중계방 ✿,,https://cafe.naver.com/gosunhae,mysmallvtuber.net,2026-10-01T03:32:36Z
9guCReLDKSscYm2b35NZ,해 닝,,youtube,UCteGDWGFlEb4VOVUUN1y4-Q,https://www.youtube.com/channel/UCteGDWGFlEb4VOVUUN1y4-Q,해닝,1860,2024-03-30,,2026-10-01 04:56:03,오랜만에 찐한 숙면을 한 다람지💛 (ゝ◡∂｀)☆,chuhae_ning,https://cafe.naver.com/chumate,mysmallvtuber.net,2026-10-01T03:32:36Z
9guCReLDKSscYm2b35NZ,해 닝,,chzzk,e0c5647a2e5eb0486bc1d87e5c7445ff,https://chzzk.naver.com/e0c5647a2e5eb0486bc1d87e5c7445ff,해 닝,1189,2024-03-30,,2026-10-01 04:56:03,오랜만에 찐한 숙면을 한 다람지💛 (ゝ◡∂｀)☆,chuhae_ning,https://cafe.naver.com/chumate,mysmallvtuber.net,2026-10-01T03:32:36Z
AExNc9QEMbCsMVANrdU3,모몬 헤닐,,youtube,UCNM23sc8vF7IaCulOrtjhHA,https://www.youtube.com/channel/UCNM23sc8vF7IaCulOrtjhHA,모몬 헤닐,1270,2025-09-27,,2026-09-30 23:53:02,아줌마 아님 버튜버,,https://cafe.naver.com/momonhenyl,mysmallvtuber.net,2026-10-01T03:32:36Z
AExNc9QEMbCsMVANrdU3,모몬 헤닐,,youtube,UCW6Nd9-Wdz6m9GKV2NV_P-w,https://www.youtube.com/channel/UCW6Nd9-Wdz6m9GKV2NV_P-w,모몬 헤닐 VOD,489,2025-09-27,,2026-09-30 23:53:02,아줌마 아님 버튜버,,https://cafe.naver.com/momonhenyl,mysmallvtuber.net,2026-10-01T03:32:36Z
AExNc9QEMbCsMVANrdU3,모몬 헤닐,,chzzk,da7d07e4132e4608de980f50f347ad5c,https://chzzk.naver.com/da7d07e4132e4608de980f50f347ad5c,모몬 헤닐,3369,2025-09-27,,2026-09-30 23:53:02,아줌마 아님 버튜버,,https://cafe.naver.com/momonhenyl,mysmallvtuber.net,2026-10-01T03:32:36Z
U6YVySURh79SL2h6Afg3,윤이제,,youtube,UCI6GdrsqBTNRA_T5gMq9nBA,https://www.youtube.com/channel/UCI6GdrsqBTNRA_T5gMq9nBA,윤이제 EZE,89300,2023-11-25,,2026-10-01 02:52:03,[블리즈]💙디아2 달리는 날! 😚,YunEze1017,https://cafe.naver.com/vlyz,mysmallvtuber.net,2026-10-01T03:32:36Z
U6YVySURh79SL2h6Afg3,윤이제,,youtube,UC0MTwe1hbz8X2J2Ta9L7QXQ,https://www.youtube.com/channel/UC0MTwe1hbz8X2J2Ta9L7QXQ,이제 EZE VOD,1340,2023-11-25,,2026-10-01 02:52:03,[블리즈]💙디아2 달리는 날! 😚,YunEze1017,https://cafe.naver.com/vlyz,mysmallvtuber.net,2026-10-01T03:32:36Z
U6YVySURh79SL2h6Afg3,윤이제,,soop,eze1017,https://ch.sooplive.co.kr/eze1017,윤이제,20202,2023-11-25,,2026-10-01 02:52:03,[블리즈]💙디아2 달리는 날! 😚,YunEze1017,https://cafe.naver.com/vlyz,mysmallvtuber.net,2026-10-01T03:32:36Z
Q3GLWXc7HQnp5mdPv35B,카토kato,kato,youtube,UCPKYZNXOiBZZXnLeblQaM8A,https://www.youtube.com/channel/UCPKYZNXOiBZZXnLeblQaM8A,카토 KATO,123000,2022-08-14,,2026-10-01 02:58:03,봉누도 김분내,,https://cafe.naver.com/kato,mysmallvtuber.net,2026-10-01T03:32:36Z
Q3GLWXc7HQnp5mdPv35B,카토kato,kato,youtube,UC3f1jlXLQXMfgkEb_e2luPg,https://www.youtube.com/channel/UC3f1jlXLQXMfgkEb_e2luPg,카토 다시보기,9460,2022-08-14,,2026-10-01 02:58:03,봉누도 김분내,,https://cafe.naver.com/kato,mysmallvtuber.net,2026-10-01T03:32:36Z
Q3GLWXc7HQnp5mdPv35B,카토kato,kato,chzzk,57aeb13825bf7d402273ecfa936356e4,https://chzzk.naver.com/57aeb13825bf7d402273ecfa936356e4,카토kato,22884,2022-08-14,,2026-10-01 02:58:03,봉누도 김분내,,https://cafe.naver.com/kato,mysmallvtuber.net,2026-10-01T03:32:36Z
fxyJRhBFX8tRTQM4XsSq,벌꾸루,,youtube,UCTRd_p7s1jlFhRoxH-6877Q,https://www.youtube.com/channel/UCTRd_p7s1jlFhRoxH-6877Q,벌꾸루,1870,2026-02-25,,2026-09-30 23:28:03,내가 뭐해야 들어와 줄거야...? 💛,,https://cafe.naver.com/kkultteokzip,mysmallvtuber.net,2026-10-01T03:32:36Z
fxyJRhBFX8tRTQM4XsSq,벌꾸루,,chzzk,a639227231fc64bcfa7490c3706a347a,https://chzzk.naver.com/a639227231fc64bcfa7490c3706a347a,벌꾸루,410,2026-02-25,,2026-09-30 23:28:03,내가 뭐해야 들어와 줄거야...? 💛,,https://cafe.naver.com/kkultteokzip,mysmallvtuber.net,2026-10-01T03:32:36Z
AccvLf8W92QaLkCWAkTj,리유 Re You,Re You,youtube,UCey1FitZjMj2Qc7xm-MpTlQ,https://www.youtube.com/channel/UCey1FitZjMj2Qc7xm-MpTlQ,리유,33700,2024-03-23,,2026-10-01 00:59:03,୨୧ 똑똑이 왔다 ୨୧,LIYU_S2,https://cafe.naver.com/artisons,mysmallvtuber.net,2026-10-01T03:32:36Z
AccvLf8W92QaLkCWAkTj,리유 Re You,Re You,youtube,UCqvmg2IdpZOc73x0Pts80Jw,https://www.youtube.com/channel/UCqvmg2IdpZOc73x0Pts80Jw,리유 다시보기,24800,2024-03-23,,2026-10-01 00:59:03,୨୧ 똑똑이 왔다 ୨୧,LIYU_S2,https://cafe.naver.com/artisons,mysmallvtuber.net,2026-10-01T03:32:36Z
AccvLf8W92QaLkCWAkTj,리유 Re You,Re You,chzzk,dd0c8399708b2a4f183ecca14e7175c1,https://chzzk.naver.com/dd0c8399708b2a4f183ecca14e7175c1,리유 Re You,12186,2024-03-23,,2026-10-01 00:59:03,୨୧ 똑똑이 왔다 ୨୧,LIYU_S2,https://cafe.naver.com/artisons,mysmallvtuber.net,2026-10-01T03:32:36Z
Pwj2FQPzvbNHTkNQ9NHw,위도,,youtube,UCvqaWntfsfUayQGHSH_wsBw,https://www.youtube.com/channel/UCvqaWntfsfUayQGHSH_wsBw,위도 W2RDØ,35100,2020-09-10,,2026-10-01 01:47:02,🌊햄부기를 많이 먹더니 결국...,w2rd0,https://cafe.naver.com/w2rdo,mysmallvtuber.net,2026-10-01T03:32:36Z
Pwj2FQPzvbNHTkNQ9NHw,위도,,chzzk,d7c83d4ce76a835ba79e27e5e46cb3e2,https://chzzk.naver.com/d7c83d4ce76a835ba79e27e5e46cb3e2,위도,26022,2020-09-10,,2026-10-01 01:47:02,🌊햄부기를 많이 먹더니 결국...,w2rd0,https://cafe.naver.com/w2rdo,mysmallvtuber.net,2026-10-01T03:32:36Z
fCqbA4Qw9dZ6wWvtdEm9,류채경,,youtube,UCl9aA8d2GBzcMa4NG2_-L2A,https://www.youtube.com/channel/UCl9aA8d2GBzcMa4NG2_-L2A,류채경,48000,2020-10-17,,2026-09-30 22:56:03,세 얼간이들,Vtuber_Ryuchae,https://cafe.naver.com/ryuchaegyeong,mysmallvtuber.net,2026-10-01T03:32:36Z
fCqbA4Qw9dZ6wWvtdEm9,류채경,,youtube,UCYlcNLwfmuUw3uFLR7b3OiQ,https://www.youtube.com/channel/UCYlcNLwfmuUw3uFLR7b3OiQ,류채경 트위치 다시보기,948,2020-10-17,,2026-09-30 22:56:03,세 얼간이들,Vtuber_Ryuchae,https://cafe.naver.com/ryuchaegyeong,mysmallvtuber.net,2026-10-01T03:32:36Z
fCqbA4Qw9dZ6wWvtdEm9,류채경,,chzzk,d3feaaee7b98d56475dad56e9ab73827,https://chzzk.naver.com/d3feaaee7b98d56475dad56e9ab73827,류채경,9973,2020-10-17,,2026-09-30 22:56:03,세 얼간이들,Vtuber_Ryuchae,https://cafe.naver.com/ryuchaegyeong,mysmallvtuber.net,2026-10-01T03:32:36Z
J46WtCCDWEv642jpNDJe,윤리즈,,youtube,UCT5LFHEA5hgydO0t4S26yug,https://www.youtube.com/channel/UCT5LFHEA5hgydO0t4S26yug,윤리즈,2280,2023-06-11,,2026-10-01 00:17:03,으이잉,lizhi0331,https://cafe.naver.com/lizhi0331,mysmallvtuber.net,2026-10-01T03:32:36Z
J46WtCCDWEv642jpNDJe,윤리즈,,youtube,UCCgi3HeyzONEqWbxkQLcnmw,https://www.youtube.com/channel/UCCgi3HeyzONEqWbxkQLcnmw,윤리즈가 잔뜩잔뜩,890,2023-06-11,,2026-10-01 00:17:03,으이잉,lizhi0331,https://cafe.naver.com/lizhi0331,mysmallvtuber.net,2026-10-01T03:32:36Z
J46WtCCDWEv642jpNDJe,윤리즈,,chzzk,6fb7f73dcb20077d77e6e053d0362228,https://chzzk.naver.com/6fb7f73dcb20077d77e6e053d0362228,윤리즈,5400,2023-06-11,,2026-10-01 00:17:03,으이잉,lizhi0331,https://cafe.naver.com/lizhi0331,mysmallvtuber.net,2026-10-01T03:32:36Z
5Fzv8R799W6Mz5FyTGq8,카야 KAYA777,KAYA777,youtube,UCYYIzGb9KnQ1kWfaoPIC71g,https://www.youtube.com/channel/UCYYIzGb9KnQ1kWfaoPIC71g,카야 KAYA,124,2026-04-04,,2026-09-30 23:51:02,카야는 테토일까요..? 에겐일까요...?,kayalove77,https://cafe.naver.com/kayalove77,mysmallvtuber.net,2026-10-01T03:32:36Z
5Fzv8R799W6Mz5FyTGq8,카야 KAYA777,KAYA777,youtube,UCgbbKQVJVnSykDrobDwIHfA,https://www.youtube.com/channel/UCgbbKQVJVnSykDrobDwIHfA,카야 다시보기,38,2026-04-04,,2026-09-30 23:51:02,카야는 테토일까요..? 에겐일까요...?,kayalove77,https://cafe.naver.com/kayalove77,mysmallvtuber.net,2026-10-01T03:32:36Z
5Fzv8R799W6Mz5FyTGq8,카야 KAYA777,KAYA777,chzzk,960e31e711e3cc40c506e4ad8208620a,https://chzzk.naver.com/960e31e711e3cc40c506e4ad8208620a,카야 KAYA777,1286,2026-04-04,,2026-09-30 23:51:02,카야는 테토일까요..? 에겐일까요...?,kayalove77,https://cafe.naver.com/kayalove77,mysmallvtuber.net,2026-10-01T03:32:36Z
rM8RDGYGXnsCWrAhTFBp,권루나,,youtube,UC6jL7jpkxErnD6avsv9wtew,https://www.youtube.com/channel/UC6jL7jpkxErnD6avsv9wtew,루나,9300,2022-11-15,,2026-10-01 00:07:03,까짓거 함 봐보죠,kwon_luna_,https://cafe.naver.com/kwonluna,mysmallvtuber.net,2026-10-01T03:32:36Z
rM8RDGYGXnsCWrAhTFBp,권루나,,youtube,UC9IC4jEFj2ccwaJk8P0lfdg,https://www.youtube.com/channel/UC9IC4jEFj2ccwaJk8P0lfdg,루나 다시보기,936,2022-11-15,,2026-10-01 00:07:03,까짓거 함 봐보죠,kwon_luna_,https://cafe.naver.com/kwonluna,mysmallvtuber.net,2026-10-01T03:32:36Z
rM8RDGYGXnsCWrAhTFBp,권루나,,chzzk,90d25b47d255d650d20312f8cc9408de,https://chzzk.naver.com/90d25b47d255d650d20312f8cc9408de,권루나,3283,2022-11-15,,2026-10-01 00:07:03,까짓거 함 봐보죠,kwon_luna_,https://cafe.naver.com/kwonluna,mysmallvtuber.net,2026-10-01T03:32:36Z
cKJATxPGnyJNSzcYKueW,마롱 Marong,Marong,youtube,UCtLxqTQZtQh7m2201yHdQtA,https://www.youtube.com/channel/UCtLxqTQZtQh7m2201yHdQtA,마롱 Marong,13900,2021-07-09,,2026-09-30 22:12:02,5년 3개월동안 저챗을 말아도 아직도 할말이 있는 사람;;;;,Marong_vtuber,https://cafe.naver.com/marong29nest,mysmallvtuber.net,2026-10-01T03:32:36Z
cKJATxPGnyJNSzcYKueW,마롱 Marong,Marong,chzzk,21030ee8202e8e99785651805fe97212,https://chzzk.naver.com/21030ee8202e8e99785651805fe97212,마롱 Marong,3810,2021-07-09,,2026-09-30 22:12:02,5년 3개월동안 저챗을 말아도 아직도 할말이 있는 사람;;;;,Marong_vtuber,https://cafe.naver.com/marong29nest,mysmallvtuber.net,2026-10-01T03:32:36Z
Scd4SfPGKq95T4K8w4ts,서 해담,,youtube,UCee_sCpS91XJKCGbnPVHe0g,https://www.youtube.com/channel/UCee_sCpS91XJKCGbnPVHe0g,서 해담,289,2025-06-28,,2026-10-01 00:16:03,춘봉님 그냥서버 오픈런! 4조 서해담입니다~,chzzk_haedam,https://discord.com/invite/GnhrtQFCHb,mysmallvtuber.net,2026-10-01T03:32:36Z
Scd4SfPGKq95T4K8w4ts,서 해담,,youtube,UCpBPecBPHhLbui5srxSAMug,https://www.youtube.com/channel/UCpBPecBPHhLbui5srxSAMug,서해담다시보기,136,2025-06-28,,2026-10-01 00:16:03,춘봉님 그냥서버 오픈런! 4조 서해담입니다~,chzzk_haedam,https://discord.com/invite/GnhrtQFCHb,mysmallvtuber.net,2026-10-01T03:32:36Z
Scd4SfPGKq95T4K8w4ts,서 해담,,chzzk,33d9c3a6788a5005d62a039dadb3096a,https://chzzk.naver.com/33d9c3a6788a5005d62a039dadb3096a,서 해담,585,2025-06-28,,2026-10-01 00:16:03,춘봉님 그냥서버 오픈런! 4조 서해담입니다~,chzzk_haedam,https://discord.com/invite/GnhrtQFCHb,mysmallvtuber.net,2026-10-01T03:32:36Z
MJwp5KMkuztJZ8rKHvZZ,슈크림 CHOUX,CHOUX,youtube,UCKD9bWFvYeyJKX9RxO7HHpw,https://www.youtube.com/channel/UCKD9bWFvYeyJKX9RxO7HHpw,슈크림 CHOUCREAM,78,2025-12-28,,2026-09-30 22:09:03,9월의 영도데이 ʕ๑• ﻌ •๑ʔ📺알고리즘 공유해죠,CHOUCREEEEM,https://cafe.naver.com/choucreeeem,mysmallvtuber.net,2026-10-01T03:32:36Z
MJwp5KMkuztJZ8rKHvZZ,슈크림 CHOUX,CHOUX,youtube,UC-G5fVQ5gqxsZKvCZcXCBoA,https://www.youtube.com/channel/UC-G5fVQ5gqxsZKvCZcXCBoA,슈크림 다시보기,17,2025-12-28,,2026-09-30 22:09:03,9월의 영도데이 ʕ๑• ﻌ •๑ʔ📺알고리즘 공유해죠,CHOUCREEEEM,https://cafe.naver.com/choucreeeem,mysmallvtuber.net,2026-10-01T03:32:36Z
MJwp5KMkuztJZ8rKHvZZ,슈크림 CHOUX,CHOUX,chzzk,40008e6c620868f1b29d3627cd931ea1,https://chzzk.naver.com/40008e6c620868f1b29d3627cd931ea1,슈크림 CHOUX,716,2025-12-28,,2026-09-30 22:09:03,9월의 영도데이 ʕ๑• ﻌ •๑ʔ📺알고리즘 공유해죠,CHOUCREEEEM,https://cafe.naver.com/choucreeeem,mysmallvtuber.net,2026-10-01T03:32:36Z
UkBYGRqDBVsHhj3hGwSc,모 아,,youtube,UCNHCPMgOqOYjk2O4ZkmVB9A,https://www.youtube.com/channel/UCNHCPMgOqOYjk2O4ZkmVB9A,모아,47100,2020-09-07,,2026-10-01 03:24:02,"""어흐의 별자리"" 보러왔습니다.🎀",moa_serenity,https://cafe.naver.com/moa0409,mysmallvtuber.net,2026-10-01T03:32:36Z
UkBYGRqDBVsHhj3hGwSc,모 아,,youtube,UCvhGQmLPKRkQyFa_iDIWpmw,https://www.youtube.com/channel/UCvhGQmLPKRkQyFa_iDIWpmw,다시 모아보기,10500,2020-09-07,,2026-10-01 03:24:02,"""어흐의 별자리"" 보러왔습니다.🎀",moa_serenity,https://cafe.naver.com/moa0409,mysmallvtuber.net,2026-10-01T03:32:36Z
UkBYGRqDBVsHhj3hGwSc,모 아,,chzzk,61958008140886fe1eda9910cfef5812,https://chzzk.naver.com/61958008140886fe1eda9910cfef5812,모 아,24806,2020-09-07,,2026-10-01 03:24:02,"""어흐의 별자리"" 보러왔습니다.🎀",moa_serenity,https://cafe.naver.com/moa0409,mysmallvtuber.net,2026-10-01T03:32:36Z
E56rBS3FD3tLTLXBa4gs,아리엘 본즈,,youtube,UC4squ5GOyn_49A6XuOhtbtw,https://www.youtube.com/channel/UC4squ5GOyn_49A6XuOhtbtw,아리엘 본즈,3080,2022-11-27,,2026-09-30 23:15:05,[19시 30분 시작] 에반게리온 처음보는사람 1화부터. 솔직하게 하고 싶은말 다 함,arielbones1771,https://cafe.naver.com/arielbones1771,mysmallvtuber.net,2026-10-01T03:32:36Z
E56rBS3FD3tLTLXBa4gs,아리엘 본즈,,chzzk,ac91a25f9d7751d4c61863f2f837f792,https://chzzk.naver.com/ac91a25f9d7751d4c61863f2f837f792,아리엘 본즈,3713,2022-11-27,,2026-09-30 23:15:05,[19시 30분 시작] 에반게리온 처음보는사람 1화부터. 솔직하게 하고 싶은말 다 함,arielbones1771,https://cafe.naver.com/arielbones1771,mysmallvtuber.net,2026-10-01T03:32:36Z
7m4zBEgK2pxRFHVGxtbN,타나베 하루,,youtube,UCdRm-CRseFgeDRQxuNDzmCA,https://www.youtube.com/channel/UCdRm-CRseFgeDRQxuNDzmCA,Tanabe Haru 타나베 하루,1320,2025-04-05,,2026-09-30 19:16:03,목이 잠기고 콧물이 나오고 아파요,Tanabeharu_,,mysmallvtuber.net,2026-10-01T03:32:36Z
7m4zBEgK2pxRFHVGxtbN,타나베 하루,,youtube,UC-6JoFYVHvb2Tm1Ky_hwhgw,https://www.youtube.com/channel/UC-6JoFYVHvb2Tm1Ky_hwhgw,냄비들고왔나베,67,2025-04-05,,2026-09-30 19:16:03,목이 잠기고 콧물이 나오고 아파요,Tanabeharu_,,mysmallvtuber.net,2026-10-01T03:32:36Z
7m4zBEgK2pxRFHVGxtbN,타나베 하루,,chzzk,7620bd58fe8202201943b50669a68764,https://chzzk.naver.com/7620bd58fe8202201943b50669a68764,타나베 하루,1474,2025-04-05,,2026-09-30 19:16:03,목이 잠기고 콧물이 나오고 아파요,Tanabeharu_,,mysmallvtuber.net,2026-10-01T03:32:36Z
QaATuu83UJkpWfQjH4mR,아자엘,,chzzk,96be3d27abcfe176659dbabb18464d0a,https://chzzk.naver.com/96be3d27abcfe176659dbabb18464d0a,아자엘,1855,,,2026-10-01 00:46:02,새마동도로로로동 합방스,A_zael_,https://cafe.naver.com/isoropia,mysmallvtuber.net,2026-10-01T03:32:36Z
CHMGxQgpQnqPY7cPpfxQ,솜 달,,youtube,UCStm4MowJ7g5tjkC9Bxb31w,https://www.youtube.com/channel/UCStm4MowJ7g5tjkC9Bxb31w,솜 달,122,2026-02-28,,2026-10-01 00:52:02,[신입] 후열ㄹㄹㄹㄹㄹㄹㄹㄹㄹㄹㄹㄹㄹㄹㄹㄹㄹㄹㄹㄹ,Som_Dal_0,,mysmallvtuber.net,2026-10-01T03:32:36Z
CHMGxQgpQnqPY7cPpfxQ,솜 달,,chzzk,e00bd4ec1efb5a7c8d540a891974eb17,https://chzzk.naver.com/e00bd4ec1efb5a7c8d540a891974eb17,솜 달,572,2026-02-28,,2026-10-01 00:52:02,[신입] 후열ㄹㄹㄹㄹㄹㄹㄹㄹㄹㄹㄹㄹㄹㄹㄹㄹㄹㄹㄹㄹ,Som_Dal_0,,mysmallvtuber.net,2026-10-01T03:32:36Z
ZwBVS3RvyqNL4ZeS5wQv,류시호 RyuSiho,RyuSiho,youtube,UC-9fPSlVjMqG3zwbRT2XhXA,https://www.youtube.com/channel/UC-9fPSlVjMqG3zwbRT2XhXA,류시호 RyuSiho,29100,2025-09-14,,2026-10-01 03:10:06,머기업들이한 공겜ㄷㄷ,Siho_Projecti,https://cafe.naver.com/projectiofficial,mysmallvtuber.net,2026-10-01T03:32:36Z
ZwBVS3RvyqNL4ZeS5wQv,류시호 RyuSiho,RyuSiho,youtube,UC9znnYSGrZCIUpIW1IMVB2g,https://www.youtube.com/channel/UC9znnYSGrZCIUpIW1IMVB2g,류시호의 성녀일기,5530,2025-09-14,,2026-10-01 03:10:06,머기업들이한 공겜ㄷㄷ,Siho_Projecti,https://cafe.naver.com/projectiofficial,mysmallvtuber.net,2026-10-01T03:32:36Z
ZwBVS3RvyqNL4ZeS5wQv,류시호 RyuSiho,RyuSiho,chzzk,f36320c432d9f06095ce2cfbbf681c26,https://chzzk.naver.com/f36320c432d9f06095ce2cfbbf681c26,류시호 RyuSiho,54550,2025-09-14,,2026-10-01 03:10:06,머기업들이한 공겜ㄷㄷ,Siho_Projecti,https://cafe.naver.com/projectiofficial,mysmallvtuber.net,2026-10-01T03:32:36Z
vQgwLrj3TDzSsprSdk6A,토로리 코코,,youtube,UCgq07mhOmrjVeZeJYXiAClw,https://www.youtube.com/channel/UCgq07mhOmrjVeZeJYXiAClw,토로리 코코,25600,2024-05-25,,2026-09-30 22:55:05,음색 조은방🩵,tororikoko,https://x.com/i/communities/1815041732628873549,mysmallvtuber.net,2026-10-01T03:32:36Z
vQgwLrj3TDzSsprSdk6A,토로리 코코,,youtube,UCVZk1SDgYuKuv1aOGY7eMrQ,https://www.youtube.com/channel/UCVZk1SDgYuKuv1aOGY7eMrQ,Re : 토로리 코코 다시보기,1390,2024-05-25,,2026-09-30 22:55:05,음색 조은방🩵,tororikoko,https://x.com/i/communities/1815041732628873549,mysmallvtuber.net,2026-10-01T03:32:36Z
vQgwLrj3TDzSsprSdk6A,토로리 코코,,chzzk,bda7676a8ca63a4acc64167610b5bf53,https://chzzk.naver.com/bda7676a8ca63a4acc64167610b5bf53,토로리 코코,3686,2024-05-25,,2026-09-30 22:55:05,음색 조은방🩵,tororikoko,https://x.com/i/communities/1815041732628873549,mysmallvtuber.net,2026-10-01T03:32:36Z
KZ99yyqfC5hfpLMgJ252,감 규 리,,youtube,UCKkIXeVBdRv_eobk1dTAczg,https://www.youtube.com/channel/UCKkIXeVBdRv_eobk1dTAczg,감규리,157000,2022-02-02,,2026-10-01 00:39:02,(⩌⩊⩌),Gam2gyuri,https://discord.gg/2nW25VS2hN,mysmallvtuber.net,2026-10-01T03:32:36Z
KZ99yyqfC5hfpLMgJ252,감 규 리,,youtube,UC-H_hOWqreML9zQeVawEkjg,https://www.youtube.com/channel/UC-H_hOWqreML9zQeVawEkjg,감규리 다시보기,7670,2022-02-02,,2026-10-01 00:39:02,(⩌⩊⩌),Gam2gyuri,https://discord.gg/2nW25VS2hN,mysmallvtuber.net,2026-10-01T03:32:36Z
KZ99yyqfC5hfpLMgJ252,감 규 리,,chzzk,3b3fe69e8b274ccaa4fd56ce9680a1f5,https://chzzk.naver.com/3b3fe69e8b274ccaa4fd56ce9680a1f5,감 규 리,36690,2022-02-02,,2026-10-01 00:39:02,(⩌⩊⩌),Gam2gyuri,https://discord.gg/2nW25VS2hN,mysmallvtuber.net,2026-10-01T03:32:36Z
rYUxKpe2AKr7nMQYrkrw,유세화 USeHwa,USeHwa,youtube,UCwUsJqMEe2_KAMZ2zOxBCWg,https://www.youtube.com/channel/UCwUsJqMEe2_KAMZ2zOxBCWg,세화USeHwa,568,2023-07-01,,2026-09-30 22:48:02,엔필은 오노르도 한걸음 낳아갔어 / 친추환용!!,usehwa_Twich,,mysmallvtuber.net,2026-10-01T03:32:36Z
rYUxKpe2AKr7nMQYrkrw,유세화 USeHwa,USeHwa,chzzk,4cefed5d05e0bd4a683f5115722d5cb3,https://chzzk.naver.com/4cefed5d05e0bd4a683f5115722d5cb3,유세화 USeHwa,1732,2023-07-01,,2026-09-30 22:48:02,엔필은 오노르도 한걸음 낳아갔어 / 친추환용!!,usehwa_Twich,,mysmallvtuber.net,2026-10-01T03:32:36Z
CN7pqwhSP3xXJPEjmEvv,하야시 이로,,youtube,UCwxhIoZMF_GjBWEa_hlavgQ,https://www.youtube.com/channel/UCwxhIoZMF_GjBWEa_hlavgQ,이로 Hayashi Iro Ch.,5520,2023-05-05,,2026-09-30 23:42:03,보컬로이드 월드컵 1177강 순위 낮은 순부터 아는거 부르기🐻‍❄️✨,Iro_4urora,https://cafe.naver.com/auroraprojectv,mysmallvtuber.net,2026-10-01T03:32:36Z
CN7pqwhSP3xXJPEjmEvv,하야시 이로,,youtube,UCehgiUx0fcFAhb_Rnb2jnyw,https://www.youtube.com/channel/UCehgiUx0fcFAhb_Rnb2jnyw,Hayashi Iro Ch. SUB,69,2023-05-05,,2026-09-30 23:42:03,보컬로이드 월드컵 1177강 순위 낮은 순부터 아는거 부르기🐻‍❄️✨,Iro_4urora,https://cafe.naver.com/auroraprojectv,mysmallvtuber.net,2026-10-01T03:32:36Z
CN7pqwhSP3xXJPEjmEvv,하야시 이로,,chzzk,1296a4df3696511c2239cf641cfd0fd0,https://chzzk.naver.com/1296a4df3696511c2239cf641cfd0fd0,하야시 이로,3307,2023-05-05,,2026-09-30 23:42:03,보컬로이드 월드컵 1177강 순위 낮은 순부터 아는거 부르기🐻‍❄️✨,Iro_4urora,https://cafe.naver.com/auroraprojectv,mysmallvtuber.net,2026-10-01T03:32:36Z
p8RqTMfAvqq83s7t7VYX,정묘린,,youtube,UChGjiF-6n3GXsP-gTI_RM4g,https://www.youtube.com/channel/UChGjiF-6n3GXsP-gTI_RM4g,묘린,837,2024-08-10,,2026-10-01 05:24:02,[그냥서버] 서버 1일차 곧 빚 1억 앞둔 고양이.. 히발..,Myo_Moon_,https://cafe.naver.com/myomoon,mysmallvtuber.net,2026-10-01T03:32:36Z
p8RqTMfAvqq83s7t7VYX,정묘린,,youtube,UCZ8qgQqE40leRS9nQzElZDQ,https://www.youtube.com/channel/UCZ8qgQqE40leRS9nQzElZDQ,묘린 ARCHIVE,232,2024-08-10,,2026-10-01 05:24:02,[그냥서버] 서버 1일차 곧 빚 1억 앞둔 고양이.. 히발..,Myo_Moon_,https://cafe.naver.com/myomoon,mysmallvtuber.net,2026-10-01T03:32:36Z
p8RqTMfAvqq83s7t7VYX,정묘린,,chzzk,7d82cfea7545107e3dd0379c885cb0e0,https://chzzk.naver.com/7d82cfea7545107e3dd0379c885cb0e0,정묘린,1147,2024-08-10,,2026-10-01 05:24:02,[그냥서버] 서버 1일차 곧 빚 1억 앞둔 고양이.. 히발..,Myo_Moon_,https://cafe.naver.com/myomoon,mysmallvtuber.net,2026-10-01T03:32:36Z
5JmbmmL4kTkKa8zfEYNL,폰루루 ㅣ PON RuRu,PON RuRu,youtube,UCvYutS5E0aZGBJsFq4QjwiQ,https://www.youtube.com/channel/UCvYutS5E0aZGBJsFq4QjwiQ,PON RuRu.Ch🦝2️⃣,947,2024-04-26,,2026-09-30 22:05:05,🦝🦝 엄마가 딸들을 못 알아봄.. ✨✨,ponjuaS2,,mysmallvtuber.net,2026-10-01T03:32:36Z
5JmbmmL4kTkKa8zfEYNL,폰루루 ㅣ PON RuRu,PON RuRu,youtube,UCLTKwJvT1Sw25BcgUlhtAzg,https://www.youtube.com/channel/UCLTKwJvT1Sw25BcgUlhtAzg,폰루루🦝2️⃣,3440,2024-04-26,,2026-09-30 22:05:05,🦝🦝 엄마가 딸들을 못 알아봄.. ✨✨,ponjuaS2,,mysmallvtuber.net,2026-10-01T03:32:36Z
5JmbmmL4kTkKa8zfEYNL,폰루루 ㅣ PON RuRu,PON RuRu,chzzk,051a3090c9566bdfd6af01cb1f463c16,https://chzzk.naver.com/051a3090c9566bdfd6af01cb1f463c16,폰루루 ㅣ PON RuRu,3557,2024-04-26,,2026-09-30 22:05:05,🦝🦝 엄마가 딸들을 못 알아봄.. ✨✨,ponjuaS2,,mysmallvtuber.net,2026-10-01T03:32:36Z
8ya94rfabuerrEWZ69uA,카코이 유이,,youtube,UCPMp18EGLXMmdIIQPZuArfQ,https://www.youtube.com/channel/UCPMp18EGLXMmdIIQPZuArfQ,카코이 유이 栫井ゆい,1530,2024-09-30,,2026-10-01 01:12:03,🎀제기랄 반캠🎀,Aquabel_yui,https://cafe.naver.com/aquabel,mysmallvtuber.net,2026-10-01T03:32:36Z
8ya94rfabuerrEWZ69uA,카코이 유이,,youtube,UCUPaph7eKOVz0CDN-_gNgpg,https://www.youtube.com/channel/UCUPaph7eKOVz0CDN-_gNgpg,유이 다시보기,44,2024-09-30,,2026-10-01 01:12:03,🎀제기랄 반캠🎀,Aquabel_yui,https://cafe.naver.com/aquabel,mysmallvtuber.net,2026-10-01T03:32:36Z
8ya94rfabuerrEWZ69uA,카코이 유이,,chzzk,a29716533a107b033caf5f16c8d032cc,https://chzzk.naver.com/a29716533a107b033caf5f16c8d032cc,카코이 유이,8225,2024-09-30,,2026-10-01 01:12:03,🎀제기랄 반캠🎀,Aquabel_yui,https://cafe.naver.com/aquabel,mysmallvtuber.net,2026-10-01T03:32:36Z
hxHEtVwLEw1eNLO9FwRU,달체솜,,youtube,UCtFGm914jXb9sJSM8YiKhhw,https://www.youtube.com/channel/UCtFGm914jXb9sJSM8YiKhhw,달체솜,3010,2022-02-21,,2026-09-30 21:52:02,무료 노래방❤️콘서트 방셀 (582/1082) 40퍼 당첨 룰렛 33/330 ~,Dalchesom,https://cafe.naver.com/chesom,mysmallvtuber.net,2026-10-01T03:32:36Z
hxHEtVwLEw1eNLO9FwRU,달체솜,,soop,dalchesom,https://ch.sooplive.co.kr/dalchesom,달체솜,7194,2022-02-21,,2026-09-30 21:52:02,무료 노래방❤️콘서트 방셀 (582/1082) 40퍼 당첨 룰렛 33/330 ~,Dalchesom,https://cafe.naver.com/chesom,mysmallvtuber.net,2026-10-01T03:32:36Z
JTS5T5nvMjcpvFYUSgLt,이무지,,youtube,UCtKaWarbIgekUqjGV_uEw3A,https://www.youtube.com/channel/UCtKaWarbIgekUqjGV_uEw3A,이무지,112000,2023-01-18,,2026-10-01 04:30:02,"1부 소통 (w.이하얀)2부 노가리 (w.이보늬,여까,이하얀) 3부 히브호 (w.이보늬,여까,이하얀) 4부 머미 (w.여까,이하얀) 🐥",,https://cafe.naver.com/moojjcastle,mysmallvtuber.net,2026-10-01T03:32:36Z
JTS5T5nvMjcpvFYUSgLt,이무지,,chzzk,2564aae6bb474dd58c22023afa4cbe72,https://chzzk.naver.com/2564aae6bb474dd58c22023afa4cbe72,이무지,42599,2023-01-18,,2026-10-01 04:30:02,"1부 소통 (w.이하얀)2부 노가리 (w.이보늬,여까,이하얀) 3부 히브호 (w.이보늬,여까,이하얀) 4부 머미 (w.여까,이하얀) 🐥",,https://cafe.naver.com/moojjcastle,mysmallvtuber.net,2026-10-01T03:32:36Z
TND8mqgjxA7aEDZ9CVKD,오데트Odette,Odette,youtube,UCDD5BVvuZI2uiKUOAmO2ycw,https://www.youtube.com/channel/UCDD5BVvuZI2uiKUOAmO2ycw,오데트표 특제 고봉밥집,210,2024-08-04,,2026-09-30 21:19:03,오리표 드레스 제작기 1일차 ➰✨ ˚₊· ͟͟͞͞➳❥,With_Odette,https://cafe.naver.com/withodette,mysmallvtuber.net,2026-10-01T03:32:36Z
TND8mqgjxA7aEDZ9CVKD,오데트Odette,Odette,chzzk,0f406b5bff5e6f5221f95c10de420232,https://chzzk.naver.com/0f406b5bff5e6f5221f95c10de420232,오데트Odette,1302,2024-08-04,,2026-09-30 21:19:03,오리표 드레스 제작기 1일차 ➰✨ ˚₊· ͟͟͞͞➳❥,With_Odette,https://cafe.naver.com/withodette,mysmallvtuber.net,2026-10-01T03:32:36Z
PWhsJkmWA4DM3cWqY4f4,별소금3,,youtube,UCmJil1KCobYkfucqOG6mMIQ,https://www.youtube.com/channel/UCmJil1KCobYkfucqOG6mMIQ,별소금찍어먹기,698,2024-12-28,,2026-09-30 22:33:03,드디어 기어나온 별소금,,https://cafe.naver.com/starsalt,mysmallvtuber.net,2026-10-01T03:32:36Z
PWhsJkmWA4DM3cWqY4f4,별소금3,,youtube,UCJ5yrqCq0bXmyOarWIf4jng,https://www.youtube.com/channel/UCJ5yrqCq0bXmyOarWIf4jng,인생에별소금뿌리기,361,2024-12-28,,2026-09-30 22:33:03,드디어 기어나온 별소금,,https://cafe.naver.com/starsalt,mysmallvtuber.net,2026-10-01T03:32:36Z
PWhsJkmWA4DM3cWqY4f4,별소금3,,chzzk,c787165bb582747dca8f0e6f83063177,https://chzzk.naver.com/c787165bb582747dca8f0e6f83063177,별소금3,2096,2024-12-28,,2026-09-30 22:33:03,드디어 기어나온 별소금,,https://cafe.naver.com/starsalt,mysmallvtuber.net,2026-10-01T03:32:36Z
PqUrbyRT8GCAU8fPCDGe,아이덴큐,,youtube,UChR3iUwrHbrI7XcobHGY0tA,https://www.youtube.com/channel/UChR3iUwrHbrI7XcobHGY0tA,아이덴큐 アイデンキュー,10700,2022-02-13,,2026-10-01 00:58:02,[한보름] 벌벌이슈노래대회 ♥그림팝니당♥ 스트리머 공지 참고! 85%,_IdenQ_,,mysmallvtuber.net,2026-10-01T03:32:36Z
PqUrbyRT8GCAU8fPCDGe,아이덴큐,,soop,idenq9,https://ch.sooplive.co.kr/idenq9,아이덴큐,2472,2022-02-13,,2026-10-01 00:58:02,[한보름] 벌벌이슈노래대회 ♥그림팝니당♥ 스트리머 공지 참고! 85%,_IdenQ_,,mysmallvtuber.net,2026-10-01T03:32:36Z
7FdMybGT8cy334rMZhTV,쵸꾸미,,youtube,UCLmdK-Fr7KmcsZ3wAcKtVYg,https://www.youtube.com/channel/UCLmdK-Fr7KmcsZ3wAcKtVYg,쵸꾸미,691,2025-07-02,,2026-10-01 02:25:03,14일차 🍳!!! 조규미 오늘 할미랑 대회나강당!@!!!!!!!!!!!!!,,https://cafe.naver.com/chyokkumi,mysmallvtuber.net,2026-10-01T03:32:36Z
7FdMybGT8cy334rMZhTV,쵸꾸미,,youtube,UCcSRzoqJzcch_Sfrk0WUyxA,https://www.youtube.com/channel/UCcSRzoqJzcch_Sfrk0WUyxA,쵸꾸미 다시보기,336,2025-07-02,,2026-10-01 02:25:03,14일차 🍳!!! 조규미 오늘 할미랑 대회나강당!@!!!!!!!!!!!!!,,https://cafe.naver.com/chyokkumi,mysmallvtuber.net,2026-10-01T03:32:36Z
7FdMybGT8cy334rMZhTV,쵸꾸미,,chzzk,f61107c04a4ae129873da5a5a25e2527,https://chzzk.naver.com/f61107c04a4ae129873da5a5a25e2527,쵸꾸미,4786,2025-07-02,,2026-10-01 02:25:03,14일차 🍳!!! 조규미 오늘 할미랑 대회나강당!@!!!!!!!!!!!!!,,https://cafe.naver.com/chyokkumi,mysmallvtuber.net,2026-10-01T03:32:36Z
hGqr39RUqCH5VQcWnQpg,부쿠키,,youtube,UCF-EktpAclL-5krISxgerDw,https://www.youtube.com/channel/UCF-EktpAclL-5krISxgerDw,부쿠키,147000,2022-01-06,,2026-10-01 05:09:03,대공이 공주를 키우게 된다면..? ❄️,bukuki_,https://cafe.naver.com/bukuki00,mysmallvtuber.net,2026-10-01T03:32:36Z
hGqr39RUqCH5VQcWnQpg,부쿠키,,chzzk,f2fd35b4bce38e375cd77b6a6904b4a4,https://chzzk.naver.com/f2fd35b4bce38e375cd77b6a6904b4a4,부쿠키,73377,2022-01-06,,2026-10-01 05:09:03,대공이 공주를 키우게 된다면..? ❄️,bukuki_,https://cafe.naver.com/bukuki00,mysmallvtuber.net,2026-10-01T03:32:36Z
NLttVd3sU24vKKePyeKg,미르_MIR,MIR,soop,alice427,https://ch.sooplive.co.kr/alice427,미르_MIR,32900,2022-10-26,,2026-10-01 02:38:02,레전드라는 팬게임! [포켓몬스터 어나더 레드],,,mysmallvtuber.net,2026-10-01T03:32:36Z
3WRedP5We6GyadaHavw2,리 이,,youtube,UCB3e-X7Wbn9x3jq29yvzzOw,https://www.youtube.com/channel/UCB3e-X7Wbn9x3jq29yvzzOw,리이 LEEE,871,2023-06-10,,2026-09-30 23:18:03,10월 타로 봐드림니다!,LEEEUx_xU,https://cafe.naver.com/linkforyou,mysmallvtuber.net,2026-10-01T03:32:36Z
3WRedP5We6GyadaHavw2,리 이,,youtube,UCzdPhGerIuSdGo9mDRRpnsQ,https://www.youtube.com/channel/UCzdPhGerIuSdGo9mDRRpnsQ,리이 다시보기,204,2023-06-10,,2026-09-30 23:18:03,10월 타로 봐드림니다!,LEEEUx_xU,https://cafe.naver.com/linkforyou,mysmallvtuber.net,2026-10-01T03:32:36Z
3WRedP5We6GyadaHavw2,리 이,,chzzk,68daca14bebc804d56b3dc601c8e7aff,https://chzzk.naver.com/68daca14bebc804d56b3dc601c8e7aff,리 이,2022,2023-06-10,,2026-09-30 23:18:03,10월 타로 봐드림니다!,LEEEUx_xU,https://cafe.naver.com/linkforyou,mysmallvtuber.net,2026-10-01T03:32:36Z
TeEV52fIEOoPuyWf8yDZ,포키쨩,,youtube,UCGOojUpn8QUVmZggtIoJu4A,https://www.youtube.com/channel/UCGOojUpn8QUVmZggtIoJu4A,포키쨩,7260,2022-11-11,,2026-09-30 19:48:03,아시안게임 응원하고 목 나갔는데 발목도 나갔어,POCKY_Chan8_8,https://cafe.naver.com/allyearopen24hours,mysmallvtuber.net,2026-10-01T03:32:36Z
TeEV52fIEOoPuyWf8yDZ,포키쨩,,youtube,UCANEEITdmcqaROZc1mwUAWw,https://www.youtube.com/channel/UCANEEITdmcqaROZc1mwUAWw,FULL포키 [ 포키쨩 생방송 다시보기 ],1180,2022-11-11,,2026-09-30 19:48:03,아시안게임 응원하고 목 나갔는데 발목도 나갔어,POCKY_Chan8_8,https://cafe.naver.com/allyearopen24hours,mysmallvtuber.net,2026-10-01T03:32:36Z
TeEV52fIEOoPuyWf8yDZ,포키쨩,,chzzk,c8adce2ff4a3618931e07c327e1fa070,https://chzzk.naver.com/c8adce2ff4a3618931e07c327e1fa070,포키쨩,29907,2022-11-11,,2026-09-30 19:48:03,아시안게임 응원하고 목 나갔는데 발목도 나갔어,POCKY_Chan8_8,https://cafe.naver.com/allyearopen24hours,mysmallvtuber.net,2026-10-01T03:32:36Z
7uY9pTjMswdQ8PnT3xtU,쇼 카,,youtube,UCg0OOY_lDzIEwOL3za-SpfQ,https://www.youtube.com/channel/UCg0OOY_lDzIEwOL3za-SpfQ,쇼카,4370,2026-02-21,,2026-10-01 02:56:03,[봉누도15일차] 오늘도 최선을 다하는 천상여자 신미정이에요 ~,syoka0906,https://cafe.naver.com/syoka,mysmallvtuber.net,2026-10-01T03:32:36Z
7uY9pTjMswdQ8PnT3xtU,쇼 카,,chzzk,1963bb156cd9a572916827d4fef7516e,https://chzzk.naver.com/1963bb156cd9a572916827d4fef7516e,쇼 카,4636,2026-02-21,,2026-10-01 02:56:03,[봉누도15일차] 오늘도 최선을 다하는 천상여자 신미정이에요 ~,syoka0906,https://cafe.naver.com/syoka,mysmallvtuber.net,2026-10-01T03:32:36Z
vaF2wnSv7NRGNLrBPVab,히즈키 나루,,youtube,UCMT86hiNPnDW0_1Io63Nk7A,https://www.youtube.com/channel/UCMT86hiNPnDW0_1Io63Nk7A,히즈키 나루,2690,2023-07-14,,2026-10-01 01:42:02,[가을방학] 삼일안에 교배왕 해야해요,,https://cafe.naver.com/owohehe,mysmallvtuber.net,2026-10-01T03:32:36Z
vaF2wnSv7NRGNLrBPVab,히즈키 나루,,youtube,UCNSM3AQGb0j1q5cgBY5Xqng,https://www.youtube.com/channel/UCNSM3AQGb0j1q5cgBY5Xqng,알배추나루,486,2023-07-14,,2026-10-01 01:42:02,[가을방학] 삼일안에 교배왕 해야해요,,https://cafe.naver.com/owohehe,mysmallvtuber.net,2026-10-01T03:32:36Z
vaF2wnSv7NRGNLrBPVab,히즈키 나루,,chzzk,f7e71c69f222a684ed3e323e025d1fa7,https://chzzk.naver.com/f7e71c69f222a684ed3e323e025d1fa7,히즈키 나루,3911,2023-07-14,,2026-10-01 01:42:02,[가을방학] 삼일안에 교배왕 해야해요,,https://cafe.naver.com/owohehe,mysmallvtuber.net,2026-10-01T03:32:36Z
XZIR5H2JzJQ03t5se4Su,마레 플로스,,youtube,UCYk95JQsXbgk5Vto4MvRh2g,https://www.youtube.com/channel/UCYk95JQsXbgk5Vto4MvRh2g,마레플로스,145000,2022-02-13,,2026-10-01 02:56:03,기가신부님께  퇴마당했어요... [봉누도2 숭해춘 기자]🐲✨,mareflos0608,https://cafe.naver.com/mareflos,mysmallvtuber.net,2026-10-01T03:32:36Z
XZIR5H2JzJQ03t5se4Su,마레 플로스,,youtube,UCOg7d0qVUnr2URJeWSgfQFA,https://www.youtube.com/channel/UCOg7d0qVUnr2URJeWSgfQFA,마레플로스 생방송 다시보기,19100,2022-02-13,,2026-10-01 02:56:03,기가신부님께  퇴마당했어요... [봉누도2 숭해춘 기자]🐲✨,mareflos0608,https://cafe.naver.com/mareflos,mysmallvtuber.net,2026-10-01T03:32:36Z
XZIR5H2JzJQ03t5se4Su,마레 플로스,,chzzk,4ebef1eb4194611996dc38abf1d226d1,https://chzzk.naver.com/4ebef1eb4194611996dc38abf1d226d1,마레 플로스,70348,2022-02-13,,2026-10-01 02:56:03,기가신부님께  퇴마당했어요... [봉누도2 숭해춘 기자]🐲✨,mareflos0608,https://cafe.naver.com/mareflos,mysmallvtuber.net,2026-10-01T03:32:36Z
BUBNzUDwsVcaXPtk5Mbn,꽃설화,,youtube,UClMDJJxZH3p9c9G7BzRXjew,https://www.youtube.com/channel/UClMDJJxZH3p9c9G7BzRXjew,꽃설화,2680,2022-12-13,,2026-10-01 02:58:03,마크의달인 팀대항 7시!  ٩ ( ᐢ・ω・ᐢ )”♡,kimshwa0529,https://cafe.naver.com/shwa0529,mysmallvtuber.net,2026-10-01T03:32:36Z
BUBNzUDwsVcaXPtk5Mbn,꽃설화,,chzzk,03057fc06e3b182b3c28adbf23f6d3f6,https://chzzk.naver.com/03057fc06e3b182b3c28adbf23f6d3f6,꽃설화,2412,2022-12-13,,2026-10-01 02:58:03,마크의달인 팀대항 7시!  ٩ ( ᐢ・ω・ᐢ )”♡,kimshwa0529,https://cafe.naver.com/shwa0529,mysmallvtuber.net,2026-10-01T03:32:36Z
g8kPqhHkHffn8dYxK3wb,예니_ouo,ouo,youtube,UC-hAYLv_2xYhCbIy_XA1OXQ,https://www.youtube.com/channel/UC-hAYLv_2xYhCbIy_XA1OXQ,예니,1380,,,2026-09-30 19:48:03,당근하다 문제 생겨서 오늘 잠시 쉬어갑니다ㅠㅠㅠ미아내🩷,,https://cafe.naver.com/yeniouo,mysmallvtuber.net,2026-10-01T03:32:36Z
g8kPqhHkHffn8dYxK3wb,예니_ouo,ouo,soop,yeniouoyeni,https://ch.sooplive.co.kr/yeniouoyeni,예니_ouo,3243,,,2026-09-30 19:48:03,당근하다 문제 생겨서 오늘 잠시 쉬어갑니다ㅠㅠㅠ미아내🩷,,https://cafe.naver.com/yeniouo,mysmallvtuber.net,2026-10-01T03:32:36Z
AEYchy7w7qYaLWyCjQpG,히라뀽,,youtube,UC9xb9YRb6oWJfCmQ9IhhtvA,https://www.youtube.com/channel/UC9xb9YRb6oWJfCmQ9IhhtvA,히라뀽,1420,2024-05-01,,2026-10-01 01:04:03,[영도 반값] 4성역 비탄의설원과 불의신전 시련을 극복하라!,hira_Rabbit,https://cafe.naver.com/hiracafe,mysmallvtuber.net,2026-10-01T03:32:36Z
AEYchy7w7qYaLWyCjQpG,히라뀽,,youtube,UC0tmJFVGi9t-_g-W0cT_Kzw,https://www.youtube.com/channel/UC0tmJFVGi9t-_g-W0cT_Kzw,Ch.히라뀽,91,2024-05-01,,2026-10-01 01:04:03,[영도 반값] 4성역 비탄의설원과 불의신전 시련을 극복하라!,hira_Rabbit,https://cafe.naver.com/hiracafe,mysmallvtuber.net,2026-10-01T03:32:36Z
AEYchy7w7qYaLWyCjQpG,히라뀽,,chzzk,79fbb3f5195aad2d11f76c6b5535dc02,https://chzzk.naver.com/79fbb3f5195aad2d11f76c6b5535dc02,히라뀽,3322,2024-05-01,,2026-10-01 01:04:03,[영도 반값] 4성역 비탄의설원과 불의신전 시련을 극복하라!,hira_Rabbit,https://cafe.naver.com/hiracafe,mysmallvtuber.net,2026-10-01T03:32:36Z
unzKYvf7ajQw2nZbfstC,매히두,,youtube,UC4wGHE2oKgNPBKLiV9BCVuA,https://www.youtube.com/channel/UC4wGHE2oKgNPBKLiV9BCVuA,매히두 / HIDU,9780,2025-12-31,,2026-09-30 20:56:02,★ 라투디 공개합니다!! (=ﾟωﾟ)ﾉ ★,maidhidu1,,mysmallvtuber.net,2026-10-01T03:32:36Z
unzKYvf7ajQw2nZbfstC,매히두,,chzzk,e71c92661ec46bcd7f5cd0bb4ca46da4,https://chzzk.naver.com/e71c92661ec46bcd7f5cd0bb4ca46da4,매히두,2667,2025-12-31,,2026-09-30 20:56:02,★ 라투디 공개합니다!! (=ﾟωﾟ)ﾉ ★,maidhidu1,,mysmallvtuber.net,2026-10-01T03:32:36Z
tg9Z7BQysyGV75Vsyns9,강혜니,,youtube,UCatILwJhUci6_AwVp9iCqqQ,https://www.youtube.com/channel/UCatILwJhUci6_AwVp9iCqqQ,강혜니,398,2023-06-06,,2026-10-01 02:55:02,마크의달인 대항전! 7시부터! ꜀(^｡ ̫ ｡^꜀ )꜆੭🩷,hyeni_06,https://cafe.naver.com/hyeninyang,mysmallvtuber.net,2026-10-01T03:32:36Z
tg9Z7BQysyGV75Vsyns9,강혜니,,youtube,UCbG-KntfwuoX29eLRJUgpVA,https://www.youtube.com/channel/UCbG-KntfwuoX29eLRJUgpVA,강혜니 다시보기,200,2023-06-06,,2026-10-01 02:55:02,마크의달인 대항전! 7시부터! ꜀(^｡ ̫ ｡^꜀ )꜆੭🩷,hyeni_06,https://cafe.naver.com/hyeninyang,mysmallvtuber.net,2026-10-01T03:32:36Z
tg9Z7BQysyGV75Vsyns9,강혜니,,chzzk,3081b4db8cb8b6c1de194b66a5b81a67,https://chzzk.naver.com/3081b4db8cb8b6c1de194b66a5b81a67,강혜니,3631,2023-06-06,,2026-10-01 02:55:02,마크의달인 대항전! 7시부터! ꜀(^｡ ̫ ｡^꜀ )꜆੭🩷,hyeni_06,https://cafe.naver.com/hyeninyang,mysmallvtuber.net,2026-10-01T03:32:36Z
QnYQ8NJ5XbWxCEakC2An,엄히로,,youtube,UC84k_647eh3k9WKo4BjdUyw,https://www.youtube.com/channel/UC84k_647eh3k9WKo4BjdUyw,엄히로 - 26년도 현재 만 32세,11100,2022-04-10,,2026-09-30 22:43:03,주간 댓글 읽기 / 하기 전에 치지직에 새로 생긴 '챌린저' 등급에 대해 알아보자,HERO_Vtuber,https://discord.com/invite/z5PmDZD55m,mysmallvtuber.net,2026-10-01T03:32:36Z
QnYQ8NJ5XbWxCEakC2An,엄히로,,chzzk,60761dc68dca3092c55c4371710ce848,https://chzzk.naver.com/60761dc68dca3092c55c4371710ce848,엄히로,6258,2022-04-10,,2026-09-30 22:43:03,주간 댓글 읽기 / 하기 전에 치지직에 새로 생긴 '챌린저' 등급에 대해 알아보자,HERO_Vtuber,https://discord.com/invite/z5PmDZD55m,mysmallvtuber.net,2026-10-01T03:32:36Z
S4WybtChWxWMLqhqB2Tr,시 네 진,,youtube,UCT4ZYhDSS_JAgQailFA4p6A,https://www.youtube.com/channel/UCT4ZYhDSS_JAgQailFA4p6A,시네진,1180,2024-08-13,,2026-10-01 02:23:03,아이언 탈출기 2일차,Sinezin1016,https://cafe.naver.com/spwls1016,mysmallvtuber.net,2026-10-01T03:32:36Z
S4WybtChWxWMLqhqB2Tr,시 네 진,,chzzk,27c308b12e19387d2bc9332c2df66f83,https://chzzk.naver.com/27c308b12e19387d2bc9332c2df66f83,시 네 진,1856,2024-08-13,,2026-10-01 02:23:03,아이언 탈출기 2일차,Sinezin1016,https://cafe.naver.com/spwls1016,mysmallvtuber.net,2026-10-01T03:32:36Z
yMPdfqSnUmzfkYqqL75M,은초이 Choy,Choy,youtube,UCLj64SVR6s5cu0IEozBEphg,https://www.youtube.com/channel/UCLj64SVR6s5cu0IEozBEphg,은초이 choy,502,2025-11-11,,2026-09-30 22:25:03,💙,Eun_choy,https://cafe.naver.com/eunchoy,mysmallvtuber.net,2026-10-01T03:32:36Z
yMPdfqSnUmzfkYqqL75M,은초이 Choy,Choy,youtube,UCchU7_y7AMPj03CgBjtsRDA,https://www.youtube.com/channel/UCchU7_y7AMPj03CgBjtsRDA,금초이,150,2025-11-11,,2026-09-30 22:25:03,💙,Eun_choy,https://cafe.naver.com/eunchoy,mysmallvtuber.net,2026-10-01T03:32:36Z
yMPdfqSnUmzfkYqqL75M,은초이 Choy,Choy,chzzk,fd8516eb8d31a8a5147e94c281ae3f07,https://chzzk.naver.com/fd8516eb8d31a8a5147e94c281ae3f07,은초이 Choy,1900,2025-11-11,,2026-09-30 22:25:03,💙,Eun_choy,https://cafe.naver.com/eunchoy,mysmallvtuber.net,2026-10-01T03:32:36Z
rETb9EC6mB4xW8r8TraL,볼빵소,,youtube,UCN2Qh7n5O0HRdB5WrGY2x2g,https://www.youtube.com/channel/UCN2Qh7n5O0HRdB5WrGY2x2g,뿌앙,4490,2023-08-06,,2026-10-01 00:57:03,데니아보고 명조 시작한 사람! 오늘 드디어 데니아사랑단 데니아 내아내 데니아 스토리 볼꺼야!,bbangbbang__20,https://cafe.naver.com/bbangbbangppuzzi,mysmallvtuber.net,2026-10-01T03:32:36Z
rETb9EC6mB4xW8r8TraL,볼빵소,,youtube,UC0E98CdB0q5sVRQhzN6_nnQ,https://www.youtube.com/channel/UC0E98CdB0q5sVRQhzN6_nnQ,볼빵소의 빵빵일지,1550,2023-08-06,,2026-10-01 00:57:03,데니아보고 명조 시작한 사람! 오늘 드디어 데니아사랑단 데니아 내아내 데니아 스토리 볼꺼야!,bbangbbang__20,https://cafe.naver.com/bbangbbangppuzzi,mysmallvtuber.net,2026-10-01T03:32:36Z
rETb9EC6mB4xW8r8TraL,볼빵소,,chzzk,8a79129b34e042fcd825fbffc3f52c99,https://chzzk.naver.com/8a79129b34e042fcd825fbffc3f52c99,볼빵소,4859,2023-08-06,,2026-10-01 00:57:03,데니아보고 명조 시작한 사람! 오늘 드디어 데니아사랑단 데니아 내아내 데니아 스토리 볼꺼야!,bbangbbang__20,https://cafe.naver.com/bbangbbangppuzzi,mysmallvtuber.net,2026-10-01T03:32:36Z
D57RQdFm88DbFxSHKQaC,아이텔 시즈 Aitel Siz,Aitel Siz,youtube,UCyLMoSScYdXqJVGuNQd4tLg,https://www.youtube.com/channel/UCyLMoSScYdXqJVGuNQd4tLg,Siz ch. 아이텔 시즈,3360,2024-05-15,,2026-09-30 22:02:03,서브컬처 게임 월드컵 (1등 게임은 내일 할 예정!),aitelsiz,https://cafe.naver.com/lussiacademy,mysmallvtuber.net,2026-10-01T03:32:36Z
D57RQdFm88DbFxSHKQaC,아이텔 시즈 Aitel Siz,Aitel Siz,youtube,UCEY45q9kTg1lCiWzqvxAXsQ,https://www.youtube.com/channel/UCEY45q9kTg1lCiWzqvxAXsQ,시즈의 영상 모음,781,2024-05-15,,2026-09-30 22:02:03,서브컬처 게임 월드컵 (1등 게임은 내일 할 예정!),aitelsiz,https://cafe.naver.com/lussiacademy,mysmallvtuber.net,2026-10-01T03:32:36Z
D57RQdFm88DbFxSHKQaC,아이텔 시즈 Aitel Siz,Aitel Siz,chzzk,2629ef26d6abd8cf1fa7d52e83ba3542,https://chzzk.naver.com/2629ef26d6abd8cf1fa7d52e83ba3542,아이텔 시즈 Aitel Siz,2006,2024-05-15,,2026-09-30 22:02:03,서브컬처 게임 월드컵 (1등 게임은 내일 할 예정!),aitelsiz,https://cafe.naver.com/lussiacademy,mysmallvtuber.net,2026-10-01T03:32:36Z
GegaXudeVGYeFQU2kBVv,무라사키 치즈루,,youtube,UC4-Ah0VeC73KMvX1dEcIEMg,https://www.youtube.com/channel/UC4-Ah0VeC73KMvX1dEcIEMg,무라사키치즈루 Chizuru Murasaki,5770,2022-10-21,,2026-10-01 00:56:03,저는 모험가가 될거에요 . . . .,ChizuruMurasaki,https://cafe.naver.com/murasakichizuru,mysmallvtuber.net,2026-10-01T03:32:36Z
GegaXudeVGYeFQU2kBVv,무라사키 치즈루,,youtube,UC1wsX_L5nUcHlquohkWTrmA,https://www.youtube.com/channel/UC1wsX_L5nUcHlquohkWTrmA,치즈루 archive,675,2022-10-21,,2026-10-01 00:56:03,저는 모험가가 될거에요 . . . .,ChizuruMurasaki,https://cafe.naver.com/murasakichizuru,mysmallvtuber.net,2026-10-01T03:32:36Z
GegaXudeVGYeFQU2kBVv,무라사키 치즈루,,chzzk,2229be25fd4122083a8f93daf2a55d26,https://chzzk.naver.com/2229be25fd4122083a8f93daf2a55d26,무라사키 치즈루,3867,2022-10-21,,2026-10-01 00:56:03,저는 모험가가 될거에요 . . . .,ChizuruMurasaki,https://cafe.naver.com/murasakichizuru,mysmallvtuber.net,2026-10-01T03:32:36Z
aRTKFZzHqXUHep5QD5tr,유다히,,youtube,UCtmXoV68351T9qgoALoW-XQ,https://www.youtube.com/channel/UCtmXoV68351T9qgoALoW-XQ,리트라 E. 유다히 retry udie,546,2023-10-01,,2026-10-01 03:12:03,유다희!!!!!부산갈매기(에네르기)파!!!!!!!!!!!!!!!!!!!!!!!!!!!!!!,retryudie,https://cafe.naver.com/kimchiwatt,mysmallvtuber.net,2026-10-01T03:32:36Z
aRTKFZzHqXUHep5QD5tr,유다히,,youtube,UCXC5FdCYZPem-mcC2kQ6lCQ,https://www.youtube.com/channel/UCXC5FdCYZPem-mcC2kQ6lCQ,유다히 다시보기,250,2023-10-01,,2026-10-01 03:12:03,유다희!!!!!부산갈매기(에네르기)파!!!!!!!!!!!!!!!!!!!!!!!!!!!!!!,retryudie,https://cafe.naver.com/kimchiwatt,mysmallvtuber.net,2026-10-01T03:32:36Z
aRTKFZzHqXUHep5QD5tr,유다히,,chzzk,e630c27b3c51307c1a064213a4a000bd,https://chzzk.naver.com/e630c27b3c51307c1a064213a4a000bd,유다히,3685,2023-10-01,,2026-10-01 03:12:03,유다희!!!!!부산갈매기(에네르기)파!!!!!!!!!!!!!!!!!!!!!!!!!!!!!!,retryudie,https://cafe.naver.com/kimchiwatt,mysmallvtuber.net,2026-10-01T03:32:36Z
jap6MCQMKuNnuXdaCZ4y,RED레드,RED,youtube,UCuBY91pXJqh0pkZ7bU_s_uw,https://www.youtube.com/channel/UCuBY91pXJqh0pkZ7bU_s_uw,RED레드,43800,2024-09-01,,2026-10-01 02:57:03,봉누도2 EMS 레도연 15일차,RED_vtu,https://cafe.naver.com/redwithcrown,mysmallvtuber.net,2026-10-01T03:32:36Z
jap6MCQMKuNnuXdaCZ4y,RED레드,RED,youtube,UCHOX9c33dQZp6hAxRZZmyxg,https://www.youtube.com/channel/UCHOX9c33dQZp6hAxRZZmyxg,RED레드 다시보기,5490,2024-09-01,,2026-10-01 02:57:03,봉누도2 EMS 레도연 15일차,RED_vtu,https://cafe.naver.com/redwithcrown,mysmallvtuber.net,2026-10-01T03:32:36Z
jap6MCQMKuNnuXdaCZ4y,RED레드,RED,chzzk,a96cea2d2c39cec636ba8170c66a0510,https://chzzk.naver.com/a96cea2d2c39cec636ba8170c66a0510,RED레드,48403,2024-09-01,,2026-10-01 02:57:03,봉누도2 EMS 레도연 15일차,RED_vtu,https://cafe.naver.com/redwithcrown,mysmallvtuber.net,2026-10-01T03:32:36Z
q67e57mPUtv3NyQbEwst,먀뮤뮤,,youtube,UCOuBd8ZFFET703CITO30Wew,https://www.youtube.com/channel/UCOuBd8ZFFET703CITO30Wew,먀뮤뮤 miamumu,11100,2022-12-05,,2026-10-01 04:26:02,[먀조희] 판도라 영업 안 합니다 (함),miamumu__,https://cafe.naver.com/mutin,mysmallvtuber.net,2026-10-01T03:32:36Z
q67e57mPUtv3NyQbEwst,먀뮤뮤,,youtube,UCr-8mZlAFkrOQqxdzs7BrGw,https://www.youtube.com/channel/UCr-8mZlAFkrOQqxdzs7BrGw,먀뮤뮤 다시보기,4960,2022-12-05,,2026-10-01 04:26:02,[먀조희] 판도라 영업 안 합니다 (함),miamumu__,https://cafe.naver.com/mutin,mysmallvtuber.net,2026-10-01T03:32:36Z
q67e57mPUtv3NyQbEwst,먀뮤뮤,,chzzk,0a808138cc8c96ab9756935b964c1bf7,https://chzzk.naver.com/0a808138cc8c96ab9756935b964c1bf7,먀뮤뮤,16950,2022-12-05,,2026-10-01 04:26:02,[먀조희] 판도라 영업 안 합니다 (함),miamumu__,https://cafe.naver.com/mutin,mysmallvtuber.net,2026-10-01T03:32:36Z
qDAghdzddQfqRp5A3RXg,오별콩,,youtube,UCzRiEC7iuEArhCgq3yDxALA,https://www.youtube.com/channel/UCzRiEC7iuEArhCgq3yDxALA,오별콩,149,2023-10-06,,2026-10-01 01:22:03,도아죠요 몬쌤들,ohbyulkong,https://cafe.naver.com/byulkong,mysmallvtuber.net,2026-10-01T03:32:36Z
qDAghdzddQfqRp5A3RXg,오별콩,,chzzk,c55085778e35bb35c9d3a0ab472177f3,https://chzzk.naver.com/c55085778e35bb35c9d3a0ab472177f3,오별콩,1232,2023-10-06,,2026-10-01 01:22:03,도아죠요 몬쌤들,ohbyulkong,https://cafe.naver.com/byulkong,mysmallvtuber.net,2026-10-01T03:32:36Z
2pjSQWAuEsuxUSzacLNt,천네아,,youtube,UC1dNo0e4h7ZnuZ3w2aajV5g,https://www.youtube.com/channel/UC1dNo0e4h7ZnuZ3w2aajV5g,천네아,3030,2018-10-24,,2026-09-30 22:36:03,D-day,,https://cafe.naver.com/neaaaaa,mysmallvtuber.net,2026-10-01T03:32:36Z
2pjSQWAuEsuxUSzacLNt,천네아,,youtube,UCYBtkBA0bwnsq3dDtWB2sjQ,https://www.youtube.com/channel/UCYBtkBA0bwnsq3dDtWB2sjQ,다시보네아,86,2018-10-24,,2026-09-30 22:36:03,D-day,,https://cafe.naver.com/neaaaaa,mysmallvtuber.net,2026-10-01T03:32:36Z
2pjSQWAuEsuxUSzacLNt,천네아,,chzzk,49b29986be8ae251cd98397afac2e91b,https://chzzk.naver.com/49b29986be8ae251cd98397afac2e91b,천네아,3072,2018-10-24,,2026-09-30 22:36:03,D-day,,https://cafe.naver.com/neaaaaa,mysmallvtuber.net,2026-10-01T03:32:36Z
SGFtAejDGAN9sKDuHjp2,김먕이,,youtube,UCcQZhe5Wa9PBUKqlZezGBJA,https://www.youtube.com/channel/UCcQZhe5Wa9PBUKqlZezGBJA,김먕이,313,2024-06-29,,2026-09-30 23:09:02,"낚시 방법 합방! w.청링고, 아루랑, 깅미잉🐇🌕",V_myangi,https://cafe.naver.com/myangi0307,mysmallvtuber.net,2026-10-01T03:32:36Z
SGFtAejDGAN9sKDuHjp2,김먕이,,youtube,UCPKI49uJekuqxzHsOgJ2eIg,https://www.youtube.com/channel/UCPKI49uJekuqxzHsOgJ2eIg,먕이의 꿈나라,26,2024-06-29,,2026-09-30 23:09:02,"낚시 방법 합방! w.청링고, 아루랑, 깅미잉🐇🌕",V_myangi,https://cafe.naver.com/myangi0307,mysmallvtuber.net,2026-10-01T03:32:36Z
SGFtAejDGAN9sKDuHjp2,김먕이,,soop,mynagi0307,https://ch.sooplive.co.kr/mynagi0307,김먕이,1107,2024-06-29,,2026-09-30 23:09:02,"낚시 방법 합방! w.청링고, 아루랑, 깅미잉🐇🌕",V_myangi,https://cafe.naver.com/myangi0307,mysmallvtuber.net,2026-10-01T03:32:36Z
rXtymzwWSRs6Udducgyk,담익지,,youtube,UC2Yxfy3TMQXj8t2ggS9hFTw,https://www.youtube.com/channel/UC2Yxfy3TMQXj8t2ggS9hFTw,담익지,6750,2022-12-04,,2026-10-01 01:14:03,(짧)명조 여우의 별자리 뽑아보기,DAMIGJI_,https://discord.com/invite/JCUdsaA8Y3,mysmallvtuber.net,2026-10-01T03:32:36Z
rXtymzwWSRs6Udducgyk,담익지,,chzzk,b3faaa462d5ed590e966e7ee8936fa53,https://chzzk.naver.com/b3faaa462d5ed590e966e7ee8936fa53,담익지,2256,2022-12-04,,2026-10-01 01:14:03,(짧)명조 여우의 별자리 뽑아보기,DAMIGJI_,https://discord.com/invite/JCUdsaA8Y3,mysmallvtuber.net,2026-10-01T03:32:36Z
wVhM6yMSfNQ7VHu5venq,청목 Chungmok,Chungmok,youtube,UC1PZeyE74LMkjzTyCfGX0tg,https://www.youtube.com/channel/UC1PZeyE74LMkjzTyCfGX0tg,청목 Chungmok,2400,2025-11-08,,2026-10-01 01:23:03,[사령화] 청송이의 삶,Chungmok_SRH1,https://cafe.naver.com/grimproduction,mysmallvtuber.net,2026-10-01T03:32:36Z
wVhM6yMSfNQ7VHu5venq,청목 Chungmok,Chungmok,chzzk,42344dd53d4c5dc33e962c8913f6adc3,https://chzzk.naver.com/42344dd53d4c5dc33e962c8913f6adc3,청목 Chungmok,7501,2025-11-08,,2026-10-01 01:23:03,[사령화] 청송이의 삶,Chungmok_SRH1,https://cafe.naver.com/grimproduction,mysmallvtuber.net,2026-10-01T03:32:36Z
sjQgRspvnAez3durQwNq,호앵 메로롱,,youtube,UCptLF4MKtsu0yXvdZCip4GQ,https://www.youtube.com/channel/UCptLF4MKtsu0yXvdZCip4GQ,호앵 메로롱,532,2025-03-03,,2026-10-01 02:17:03,봉누도2 호들갑 15일차 도파민을 찾아 떠나자💜​,merorong_vpbs,https://cafe.naver.com/playbyschool,mysmallvtuber.net,2026-10-01T03:32:36Z
sjQgRspvnAez3durQwNq,호앵 메로롱,,chzzk,c18e4d94b364804232f017f85e66299e,https://chzzk.naver.com/c18e4d94b364804232f017f85e66299e,호앵 메로롱,5314,2025-03-03,,2026-10-01 02:17:03,봉누도2 호들갑 15일차 도파민을 찾아 떠나자💜​,merorong_vpbs,https://cafe.naver.com/playbyschool,mysmallvtuber.net,2026-10-01T03:32:36Z
4yYVZsJNBT8E8Fx95vW6,비올레타 모네,,youtube,UC0dF0Yr7PVddxuIHp_xsFZg,https://www.youtube.com/channel/UC0dF0Yr7PVddxuIHp_xsFZg,비올레타 모네 Violeta Mone,8940,,,2026-10-01 02:59:03,순해 12일챠ㅏㅏ,Mone_Projecti,https://cafe.naver.com/projectiofficial,mysmallvtuber.net,2026-10-01T03:32:36Z
4yYVZsJNBT8E8Fx95vW6,비올레타 모네,,youtube,UCB92N2VKhlyqWm9bFB3xpgQ,https://www.youtube.com/channel/UCB92N2VKhlyqWm9bFB3xpgQ,비올레타 모네 다시보기,1320,,,2026-10-01 02:59:03,순해 12일챠ㅏㅏ,Mone_Projecti,https://cafe.naver.com/projectiofficial,mysmallvtuber.net,2026-10-01T03:32:36Z
4yYVZsJNBT8E8Fx95vW6,비올레타 모네,,chzzk,5c897b3e639045ca6e314bbaff991f73,https://chzzk.naver.com/5c897b3e639045ca6e314bbaff991f73,비올레타 모네,24973,,,2026-10-01 02:59:03,순해 12일챠ㅏㅏ,Mone_Projecti,https://cafe.naver.com/projectiofficial,mysmallvtuber.net,2026-10-01T03:32:36Z
ZxRjpJ4E2X64Dqfu6ZQu,쩡슈,,chzzk,5b91eb17cb5f839bb6df200fa31f82dd,https://chzzk.naver.com/5b91eb17cb5f839bb6df200fa31f82dd,쩡슈,2488,2024-09-19,,2026-09-30 22:59:03,원랜디 악몽으~~,,https://discord.gg/5tXH3aA2S3,mysmallvtuber.net,2026-10-01T03:32:36Z
kZePysnTRHrgFP4NbdKe,아마이 로비,,youtube,UCf3clQuRsHqNWK1tAmr7hFA,https://www.youtube.com/channel/UCf3clQuRsHqNWK1tAmr7hFA,로비도비다시보기,324,2025-01-18,,2026-10-01 00:14:03,에바전문가의 에게리 스포금지 eoe 전까지 설명회 ˖Ი𐑼ֶָ֢݁,Amai_Lovy,https://cafe.naver.com/veritaofficial,mysmallvtuber.net,2026-10-01T03:32:36Z
kZePysnTRHrgFP4NbdKe,아마이 로비,,chzzk,edd8e04e375fb80edd928f174c23c303,https://chzzk.naver.com/edd8e04e375fb80edd928f174c23c303,아마이 로비,3274,2025-01-18,,2026-10-01 00:14:03,에바전문가의 에게리 스포금지 eoe 전까지 설명회 ˖Ი𐑼ֶָ֢݁,Amai_Lovy,https://cafe.naver.com/veritaofficial,mysmallvtuber.net,2026-10-01T03:32:36Z
Tyy8GFxQV3MMeGzQ99t9,키쿄 KIKYO,KIKYO,youtube,UCNjwF8HZRJxgp1gbHfV798g,https://www.youtube.com/channel/UCNjwF8HZRJxgp1gbHfV798g,키쿄 KIKYO,64,2026-05-16,,2026-10-01 00:26:03,릴레이 소설 적어 보기,imyourkikyo,https://cafe.naver.com/imyourkikyo,mysmallvtuber.net,2026-10-01T03:32:36Z
Tyy8GFxQV3MMeGzQ99t9,키쿄 KIKYO,KIKYO,chzzk,df0f1ea25a23e05cf2ef031c2d807067,https://chzzk.naver.com/df0f1ea25a23e05cf2ef031c2d807067,키쿄 KIKYO,1329,2026-05-16,,2026-10-01 00:26:03,릴레이 소설 적어 보기,imyourkikyo,https://cafe.naver.com/imyourkikyo,mysmallvtuber.net,2026-10-01T03:32:36Z
Jc4yADWnwDAGPMrXgjTr,므므네 mumune,mumune,youtube,UC10QyWBAj8J-A8ch_tyI7Lw,https://www.youtube.com/channel/UC10QyWBAj8J-A8ch_tyI7Lw,므므네 mumune,21000,2024-11-30,,2026-09-30 22:47:02,[WISHes] 잔잔하게 카페탐방띠,mumune_WISHes,https://cafe.naver.com/grimproduction,mysmallvtuber.net,2026-10-01T03:32:36Z
Jc4yADWnwDAGPMrXgjTr,므므네 mumune,mumune,chzzk,23a256033aae1c6324cec9a69458791d,https://chzzk.naver.com/23a256033aae1c6324cec9a69458791d,므므네 mumune,10732,2024-11-30,,2026-09-30 22:47:02,[WISHes] 잔잔하게 카페탐방띠,mumune_WISHes,https://cafe.naver.com/grimproduction,mysmallvtuber.net,2026-10-01T03:32:36Z
V6k4CKrHYES4Dejt2kUY,도월하,,youtube,UCt8qot21__2n65Bezy5Qj2g,https://www.youtube.com/channel/UCt8qot21__2n65Bezy5Qj2g,도월하,578,2024-05-12,,2026-09-30 22:34:03,❤️벌벌 노래 대회  1등 감사합니다❤️,dowolha,https://cafe.naver.com/twitchwolha,mysmallvtuber.net,2026-10-01T03:32:36Z
V6k4CKrHYES4Dejt2kUY,도월하,,youtube,UCapfXBOkITHbhjya7fG4X7g,https://www.youtube.com/channel/UCapfXBOkITHbhjya7fG4X7g,도월하의 다시보기,46,2024-05-12,,2026-09-30 22:34:03,❤️벌벌 노래 대회  1등 감사합니다❤️,dowolha,https://cafe.naver.com/twitchwolha,mysmallvtuber.net,2026-10-01T03:32:36Z
V6k4CKrHYES4Dejt2kUY,도월하,,soop,soya4567,https://ch.sooplive.co.kr/soya4567,도월하,1269,2024-05-12,,2026-09-30 22:34:03,❤️벌벌 노래 대회  1등 감사합니다❤️,dowolha,https://cafe.naver.com/twitchwolha,mysmallvtuber.net,2026-10-01T03:32:36Z
BqqaPhp9tp3gHaKSB458,마무 Mamuu,Mamuu,youtube,UC_SFDes1kseXgArF9YwQ5sw,https://www.youtube.com/channel/UC_SFDes1kseXgArF9YwQ5sw,마무 Mamuu,4100,2025-11-01,,2026-10-01 04:08:03,[봉누도] // 개똥이ㅏ 커버곡이 나왓다고?,Hexia_Mamuu,,mysmallvtuber.net,2026-10-01T03:32:36Z
BqqaPhp9tp3gHaKSB458,마무 Mamuu,Mamuu,youtube,UCZqK3Q5xZcrbz0wBSji08Bg,https://www.youtube.com/channel/UCZqK3Q5xZcrbz0wBSji08Bg,마무 다시보기,293,2025-11-01,,2026-10-01 04:08:03,[봉누도] // 개똥이ㅏ 커버곡이 나왓다고?,Hexia_Mamuu,,mysmallvtuber.net,2026-10-01T03:32:36Z
BqqaPhp9tp3gHaKSB458,마무 Mamuu,Mamuu,chzzk,902744ac298720925b661711d76f7133,https://chzzk.naver.com/902744ac298720925b661711d76f7133,마무 Mamuu,6369,2025-11-01,,2026-10-01 04:08:03,[봉누도] // 개똥이ㅏ 커버곡이 나왓다고?,Hexia_Mamuu,,mysmallvtuber.net,2026-10-01T03:32:36Z
xKTMEM8erktCG2MAuxAq,양아지,,youtube,UCmMxEFwIOMGGoThkmtZZOvQ,https://www.youtube.com/channel/UCmMxEFwIOMGGoThkmtZZOvQ,양아지,610000,2017-12-22,,2026-10-01 02:12:03,영도 키는 날날날 ૮ ・ﻌ・ა,dkwl025,https://cafe.naver.com/azi025,mysmallvtuber.net,2026-10-01T03:32:36Z
xKTMEM8erktCG2MAuxAq,양아지,,youtube,UCCkqBZa0JUbaYUu4TWyvsNw,https://www.youtube.com/channel/UCCkqBZa0JUbaYUu4TWyvsNw,양아지 다시보기,62800,2017-12-22,,2026-10-01 02:12:03,영도 키는 날날날 ૮ ・ﻌ・ა,dkwl025,https://cafe.naver.com/azi025,mysmallvtuber.net,2026-10-01T03:32:36Z
xKTMEM8erktCG2MAuxAq,양아지,,chzzk,3e825479d71ead63b76de0d6f6b5dc83,https://chzzk.naver.com/3e825479d71ead63b76de0d6f6b5dc83,양아지,133785,2017-12-22,,2026-10-01 02:12:03,영도 키는 날날날 ૮ ・ﻌ・ა,dkwl025,https://cafe.naver.com/azi025,mysmallvtuber.net,2026-10-01T03:32:36Z
KG8M8gKpVT6dW72Fh4tC,또맹이,,youtube,UCcBatBLuQ9Io-zXqbq5bNow,https://www.youtube.com/channel/UCcBatBLuQ9Io-zXqbq5bNow,또맹이,467,2024-01-08,,2026-09-30 22:50:02,멘헤라는 그렇게하는거지? 오늘부터 평청자 20명 넘게 유지 도전합니다,ddomaeng2,https://cafe.naver.com/juuce,mysmallvtuber.net,2026-10-01T03:32:36Z
KG8M8gKpVT6dW72Fh4tC,또맹이,,youtube,UCpCE3MIqiBQyFtxI8dR6iBA,https://www.youtube.com/channel/UCpCE3MIqiBQyFtxI8dR6iBA,또맹이 발자국,18,2024-01-08,,2026-09-30 22:50:02,멘헤라는 그렇게하는거지? 오늘부터 평청자 20명 넘게 유지 도전합니다,ddomaeng2,https://cafe.naver.com/juuce,mysmallvtuber.net,2026-10-01T03:32:36Z
KG8M8gKpVT6dW72Fh4tC,또맹이,,chzzk,80431a7540076a4d6d2c29fa68709136,https://chzzk.naver.com/80431a7540076a4d6d2c29fa68709136,또맹이,1261,2024-01-08,,2026-09-30 22:50:02,멘헤라는 그렇게하는거지? 오늘부터 평청자 20명 넘게 유지 도전합니다,ddomaeng2,https://cafe.naver.com/juuce,mysmallvtuber.net,2026-10-01T03:32:36Z
LMA7yWTyXGfVL4NBLXz8,양 치기,,youtube,UCk_ns23dzTbkrcuWLeaJjcw,https://www.youtube.com/channel/UCk_ns23dzTbkrcuWLeaJjcw,양치기,1310,2025-07-07,,2026-09-30 23:03:02,😈유행 12년만에 타는 사람🪽🪽,yang_cg1,https://cafe.naver.com/romanciers2,mysmallvtuber.net,2026-10-01T03:32:36Z
LMA7yWTyXGfVL4NBLXz8,양 치기,,youtube,UCgZA8FbDJc9xZGrEOfhJ3GA,https://www.youtube.com/channel/UCgZA8FbDJc9xZGrEOfhJ3GA,양치기 다시보기,352,2025-07-07,,2026-09-30 23:03:02,😈유행 12년만에 타는 사람🪽🪽,yang_cg1,https://cafe.naver.com/romanciers2,mysmallvtuber.net,2026-10-01T03:32:36Z
LMA7yWTyXGfVL4NBLXz8,양 치기,,chzzk,41bb3c0d8601b085337900ef18f4f695,https://chzzk.naver.com/41bb3c0d8601b085337900ef18f4f695,양 치기,1355,2025-07-07,,2026-09-30 23:03:02,😈유행 12년만에 타는 사람🪽🪽,yang_cg1,https://cafe.naver.com/romanciers2,mysmallvtuber.net,2026-10-01T03:32:36Z
3gUshX5NhqCcTqST5ktR,김오니,,youtube,UCW3YQzfTzTQ51x1MtLf2YdA,https://www.youtube.com/channel/UCW3YQzfTzTQ51x1MtLf2YdA,김오니,5190,2024-03-17,,2026-10-01 02:59:03,내가 팀장이라니 내가 팀장이라니 내가 ㅣㅌ잠일라니,,https://cafe.naver.com/kim0ni,mysmallvtuber.net,2026-10-01T03:32:36Z
3gUshX5NhqCcTqST5ktR,김오니,,youtube,UCgljW-HDFYj2Xlhwd3gH5Ew,https://www.youtube.com/channel/UCgljW-HDFYj2Xlhwd3gH5Ew,긴오니,312,2024-03-17,,2026-10-01 02:59:03,내가 팀장이라니 내가 팀장이라니 내가 ㅣㅌ잠일라니,,https://cafe.naver.com/kim0ni,mysmallvtuber.net,2026-10-01T03:32:36Z
3gUshX5NhqCcTqST5ktR,김오니,,chzzk,5117020045d403eed8f15c965223c491,https://chzzk.naver.com/5117020045d403eed8f15c965223c491,김오니,5878,2024-03-17,,2026-10-01 02:59:03,내가 팀장이라니 내가 팀장이라니 내가 ㅣㅌ잠일라니,,https://cafe.naver.com/kim0ni,mysmallvtuber.net,2026-10-01T03:32:36Z
TvpMXqWbKBfN4aJy8jcT,루스티카나,,youtube,UCn8_TDVrNQsaefOYFOSisnQ,https://www.youtube.com/channel/UCn8_TDVrNQsaefOYFOSisnQ,루스티카나,156,2024-05-13,,2026-09-30 22:00:05,초능력 추리 주사위겜 함 해보까,_rusticana,,mysmallvtuber.net,2026-10-01T03:32:36Z
TvpMXqWbKBfN4aJy8jcT,루스티카나,,youtube,UC-jllXscdJ64RUrIP017kBg,https://www.youtube.com/channel/UC-jllXscdJ64RUrIP017kBg,루스티카나 다시보기,254,2024-05-13,,2026-09-30 22:00:05,초능력 추리 주사위겜 함 해보까,_rusticana,,mysmallvtuber.net,2026-10-01T03:32:36Z
TvpMXqWbKBfN4aJy8jcT,루스티카나,,chzzk,472d8a425bbaaa8a8e837fbdd7b72c09,https://chzzk.naver.com/472d8a425bbaaa8a8e837fbdd7b72c09,루스티카나,1350,2024-05-13,,2026-09-30 22:00:05,초능력 추리 주사위겜 함 해보까,_rusticana,,mysmallvtuber.net,2026-10-01T03:32:36Z
qYRad4Q3TUTpKgjv8SCc,버찌 BUZZI,BUZZI,youtube,UCcdw8dm7jGMN9izln7NSC6g,https://www.youtube.com/channel/UCcdw8dm7jGMN9izln7NSC6g,버찌 BUZZI,1200,2025-06-21,,2026-10-01 04:02:03,[찹츄르] 먼가 바보갓고 귀여운 녀석 🐶,cherry_weasel,https://cafe.naver.com/cherryweasel,mysmallvtuber.net,2026-10-01T03:32:36Z
qYRad4Q3TUTpKgjv8SCc,버찌 BUZZI,BUZZI,youtube,UCV05-ptXdC6IcuPnJiA70pQ,https://www.youtube.com/channel/UCV05-ptXdC6IcuPnJiA70pQ,버찌 아카이빙,385,2025-06-21,,2026-10-01 04:02:03,[찹츄르] 먼가 바보갓고 귀여운 녀석 🐶,cherry_weasel,https://cafe.naver.com/cherryweasel,mysmallvtuber.net,2026-10-01T03:32:36Z
qYRad4Q3TUTpKgjv8SCc,버찌 BUZZI,BUZZI,chzzk,85fa9f08b940d363395f6b3f29b91c4c,https://chzzk.naver.com/85fa9f08b940d363395f6b3f29b91c4c,버찌 BUZZI,4380,2025-06-21,,2026-10-01 04:02:03,[찹츄르] 먼가 바보갓고 귀여운 녀석 🐶,cherry_weasel,https://cafe.naver.com/cherryweasel,mysmallvtuber.net,2026-10-01T03:32:36Z
GBqTLx7B9bXuyC97pxYY,히미츠 미로,,youtube,UCMmf0Uv6lUVrbxDObS1ynDw,https://www.youtube.com/channel/UCMmf0Uv6lUVrbxDObS1ynDw,히미츠 미로,849,,,2026-10-01 05:28:02,[V] 워독스 처음 하는 뉴비를 알려주는 뉴비들 w.김띠모 후리,mi2ro_,https://cafe.naver.com/mi2ro,mysmallvtuber.net,2026-10-01T03:32:36Z
GBqTLx7B9bXuyC97pxYY,히미츠 미로,,youtube,UCEU71T-U5zNQ_9qSUexstkg,https://www.youtube.com/channel/UCEU71T-U5zNQ_9qSUexstkg,히미츠 미롱 다시보기,104,,,2026-10-01 05:28:02,[V] 워독스 처음 하는 뉴비를 알려주는 뉴비들 w.김띠모 후리,mi2ro_,https://cafe.naver.com/mi2ro,mysmallvtuber.net,2026-10-01T03:32:36Z
GBqTLx7B9bXuyC97pxYY,히미츠 미로,,chzzk,dd77e835b6fb8190a7dde91013adec6d,https://chzzk.naver.com/dd77e835b6fb8190a7dde91013adec6d,히미츠 미로,3197,,,2026-10-01 05:28:02,[V] 워독스 처음 하는 뉴비를 알려주는 뉴비들 w.김띠모 후리,mi2ro_,https://cafe.naver.com/mi2ro,mysmallvtuber.net,2026-10-01T03:32:36Z
6quUQ65A3f3K79SVgLpa,이 소 에,,youtube,UCtqhRsYCqjMhLqgm-ylIW1g,https://www.youtube.com/channel/UCtqhRsYCqjMhLqgm-ylIW1g,이소에 ISOE,1760,,,2026-10-01 04:10:03,[봉누도2] 14화 소에로 | 알보칠 파업합니다 나도 이제 좀 놀자,V_lSOE,https://discord.com/invite/HGrTBmm8cv,mysmallvtuber.net,2026-10-01T03:32:36Z
6quUQ65A3f3K79SVgLpa,이 소 에,,chzzk,343c202c69ba6d11b7ec51741f9591ac,https://chzzk.naver.com/343c202c69ba6d11b7ec51741f9591ac,이 소 에,4673,,,2026-10-01 04:10:03,[봉누도2] 14화 소에로 | 알보칠 파업합니다 나도 이제 좀 놀자,V_lSOE,https://discord.com/invite/HGrTBmm8cv,mysmallvtuber.net,2026-10-01T03:32:36Z
Nz7BaEF9SYGmWTjbN8wW,냐 미 Nyami,Nyami,youtube,UCdx3CPTr8wXpwXf_wQDzUdA,https://www.youtube.com/channel/UCdx3CPTr8wXpwXf_wQDzUdA,냐미 Nyami,19100,2023-07-01,,2026-10-01 05:59:03,다이아 켠왕 (성공시 패키지 5개),,https://cafe.naver.com/nyami0508,mysmallvtuber.net,2026-10-01T03:32:36Z
Nz7BaEF9SYGmWTjbN8wW,냐 미 Nyami,Nyami,youtube,UCAzj5QRUt66zc0cvKJcPLbw,https://www.youtube.com/channel/UCAzj5QRUt66zc0cvKJcPLbw,다시보기 냠냠,1640,2023-07-01,,2026-10-01 05:59:03,다이아 켠왕 (성공시 패키지 5개),,https://cafe.naver.com/nyami0508,mysmallvtuber.net,2026-10-01T03:32:36Z
Nz7BaEF9SYGmWTjbN8wW,냐 미 Nyami,Nyami,chzzk,afff6e3cc8c1487bc4135bc896811dcc,https://chzzk.naver.com/afff6e3cc8c1487bc4135bc896811dcc,냐 미 Nyami,29427,2023-07-01,,2026-10-01 05:59:03,다이아 켠왕 (성공시 패키지 5개),,https://cafe.naver.com/nyami0508,mysmallvtuber.net,2026-10-01T03:32:36Z
5Cz3YkjcjDMRFwWL4L4m,밑줄,,youtube,UCjBPx2oip2bKnnfqKyas0ew,https://www.youtube.com/channel/UCjBPx2oip2bKnnfqKyas0ew,밑줄,22900,2023-02-23,,2026-10-01 03:45:04,[봉누도2 긴빠이더맨] 피트스탑 긴빠이더맨(걸)입니다. 야추뗐습니다.,v_mitjul,https://cafe.naver.com/mitjjul,mysmallvtuber.net,2026-10-01T03:32:36Z
5Cz3YkjcjDMRFwWL4L4m,밑줄,,youtube,UCuHoTKqYB4CRNFg-xcG4UWQ,https://www.youtube.com/channel/UCuHoTKqYB4CRNFg-xcG4UWQ,긴밑줄,1810,2023-02-23,,2026-10-01 03:45:04,[봉누도2 긴빠이더맨] 피트스탑 긴빠이더맨(걸)입니다. 야추뗐습니다.,v_mitjul,https://cafe.naver.com/mitjjul,mysmallvtuber.net,2026-10-01T03:32:36Z
5Cz3YkjcjDMRFwWL4L4m,밑줄,,chzzk,16fc49ff5ba7ec5d25a5a978cee3bdda,https://chzzk.naver.com/16fc49ff5ba7ec5d25a5a978cee3bdda,밑줄,14809,2023-02-23,,2026-10-01 03:45:04,[봉누도2 긴빠이더맨] 피트스탑 긴빠이더맨(걸)입니다. 야추뗐습니다.,v_mitjul,https://cafe.naver.com/mitjjul,mysmallvtuber.net,2026-10-01T03:32:36Z
wvaZhRSWTKKDhAnQVFzp,초슈야,,youtube,UCoSLkw1qISMplbLHdmY7GUw,https://www.youtube.com/channel/UCoSLkw1qISMplbLHdmY7GUw,초슈야,4020,,,2026-10-01 01:52:02,봉누도의 랲린이 뽀스 생활 즐기기,,https://cafe.naver.com/dream4364,mysmallvtuber.net,2026-10-01T03:32:36Z
wvaZhRSWTKKDhAnQVFzp,초슈야,,youtube,UC-8upmNmuPnuC5GSw3YxM9A,https://www.youtube.com/channel/UC-8upmNmuPnuC5GSw3YxM9A,초슈야의 전자레인지,595,,,2026-10-01 01:52:02,봉누도의 랲린이 뽀스 생활 즐기기,,https://cafe.naver.com/dream4364,mysmallvtuber.net,2026-10-01T03:32:36Z
wvaZhRSWTKKDhAnQVFzp,초슈야,,chzzk,2589896226ea56ac81886a7b46103975,https://chzzk.naver.com/2589896226ea56ac81886a7b46103975,초슈야,7997,,,2026-10-01 01:52:02,봉누도의 랲린이 뽀스 생활 즐기기,,https://cafe.naver.com/dream4364,mysmallvtuber.net,2026-10-01T03:32:36Z
qZZPYNS4SjVxmwY9RBPF,감쏘야,,youtube,UCLmACnrUIhBI1jXUBXjahAQ,https://www.youtube.com/channel/UCLmACnrUIhBI1jXUBXjahAQ,감쏘야 다시보기,372,,,2026-10-01 00:49:03,오늘은 메이드 카페를 하려나? 백수야,,https://cafe.naver.com/gamssoya,mysmallvtuber.net,2026-10-01T03:32:36Z
qZZPYNS4SjVxmwY9RBPF,감쏘야,,chzzk,05ed3d1a39842c054856aa9b3b29ef18,https://chzzk.naver.com/05ed3d1a39842c054856aa9b3b29ef18,감쏘야,5934,,,2026-10-01 00:49:03,오늘은 메이드 카페를 하려나? 백수야,,https://cafe.naver.com/gamssoya,mysmallvtuber.net,2026-10-01T03:32:36Z
p2byae43qQbdsp49CFAg,티뭉,,youtube,UC3_OSeu-itObSr02JKmNRDw,https://www.youtube.com/channel/UC3_OSeu-itObSr02JKmNRDw,티뭉 timoong,17400,2023-10-26,,2026-10-01 03:19:02,봉누도 기자 밥돼길의 삶 15일차 돼길메이드 하는 날;;,,https://cafe.naver.com/timoong,mysmallvtuber.net,2026-10-01T03:32:36Z
p2byae43qQbdsp49CFAg,티뭉,,chzzk,26253bf7ed6b95832c40f4f43f6d049d,https://chzzk.naver.com/26253bf7ed6b95832c40f4f43f6d049d,티뭉,36478,2023-10-26,,2026-10-01 03:19:02,봉누도 기자 밥돼길의 삶 15일차 돼길메이드 하는 날;;,,https://cafe.naver.com/timoong,mysmallvtuber.net,2026-10-01T03:32:36Z
AMGQq5TFqUHZggyB7hHP,마지나이 쿠로카,,youtube,UCLLTq5nDGMGQwEmqeD3Yezw,https://www.youtube.com/channel/UCLLTq5nDGMGQwEmqeD3Yezw,마지나이 쿠로카 Majinai Kuroka,4420,2024-11-30,,2026-10-01 03:35:05,【봉누도2 - 텐시카】 오느룬 십오이루차 인니다!!! 오이시쿠나아레♥ 【Re:AcT KR】,Majinai_Kuroka,,mysmallvtuber.net,2026-10-01T03:32:36Z
AMGQq5TFqUHZggyB7hHP,마지나이 쿠로카,,youtube,UCv0Igle5HiAqDFWz2GM5BAA,https://www.youtube.com/channel/UCv0Igle5HiAqDFWz2GM5BAA,쿠로카 다시보기,1200,2024-11-30,,2026-10-01 03:35:05,【봉누도2 - 텐시카】 오느룬 십오이루차 인니다!!! 오이시쿠나아레♥ 【Re:AcT KR】,Majinai_Kuroka,,mysmallvtuber.net,2026-10-01T03:32:36Z
AMGQq5TFqUHZggyB7hHP,마지나이 쿠로카,,chzzk,90695d782f44f6b7849cba7c0749e093,https://chzzk.naver.com/90695d782f44f6b7849cba7c0749e093,마지나이 쿠로카,10024,2024-11-30,,2026-10-01 03:35:05,【봉누도2 - 텐시카】 오느룬 십오이루차 인니다!!! 오이시쿠나아레♥ 【Re:AcT KR】,Majinai_Kuroka,,mysmallvtuber.net,2026-10-01T03:32:36Z
3YdBXhzpE9seUcBaZSz6,온 하루,,youtube,UCbV3v6HJkXwMXOQw0PcnV7Q,https://www.youtube.com/channel/UCbV3v6HJkXwMXOQw0PcnV7Q,온하루 OnHaru,3550,2025-02-22,,2026-09-30 23:17:03,나는야 골프 치러 온 애완돌,otw_haru,https://cafe.naver.com/otwoffical,mysmallvtuber.net,2026-10-01T03:32:36Z
3YdBXhzpE9seUcBaZSz6,온 하루,,youtube,UChKwH5bw8WPxCeiXWa0Ny8A,https://www.youtube.com/channel/UChKwH5bw8WPxCeiXWa0Ny8A,오프 하루,1010,2025-02-22,,2026-09-30 23:17:03,나는야 골프 치러 온 애완돌,otw_haru,https://cafe.naver.com/otwoffical,mysmallvtuber.net,2026-10-01T03:32:36Z
3YdBXhzpE9seUcBaZSz6,온 하루,,chzzk,0f61ae00c2aef2b789dc009e51cbcc5a,https://chzzk.naver.com/0f61ae00c2aef2b789dc009e51cbcc5a,온 하루,10594,2025-02-22,,2026-09-30 23:17:03,나는야 골프 치러 온 애완돌,otw_haru,https://cafe.naver.com/otwoffical,mysmallvtuber.net,2026-10-01T03:32:36Z
qsATUSJMv7P8eXtUyz79,스위데,,youtube,UCNYcBOFNGA9WlYWatHxl1gA,https://www.youtube.com/channel/UCNYcBOFNGA9WlYWatHxl1gA,스위데 Swideh,4950,,,2026-10-01 04:19:02,🪻자장가 불러주기,,https://cafe.naver.com/swideh,mysmallvtuber.net,2026-10-01T03:32:36Z
qsATUSJMv7P8eXtUyz79,스위데,,soop,swideh,https://ch.sooplive.co.kr/swideh,스위데,12946,,,2026-10-01 04:19:02,🪻자장가 불러주기,,https://cafe.naver.com/swideh,mysmallvtuber.net,2026-10-01T03:32:36Z
e9ZQ7cpYrNzaYTC2nEwK,모치즈키 카에데,,youtube,UCqhPc90p1J0o_GfEhhQhlbA,https://www.youtube.com/channel/UCqhPc90p1J0o_GfEhhQhlbA,모치즈키 카에데(望月 楓),68800,2025-03-29,,2026-10-01 03:15:06,봉누도2 : 와이키키비치 15일차 / 30년전통납치혼의원조!,,https://cafe.naver.com/ytmunnik,mysmallvtuber.net,2026-10-01T03:32:36Z
e9ZQ7cpYrNzaYTC2nEwK,모치즈키 카에데,,youtube,UCAHKlSGCcaADn6EMRqL8edw,https://www.youtube.com/channel/UCAHKlSGCcaADn6EMRqL8edw,카에데 다시보기,4220,2025-03-29,,2026-10-01 03:15:06,봉누도2 : 와이키키비치 15일차 / 30년전통납치혼의원조!,,https://cafe.naver.com/ytmunnik,mysmallvtuber.net,2026-10-01T03:32:36Z
e9ZQ7cpYrNzaYTC2nEwK,모치즈키 카에데,,chzzk,4885cc52d10d534564057267b8e380be,https://chzzk.naver.com/4885cc52d10d534564057267b8e380be,모치즈키 카에데,48108,2025-03-29,,2026-10-01 03:15:06,봉누도2 : 와이키키비치 15일차 / 30년전통납치혼의원조!,,https://cafe.naver.com/ytmunnik,mysmallvtuber.net,2026-10-01T03:32:36Z
Za3Wkcsq93SN3RCZqzVa,토종 아오리,,youtube,UCad0dZKUGJOqTifxLqDi4Wg,https://www.youtube.com/channel/UCad0dZKUGJOqTifxLqDi4Wg,토종 아오리 Aori,12500,2021-07-17,,2026-10-01 05:10:03,[봉누도2] 🚑EMS 총괄실장 윤수아💉병원이 습격당할거라구요??,,https://cafe.naver.com/aori2313,mysmallvtuber.net,2026-10-01T03:32:36Z
Za3Wkcsq93SN3RCZqzVa,토종 아오리,,chzzk,81bd5b50f0c0728128442daf7db626fc,https://chzzk.naver.com/81bd5b50f0c0728128442daf7db626fc,토종 아오리,21839,2021-07-17,,2026-10-01 05:10:03,[봉누도2] 🚑EMS 총괄실장 윤수아💉병원이 습격당할거라구요??,,https://cafe.naver.com/aori2313,mysmallvtuber.net,2026-10-01T03:32:36Z
UDNgNdz3EC5HYXyDrt4g,토꽁,,youtube,UCRvnG9wMIiCBYGxaXLUIrQg,https://www.youtube.com/channel/UCRvnG9wMIiCBYGxaXLUIrQg,토꽁,4600,,,2026-10-01 04:22:02,밤 샌 토나와 봉니셰프 친목회와 앙앙앙.. 봉누도 11일차 📌고정메시지 확인 !위키 .₍₍ ◝(๑>∀ <๑)◟ ⁾⁾.✧,,https://cafe.naver.com/tokkong,mysmallvtuber.net,2026-10-01T03:32:36Z
UDNgNdz3EC5HYXyDrt4g,토꽁,,chzzk,5b78a2610119f246785e67761edf2125,https://chzzk.naver.com/5b78a2610119f246785e67761edf2125,토꽁,4984,,,2026-10-01 04:22:02,밤 샌 토나와 봉니셰프 친목회와 앙앙앙.. 봉누도 11일차 📌고정메시지 확인 !위키 .₍₍ ◝(๑>∀ <๑)◟ ⁾⁾.✧,,https://cafe.naver.com/tokkong,mysmallvtuber.net,2026-10-01T03:32:36Z
FGn28J2xUmS6M6DJ3B6t,호시에 제로,,youtube,UCmEAILY_1aqlBwr1NI09hwQ,https://www.youtube.com/channel/UCmEAILY_1aqlBwr1NI09hwQ,호시에 제로 Hoshie Zero Ch.,6610,2025-01-26,,2026-10-01 04:18:02,[봉누도2] 안녕하세여 배이비예용!!!!!!!!!,Zero_4urora,https://cafe.naver.com/auroraprojectv,mysmallvtuber.net,2026-10-01T03:32:36Z
FGn28J2xUmS6M6DJ3B6t,호시에 제로,,chzzk,5786141997728cc2fcd660a15ef5f3af,https://chzzk.naver.com/5786141997728cc2fcd660a15ef5f3af,호시에 제로,9755,2025-01-26,,2026-10-01 04:18:02,[봉누도2] 안녕하세여 배이비예용!!!!!!!!!,Zero_4urora,https://cafe.naver.com/auroraprojectv,mysmallvtuber.net,2026-10-01T03:32:36Z
HjcQfp9VGwpThhCmWFhH,방찌,,youtube,UCXkW_NQa79FM1mNWnTm2X-w,https://www.youtube.com/channel/UCXkW_NQa79FM1mNWnTm2X-w,방찌,24200,2023-09-17,,2026-10-01 04:09:03,방지하 15일차 알보칠,,https://cafe.naver.com/bangjjeefan,mysmallvtuber.net,2026-10-01T03:32:36Z
HjcQfp9VGwpThhCmWFhH,방찌,,chzzk,fd3b54f2ce729c7a7172ed639720632d,https://chzzk.naver.com/fd3b54f2ce729c7a7172ed639720632d,방찌,28710,2023-09-17,,2026-10-01 04:09:03,방지하 15일차 알보칠,,https://cafe.naver.com/bangjjeefan,mysmallvtuber.net,2026-10-01T03:32:36Z
LhVfRUPLu8hEyFt6Stkg,레비얀 Leviyan,Leviyan,youtube,UCIeK_0-ggO2uUYTQSi4ZsAw,https://www.youtube.com/channel/UCIeK_0-ggO2uUYTQSi4ZsAw,레비얀 Leviyan,15500,2025-11-01,,2026-10-01 02:48:02,[HEXIA] 봉누도2 김한량 등장,Hexia_Leviyan,,mysmallvtuber.net,2026-10-01T03:32:36Z
LhVfRUPLu8hEyFt6Stkg,레비얀 Leviyan,Leviyan,youtube,UCiaGjrGWKDTqCnrYT42jMrg,https://www.youtube.com/channel/UCiaGjrGWKDTqCnrYT42jMrg,레비얀 다시보기,1130,2025-11-01,,2026-10-01 02:48:02,[HEXIA] 봉누도2 김한량 등장,Hexia_Leviyan,,mysmallvtuber.net,2026-10-01T03:32:36Z
LhVfRUPLu8hEyFt6Stkg,레비얀 Leviyan,Leviyan,chzzk,bbe12c4cd654528048568aca4e5e6166,https://chzzk.naver.com/bbe12c4cd654528048568aca4e5e6166,레비얀 Leviyan,6115,2025-11-01,,2026-10-01 02:48:02,[HEXIA] 봉누도2 김한량 등장,Hexia_Leviyan,,mysmallvtuber.net,2026-10-01T03:32:36Z
pM3tTtryuxp2Pwsh6x3v,니프_,,youtube,UCxU0idhVYSxthwFd3QJ7lwg,https://www.youtube.com/channel/UCxU0idhVYSxthwFd3QJ7lwg,니프 Official,887,2022-07-01,,2026-10-01 02:36:02,흥얼 흥얼 작업뱅💖콘서트의상(582/1082),purynif,https://cafe.naver.com/padoproject,mysmallvtuber.net,2026-10-01T03:32:36Z
pM3tTtryuxp2Pwsh6x3v,니프_,,youtube,UChgGllvYYVQURDV1yKERfHw,https://www.youtube.com/channel/UChgGllvYYVQURDV1yKERfHw,퓨어리 니프 PURY NIF,389,2022-07-01,,2026-10-01 02:36:02,흥얼 흥얼 작업뱅💖콘서트의상(582/1082),purynif,https://cafe.naver.com/padoproject,mysmallvtuber.net,2026-10-01T03:32:36Z
pM3tTtryuxp2Pwsh6x3v,니프_,,soop,slvmdpdy,https://ch.sooplive.co.kr/slvmdpdy,니프_,3641,2022-07-01,,2026-10-01 02:36:02,흥얼 흥얼 작업뱅💖콘서트의상(582/1082),purynif,https://cafe.naver.com/padoproject,mysmallvtuber.net,2026-10-01T03:32:36Z
sQhpsNnj6Z84LX3hC9pT,깅나리,,youtube,UCr48whguz2qOwQOq99BejnA,https://www.youtube.com/channel/UCr48whguz2qOwQOq99BejnA,깅나리 GINGNARI,1890,2025-09-20,,2026-10-01 03:02:03,은행을털고싶어요... 【봉누도2 환경미】,gingnari,https://cafe.naver.com/gingnari,mysmallvtuber.net,2026-10-01T03:32:36Z
sQhpsNnj6Z84LX3hC9pT,깅나리,,chzzk,c9392bfbbb1e52a3d022ed9b71c4a60f,https://chzzk.naver.com/c9392bfbbb1e52a3d022ed9b71c4a60f,깅나리,6187,2025-09-20,,2026-10-01 03:02:03,은행을털고싶어요... 【봉누도2 환경미】,gingnari,https://cafe.naver.com/gingnari,mysmallvtuber.net,2026-10-01T03:32:36Z
vqDs48wu2vkLDwr9Yxwp,카가야키 노바,,youtube,UCgmx-SrWts6ThfpWwSa69gA,https://www.youtube.com/channel/UCgmx-SrWts6ThfpWwSa69gA,카가야키 노바 KAGAYAKI NOVA,4610,2026-07-18,,2026-10-01 04:36:02,봉누도2 상식방범대 김억척 2일차,KagayakiNova_,https://cafe.naver.com/kagayakinova,mysmallvtuber.net,2026-10-01T03:32:36Z
vqDs48wu2vkLDwr9Yxwp,카가야키 노바,,youtube,UCQnLelmh-HAR-pr28DlWCQg,https://www.youtube.com/channel/UCQnLelmh-HAR-pr28DlWCQg,타코야끼 노바,438,2026-07-18,,2026-10-01 04:36:02,봉누도2 상식방범대 김억척 2일차,KagayakiNova_,https://cafe.naver.com/kagayakinova,mysmallvtuber.net,2026-10-01T03:32:36Z
vqDs48wu2vkLDwr9Yxwp,카가야키 노바,,chzzk,b73696a325726b5aba0c391b4c70ab46,https://chzzk.naver.com/b73696a325726b5aba0c391b4c70ab46,카가야키 노바,9777,2026-07-18,,2026-10-01 04:36:02,봉누도2 상식방범대 김억척 2일차,KagayakiNova_,https://cafe.naver.com/kagayakinova,mysmallvtuber.net,2026-10-01T03:32:36Z
hnUJfdMZ9xZTGmWWQfpn,킹설아,,youtube,UCNLf7jeSQO1k0I--u0BvX1w,https://www.youtube.com/channel/UCNLf7jeSQO1k0I--u0BvX1w,킹설아YOUTUBE,17000,2019-07-23,,2026-10-01 03:06:03,[봉누도 2] 킹기자 15,,https://cafe.naver.com/kingseola,mysmallvtuber.net,2026-10-01T03:32:36Z
hnUJfdMZ9xZTGmWWQfpn,킹설아,,youtube,UCDLYkUqjplNKlTIRB7JjzIA,https://www.youtube.com/channel/UCDLYkUqjplNKlTIRB7JjzIA,킹설아 다시보기,1220,2019-07-23,,2026-10-01 03:06:03,[봉누도 2] 킹기자 15,,https://cafe.naver.com/kingseola,mysmallvtuber.net,2026-10-01T03:32:36Z
hnUJfdMZ9xZTGmWWQfpn,킹설아,,chzzk,3eb9808e8ec29e79c6d54060c964b1a5,https://chzzk.naver.com/3eb9808e8ec29e79c6d54060c964b1a5,킹설아,10838,2019-07-23,,2026-10-01 03:06:03,[봉누도 2] 킹기자 15,,https://cafe.naver.com/kingseola,mysmallvtuber.net,2026-10-01T03:32:36Z
SBxyS5BBWG8s3dpnCrfz,도히짠,,youtube,UCom7Xe8B_dWJcKMV2n3kX6g,https://www.youtube.com/channel/UCom7Xe8B_dWJcKMV2n3kX6g,도히짠,4460,2022-12-28,,2026-10-01 02:55:02,후여루 소통,,https://cafe.naver.com/dobeeisfree,mysmallvtuber.net,2026-10-01T03:32:36Z
SBxyS5BBWG8s3dpnCrfz,도히짠,,youtube,UCQUD8FFQ-skeCH0pP2KDcqg,https://www.youtube.com/channel/UCQUD8FFQ-skeCH0pP2KDcqg,도히짠 다시보기,486,2022-12-28,,2026-10-01 02:55:02,후여루 소통,,https://cafe.naver.com/dobeeisfree,mysmallvtuber.net,2026-10-01T03:32:36Z
SBxyS5BBWG8s3dpnCrfz,도히짠,,soop,doheezzan,https://ch.sooplive.co.kr/doheezzan,도히짠,2078,2022-12-28,,2026-10-01 02:55:02,후여루 소통,,https://cafe.naver.com/dobeeisfree,mysmallvtuber.net,2026-10-01T03:32:36Z
hrAXCBu86bWx6Bxfn2ES,마리모O,O,youtube,UCEZx3nZ9x8KBXvlxQmNoS6Q,https://www.youtube.com/channel/UCEZx3nZ9x8KBXvlxQmNoS6Q,마리모💦siren,17800,2021-03-03,,2026-09-30 23:29:04,오늘 눈멀고 귀멀고 말못하는 원숭이 게임 할건데 재밌겠다 (ﾉ◕ヮ◕)ﾉ*:･ﾟ✧,siren_marimo,https://cafe.naver.com/seilenmarimo,mysmallvtuber.net,2026-10-01T03:32:36Z
hrAXCBu86bWx6Bxfn2ES,마리모O,O,youtube,UCtF8y0eGVTRPM9-9p6yMkfA,https://www.youtube.com/channel/UCtF8y0eGVTRPM9-9p6yMkfA,마리모💦siren 다시보기,411,2021-03-03,,2026-09-30 23:29:04,오늘 눈멀고 귀멀고 말못하는 원숭이 게임 할건데 재밌겠다 (ﾉ◕ヮ◕)ﾉ*:･ﾟ✧,siren_marimo,https://cafe.naver.com/seilenmarimo,mysmallvtuber.net,2026-10-01T03:32:36Z
hrAXCBu86bWx6Bxfn2ES,마리모O,O,chzzk,10b7410e52f8040ec86ec36c90f8b508,https://chzzk.naver.com/10b7410e52f8040ec86ec36c90f8b508,마리모O,6917,2021-03-03,,2026-09-30 23:29:04,오늘 눈멀고 귀멀고 말못하는 원숭이 게임 할건데 재밌겠다 (ﾉ◕ヮ◕)ﾉ*:･ﾟ✧,siren_marimo,https://cafe.naver.com/seilenmarimo,mysmallvtuber.net,2026-10-01T03:32:36Z
ZY67bEudcM3LGTLdnEPv,시롤 SYROLL,SYROLL,youtube,UCSUxlr87tWOFtviPtCbHHvg,https://www.youtube.com/channel/UCSUxlr87tWOFtviPtCbHHvg,시롤,5400,2026-02-27,,2026-10-01 01:14:03,9지역 밀러 가는 중,,,mysmallvtuber.net,2026-10-01T03:32:36Z
ZY67bEudcM3LGTLdnEPv,시롤 SYROLL,SYROLL,chzzk,d6cd7a188322ab140704593e591013ae,https://chzzk.naver.com/d6cd7a188322ab140704593e591013ae,시롤 SYROLL,1598,2026-02-27,,2026-10-01 01:14:03,9지역 밀러 가는 중,,,mysmallvtuber.net,2026-10-01T03:32:36Z
ascsgSkW9dQbVjknLBDV,앵보,,youtube,UCnwA84tROxLzFSyUl7CI07A,https://www.youtube.com/channel/UCnwA84tROxLzFSyUl7CI07A,앵보,155000,2020-02-21,,2026-10-01 02:58:03,[봉누도2 / 교통정비] 봉누도와 정다정 15일차,,https://cafe.naver.com/angrybar,mysmallvtuber.net,2026-10-01T03:32:36Z
ascsgSkW9dQbVjknLBDV,앵보,,youtube,UCT7AWhMjf_5RUEHsFC6Vyrg,https://www.youtube.com/channel/UCT7AWhMjf_5RUEHsFC6Vyrg,앵보의 김밥천국,74700,2020-02-21,,2026-10-01 02:58:03,[봉누도2 / 교통정비] 봉누도와 정다정 15일차,,https://cafe.naver.com/angrybar,mysmallvtuber.net,2026-10-01T03:32:36Z
ascsgSkW9dQbVjknLBDV,앵보,,chzzk,41d1490bd67b3818d7dc53427a4d6cea,https://chzzk.naver.com/41d1490bd67b3818d7dc53427a4d6cea,앵보,55409,2020-02-21,,2026-10-01 02:58:03,[봉누도2 / 교통정비] 봉누도와 정다정 15일차,,https://cafe.naver.com/angrybar,mysmallvtuber.net,2026-10-01T03:32:36Z
2NqFsWaZtDbwNRfhfTtQ,하 쁘,,youtube,UCITcfHU-vhr-pti9mifObvA,https://www.youtube.com/channel/UCITcfHU-vhr-pti9mifObvA,하쁘 HALF,4090,2020-07-07,,2026-10-01 03:25:05,<씨드머니> 하얼빈:농부는 이제 할게없다,,https://cafe.naver.com/halfftime,mysmallvtuber.net,2026-10-01T03:32:36Z
2NqFsWaZtDbwNRfhfTtQ,하 쁘,,youtube,UCvz4aSIS5XOjoPw4v4U9A0g,https://www.youtube.com/channel/UCvz4aSIS5XOjoPw4v4U9A0g,하쁘 다시보기,1130,2020-07-07,,2026-10-01 03:25:05,<씨드머니> 하얼빈:농부는 이제 할게없다,,https://cafe.naver.com/halfftime,mysmallvtuber.net,2026-10-01T03:32:36Z
2NqFsWaZtDbwNRfhfTtQ,하 쁘,,chzzk,79bc9b927d5c187f9d8fa5a56b194c37,https://chzzk.naver.com/79bc9b927d5c187f9d8fa5a56b194c37,하 쁘,8717,2020-07-07,,2026-10-01 03:25:05,<씨드머니> 하얼빈:농부는 이제 할게없다,,https://cafe.naver.com/halfftime,mysmallvtuber.net,2026-10-01T03:32:36Z
xvyBruBxk4kmCx9Dbnhp,설담 SULDAM,SULDAM,youtube,UCrjDQ7ZjsoZVs-5eukW8myQ,https://www.youtube.com/channel/UCrjDQ7ZjsoZVs-5eukW8myQ,설담,472,2025-10-25,,2026-10-01 05:19:02,12시간 영도데이는 너무하잖아라아ㅏ,Suldam_,https://cafe.naver.com/suldamm,mysmallvtuber.net,2026-10-01T03:32:36Z
xvyBruBxk4kmCx9Dbnhp,설담 SULDAM,SULDAM,youtube,UCu8rTOcxXhVfFYv980lAJ6Q,https://www.youtube.com/channel/UCu8rTOcxXhVfFYv980lAJ6Q,담이의 포롱로그,65,2025-10-25,,2026-10-01 05:19:02,12시간 영도데이는 너무하잖아라아ㅏ,Suldam_,https://cafe.naver.com/suldamm,mysmallvtuber.net,2026-10-01T03:32:36Z
xvyBruBxk4kmCx9Dbnhp,설담 SULDAM,SULDAM,chzzk,b3f6e84450055948f1e9faea3fa6f870,https://chzzk.naver.com/b3f6e84450055948f1e9faea3fa6f870,설담 SULDAM,914,2025-10-25,,2026-10-01 05:19:02,12시간 영도데이는 너무하잖아라아ㅏ,Suldam_,https://cafe.naver.com/suldamm,mysmallvtuber.net,2026-10-01T03:32:36Z
zYW3RNwk3bZByTEy4aNq,담아 DamA,DamA,youtube,UCXyGroMxwKGa4IT4a8QF99w,https://www.youtube.com/channel/UCXyGroMxwKGa4IT4a8QF99w,담아 DamA,1820,2025-11-07,,2026-10-01 02:27:02,치타는 웃고있다  _(⑉• •⑉_)ෆ,DamA_0804,https://cafe.naver.com/dama0804,mysmallvtuber.net,2026-10-01T03:32:36Z
zYW3RNwk3bZByTEy4aNq,담아 DamA,DamA,youtube,UC4KaglyAcBiDhsc6zYUc83w,https://www.youtube.com/channel/UC4KaglyAcBiDhsc6zYUc83w,담아_담시보기,201,2025-11-07,,2026-10-01 02:27:02,치타는 웃고있다  _(⑉• •⑉_)ෆ,DamA_0804,https://cafe.naver.com/dama0804,mysmallvtuber.net,2026-10-01T03:32:36Z
zYW3RNwk3bZByTEy4aNq,담아 DamA,DamA,chzzk,7ef206fc7c057132698b31b3b1c3acdf,https://chzzk.naver.com/7ef206fc7c057132698b31b3b1c3acdf,담아 DamA,3174,2025-11-07,,2026-10-01 02:27:02,치타는 웃고있다  _(⑉• •⑉_)ෆ,DamA_0804,https://cafe.naver.com/dama0804,mysmallvtuber.net,2026-10-01T03:32:36Z
XPWjvRz3hQDKeKCs9jv6,도라리 Dorari,Dorari,youtube,UCgDz3YqxJhSmfy4zcSOCo7w,https://www.youtube.com/channel/UCgDz3YqxJhSmfy4zcSOCo7w,도라리,1700,2022-06-10,,2026-09-30 22:56:03,2부 로블록스 👽 우나 우나 뿌릿,How_dorari,https://cafe.naver.com/vhowstoryv,mysmallvtuber.net,2026-10-01T03:32:36Z
XPWjvRz3hQDKeKCs9jv6,도라리 Dorari,Dorari,chzzk,7f66725b90a90b53e60277333c8c4264,https://chzzk.naver.com/7f66725b90a90b53e60277333c8c4264,도라리 Dorari,1966,2022-06-10,,2026-09-30 22:56:03,2부 로블록스 👽 우나 우나 뿌릿,How_dorari,https://cafe.naver.com/vhowstoryv,mysmallvtuber.net,2026-10-01T03:32:36Z
ST4ygwCqMSSYSU9hw55d,루시 Luci,Luci,youtube,UCAlAZQaw_3rIm5q2qLIIJXA,https://www.youtube.com/channel/UCAlAZQaw_3rIm5q2qLIIJXA,루시 Luci,9650,2025-11-01,,2026-10-01 04:38:02,[HEXIA] 봉누도2 / 일단 죄송합니다,Hexia_Luci,,mysmallvtuber.net,2026-10-01T03:32:36Z
ST4ygwCqMSSYSU9hw55d,루시 Luci,Luci,youtube,UCONQGAGcWWY0eFG5YvjZEkQ,https://www.youtube.com/channel/UCONQGAGcWWY0eFG5YvjZEkQ,루시 다시보기,713,2025-11-01,,2026-10-01 04:38:02,[HEXIA] 봉누도2 / 일단 죄송합니다,Hexia_Luci,,mysmallvtuber.net,2026-10-01T03:32:36Z
ST4ygwCqMSSYSU9hw55d,루시 Luci,Luci,chzzk,0b0dd269c4663fc36ee1eef8a8b1bea4,https://chzzk.naver.com/0b0dd269c4663fc36ee1eef8a8b1bea4,루시 Luci,7946,2025-11-01,,2026-10-01 04:38:02,[HEXIA] 봉누도2 / 일단 죄송합니다,Hexia_Luci,,mysmallvtuber.net,2026-10-01T03:32:36Z
Rmpc9Sn5WK7tUAmh9KGd,지요,,youtube,UCcy7G3cnVYpfqzvz2d29uuw,https://www.youtube.com/channel/UCcy7G3cnVYpfqzvz2d29uuw,지요,547,2024-07-27,,2026-10-01 00:56:03,듣다가주무시면제가우러요,ziyo_uwu,https://cafe.naver.com/ziyoeo1,mysmallvtuber.net,2026-10-01T03:32:36Z
Rmpc9Sn5WK7tUAmh9KGd,지요,,youtube,UC3Gs3jWqCFE_YXkkTLM94Dg,https://www.youtube.com/channel/UC3Gs3jWqCFE_YXkkTLM94Dg,지요가 했지요,722,2024-07-27,,2026-10-01 00:56:03,듣다가주무시면제가우러요,ziyo_uwu,https://cafe.naver.com/ziyoeo1,mysmallvtuber.net,2026-10-01T03:32:36Z
Rmpc9Sn5WK7tUAmh9KGd,지요,,chzzk,8729b4ac10b8fb5b95f489f4c243b181,https://chzzk.naver.com/8729b4ac10b8fb5b95f489f4c243b181,지요,3786,2024-07-27,,2026-10-01 00:56:03,듣다가주무시면제가우러요,ziyo_uwu,https://cafe.naver.com/ziyoeo1,mysmallvtuber.net,2026-10-01T03:32:36Z
qX57jjSgvXs9djQVg4ML,케 이 지,,youtube,UCJKj0aGSbdznK5JG_b9pInQ,https://www.youtube.com/channel/UCJKj0aGSbdznK5JG_b9pInQ,케이지,81,2020-08-19,,2026-09-30 20:04:02,❄[버미육] 9월 마지막 날 같이 편하게 놀아요❄,vrc_keiji130,,mysmallvtuber.net,2026-10-01T03:32:36Z
qX57jjSgvXs9djQVg4ML,케 이 지,,youtube,UCGoXTw5msFYnGc7-g5KFn0Q,https://www.youtube.com/channel/UCGoXTw5msFYnGc7-g5KFn0Q,케이지 다시보기 채널,27,2020-08-19,,2026-09-30 20:04:02,❄[버미육] 9월 마지막 날 같이 편하게 놀아요❄,vrc_keiji130,,mysmallvtuber.net,2026-10-01T03:32:36Z
qX57jjSgvXs9djQVg4ML,케 이 지,,chzzk,454b28a20b12e0ba8786780ca35677d7,https://chzzk.naver.com/454b28a20b12e0ba8786780ca35677d7,케 이 지,705,2020-08-19,,2026-09-30 20:04:02,❄[버미육] 9월 마지막 날 같이 편하게 놀아요❄,vrc_keiji130,,mysmallvtuber.net,2026-10-01T03:32:36Z
Qy9zGzQXFLTkxFkzxPxt,홍서월,,youtube,UC2EayZ4BEOZjrTarX70Cw1w,https://www.youtube.com/channel/UC2EayZ4BEOZjrTarX70Cw1w,홍서월,1370,2024-05-30,,2026-09-30 23:15:05,🌕[중요공지] 아 근데 일단 넘 오랜만에와서 아이폰 충전이 안되어있음⚖️,seowolhong,https://cafe.naver.com/mongsangc,mysmallvtuber.net,2026-10-01T03:32:36Z
Qy9zGzQXFLTkxFkzxPxt,홍서월,,youtube,UC5iZy8-c2ZsBsbx6yFgrPCQ,https://www.youtube.com/channel/UC5iZy8-c2ZsBsbx6yFgrPCQ,긴서월,890,2024-05-30,,2026-09-30 23:15:05,🌕[중요공지] 아 근데 일단 넘 오랜만에와서 아이폰 충전이 안되어있음⚖️,seowolhong,https://cafe.naver.com/mongsangc,mysmallvtuber.net,2026-10-01T03:32:36Z
Qy9zGzQXFLTkxFkzxPxt,홍서월,,chzzk,227b431ef15d1085ba29f54b8a7048fd,https://chzzk.naver.com/227b431ef15d1085ba29f54b8a7048fd,홍서월,7171,2024-05-30,,2026-09-30 23:15:05,🌕[중요공지] 아 근데 일단 넘 오랜만에와서 아이폰 충전이 안되어있음⚖️,seowolhong,https://cafe.naver.com/mongsangc,mysmallvtuber.net,2026-10-01T03:32:36Z
vvyWWsqEJTacmvkT8jMg,야시로 YASIRO,YASIRO,youtube,UCSmvYWeOqxFdCZAyIBY3OJA,https://www.youtube.com/channel/UCSmvYWeOqxFdCZAyIBY3OJA,나는야 시로,564,2024-01-02,,2026-10-01 00:56:03,( ㄱ- ),yasiro__,https://cafe.naver.com/terafore,mysmallvtuber.net,2026-10-01T03:32:36Z
vvyWWsqEJTacmvkT8jMg,야시로 YASIRO,YASIRO,chzzk,d6e680f5b17eba0b078f978dd722c0f3,https://chzzk.naver.com/d6e680f5b17eba0b078f978dd722c0f3,야시로 YASIRO,3839,2024-01-02,,2026-10-01 00:56:03,( ㄱ- ),yasiro__,https://cafe.naver.com/terafore,mysmallvtuber.net,2026-10-01T03:32:36Z
5edDzTqX6uj9dKESkuxW,햄쿠비,,youtube,UC7HNJSsVk_rTYtzH9-TXUYA,https://www.youtube.com/channel/UC7HNJSsVk_rTYtzH9-TXUYA,햄쿠비ㆍlistella,8180,2024-09-15,,2026-10-01 02:26:02,종말까지 단 3일,hamkubby,https://cafe.naver.com/listellaofficial,mysmallvtuber.net,2026-10-01T03:32:36Z
5edDzTqX6uj9dKESkuxW,햄쿠비,,youtube,UCIRNEp28FlHPkNLbM1VxkQw,https://www.youtube.com/channel/UCIRNEp28FlHPkNLbM1VxkQw,햄쿠비 다시보기,2880,2024-09-15,,2026-10-01 02:26:02,종말까지 단 3일,hamkubby,https://cafe.naver.com/listellaofficial,mysmallvtuber.net,2026-10-01T03:32:36Z
5edDzTqX6uj9dKESkuxW,햄쿠비,,chzzk,9351fb8417f73405c84e0846409e3263,https://chzzk.naver.com/9351fb8417f73405c84e0846409e3263,햄쿠비,23252,2024-09-15,,2026-10-01 02:26:02,종말까지 단 3일,hamkubby,https://cafe.naver.com/listellaofficial,mysmallvtuber.net,2026-10-01T03:32:36Z
72MCqPuQYCrM6KyWYEaN,에르 Ereu,Ereu,youtube,UCJCmE3Dlm9KitWLjUNAZ__w,https://www.youtube.com/channel/UCJCmE3Dlm9KitWLjUNAZ__w,에르 Ereu,1420,2025-04-17,,2026-10-01 03:05:05,뉴비는 꼭 메인 스토리를 볼거에요!,goddnswld,https://cafe.naver.com/goddnswld,mysmallvtuber.net,2026-10-01T03:32:36Z
72MCqPuQYCrM6KyWYEaN,에르 Ereu,Ereu,chzzk,34dc474cc540a35ee71625eee3c07224,https://chzzk.naver.com/34dc474cc540a35ee71625eee3c07224,에르 Ereu,1823,2025-04-17,,2026-10-01 03:05:05,뉴비는 꼭 메인 스토리를 볼거에요!,goddnswld,https://cafe.naver.com/goddnswld,mysmallvtuber.net,2026-10-01T03:32:36Z
uZNQt3dcqANce9HSr9jZ,꽁구마,,youtube,UC1sF0SOOV23cUiYgaapOWRw,https://www.youtube.com/channel/UC1sF0SOOV23cUiYgaapOWRw,꽁구마,1200,2025-02-01,,2026-09-30 23:14:03,난 감정 없는 사이코패스라 그런가 마녀 죽는 거에 아무렇지도 않아,kkongguma,https://cafe.naver.com/kkonggumas2,mysmallvtuber.net,2026-10-01T03:32:36Z
uZNQt3dcqANce9HSr9jZ,꽁구마,,chzzk,3ea47d1b635b154d30f20ce0e6ce6b13,https://chzzk.naver.com/3ea47d1b635b154d30f20ce0e6ce6b13,꽁구마,1342,2025-02-01,,2026-09-30 23:14:03,난 감정 없는 사이코패스라 그런가 마녀 죽는 거에 아무렇지도 않아,kkongguma,https://cafe.naver.com/kkonggumas2,mysmallvtuber.net,2026-10-01T03:32:36Z
a7c5kKpnVdteddtD6VbH,모푸,,youtube,UChDcxaTtvQ_Y9EaB-CNoCEg,https://www.youtube.com/channel/UChDcxaTtvQ_Y9EaB-CNoCEg,모푸,5530,2024-12-15,,2026-10-01 03:10:06,모해요 오늘은 파업합니다 ☁️,mopupuri,https://cafe.naver.com/mopu,mysmallvtuber.net,2026-10-01T03:32:36Z
a7c5kKpnVdteddtD6VbH,모푸,,youtube,UCjyyrJGb0Lhf7F8dAp4arEw,https://www.youtube.com/channel/UCjyyrJGb0Lhf7F8dAp4arEw,모푸 다시보기,554,2024-12-15,,2026-10-01 03:10:06,모해요 오늘은 파업합니다 ☁️,mopupuri,https://cafe.naver.com/mopu,mysmallvtuber.net,2026-10-01T03:32:36Z
a7c5kKpnVdteddtD6VbH,모푸,,chzzk,1686a04d1a643498d39f2fb50459c0ac,https://chzzk.naver.com/1686a04d1a643498d39f2fb50459c0ac,모푸,6183,2024-12-15,,2026-10-01 03:10:06,모해요 오늘은 파업합니다 ☁️,mopupuri,https://cafe.naver.com/mopu,mysmallvtuber.net,2026-10-01T03:32:36Z
dmcgwbXYK2rdJkvuEntk,비화 Bihwa,Bihwa,youtube,UCKdhnPZx9aV7lBkvt3bftpQ,https://www.youtube.com/channel/UCKdhnPZx9aV7lBkvt3bftpQ,비화 Bihwa,4140,2025-11-08,,2026-10-01 03:18:02,[사령화] 생일 추카포카>3< 깨개갱 펭구인 15일차❤️,Bihwa_SRH2,https://cafe.naver.com/grimproduction,mysmallvtuber.net,2026-10-01T03:32:36Z
dmcgwbXYK2rdJkvuEntk,비화 Bihwa,Bihwa,chzzk,521b37e8cd74b933501d3d1ad4d5031c,https://chzzk.naver.com/521b37e8cd74b933501d3d1ad4d5031c,비화 Bihwa,10160,2025-11-08,,2026-10-01 03:18:02,[사령화] 생일 추카포카>3< 깨개갱 펭구인 15일차❤️,Bihwa_SRH2,https://cafe.naver.com/grimproduction,mysmallvtuber.net,2026-10-01T03:32:36Z
SGycjBb6XzJ4WURu724W,이쿠롬,,youtube,UC8vwYHACnWfhMt9iclBJaDw,https://www.youtube.com/channel/UC8vwYHACnWfhMt9iclBJaDw,이쿠롬,19300,2021-09-12,,2026-09-30 20:47:03,디맥장인이되고싶은데박치라서디맥을할줄모르는사람의도장깨기인데이갈리면쿠롬아사랑해외쳐주시고내일오세요죄송합니다왜냐안죄송해서죄송합니다,,https://cafe.naver.com/leekurom,mysmallvtuber.net,2026-10-01T03:32:36Z
SGycjBb6XzJ4WURu724W,이쿠롬,,youtube,UCHXodKaTDukccKaRgRouAcw,https://www.youtube.com/channel/UCHXodKaTDukccKaRgRouAcw,이쿠롬입니다만,1970,2021-09-12,,2026-09-30 20:47:03,디맥장인이되고싶은데박치라서디맥을할줄모르는사람의도장깨기인데이갈리면쿠롬아사랑해외쳐주시고내일오세요죄송합니다왜냐안죄송해서죄송합니다,,https://cafe.naver.com/leekurom,mysmallvtuber.net,2026-10-01T03:32:36Z
SGycjBb6XzJ4WURu724W,이쿠롬,,chzzk,9dd2a9e6d1d570a049f58a3b91dcf9d9,https://chzzk.naver.com/9dd2a9e6d1d570a049f58a3b91dcf9d9,이쿠롬,14052,2021-09-12,,2026-09-30 20:47:03,디맥장인이되고싶은데박치라서디맥을할줄모르는사람의도장깨기인데이갈리면쿠롬아사랑해외쳐주시고내일오세요죄송합니다왜냐안죄송해서죄송합니다,,https://cafe.naver.com/leekurom,mysmallvtuber.net,2026-10-01T03:32:36Z
khNlxjRxVMbgBaR31e3R,현단아v,v,youtube,UC22Ps4Eq64vzGCX_Oxdj7Ww,https://www.youtube.com/channel/UC22Ps4Eq64vzGCX_Oxdj7Ww,현단아,6990,2019-06-02,,2026-10-01 06:29:03,홍피스) 춘봉이 그냥서버 0.3인분 운영자 누구게? 나야삐약이,,https://cafe.naver.com/hyundana,mysmallvtuber.net,2026-10-01T03:32:36Z
khNlxjRxVMbgBaR31e3R,현단아v,v,soop,hyundana,https://ch.sooplive.co.kr/hyundana,현단아v,18694,2019-06-02,,2026-10-01 06:29:03,홍피스) 춘봉이 그냥서버 0.3인분 운영자 누구게? 나야삐약이,,https://cafe.naver.com/hyundana,mysmallvtuber.net,2026-10-01T03:32:36Z
SCKfY3zjXJ9ZaN5qsGTd,하렌 루베오스,,youtube,UC5lm_rNF76FyZaG5vAuNnnw,https://www.youtube.com/channel/UC5lm_rNF76FyZaG5vAuNnnw,하렌 루베오스 HAREN RUBEOS,19900,2025-05-10,,2026-10-01 00:38:02,🩸[봉누도2 하수오] 그래서 이제 뭐함?,status_haren,https://cafe.naver.com/statopen,mysmallvtuber.net,2026-10-01T03:32:36Z
SCKfY3zjXJ9ZaN5qsGTd,하렌 루베오스,,chzzk,11f9a14c3439b7b1ceadd819d61624da,https://chzzk.naver.com/11f9a14c3439b7b1ceadd819d61624da,하렌 루베오스,12525,2025-05-10,,2026-10-01 00:38:02,🩸[봉누도2 하수오] 그래서 이제 뭐함?,status_haren,https://cafe.naver.com/statopen,mysmallvtuber.net,2026-10-01T03:32:36Z
CCkWfjfE3wa5AkzMC5ud,망징이,,youtube,UC_hftLL-ydsJd1YpcBZ_09g,https://www.youtube.com/channel/UC_hftLL-ydsJd1YpcBZ_09g,망징이 다시보기,4210,2025-03-28,,2026-10-01 03:08:03,[봉누도2] 망카가 아니라 망키라구웃!,mangjing1213,https://cafe.naver.com/mangjing12,mysmallvtuber.net,2026-10-01T03:32:36Z
CCkWfjfE3wa5AkzMC5ud,망징이,,chzzk,5b1edd3b95c1513cb502ca2cdd391670,https://chzzk.naver.com/5b1edd3b95c1513cb502ca2cdd391670,망징이,6099,2025-03-28,,2026-10-01 03:08:03,[봉누도2] 망카가 아니라 망키라구웃!,mangjing1213,https://cafe.naver.com/mangjing12,mysmallvtuber.net,2026-10-01T03:32:36Z
RpP5cpVTBzrGMT7zwhqr,유아루,,youtube,UCihQdMwLIHREr9n5O2Q0mgg,https://www.youtube.com/channel/UCihQdMwLIHREr9n5O2Q0mgg,유아루,285,2025-11-14,,2026-09-30 18:46:03,[V/게릴라] 안녕! >.< ⚙️✨,Chzzk_YuAru,https://fancimm.com/profile/271498,mysmallvtuber.net,2026-10-01T03:32:36Z
RpP5cpVTBzrGMT7zwhqr,유아루,,chzzk,6d395c84c99777272f872171b4dfc122,https://chzzk.naver.com/6d395c84c99777272f872171b4dfc122,유아루,1826,2025-11-14,,2026-09-30 18:46:03,[V/게릴라] 안녕! >.< ⚙️✨,Chzzk_YuAru,https://fancimm.com/profile/271498,mysmallvtuber.net,2026-10-01T03:32:36Z
WSxQ4ASWG2XJQkdB6Np6,하링!,,youtube,UCpyK3baOUfbktdj_zymOwZQ,https://www.youtube.com/channel/UCpyK3baOUfbktdj_zymOwZQ,하링!,1780,2023-09-09,,2026-10-01 05:08:03,🪖마병대 명장면 월드컵+🦁그냥서버 오픈런,haring_ruming,https://cafe.naver.com/ringming,mysmallvtuber.net,2026-10-01T03:32:36Z
WSxQ4ASWG2XJQkdB6Np6,하링!,,youtube,UCx4Jqhhl7tNsLyyalT9GDKw,https://www.youtube.com/channel/UCx4Jqhhl7tNsLyyalT9GDKw,하루네 다시보기,185,2023-09-09,,2026-10-01 05:08:03,🪖마병대 명장면 월드컵+🦁그냥서버 오픈런,haring_ruming,https://cafe.naver.com/ringming,mysmallvtuber.net,2026-10-01T03:32:36Z
WSxQ4ASWG2XJQkdB6Np6,하링!,,soop,ruringruming,https://ch.sooplive.co.kr/ruringruming,하링!,3395,2023-09-09,,2026-10-01 05:08:03,🪖마병대 명장면 월드컵+🦁그냥서버 오픈런,haring_ruming,https://cafe.naver.com/ringming,mysmallvtuber.net,2026-10-01T03:32:36Z
fAnTEfNGcpeqfTCMd39u,기령,,youtube,UC1HOT8mt_oGse4J68_WAaWQ,https://www.youtube.com/channel/UC1HOT8mt_oGse4J68_WAaWQ,기령,152000,2021-12-17,,2026-10-01 03:45:04,편지 좀 쓰고 가자,Giryung1003,https://cafe.naver.com/kilyung,mysmallvtuber.net,2026-10-01T03:32:36Z
fAnTEfNGcpeqfTCMd39u,기령,,youtube,UCXAOEesg0u_yUF301bZz8HA,https://www.youtube.com/channel/UCXAOEesg0u_yUF301bZz8HA,기이이인령,2660,2021-12-17,,2026-10-01 03:45:04,편지 좀 쓰고 가자,Giryung1003,https://cafe.naver.com/kilyung,mysmallvtuber.net,2026-10-01T03:32:36Z
fAnTEfNGcpeqfTCMd39u,기령,,chzzk,2fe88ab2b731edd48b7b11feaedbf294,https://chzzk.naver.com/2fe88ab2b731edd48b7b11feaedbf294,기령,13291,2021-12-17,,2026-10-01 03:45:04,편지 좀 쓰고 가자,Giryung1003,https://cafe.naver.com/kilyung,mysmallvtuber.net,2026-10-01T03:32:36Z
6EjdT3TjydkNPTKqFVEh,유키라,,youtube,UCQT3WjZYASqLyYcEUblKmrg,https://www.youtube.com/channel/UCQT3WjZYASqLyYcEUblKmrg,유키라,13400,,,2026-10-01 00:48:03,좀보이드 컨텐츠 짜기,,https://cafe.naver.com/kirasroom,mysmallvtuber.net,2026-10-01T03:32:36Z
6EjdT3TjydkNPTKqFVEh,유키라,,soop,kirababy2,https://ch.sooplive.co.kr/kirababy2,유키라,20112,,,2026-10-01 00:48:03,좀보이드 컨텐츠 짜기,,https://cafe.naver.com/kirasroom,mysmallvtuber.net,2026-10-01T03:32:36Z
ASqe5JHu6RBNVLjGu4F5,시트리,,youtube,UC9_ZjnlpbGykePotEf31aDg,https://www.youtube.com/channel/UC9_ZjnlpbGykePotEf31aDg,시트리 / SITRY 【V-LUP】,6120,2022-09-03,,2026-09-30 23:47:02,[한보름] 시아가 말교배하는거 보실 분? 즉방 150개,,https://cafe.naver.com/vlup,mysmallvtuber.net,2026-10-01T03:32:36Z
ASqe5JHu6RBNVLjGu4F5,시트리,,youtube,UCZ_myq92Ynhm5TY-uzzVV2A,https://www.youtube.com/channel/UCZ_myq92Ynhm5TY-uzzVV2A,시트리 다시보기,781,2022-09-03,,2026-09-30 23:47:02,[한보름] 시아가 말교배하는거 보실 분? 즉방 150개,,https://cafe.naver.com/vlup,mysmallvtuber.net,2026-10-01T03:32:36Z
ASqe5JHu6RBNVLjGu4F5,시트리,,soop,vlupsitry,https://ch.sooplive.co.kr/vlupsitry,시트리,4027,2022-09-03,,2026-09-30 23:47:02,[한보름] 시아가 말교배하는거 보실 분? 즉방 150개,,https://cafe.naver.com/vlup,mysmallvtuber.net,2026-10-01T03:32:36Z
bRLBcmQGfCRwSTTWysLT,므엥이,,youtube,UC7lbDCeOCeYC11Rt5B-ZNyQ,https://www.youtube.com/channel/UC7lbDCeOCeYC11Rt5B-ZNyQ,므엥이,32900,2023-05-23,,2026-09-30 23:07:03,해냈다아아아아아아 🎃,mueeng030,https://cafe.naver.com/choiowo,mysmallvtuber.net,2026-10-01T03:32:36Z
bRLBcmQGfCRwSTTWysLT,므엥이,,youtube,UCSCQonGPUfHjTi6GtjWHvPg,https://www.youtube.com/channel/UCSCQonGPUfHjTi6GtjWHvPg,므엥이 다시봐요,1290,2023-05-23,,2026-09-30 23:07:03,해냈다아아아아아아 🎃,mueeng030,https://cafe.naver.com/choiowo,mysmallvtuber.net,2026-10-01T03:32:36Z
bRLBcmQGfCRwSTTWysLT,므엥이,,chzzk,b5b18dc043cbf37ee67e4615687b8f77,https://chzzk.naver.com/b5b18dc043cbf37ee67e4615687b8f77,므엥이,9561,2023-05-23,,2026-09-30 23:07:03,해냈다아아아아아아 🎃,mueeng030,https://cafe.naver.com/choiowo,mysmallvtuber.net,2026-10-01T03:32:36Z
ACVsAWQ36cmDk6L4qFSt,플로라 코튼,,youtube,UCMn_l2mazR6DkUWefdEk3JQ,https://www.youtube.com/channel/UCMn_l2mazR6DkUWefdEk3JQ,플로라 코튼 flora cotton,1810,,,2026-10-01 03:06:03,스마일모 켠왕 1일차 여기서 탈출할 수 있을까?,cotton0w0,https://cafe.naver.com/cottonsomsom,mysmallvtuber.net,2026-10-01T03:32:36Z
ACVsAWQ36cmDk6L4qFSt,플로라 코튼,,youtube,UC3q14XykhsNXXxIYm41KwpA,https://www.youtube.com/channel/UC3q14XykhsNXXxIYm41KwpA,솜뭉치를 쓰다듬기,1380,,,2026-10-01 03:06:03,스마일모 켠왕 1일차 여기서 탈출할 수 있을까?,cotton0w0,https://cafe.naver.com/cottonsomsom,mysmallvtuber.net,2026-10-01T03:32:36Z
ACVsAWQ36cmDk6L4qFSt,플로라 코튼,,chzzk,07d0b756965acfb5fee4042f7ec180d0,https://chzzk.naver.com/07d0b756965acfb5fee4042f7ec180d0,플로라 코튼,2197,,,2026-10-01 03:06:03,스마일모 켠왕 1일차 여기서 탈출할 수 있을까?,cotton0w0,https://cafe.naver.com/cottonsomsom,mysmallvtuber.net,2026-10-01T03:32:36Z
ddoEo4tLV4UhkFQTlwLp,모라라,,youtube,UC6lwxDgyh4pJyzoRBBrtcfQ,https://www.youtube.com/channel/UC6lwxDgyh4pJyzoRBBrtcfQ,모라라 MUSIC,4010,2022-02-12,,2026-10-01 03:18:02,으어어 💗🐟,Molala_Moonfish,https://cafe.naver.com/molala/,mysmallvtuber.net,2026-10-01T03:32:36Z
ddoEo4tLV4UhkFQTlwLp,모라라,,youtube,UCprVCScw22D3qY-K0OX48xA,https://www.youtube.com/channel/UCprVCScw22D3qY-K0OX48xA,모라라 다시보기,3130,2022-02-12,,2026-10-01 03:18:02,으어어 💗🐟,Molala_Moonfish,https://cafe.naver.com/molala/,mysmallvtuber.net,2026-10-01T03:32:36Z
ddoEo4tLV4UhkFQTlwLp,모라라,,chzzk,6bd0bb97d31365e7834d8113bb01d889,https://chzzk.naver.com/6bd0bb97d31365e7834d8113bb01d889,모라라,66425,2022-02-12,,2026-10-01 03:18:02,으어어 💗🐟,Molala_Moonfish,https://cafe.naver.com/molala/,mysmallvtuber.net,2026-10-01T03:32:36Z
wLWLp7j82UwLkAvyNkfH,천상츄,,youtube,UCYYiN2-JxHvlfhrRsb6Ra7Q,https://www.youtube.com/channel/UCYYiN2-JxHvlfhrRsb6Ra7Q,천상츄,1190,2021-12-08,,2026-10-01 00:35:04,후열 @ㅇㅎㅎ999확정@ ☆ミ,sangchu_0o0a,https://discord.com/invite/t4ayq5jtpW,mysmallvtuber.net,2026-10-01T03:32:36Z
wLWLp7j82UwLkAvyNkfH,천상츄,,youtube,UCyVzB1Wyd8nIj90abc_K7CA,https://www.youtube.com/channel/UCyVzB1Wyd8nIj90abc_K7CA,천상츄의 길고짧은건대봐야안다,132,2021-12-08,,2026-10-01 00:35:04,후열 @ㅇㅎㅎ999확정@ ☆ミ,sangchu_0o0a,https://discord.com/invite/t4ayq5jtpW,mysmallvtuber.net,2026-10-01T03:32:36Z
wLWLp7j82UwLkAvyNkfH,천상츄,,soop,sangchu541,https://ch.sooplive.co.kr/sangchu541,천상츄,1431,2021-12-08,,2026-10-01 00:35:04,후열 @ㅇㅎㅎ999확정@ ☆ミ,sangchu_0o0a,https://discord.com/invite/t4ayq5jtpW,mysmallvtuber.net,2026-10-01T03:32:36Z
gxcLQt3VGJCHCYyJ2GQm,뵤 오,,youtube,UClEDxMEKiexcSI1F6aQy_FA,https://www.youtube.com/channel/UClEDxMEKiexcSI1F6aQy_FA,뵤오 BYOO,9940,2022-11-03,,2026-09-30 17:14:02,또 정신 차리니까 경기가 끝나있었다 ㅇㅅㅇ...,,https://cafe.naver.com/byoo0,mysmallvtuber.net,2026-10-01T03:32:36Z
gxcLQt3VGJCHCYyJ2GQm,뵤 오,,youtube,UCP5V25hysA0uyaPzeW2A4tA,https://www.youtube.com/channel/UCP5V25hysA0uyaPzeW2A4tA,뵤오 다시보기,1720,2022-11-03,,2026-09-30 17:14:02,또 정신 차리니까 경기가 끝나있었다 ㅇㅅㅇ...,,https://cafe.naver.com/byoo0,mysmallvtuber.net,2026-10-01T03:32:36Z
gxcLQt3VGJCHCYyJ2GQm,뵤 오,,chzzk,6086f17b054010b0657af00aff6e6d05,https://chzzk.naver.com/6086f17b054010b0657af00aff6e6d05,뵤 오,13094,2022-11-03,,2026-09-30 17:14:02,또 정신 차리니까 경기가 끝나있었다 ㅇㅅㅇ...,,https://cafe.naver.com/byoo0,mysmallvtuber.net,2026-10-01T03:32:36Z
3pFpJS5zJxgTL6EATxh8,나카노 유카,,youtube,UC9ZcKQ9owUKQ5YZphw1qRHw,https://www.youtube.com/channel/UC9ZcKQ9owUKQ5YZphw1qRHw,나카노 유카,795,,,2026-09-30 16:59:03,[축구] 아시안게임 대한민국vs중국 같이응원해요!!,nakanoyuka_,https://cafe.naver.com/yukanepiehouse,mysmallvtuber.net,2026-10-01T03:32:36Z
3pFpJS5zJxgTL6EATxh8,나카노 유카,,youtube,UCjEKT9184lVtGB7HKwZNAIQ,https://www.youtube.com/channel/UCjEKT9184lVtGB7HKwZNAIQ,나카노 유카 다시보기,297,,,2026-09-30 16:59:03,[축구] 아시안게임 대한민국vs중국 같이응원해요!!,nakanoyuka_,https://cafe.naver.com/yukanepiehouse,mysmallvtuber.net,2026-10-01T03:32:36Z
3pFpJS5zJxgTL6EATxh8,나카노 유카,,chzzk,ee82e3edded2caa145683f90ef5f833d,https://chzzk.naver.com/ee82e3edded2caa145683f90ef5f833d,나카노 유카,1828,,,2026-09-30 16:59:03,[축구] 아시안게임 대한민국vs중국 같이응원해요!!,nakanoyuka_,https://cafe.naver.com/yukanepiehouse,mysmallvtuber.net,2026-10-01T03:32:36Z
dYJKrfqe7BGSwG4hKSLD,양도끼,,youtube,UCcUDG5x6lXnb0etXrBLZQvw,https://www.youtube.com/channel/UCcUDG5x6lXnb0etXrBLZQvw,양도끼,40900,,,2026-09-30 21:27:03,역시 산적보단 해적이지,,https://cafe.naver.com/yangdoki,mysmallvtuber.net,2026-10-01T03:32:36Z
dYJKrfqe7BGSwG4hKSLD,양도끼,,youtube,UCz9ExE1dAAetrYVn6D8072Q,https://www.youtube.com/channel/UCz9ExE1dAAetrYVn6D8072Q,양도끼얏호,9190,,,2026-09-30 21:27:03,역시 산적보단 해적이지,,https://cafe.naver.com/yangdoki,mysmallvtuber.net,2026-10-01T03:32:36Z
dYJKrfqe7BGSwG4hKSLD,양도끼,,soop,yangdoki,https://ch.sooplive.co.kr/yangdoki,양도끼,42700,,,2026-09-30 21:27:03,역시 산적보단 해적이지,,https://cafe.naver.com/yangdoki,mysmallvtuber.net,2026-10-01T03:32:36Z
yRtA3R8LrsFNjC3Lz6Ky,김뀰빵,,youtube,UCBBhayqr0YGQkks2SuC27sg,https://www.youtube.com/channel/UCBBhayqr0YGQkks2SuC27sg,김뀰빵,1710,,,2026-09-30 20:46:03,마지막 명토날 d9mj4b8enk0fgd,,,mysmallvtuber.net,2026-10-01T03:32:36Z
yRtA3R8LrsFNjC3Lz6Ky,김뀰빵,,youtube,UCmO3W-SjJYy2QGu7KicdIpQ,https://www.youtube.com/channel/UCmO3W-SjJYy2QGu7KicdIpQ,긴뀰빵,1300,,,2026-09-30 20:46:03,마지막 명토날 d9mj4b8enk0fgd,,,mysmallvtuber.net,2026-10-01T03:32:36Z
yRtA3R8LrsFNjC3Lz6Ky,김뀰빵,,chzzk,c29e893346300b5e778320c11820ab42,https://chzzk.naver.com/c29e893346300b5e778320c11820ab42,김뀰빵,2359,,,2026-09-30 20:46:03,마지막 명토날 d9mj4b8enk0fgd,,,mysmallvtuber.net,2026-10-01T03:32:36Z
m5CVuf9B8njkVG3BKn6v,ㄴ모서리ㄱ,,youtube,UCkGJ5jj8h8PxPVZXaEJBLYQ,https://www.youtube.com/channel/UCkGJ5jj8h8PxPVZXaEJBLYQ,ㄴ모서리ㄱ moseoli 【VRECORD】,51,2024-07-30,,2026-09-30 19:00:05,[유입환영] 9월의 마지막 라디오. 월루 도우미!,nunseoli,,mysmallvtuber.net,2026-10-01T03:32:36Z
m5CVuf9B8njkVG3BKn6v,ㄴ모서리ㄱ,,chzzk,bc64d1142877738a7d31f584ae13ea79,https://chzzk.naver.com/bc64d1142877738a7d31f584ae13ea79,ㄴ모서리ㄱ,730,2024-07-30,,2026-09-30 19:00:05,[유입환영] 9월의 마지막 라디오. 월루 도우미!,nunseoli,,mysmallvtuber.net,2026-10-01T03:32:36Z
2HMFFXtQhP3vbLDmGbM4,까룽 KARUNG,KARUNG,youtube,UCX1sPxHo0ek2Tq56U08lJDA,https://www.youtube.com/channel/UCX1sPxHo0ek2Tq56U08lJDA,까룽 Karung / KR VTUBER Ch.,1280,2024-08-04,,2026-09-30 22:06:02,보병전의고수가될거야,Karung_VTB,,mysmallvtuber.net,2026-10-01T03:32:36Z
2HMFFXtQhP3vbLDmGbM4,까룽 KARUNG,KARUNG,chzzk,d1c8d9fd2b0bfe5582dd81b25457bacc,https://chzzk.naver.com/d1c8d9fd2b0bfe5582dd81b25457bacc,까룽 KARUNG,1456,2024-08-04,,2026-09-30 22:06:02,보병전의고수가될거야,Karung_VTB,,mysmallvtuber.net,2026-10-01T03:32:36Z
7JRWY58kdSnYeNdTGJfv,키리사키 세이,,youtube,UCzrdu-My6bm_BbTAdAB1i4A,https://www.youtube.com/channel/UCzrdu-My6bm_BbTAdAB1i4A,키리사키 세이 Ch.,462,2023-04-08,,2026-09-30 17:54:03,3년 넘게 한 물청소 마무리한 서큐버스는 지휘관으로 다시 전직!!!!,SEI_VAIVtuber,https://discord.gg/bz8EJjbBqP,mysmallvtuber.net,2026-10-01T03:32:36Z
7JRWY58kdSnYeNdTGJfv,키리사키 세이,,youtube,UCiD62jevoikMx_BvbLSBhNA,https://www.youtube.com/channel/UCiD62jevoikMx_BvbLSBhNA,키리사키 세이의 풀침대,20,2023-04-08,,2026-09-30 17:54:03,3년 넘게 한 물청소 마무리한 서큐버스는 지휘관으로 다시 전직!!!!,SEI_VAIVtuber,https://discord.gg/bz8EJjbBqP,mysmallvtuber.net,2026-10-01T03:32:36Z
7JRWY58kdSnYeNdTGJfv,키리사키 세이,,chzzk,a1abeb4c45f5684e549f96f9baf66d07,https://chzzk.naver.com/a1abeb4c45f5684e549f96f9baf66d07,키리사키 세이,1477,2023-04-08,,2026-09-30 17:54:03,3년 넘게 한 물청소 마무리한 서큐버스는 지휘관으로 다시 전직!!!!,SEI_VAIVtuber,https://discord.gg/bz8EJjbBqP,mysmallvtuber.net,2026-10-01T03:32:36Z
RczkcEEyAnHXJ4rgyct4,민루잼,,youtube,UCqbFwwZnzgxQHHLJBaQ5Z3w,https://www.youtube.com/channel/UCqbFwwZnzgxQHHLJBaQ5Z3w,민루잼,1000,,,2026-09-30 16:01:03,심심해,,,mysmallvtuber.net,2026-10-01T03:32:36Z
RczkcEEyAnHXJ4rgyct4,민루잼,,youtube,UCS0n4fwKLlhXDK4kBNsgoiQ,https://www.youtube.com/channel/UCS0n4fwKLlhXDK4kBNsgoiQ,루잼 다시보기,502,,,2026-09-30 16:01:03,심심해,,,mysmallvtuber.net,2026-10-01T03:32:36Z
RczkcEEyAnHXJ4rgyct4,민루잼,,chzzk,cb4b5ef6ed487f102a0f2eb2eb6c381e,https://chzzk.naver.com/cb4b5ef6ed487f102a0f2eb2eb6c381e,민루잼,3907,,,2026-09-30 16:01:03,심심해,,,mysmallvtuber.net,2026-10-01T03:32:36Z
L4a6tZJpkTSJ9Gk9v2qU,최또,,youtube,UCg0MsIFxx5Ee392d9wSPZGA,https://www.youtube.com/channel/UCg0MsIFxx5Ee392d9wSPZGA,최또,8450,,,2026-10-01 06:59:03,서바이벌로그 100일 엔딩 봅니다,,https://cafe.naver.com/choiagain,mysmallvtuber.net,2026-10-01T03:32:36Z
L4a6tZJpkTSJ9Gk9v2qU,최또,,youtube,UCBNjVwDqNQxk6KeD_g1kssA,https://www.youtube.com/channel/UCBNjVwDqNQxk6KeD_g1kssA,또 다시보기,290,,,2026-10-01 06:59:03,서바이벌로그 100일 엔딩 봅니다,,https://cafe.naver.com/choiagain,mysmallvtuber.net,2026-10-01T03:32:36Z
L4a6tZJpkTSJ9Gk9v2qU,최또,,soop,choiagain,https://ch.sooplive.co.kr/choiagain,최또,15964,,,2026-10-01 06:59:03,서바이벌로그 100일 엔딩 봅니다,,https://cafe.naver.com/choiagain,mysmallvtuber.net,2026-10-01T03:32:36Z
JHEeLGfKG3AhVtSggJhK,하르.,,youtube,UCtG4mqnjGeg4R0yxJZf5xMg,https://www.youtube.com/channel/UCtG4mqnjGeg4R0yxJZf5xMg,하르 HAREU,5110,2022-07-01,,2026-10-01 00:07:03,✦ 그냥서버 입주날!  콘서트 방셀 582/1082 ✦,mashimerohareu,,mysmallvtuber.net,2026-10-01T03:32:36Z
JHEeLGfKG3AhVtSggJhK,하르.,,soop,hareu99,https://ch.sooplive.co.kr/hareu99,하르.,1967,2022-07-01,,2026-10-01 00:07:03,✦ 그냥서버 입주날!  콘서트 방셀 582/1082 ✦,mashimerohareu,,mysmallvtuber.net,2026-10-01T03:32:36Z
HMt2vhefQWvv2qVkKqCv,슈퍼덴코,,youtube,UCjVjPkV1wG7ZZLsZeBxSHGA,https://www.youtube.com/channel/UCjVjPkV1wG7ZZLsZeBxSHGA,슈퍼덴코 SuperDenkou,40,2022-09-03,,2026-09-30 20:43:03,슈퍼덴코 황공리멬 대기방(바 루다니아 잡기),,,mysmallvtuber.net,2026-10-01T03:32:36Z
HMt2vhefQWvv2qVkKqCv,슈퍼덴코,,youtube,UCfob_D9W3ZniyepDCH3gu6g,https://www.youtube.com/channel/UCfob_D9W3ZniyepDCH3gu6g,슈퍼🏍️덴코 다시보기,84,2022-09-03,,2026-09-30 20:43:03,슈퍼덴코 황공리멬 대기방(바 루다니아 잡기),,,mysmallvtuber.net,2026-10-01T03:32:36Z
HMt2vhefQWvv2qVkKqCv,슈퍼덴코,,chzzk,d013187fba7652c7d380076f604d3bd6,https://chzzk.naver.com/d013187fba7652c7d380076f604d3bd6,슈퍼덴코,325,2022-09-03,,2026-09-30 20:43:03,슈퍼덴코 황공리멬 대기방(바 루다니아 잡기),,,mysmallvtuber.net,2026-10-01T03:32:36Z
E6wWQDsF2dUAdTkfjsgf,홍세비,,youtube,UCj1kn1PezctpLcoRUaVhYIA,https://www.youtube.com/channel/UCj1kn1PezctpLcoRUaVhYIA,홍세비,493,2022-03-05,,2026-09-30 21:18:03,제발비틱 구미호 (일본어음성/드롭스 O),Hong_Sebi_,https://cafe.naver.com/hongsebi,mysmallvtuber.net,2026-10-01T03:32:36Z
E6wWQDsF2dUAdTkfjsgf,홍세비,,youtube,UC12FEJavRqOWVPvkzGhuvVw,https://www.youtube.com/channel/UC12FEJavRqOWVPvkzGhuvVw,홍세비 다시보기,376,2022-03-05,,2026-09-30 21:18:03,제발비틱 구미호 (일본어음성/드롭스 O),Hong_Sebi_,https://cafe.naver.com/hongsebi,mysmallvtuber.net,2026-10-01T03:32:36Z
E6wWQDsF2dUAdTkfjsgf,홍세비,,chzzk,34d8c6707022b00e68b96437c5f8b4b9,https://chzzk.naver.com/34d8c6707022b00e68b96437c5f8b4b9,홍세비,1587,2022-03-05,,2026-09-30 21:18:03,제발비틱 구미호 (일본어음성/드롭스 O),Hong_Sebi_,https://cafe.naver.com/hongsebi,mysmallvtuber.net,2026-10-01T03:32:36Z
HUTaMwfJTaNUKmjZtH6w,단즈_,,soop,danz59,https://ch.sooplive.co.kr/danz59,단즈_,33819,2019-09-29,,2026-09-30 21:46:03,나랑 놀 사람😤,,,mysmallvtuber.net,2026-10-01T03:32:36Z
rjREtH57jz5sadZQz3gp,배토Baeto,Baeto,youtube,UC5mTN8Xnzgn5mcRdi4yOP0Q,https://www.youtube.com/channel/UC5mTN8Xnzgn5mcRdi4yOP0Q,배토 Baeto,1010,2024-03-24,,2026-09-30 15:30:04,홍콩 vs 대한민국 보기 (2시에 시작),baeto0324,https://cafe.naver.com/qoxh0324,mysmallvtuber.net,2026-10-01T03:32:36Z
rjREtH57jz5sadZQz3gp,배토Baeto,Baeto,chzzk,65e49b4f2591867014403f2599f0b493,https://chzzk.naver.com/65e49b4f2591867014403f2599f0b493,배토Baeto,3137,2024-03-24,,2026-09-30 15:30:04,홍콩 vs 대한민국 보기 (2시에 시작),baeto0324,https://cafe.naver.com/qoxh0324,mysmallvtuber.net,2026-10-01T03:32:36Z
5zRyHcKLGYUqJasNcrZh,기션,,youtube,UCkyi1AejDmDwTt-Q5ovXPmg,https://www.youtube.com/channel/UCkyi1AejDmDwTt-Q5ovXPmg,기션,15300,,,2026-09-30 22:46:02,개노잼 건실 건피 방송 (멘헤라 아님) 진짜 건실 중,,https://cafe.naver.com/kisean,mysmallvtuber.net,2026-10-01T03:32:36Z
5zRyHcKLGYUqJasNcrZh,기션,,youtube,UC2S7g832PHOY8caziJdsaMw,https://www.youtube.com/channel/UC2S7g832PHOY8caziJdsaMw,긴션,2540,,,2026-09-30 22:46:02,개노잼 건실 건피 방송 (멘헤라 아님) 진짜 건실 중,,https://cafe.naver.com/kisean,mysmallvtuber.net,2026-10-01T03:32:36Z
5zRyHcKLGYUqJasNcrZh,기션,,chzzk,93f06c016e073c01b6bdb4098a99b1a7,https://chzzk.naver.com/93f06c016e073c01b6bdb4098a99b1a7,기션,11476,,,2026-09-30 22:46:02,개노잼 건실 건피 방송 (멘헤라 아님) 진짜 건실 중,,https://cafe.naver.com/kisean,mysmallvtuber.net,2026-10-01T03:32:36Z
az7Xy8WxapPUzQqn9ENr,씬냥,,youtube,UC8hl32RLwbJdPNVeBVZRBAw,https://www.youtube.com/channel/UC8hl32RLwbJdPNVeBVZRBAw,씬냥,271,2024-12-01,,2026-09-30 15:47:03,응애 나 몬린이 / 재활 2일차,ssinnyang_0206,https://cafe.naver.com/ssinnyang,mysmallvtuber.net,2026-10-01T03:32:36Z
az7Xy8WxapPUzQqn9ENr,씬냥,,youtube,UCesgl3xdE50jgIvdRGPAzbA,https://www.youtube.com/channel/UCesgl3xdE50jgIvdRGPAzbA,씬냥_다시보기,117,2024-12-01,,2026-09-30 15:47:03,응애 나 몬린이 / 재활 2일차,ssinnyang_0206,https://cafe.naver.com/ssinnyang,mysmallvtuber.net,2026-10-01T03:32:36Z
az7Xy8WxapPUzQqn9ENr,씬냥,,chzzk,899e6d590f831e7d80143d9acac0247b,https://chzzk.naver.com/899e6d590f831e7d80143d9acac0247b,씬냥,1010,2024-12-01,,2026-09-30 15:47:03,응애 나 몬린이 / 재활 2일차,ssinnyang_0206,https://cafe.naver.com/ssinnyang,mysmallvtuber.net,2026-10-01T03:32:36Z
3chPqkkBe29wS29xa2an,얀제리,,youtube,UC67QupJfgXjatCWqRQ78Utw,https://www.youtube.com/channel/UC67QupJfgXjatCWqRQ78Utw,얀제리 YANJERRY,1930,2023-02-19,,2026-09-30 17:51:03,안냐세여,,https://cafe.naver.com/yanjerry,mysmallvtuber.net,2026-10-01T03:32:36Z
3chPqkkBe29wS29xa2an,얀제리,,youtube,UCHkQnhWxLcaHfgdmq1R0-5Q,https://www.youtube.com/channel/UCHkQnhWxLcaHfgdmq1R0-5Q,얀제리 다시보기,163,2023-02-19,,2026-09-30 17:51:03,안냐세여,,https://cafe.naver.com/yanjerry,mysmallvtuber.net,2026-10-01T03:32:36Z
3chPqkkBe29wS29xa2an,얀제리,,chzzk,e0f485296633184ce2048e8f0270345e,https://chzzk.naver.com/e0f485296633184ce2048e8f0270345e,얀제리,2145,2023-02-19,,2026-09-30 17:51:03,안냐세여,,https://cafe.naver.com/yanjerry,mysmallvtuber.net,2026-10-01T03:32:36Z
fHRTdcyuwR88BNmZCdSf,뀨복,,youtube,UCBnZj0OMIbKdXFTSVkSFDJg,https://www.youtube.com/channel/UCBnZj0OMIbKdXFTSVkSFDJg,뀨복,449,,,2026-10-01 00:14:03,아가탑의 성장일기,,https://cafe.naver.com/kkyubog,mysmallvtuber.net,2026-10-01T03:32:36Z
fHRTdcyuwR88BNmZCdSf,뀨복,,soop,kkyubog,https://ch.sooplive.co.kr/kkyubog,뀨복,4270,,,2026-10-01 00:14:03,아가탑의 성장일기,,https://cafe.naver.com/kkyubog,mysmallvtuber.net,2026-10-01T03:32:36Z
L4ThA8rnTBFFD5PyDqYC,희노아,,youtube,UCdtJ4oNoSPzVCWzM5rHyfvA,https://www.youtube.com/channel/UCdtJ4oNoSPzVCWzM5rHyfvA,희노아,268,2024-03-31,,2026-09-30 19:16:03,2부 완전 완전 바쁜 게임 ㄷㄷ [프랑스 브라세리 시뮬레이터] #2,heenoah_,https://cafe.naver.com/heenoah,mysmallvtuber.net,2026-10-01T03:32:36Z
L4ThA8rnTBFFD5PyDqYC,희노아,,chzzk,3dd3bbe964376bc69bd28e0958dbe273,https://chzzk.naver.com/3dd3bbe964376bc69bd28e0958dbe273,희노아,785,2024-03-31,,2026-09-30 19:16:03,2부 완전 완전 바쁜 게임 ㄷㄷ [프랑스 브라세리 시뮬레이터] #2,heenoah_,https://cafe.naver.com/heenoah,mysmallvtuber.net,2026-10-01T03:32:36Z
vKWuhNLALAdGWRN88sL9,세이키,,youtube,UCs2m40fA4YR8VEANgoxYNSA,https://www.youtube.com/channel/UCs2m40fA4YR8VEANgoxYNSA,세이키,3720,2024-02-26,,2026-09-30 15:07:03,[신?입/유입환영] 포켓로그 대회 연습해보기,seiki_v_occhi,https://discord.gg/NjfaBWYE,mysmallvtuber.net,2026-10-01T03:32:36Z
vKWuhNLALAdGWRN88sL9,세이키,,chzzk,45deccf7ce6bb40f93b8a653767c8253,https://chzzk.naver.com/45deccf7ce6bb40f93b8a653767c8253,세이키,1470,2024-02-26,,2026-09-30 15:07:03,[신?입/유입환영] 포켓로그 대회 연습해보기,seiki_v_occhi,https://discord.gg/NjfaBWYE,mysmallvtuber.net,2026-10-01T03:32:36Z
94TJH79fvMX5mJQ6vuuA,록시 스윗랜드,,youtube,UCSr9D7AfTCMZgajcrN92oXA,https://www.youtube.com/channel/UCSr9D7AfTCMZgajcrN92oXA,록시 스윗랜드 Roxie Sweetland,3180,,,2026-09-30 16:13:02,나의 추리는 진실을 만들어낸다!,SweetRoxie_S0M,,mysmallvtuber.net,2026-10-01T03:32:36Z
94TJH79fvMX5mJQ6vuuA,록시 스윗랜드,,youtube,UCEaC8ahB0w5EVhD-khW20TQ,https://www.youtube.com/channel/UCEaC8ahB0w5EVhD-khW20TQ,록시 다시보기랜드,195,,,2026-09-30 16:13:02,나의 추리는 진실을 만들어낸다!,SweetRoxie_S0M,,mysmallvtuber.net,2026-10-01T03:32:36Z
94TJH79fvMX5mJQ6vuuA,록시 스윗랜드,,chzzk,1309200594b756a46edaab8a8c7bdc21,https://chzzk.naver.com/1309200594b756a46edaab8a8c7bdc21,록시 스윗랜드,2950,,,2026-09-30 16:13:02,나의 추리는 진실을 만들어낸다!,SweetRoxie_S0M,,mysmallvtuber.net,2026-10-01T03:32:36Z
mgu2LxV7cN8Sw6z8nNbY,반토,,youtube,UCubbaxpK7p-HnIe31IMblvQ,https://www.youtube.com/channel/UCubbaxpK7p-HnIe31IMblvQ,반토,475,2024-04-25,,2026-09-30 17:00:03,[V] ෆ탑골 노래 부르면서 팰월드 노동하기ෆ,Banto_425,https://cafe.naver.com/banto425,mysmallvtuber.net,2026-10-01T03:32:36Z
mgu2LxV7cN8Sw6z8nNbY,반토,,youtube,UCJRQnbqJ-9idFFFNNfwWUCA,https://www.youtube.com/channel/UCJRQnbqJ-9idFFFNNfwWUCA,반토 다시보기,16,2024-04-25,,2026-09-30 17:00:03,[V] ෆ탑골 노래 부르면서 팰월드 노동하기ෆ,Banto_425,https://cafe.naver.com/banto425,mysmallvtuber.net,2026-10-01T03:32:36Z
mgu2LxV7cN8Sw6z8nNbY,반토,,chzzk,0ce04f529e8a94f4f553bec77b0bd76c,https://chzzk.naver.com/0ce04f529e8a94f4f553bec77b0bd76c,반토,1132,2024-04-25,,2026-09-30 17:00:03,[V] ෆ탑골 노래 부르면서 팰월드 노동하기ෆ,Banto_425,https://cafe.naver.com/banto425,mysmallvtuber.net,2026-10-01T03:32:36Z
VtaXzr5UHYG7VMDNrEjZ,비쥬_,,soop,bibitrue,https://ch.sooplive.co.kr/bibitrue,비쥬_,15485,,,2026-09-30 21:06:02,[버인] 그래서 너네 뭐하는데 (시그갯수 룰렛),,,mysmallvtuber.net,2026-10-01T03:32:36Z
q9dnVzUxxUmbRD3hxqSQ,모이 M0I,M0I,youtube,UCvpbKHaE0UNanTWFwln5tyw,https://www.youtube.com/channel/UCvpbKHaE0UNanTWFwln5tyw,모이 MOI,4710,2024-07-10,,2026-09-30 19:12:02,엔다코피아 라고 들어보셨나요?,akamoimoi777,https://cafe.naver.com/grimproduction,mysmallvtuber.net,2026-10-01T03:32:36Z
q9dnVzUxxUmbRD3hxqSQ,모이 M0I,M0I,chzzk,be059789e19ac3e46198e15911a80122,https://chzzk.naver.com/be059789e19ac3e46198e15911a80122,모이 M0I,5743,2024-07-10,,2026-09-30 19:12:02,엔다코피아 라고 들어보셨나요?,akamoimoi777,https://cafe.naver.com/grimproduction,mysmallvtuber.net,2026-10-01T03:32:36Z
8QGxMh35q8heBwT5azUP,족제비와토끼,,chzzk,b20c3fe90315b3b88964dbe9dea7f27a,https://chzzk.naver.com/b20c3fe90315b3b88964dbe9dea7f27a,족제비와토끼,7643,,,2026-09-30 18:10:05,마이크 바꿈 테스트,,,mysmallvtuber.net,2026-10-01T03:32:36Z
BjWk8JazWTHEah2HPaYj,시오∋,,youtube,UCz4Nw_6epv37rye1uSCA6xA,https://www.youtube.com/channel/UCz4Nw_6epv37rye1uSCA6xA,시오 SIIO [VRECORD],868,2024-11-23,,2026-10-01 05:12:02,그냥서버 탈출가자고~[로스타시티],vrecord_siio,https://cafe.naver.com/vrecord/,mysmallvtuber.net,2026-10-01T03:32:36Z
BjWk8JazWTHEah2HPaYj,시오∋,,soop,siioyeyo,https://ch.sooplive.co.kr/siioyeyo,시오∋,2644,2024-11-23,,2026-10-01 05:12:02,그냥서버 탈출가자고~[로스타시티],vrecord_siio,https://cafe.naver.com/vrecord/,mysmallvtuber.net,2026-10-01T03:32:36Z
7qEJGqqvNrbTRfv3Det9,뮬 MYULEE,MYULEE,youtube,UC3yE6DC-KIoOC_DMFfvj7dw,https://www.youtube.com/channel/UC3yE6DC-KIoOC_DMFfvj7dw,뮬 MYULee,7100,,,2026-09-30 21:57:02,💙 제가 항마력 딸리는 사람으로 보이시나요 맞아요 : 중2병 대사 월드컵 더빙하면서 하기,Sing_Myu,https://cafe.naver.com/singmyu,mysmallvtuber.net,2026-10-01T03:32:36Z
7qEJGqqvNrbTRfv3Det9,뮬 MYULEE,MYULEE,youtube,UCqaF_dY2MGUuEZA75kqgBwg,https://www.youtube.com/channel/UCqaF_dY2MGUuEZA75kqgBwg,뮬 다시보기 MYULee's Archive,1790,,,2026-09-30 21:57:02,💙 제가 항마력 딸리는 사람으로 보이시나요 맞아요 : 중2병 대사 월드컵 더빙하면서 하기,Sing_Myu,https://cafe.naver.com/singmyu,mysmallvtuber.net,2026-10-01T03:32:36Z
7qEJGqqvNrbTRfv3Det9,뮬 MYULEE,MYULEE,chzzk,6b2e39072f3af6e84ee04d34aa164e57,https://chzzk.naver.com/6b2e39072f3af6e84ee04d34aa164e57,뮬 MYULEE,8221,,,2026-09-30 21:57:02,💙 제가 항마력 딸리는 사람으로 보이시나요 맞아요 : 중2병 대사 월드컵 더빙하면서 하기,Sing_Myu,https://cafe.naver.com/singmyu,mysmallvtuber.net,2026-10-01T03:32:36Z
B2JKCXCkyjdTp3NjmcRK,원사비,,youtube,UCJHk9HWbXU9ln5XApEYpf9A,https://www.youtube.com/channel/UCJHk9HWbXU9ln5XApEYpf9A,원사비,1650,2022-08-26,,2026-09-30 15:57:03,림월드 바익 중붕선! 이번주 금욜 전에 여우신이 죽을시 토요일에 촉각슈트(vr챗) 영도데이를..!,Onesabi_Vtuber,https://cafe.naver.com/onesabi,mysmallvtuber.net,2026-10-01T03:32:36Z
B2JKCXCkyjdTp3NjmcRK,원사비,,chzzk,2ec15ebae15c6fff39ec24ce8a8828de,https://chzzk.naver.com/2ec15ebae15c6fff39ec24ce8a8828de,원사비,1494,2022-08-26,,2026-09-30 15:57:03,림월드 바익 중붕선! 이번주 금욜 전에 여우신이 죽을시 토요일에 촉각슈트(vr챗) 영도데이를..!,Onesabi_Vtuber,https://cafe.naver.com/onesabi,mysmallvtuber.net,2026-10-01T03:32:36Z
jxBN4zzzfa5vgsTHYFrc,리냐_LINYA,LINYA,youtube,UCnPw9ucyOhJVD52uVO75GJg,https://www.youtube.com/channel/UCnPw9ucyOhJVD52uVO75GJg,리냐 LINYA,4360,2023-09-29,,2026-09-30 20:10:02,밀린 카페 제초하기~,Yushino_Lina,https://cafe.naver.com/refly4,mysmallvtuber.net,2026-10-01T03:32:36Z
jxBN4zzzfa5vgsTHYFrc,리냐_LINYA,LINYA,youtube,UCjvEOKg0FJrPpnAL3qJiZGA,https://www.youtube.com/channel/UCjvEOKg0FJrPpnAL3qJiZGA,리냐의 딸기 공장,130,2023-09-29,,2026-09-30 20:10:02,밀린 카페 제초하기~,Yushino_Lina,https://cafe.naver.com/refly4,mysmallvtuber.net,2026-10-01T03:32:36Z
jxBN4zzzfa5vgsTHYFrc,리냐_LINYA,LINYA,soop,lina0108,https://ch.sooplive.co.kr/lina0108,리냐_LINYA,10860,2023-09-29,,2026-09-30 20:10:02,밀린 카페 제초하기~,Yushino_Lina,https://cafe.naver.com/refly4,mysmallvtuber.net,2026-10-01T03:32:36Z
K5UNTYN7EwTByKWgLdyu,키미도리 메로,,youtube,UCEuLCV70Fm4Ua3zn-261HhQ,https://www.youtube.com/channel/UCEuLCV70Fm4Ua3zn-261HhQ,키미도리 메로,62700,2023-09-16,,2026-09-30 12:16:02,진짜 레전드급 말도 안됨...,mero_kimidori,https://cafe.naver.com/everydaymero,mysmallvtuber.net,2026-10-01T03:32:36Z
K5UNTYN7EwTByKWgLdyu,키미도리 메로,,youtube,UCMkypLHgCec4wtliFpyny2g,https://www.youtube.com/channel/UCMkypLHgCec4wtliFpyny2g,조커TV,186,2023-09-16,,2026-09-30 12:16:02,진짜 레전드급 말도 안됨...,mero_kimidori,https://cafe.naver.com/everydaymero,mysmallvtuber.net,2026-10-01T03:32:36Z
K5UNTYN7EwTByKWgLdyu,키미도리 메로,,chzzk,33d58e8eb2014d6e6c5eb74dcc587ebd,https://chzzk.naver.com/33d58e8eb2014d6e6c5eb74dcc587ebd,키미도리 메로,15934,2023-09-16,,2026-09-30 12:16:02,진짜 레전드급 말도 안됨...,mero_kimidori,https://cafe.naver.com/everydaymero,mysmallvtuber.net,2026-10-01T03:32:36Z
dknqELNku964HTMV8yJb,엘 카,,youtube,UCXrqgCG1-i9SHPbapDkTT2Q,https://www.youtube.com/channel/UCXrqgCG1-i9SHPbapDkTT2Q,엘카 - 엘 카오스 라이메데,10300,2024-07-13,,2026-10-01 01:24:03,2부 - [림버스 컴퍼니] 중편 마무리,El_Chaos_,https://cafe.naver.com/vmz,mysmallvtuber.net,2026-10-01T03:32:36Z
dknqELNku964HTMV8yJb,엘 카,,chzzk,947ed33cc008b86f7f0e8796ea388961,https://chzzk.naver.com/947ed33cc008b86f7f0e8796ea388961,엘 카,1412,2024-07-13,,2026-10-01 01:24:03,2부 - [림버스 컴퍼니] 중편 마무리,El_Chaos_,https://cafe.naver.com/vmz,mysmallvtuber.net,2026-10-01T03:32:36Z
hRGN3ZbRq3fsbfZLCaqp,모로이 모나,,youtube,UCOpiMTfLHECMdjJ7DZX9wrw,https://www.youtube.com/channel/UCOpiMTfLHECMdjJ7DZX9wrw,모로이 모나 MOROI MONA,729,2025-07-20,,2026-10-01 01:54:03,너무행복해서 눈물이날거같아여,MoroiMona,https://cafe.naver.com/darakcast,mysmallvtuber.net,2026-10-01T03:32:36Z
hRGN3ZbRq3fsbfZLCaqp,모로이 모나,,youtube,UCOJqOopYLxSCmmUXsfxL8Ow,https://www.youtube.com/channel/UCOJqOopYLxSCmmUXsfxL8Ow,모로이 모나 다시보기,249,2025-07-20,,2026-10-01 01:54:03,너무행복해서 눈물이날거같아여,MoroiMona,https://cafe.naver.com/darakcast,mysmallvtuber.net,2026-10-01T03:32:36Z
hRGN3ZbRq3fsbfZLCaqp,모로이 모나,,chzzk,f795b445d35db5ece3d1d614c1355def,https://chzzk.naver.com/f795b445d35db5ece3d1d614c1355def,모로이 모나,4070,2025-07-20,,2026-10-01 01:54:03,너무행복해서 눈물이날거같아여,MoroiMona,https://cafe.naver.com/darakcast,mysmallvtuber.net,2026-10-01T03:32:36Z
XgpS5G7uUwAudcGzerTH,아일라 Iyla,Iyla,youtube,UC9EcpYvj7GzHzrd-dfQ_uwg,https://www.youtube.com/channel/UC9EcpYvj7GzHzrd-dfQ_uwg,아일라 Iyla,7930,2024-11-30,,2026-09-30 20:15:03,[WISHes] 안녕하십니까 스타초보 인사박습니다!!!,Iyla_WISHes,https://cafe.naver.com/grimproduction,mysmallvtuber.net,2026-10-01T03:32:36Z
XgpS5G7uUwAudcGzerTH,아일라 Iyla,Iyla,chzzk,ff182197eed405b1130d22aa3a4fefa0,https://chzzk.naver.com/ff182197eed405b1130d22aa3a4fefa0,아일라 Iyla,6777,2024-11-30,,2026-09-30 20:15:03,[WISHes] 안녕하십니까 스타초보 인사박습니다!!!,Iyla_WISHes,https://cafe.naver.com/grimproduction,mysmallvtuber.net,2026-10-01T03:32:36Z
gfspu8wXbcDakQ94qzTC,유우스즈 무무,,youtube,UCXOV1n3Pd-5qAYurmw5nv5Q,https://www.youtube.com/channel/UCXOV1n3Pd-5qAYurmw5nv5Q,유우스즈 무무 Yuusz Mumu,5340,,,2026-09-30 21:18:03,후열 킹치,YuuszMumu,https://cafe.naver.com/reactkrofficial,mysmallvtuber.net,2026-10-01T03:32:36Z
gfspu8wXbcDakQ94qzTC,유우스즈 무무,,youtube,UCL2wpb5XxrR2ObBxMp6nkvw,https://www.youtube.com/channel/UCL2wpb5XxrR2ObBxMp6nkvw,무무 무했니,424,,,2026-09-30 21:18:03,후열 킹치,YuuszMumu,https://cafe.naver.com/reactkrofficial,mysmallvtuber.net,2026-10-01T03:32:36Z
gfspu8wXbcDakQ94qzTC,유우스즈 무무,,chzzk,8272a88361c84d51adebeeba3eb0f901,https://chzzk.naver.com/8272a88361c84d51adebeeba3eb0f901,유우스즈 무무,10565,,,2026-09-30 21:18:03,후열 킹치,YuuszMumu,https://cafe.naver.com/reactkrofficial,mysmallvtuber.net,2026-10-01T03:32:36Z
PqCb7pLGua6g7pGU9Ynt,아니짱,,chzzk,d6838be024ce1f3dee9c0c2e1e7f3175,https://chzzk.naver.com/d6838be024ce1f3dee9c0c2e1e7f3175,아니짱,241,2024-05-31,,2026-09-30 12:45:05,달려야하는 아니짱(짧뱅),myang26,,mysmallvtuber.net,2026-10-01T03:32:36Z
fanumydGE8qEMcxztVQS,이플린,,youtube,UCLWHpq3DcZDRU6Nxajn89HA,https://www.youtube.com/channel/UCLWHpq3DcZDRU6Nxajn89HA,이플린,32400,2019-11-18,,2026-09-30 19:06:02,지제전 절망 쌀먹해야되는데 무서워용,,https://cafe.naver.com/flynn,mysmallvtuber.net,2026-10-01T03:32:36Z
fanumydGE8qEMcxztVQS,이플린,,youtube,UCYLHTGR93NBUi1kMD3sl-cg,https://www.youtube.com/channel/UCYLHTGR93NBUi1kMD3sl-cg,긴플린,1750,2019-11-18,,2026-09-30 19:06:02,지제전 절망 쌀먹해야되는데 무서워용,,https://cafe.naver.com/flynn,mysmallvtuber.net,2026-10-01T03:32:36Z
fanumydGE8qEMcxztVQS,이플린,,chzzk,bb09c3d77aedaee9c38144d106dd48dd,https://chzzk.naver.com/bb09c3d77aedaee9c38144d106dd48dd,이플린,6381,2019-11-18,,2026-09-30 19:06:02,지제전 절망 쌀먹해야되는데 무서워용,,https://cafe.naver.com/flynn,mysmallvtuber.net,2026-10-01T03:32:36Z
FksywLpu4QjPrmvgbRbd,샤메이,,youtube,UCjqii_QCCgL4znyTpfcnkkA,https://www.youtube.com/channel/UCjqii_QCCgL4znyTpfcnkkA,샤메이 Syamei,10900,2022-08-16,,2026-09-30 21:38:03,하와와JK쨩이에요 좀보이드서버에서 살아남기 1일차 #좀밍연고,syameionline,,mysmallvtuber.net,2026-10-01T03:32:36Z
FksywLpu4QjPrmvgbRbd,샤메이,,youtube,UCrlSawJA3yapykwkIY4qacQ,https://www.youtube.com/channel/UCrlSawJA3yapykwkIY4qacQ,샤메이 다시보기 Syamei Archive,1740,2022-08-16,,2026-09-30 21:38:03,하와와JK쨩이에요 좀보이드서버에서 살아남기 1일차 #좀밍연고,syameionline,,mysmallvtuber.net,2026-10-01T03:32:36Z
FksywLpu4QjPrmvgbRbd,샤메이,,chzzk,6d16804cf98da47ba82bd13c0c029723,https://chzzk.naver.com/6d16804cf98da47ba82bd13c0c029723,샤메이,27281,2022-08-16,,2026-09-30 21:38:03,하와와JK쨩이에요 좀보이드서버에서 살아남기 1일차 #좀밍연고,syameionline,,mysmallvtuber.net,2026-10-01T03:32:36Z
5qzvFEdxbmeArR2QAZyF,이토 제로,,youtube,UCRrLMTL9Sx-NnKyf-Jmx3eA,https://www.youtube.com/channel/UCRrLMTL9Sx-NnKyf-Jmx3eA,이토 제로 Ito zerror,1120,2025-09-18,,2026-09-30 23:35:04,[제롱데이/공겜] 사힐런트 신작 마무리하는 날!-!,Itozerror,https://cafe.naver.com/itozerror,mysmallvtuber.net,2026-10-01T03:32:36Z
5qzvFEdxbmeArR2QAZyF,이토 제로,,youtube,UCJBfb1Riss_l7Uyc7rTYWBQ,https://www.youtube.com/channel/UCJBfb1Riss_l7Uyc7rTYWBQ,이토 제롱,468,2025-09-18,,2026-09-30 23:35:04,[제롱데이/공겜] 사힐런트 신작 마무리하는 날!-!,Itozerror,https://cafe.naver.com/itozerror,mysmallvtuber.net,2026-10-01T03:32:36Z
5qzvFEdxbmeArR2QAZyF,이토 제로,,chzzk,1162f959f6cc26814d16f5d364d43a06,https://chzzk.naver.com/1162f959f6cc26814d16f5d364d43a06,이토 제로,3099,2025-09-18,,2026-09-30 23:35:04,[제롱데이/공겜] 사힐런트 신작 마무리하는 날!-!,Itozerror,https://cafe.naver.com/itozerror,mysmallvtuber.net,2026-10-01T03:32:36Z
yYBE7LfSBqNspWgHZZwY,세잠,,youtube,UCJmOvRpsDL5-nhhiMGYVK8w,https://www.youtube.com/channel/UCJmOvRpsDL5-nhhiMGYVK8w,세잠,6260,2025-03-05,,2026-09-30 19:29:03,1시 여우의 별자리 스토리 시작 >_<💦,,https://cafe.naver.com/3hoursleep,mysmallvtuber.net,2026-10-01T03:32:36Z
yYBE7LfSBqNspWgHZZwY,세잠,,youtube,UCTuWZvp_6TSrej3JFxioqdQ,https://www.youtube.com/channel/UCTuWZvp_6TSrej3JFxioqdQ,세잠 아카이브,887,2025-03-05,,2026-09-30 19:29:03,1시 여우의 별자리 스토리 시작 >_<💦,,https://cafe.naver.com/3hoursleep,mysmallvtuber.net,2026-10-01T03:32:36Z
yYBE7LfSBqNspWgHZZwY,세잠,,chzzk,09918cdeb675f93b76ab35ca5e1633af,https://chzzk.naver.com/09918cdeb675f93b76ab35ca5e1633af,세잠,3694,2025-03-05,,2026-09-30 19:29:03,1시 여우의 별자리 스토리 시작 >_<💦,,https://cafe.naver.com/3hoursleep,mysmallvtuber.net,2026-10-01T03:32:36Z
mdRNvcxMAb3QqbSXDcjD,독고뭐잉,,youtube,UCGZZEAreGIYUK54LRFOXHWQ,https://www.youtube.com/channel/UCGZZEAreGIYUK54LRFOXHWQ,밍슈 Miingshu,96,2025-03-17,,2026-09-30 13:53:03,밍밍밍밍 💙,,https://cafe.naver.com/shushushuba,mysmallvtuber.net,2026-10-01T03:32:36Z
mdRNvcxMAb3QqbSXDcjD,독고뭐잉,,chzzk,a74b18c39e149fc456e6194beada6c0f,https://chzzk.naver.com/a74b18c39e149fc456e6194beada6c0f,독고뭐잉,1025,2025-03-17,,2026-09-30 13:53:03,밍밍밍밍 💙,,https://cafe.naver.com/shushushuba,mysmallvtuber.net,2026-10-01T03:32:36Z
mX8XXf8Fx2ye8XQRS7Ld,이 늘,,youtube,UCUADBfdOKf5jhvlhADbgShQ,https://www.youtube.com/channel/UCUADBfdOKf5jhvlhADbgShQ,이늘,1110,,,2026-09-30 23:17:03,이늘식 영도데이 : 12시간 디펜스! (봉누도2 관련 가능) // 영도 끊길시 바로 게임하러감! 하핫!,,https://cafe.naver.com/pingz,mysmallvtuber.net,2026-10-01T03:32:36Z
mX8XXf8Fx2ye8XQRS7Ld,이 늘,,chzzk,1482d68b3478d2962e9d000ed6a33167,https://chzzk.naver.com/1482d68b3478d2962e9d000ed6a33167,이 늘,6693,,,2026-09-30 23:17:03,이늘식 영도데이 : 12시간 디펜스! (봉누도2 관련 가능) // 영도 끊길시 바로 게임하러감! 하핫!,,https://cafe.naver.com/pingz,mysmallvtuber.net,2026-10-01T03:32:36Z
fBEa44RmPb2Bu2favwRn,아쿠루,,youtube,UCe4SwGmyN6rN154PgCRJKlA,https://www.youtube.com/channel/UCe4SwGmyN6rN154PgCRJKlA,아쿠루 ch.,18500,2021-12-20,,2026-09-30 13:08:03,다시 태어난 아침 악마💀,Akuru_666,https://cafe.naver.com/isoropia,mysmallvtuber.net,2026-10-01T03:32:36Z
fBEa44RmPb2Bu2favwRn,아쿠루,,youtube,UC2qJ2uWAHnoeg1_Jn1tu15Q,https://www.youtube.com/channel/UC2qJ2uWAHnoeg1_Jn1tu15Q,아쿠루의 꽉찬A,889,2021-12-20,,2026-09-30 13:08:03,다시 태어난 아침 악마💀,Akuru_666,https://cafe.naver.com/isoropia,mysmallvtuber.net,2026-10-01T03:32:36Z
fBEa44RmPb2Bu2favwRn,아쿠루,,chzzk,78cc61cc55bb3fad7f027d717ce61630,https://chzzk.naver.com/78cc61cc55bb3fad7f027d717ce61630,아쿠루,11531,2021-12-20,,2026-09-30 13:08:03,다시 태어난 아침 악마💀,Akuru_666,https://cafe.naver.com/isoropia,mysmallvtuber.net,2026-10-01T03:32:36Z
vyx3FQ7X3vgFN5XXhpGM,스즈네 Suzune,Suzune,youtube,UCRcFS2Jvl0oJ-jhsY7vFIVQ,https://www.youtube.com/channel/UCRcFS2Jvl0oJ-jhsY7vFIVQ,Suzune Ch. 스즈네,2640,2023-02-04,,2026-09-30 13:18:02,[V]치이카와 보러가기 전 먼작귀 무료공개 같이보기,VirtualSuzune,https://discord.com/invite/TzMcFsNnAq,mysmallvtuber.net,2026-10-01T03:32:36Z
vyx3FQ7X3vgFN5XXhpGM,스즈네 Suzune,Suzune,youtube,UCcvRE-uYSwAnZGg0H3nfuMw,https://www.youtube.com/channel/UCcvRE-uYSwAnZGg0H3nfuMw,Suzune Archive,617,2023-02-04,,2026-09-30 13:18:02,[V]치이카와 보러가기 전 먼작귀 무료공개 같이보기,VirtualSuzune,https://discord.com/invite/TzMcFsNnAq,mysmallvtuber.net,2026-10-01T03:32:36Z
vyx3FQ7X3vgFN5XXhpGM,스즈네 Suzune,Suzune,chzzk,bbbcc4a89ad406826a1d0e4a74ad19cd,https://chzzk.naver.com/bbbcc4a89ad406826a1d0e4a74ad19cd,스즈네 Suzune,2187,2023-02-04,,2026-09-30 13:18:02,[V]치이카와 보러가기 전 먼작귀 무료공개 같이보기,VirtualSuzune,https://discord.com/invite/TzMcFsNnAq,mysmallvtuber.net,2026-10-01T03:32:36Z
JjUGeJcYpbjb624Fk9YT,롤체고찌,,youtube,UC1aBdmKvC6yAiq4xgPLOzKA,https://www.youtube.com/channel/UC1aBdmKvC6yAiq4xgPLOzKA,롤체고찌 [롤체하는 다마고찌],128000,2025-09-20,,2026-09-30 12:44:03,굿모닝 롤체 라디오 (ᐢ⑅•ᴗ•⑅ᐢ) 🍀,,https://cafe.naver.com/chessgozzi,mysmallvtuber.net,2026-10-01T03:32:36Z
JjUGeJcYpbjb624Fk9YT,롤체고찌,,youtube,UC5QQqPyVKx8v1Nf_wa8_NWg,https://www.youtube.com/channel/UC5QQqPyVKx8v1Nf_wa8_NWg,롱체고찌 [롤체고찌 다시보기],1420,2025-09-20,,2026-09-30 12:44:03,굿모닝 롤체 라디오 (ᐢ⑅•ᴗ•⑅ᐢ) 🍀,,https://cafe.naver.com/chessgozzi,mysmallvtuber.net,2026-10-01T03:32:36Z
JjUGeJcYpbjb624Fk9YT,롤체고찌,,chzzk,a10f2d5e29471eaca4b15f473548996e,https://chzzk.naver.com/a10f2d5e29471eaca4b15f473548996e,롤체고찌,10386,2025-09-20,,2026-09-30 12:44:03,굿모닝 롤체 라디오 (ᐢ⑅•ᴗ•⑅ᐢ) 🍀,,https://cafe.naver.com/chessgozzi,mysmallvtuber.net,2026-10-01T03:32:36Z
LQCNH55j52XQg85PFxBp,노랑새k,k,youtube,UCaJFowz3nXtqDe1o8p85HPg,https://www.youtube.com/channel/UCaJFowz3nXtqDe1o8p85HPg,노랑새,11100,2023-08-12,,2026-09-30 19:36:03,드롭스) 11시부터 여별 스토리 달리기!!!!!!!!!!!!!!!!!!!!!!!!!!💛,Norang_Bird,https://discord.com/invite/hR5Xj6DmfS,mysmallvtuber.net,2026-10-01T03:32:36Z
LQCNH55j52XQg85PFxBp,노랑새k,k,youtube,UCLeIpAEj4eDopbXbBnW4lFA,https://www.youtube.com/channel/UCLeIpAEj4eDopbXbBnW4lFA,노랑디오 [풀영상],1050,2023-08-12,,2026-09-30 19:36:03,드롭스) 11시부터 여별 스토리 달리기!!!!!!!!!!!!!!!!!!!!!!!!!!💛,Norang_Bird,https://discord.com/invite/hR5Xj6DmfS,mysmallvtuber.net,2026-10-01T03:32:36Z
LQCNH55j52XQg85PFxBp,노랑새k,k,chzzk,f11fe3d49f587cffed1fefdde44fe041,https://chzzk.naver.com/f11fe3d49f587cffed1fefdde44fe041,노랑새k,9117,2023-08-12,,2026-09-30 19:36:03,드롭스) 11시부터 여별 스토리 달리기!!!!!!!!!!!!!!!!!!!!!!!!!!💛,Norang_Bird,https://discord.com/invite/hR5Xj6DmfS,mysmallvtuber.net,2026-10-01T03:32:36Z
thECPnUZbs5FYCzMdXWT,한히나,,youtube,UC3iMADjQXTHQMbcxhawnA4w,https://www.youtube.com/channel/UC3iMADjQXTHQMbcxhawnA4w,한히나,527,2023-12-06,,2026-09-30 15:43:03,아침부터 롤 아시안게임 보러 온 사람 / 입중계,Haruno_Hinata_,https://cafe.naver.com/sharkhina,mysmallvtuber.net,2026-10-01T03:32:36Z
thECPnUZbs5FYCzMdXWT,한히나,,youtube,UCerCS5SzDtJVzsPH5E_bOIQ,https://www.youtube.com/channel/UCerCS5SzDtJVzsPH5E_bOIQ,히나의 일상,17,2023-12-06,,2026-09-30 15:43:03,아침부터 롤 아시안게임 보러 온 사람 / 입중계,Haruno_Hinata_,https://cafe.naver.com/sharkhina,mysmallvtuber.net,2026-10-01T03:32:36Z
thECPnUZbs5FYCzMdXWT,한히나,,soop,sharkhina,https://ch.sooplive.co.kr/sharkhina,한히나,1667,2023-12-06,,2026-09-30 15:43:03,아침부터 롤 아시안게임 보러 온 사람 / 입중계,Haruno_Hinata_,https://cafe.naver.com/sharkhina,mysmallvtuber.net,2026-10-01T03:32:36Z
JFp5RebCwuxGTRLJ2TKR,루리 아야카,,youtube,UCkRNsXosDEql33E3ekgbB2Q,https://www.youtube.com/channel/UCkRNsXosDEql33E3ekgbB2Q,루리 아야캬 瑠璃 あやか,330,2026-05-30,,2026-09-30 11:04:03,"[신입］지각 죄송하무니다ㅠ공지사항 전달하고, 니케 바니걸 이벤트 같이보기",Lurie_Ayaka0,https://cafe.naver.com/lurieayaka,mysmallvtuber.net,2026-10-01T03:32:36Z
JFp5RebCwuxGTRLJ2TKR,루리 아야카,,youtube,UCoXAU-CSgm7RosDTaglLCKg,https://www.youtube.com/channel/UCoXAU-CSgm7RosDTaglLCKg,아야카의 비밀창고,94,2026-05-30,,2026-09-30 11:04:03,"[신입］지각 죄송하무니다ㅠ공지사항 전달하고, 니케 바니걸 이벤트 같이보기",Lurie_Ayaka0,https://cafe.naver.com/lurieayaka,mysmallvtuber.net,2026-10-01T03:32:36Z
JFp5RebCwuxGTRLJ2TKR,루리 아야카,,chzzk,ee2d75e01aeaac998017817f7b263c09,https://chzzk.naver.com/ee2d75e01aeaac998017817f7b263c09,루리 아야카,724,2026-05-30,,2026-09-30 11:04:03,"[신입］지각 죄송하무니다ㅠ공지사항 전달하고, 니케 바니걸 이벤트 같이보기",Lurie_Ayaka0,https://cafe.naver.com/lurieayaka,mysmallvtuber.net,2026-10-01T03:32:36Z
hvX2aMhXV56XzXydGCsr,ㅎㄹㄹㅎㄹㄹ,,youtube,UCYjx0U22SkRH4ENX-oKc_yw,https://www.youtube.com/channel/UCYjx0U22SkRH4ENX-oKc_yw,ㅎㄹㄹ,3660,2025-05-26,,2026-09-30 13:22:02,스팀 신작 공겜 실종된 소녀의 노트북을 주웠습니다,,https://cafe.naver.com/hrrhrr,mysmallvtuber.net,2026-10-01T03:32:36Z
hvX2aMhXV56XzXydGCsr,ㅎㄹㄹㅎㄹㄹ,,youtube,UCq34TX7ucXB3UrqUzaEopEQ,https://www.youtube.com/channel/UCq34TX7ucXB3UrqUzaEopEQ,호로롱,152,2025-05-26,,2026-09-30 13:22:02,스팀 신작 공겜 실종된 소녀의 노트북을 주웠습니다,,https://cafe.naver.com/hrrhrr,mysmallvtuber.net,2026-10-01T03:32:36Z
hvX2aMhXV56XzXydGCsr,ㅎㄹㄹㅎㄹㄹ,,chzzk,733ac918d624f6034f8786efc318e433,https://chzzk.naver.com/733ac918d624f6034f8786efc318e433,ㅎㄹㄹㅎㄹㄹ,6172,2025-05-26,,2026-09-30 13:22:02,스팀 신작 공겜 실종된 소녀의 노트북을 주웠습니다,,https://cafe.naver.com/hrrhrr,mysmallvtuber.net,2026-10-01T03:32:36Z
xeVNtYRFgnvTSTNmNtnU,어츄,,chzzk,568c1f0a86448b075ac7ff597c407b88,https://chzzk.naver.com/568c1f0a86448b075ac7ff597c407b88,어츄,1669,2025-02-20,,2026-09-30 14:14:02,감기이슈로인한입꾹닫롤.브론즈1가겟읍니다.,,https://cafe.naver.com/ahchuddangkong2,mysmallvtuber.net,2026-10-01T03:32:36Z
FsFQf4c2DWwjbGReUKSe,소히 SOHEE,SOHEE,youtube,UChEejxuuRu15AaVBV5kkM0g,https://www.youtube.com/channel/UChEejxuuRu15AaVBV5kkM0g,소히SOHEE,45100,2020-10-02,,2026-09-30 09:15:05,아침지각이다💦,soheebibi,https://cafe.naver.com/sorang2sorang,mysmallvtuber.net,2026-10-01T03:32:36Z
FsFQf4c2DWwjbGReUKSe,소히 SOHEE,SOHEE,youtube,UC60I6QRpLZm79PgKJWi_wzQ,https://www.youtube.com/channel/UC60I6QRpLZm79PgKJWi_wzQ,소히데워먹기 [archive],1540,2020-10-02,,2026-09-30 09:15:05,아침지각이다💦,soheebibi,https://cafe.naver.com/sorang2sorang,mysmallvtuber.net,2026-10-01T03:32:36Z
FsFQf4c2DWwjbGReUKSe,소히 SOHEE,SOHEE,chzzk,288f7aafe3877bb18a4aacced0467667,https://chzzk.naver.com/288f7aafe3877bb18a4aacced0467667,소히 SOHEE,6520,2020-10-02,,2026-09-30 09:15:05,아침지각이다💦,soheebibi,https://cafe.naver.com/sorang2sorang,mysmallvtuber.net,2026-10-01T03:32:36Z
jFzMqR2jFtSUjd29U5g6,백소라♪,,soop,whitesora,https://ch.sooplive.co.kr/whitesora,백소라♪,1223,2025-08-02,,2026-09-30 08:38:02,하우투피싱 업데이트 맛 뵈기 w.김솜냐 [ !룰렛 방셀 Oㅣ즐찾 노래 ],,,mysmallvtuber.net,2026-10-01T03:32:36Z
mnVLnDhtSxPGAewJ7KcM,도화비,,youtube,UCYNFG4jEDt-W6_DwVErEIhQ,https://www.youtube.com/channel/UCYNFG4jEDt-W6_DwVErEIhQ,도화비 DoHwaBi,62,2024-02-29,,2026-09-30 03:20:04,치이카와[먼작귀] 보고싶어서 씻구 먹을거 챙겨서 와따! 먹을거 먹으면서 편하게 보기!,Do77HBi_DoHwaBi,https://cafe.naver.com/exceptionalstudio,mysmallvtuber.net,2026-10-01T03:32:36Z
mnVLnDhtSxPGAewJ7KcM,도화비,,youtube,UCA_3FVoNoJbtxXzLXg7ZV0g,https://www.youtube.com/channel/UCA_3FVoNoJbtxXzLXg7ZV0g,도겜비 다시보기,190,2024-02-29,,2026-09-30 03:20:04,치이카와[먼작귀] 보고싶어서 씻구 먹을거 챙겨서 와따! 먹을거 먹으면서 편하게 보기!,Do77HBi_DoHwaBi,https://cafe.naver.com/exceptionalstudio,mysmallvtuber.net,2026-10-01T03:32:36Z
mnVLnDhtSxPGAewJ7KcM,도화비,,chzzk,b2382c5940fe09f71f6de5a740d2de2b,https://chzzk.naver.com/b2382c5940fe09f71f6de5a740d2de2b,도화비,2044,2024-02-29,,2026-09-30 03:20:04,치이카와[먼작귀] 보고싶어서 씻구 먹을거 챙겨서 와따! 먹을거 먹으면서 편하게 보기!,Do77HBi_DoHwaBi,https://cafe.naver.com/exceptionalstudio,mysmallvtuber.net,2026-10-01T03:32:36Z
eJgptczTJkJX7qSndHgb,채화사,,chzzk,5731f33ae59e0f114a3f7d0d512bd30b,https://chzzk.naver.com/5731f33ae59e0f114a3f7d0d512bd30b,채화사,490,,,2026-09-30 04:53:03,🌐 림버스 10장! 한번 즐겨봅시다~! 🎤🎵,Chae_Hwasa,,mysmallvtuber.net,2026-10-01T03:32:36Z
cx3FftDjdafeeeveHLjE,츠밍,,youtube,UCxiv0RT5rzfEIZ4zZFDMAtw,https://www.youtube.com/channel/UCxiv0RT5rzfEIZ4zZFDMAtw,츠밍,55100,2022-05-16,,2026-09-30 01:52:02,에반게리온 힐링물 아니였어요?,Tsuming00,https://cafe.naver.com/tsuming,mysmallvtuber.net,2026-10-01T03:32:36Z
cx3FftDjdafeeeveHLjE,츠밍,,chzzk,f638e750b76165c23e4f1530c166df1a,https://chzzk.naver.com/f638e750b76165c23e4f1530c166df1a,츠밍,38386,2022-05-16,,2026-09-30 01:52:02,에반게리온 힐링물 아니였어요?,Tsuming00,https://cafe.naver.com/tsuming,mysmallvtuber.net,2026-10-01T03:32:36Z
ctYG3MnRhJ337YrbdcLK,수잔 헌트,,youtube,UCIxEISaj_fDWmWsCVEcwgOw,https://www.youtube.com/channel/UCIxEISaj_fDWmWsCVEcwgOw,수잔 헌트,5640,2024-04-27,,2026-09-30 02:15:05,[3DIO ASMR] 서방님 제 무릎에 누우셔요 🌸,susan_hunt_,https://cafe.naver.com/tnwksdlqslek,mysmallvtuber.net,2026-10-01T03:32:36Z
ctYG3MnRhJ337YrbdcLK,수잔 헌트,,youtube,UCDKsE1GsaV23dCm7cV3A26Q,https://www.youtube.com/channel/UCDKsE1GsaV23dCm7cV3A26Q,수잔 헌트 아카이브,5370,2024-04-27,,2026-09-30 02:15:05,[3DIO ASMR] 서방님 제 무릎에 누우셔요 🌸,susan_hunt_,https://cafe.naver.com/tnwksdlqslek,mysmallvtuber.net,2026-10-01T03:32:36Z
ctYG3MnRhJ337YrbdcLK,수잔 헌트,,chzzk,7954e98ff81b6e4b85d9321aa6286c46,https://chzzk.naver.com/7954e98ff81b6e4b85d9321aa6286c46,수잔 헌트,5401,2024-04-27,,2026-09-30 02:15:05,[3DIO ASMR] 서방님 제 무릎에 누우셔요 🌸,susan_hunt_,https://cafe.naver.com/tnwksdlqslek,mysmallvtuber.net,2026-10-01T03:32:36Z
JaMN37s4zDsbmEEhMTYc,모이로 냐아,,youtube,UCvc7M6783PaUmLkqbMdXnVA,https://www.youtube.com/channel/UCvc7M6783PaUmLkqbMdXnVA,모이로 냐아 MOIRO NYAA,1070,2025-12-27,,2026-09-30 01:58:02,아스므랄 후 코롱이랑 잡담,moironyaa,https://cafe.naver.com/moironya,mysmallvtuber.net,2026-10-01T03:32:36Z
JaMN37s4zDsbmEEhMTYc,모이로 냐아,,youtube,UCi81W7g437jxm8gdRx_UJjA,https://www.youtube.com/channel/UCi81W7g437jxm8gdRx_UJjA,다시보냐아,57,2025-12-27,,2026-09-30 01:58:02,아스므랄 후 코롱이랑 잡담,moironyaa,https://cafe.naver.com/moironya,mysmallvtuber.net,2026-10-01T03:32:36Z
JaMN37s4zDsbmEEhMTYc,모이로 냐아,,chzzk,9d04682bfb43e37a4c058e7e5c1386e3,https://chzzk.naver.com/9d04682bfb43e37a4c058e7e5c1386e3,모이로 냐아,1303,2025-12-27,,2026-09-30 01:58:02,아스므랄 후 코롱이랑 잡담,moironyaa,https://cafe.naver.com/moironya,mysmallvtuber.net,2026-10-01T03:32:36Z
enhP93h5vmvPR7Kxw7AQ,우사미 미유,,youtube,UCV35vdFxb1TxfBhZ_t37Zlw,https://www.youtube.com/channel/UCV35vdFxb1TxfBhZ_t37Zlw,Usami Miyu Ch. 宇佐美ミユ,915,2022-12-24,,2026-09-30 05:12:03,대검이랑 슬래시액스 쓰고 싶은데 어떻게 써야할지 아직 아무것도 몰라서 일단 들기만 신입 헌터,Miyu_Usami,https://discord.com/invite/G8aYubAHBH,mysmallvtuber.net,2026-10-01T03:32:36Z
enhP93h5vmvPR7Kxw7AQ,우사미 미유,,chzzk,dac66ac2fc9b0d075ca026b136341570,https://chzzk.naver.com/dac66ac2fc9b0d075ca026b136341570,우사미 미유,4833,2022-12-24,,2026-09-30 05:12:03,대검이랑 슬래시액스 쓰고 싶은데 어떻게 써야할지 아직 아무것도 몰라서 일단 들기만 신입 헌터,Miyu_Usami,https://discord.com/invite/G8aYubAHBH,mysmallvtuber.net,2026-10-01T03:32:36Z
SMrSHBp8e3rTgGdTVp7X,도라대장,,youtube,UC8OwHlqauexxgY9X0iwh4zA,https://www.youtube.com/channel/UC8OwHlqauexxgY9X0iwh4zA,도라대장,13600,2020-03-10,,2026-09-29 23:47:03,오사카 와서도 방송,captain_dora,https://cafe.naver.com/captaindora,mysmallvtuber.net,2026-10-01T03:32:36Z
SMrSHBp8e3rTgGdTVp7X,도라대장,,youtube,UCWpVWZ-KgPf0LAby1uCmidw,https://www.youtube.com/channel/UCWpVWZ-KgPf0LAby1uCmidw,R.도라다시,1480,2020-03-10,,2026-09-29 23:47:03,오사카 와서도 방송,captain_dora,https://cafe.naver.com/captaindora,mysmallvtuber.net,2026-10-01T03:32:36Z
SMrSHBp8e3rTgGdTVp7X,도라대장,,chzzk,934945011c0ed0da3ed719a349d3ba66,https://chzzk.naver.com/934945011c0ed0da3ed719a349d3ba66,도라대장,10475,2020-03-10,,2026-09-29 23:47:03,오사카 와서도 방송,captain_dora,https://cafe.naver.com/captaindora,mysmallvtuber.net,2026-10-01T03:32:36Z
CNKjcbp9wdKFd4wuM4PM,시로우미 미루루,,youtube,UC0ku1TXwKCLuRvwUfQGRogQ,https://www.youtube.com/channel/UC0ku1TXwKCLuRvwUfQGRogQ,Miruru Ch. 시로우미 미루루ASMR,5880,,,2026-09-30 01:29:03,【黑3DIO / ASMR】 잠들지 못한 인간님이 찾아온 루루의 수면외래 | 수면검사 ASMR,SiroumiMiruru,https://cafe.naver.com/rurudrug,mysmallvtuber.net,2026-10-01T03:32:36Z
CNKjcbp9wdKFd4wuM4PM,시로우미 미루루,,chzzk,3e4cec21aa539da475b12e6f294ee766,https://chzzk.naver.com/3e4cec21aa539da475b12e6f294ee766,시로우미 미루루,2978,,,2026-09-30 01:29:03,【黑3DIO / ASMR】 잠들지 못한 인간님이 찾아온 루루의 수면외래 | 수면검사 ASMR,SiroumiMiruru,https://cafe.naver.com/rurudrug,mysmallvtuber.net,2026-10-01T03:32:36Z
Zd9FsfsSEsQntdJUVJEC,예시니랑,,youtube,UChsMGKjUlVZE99LvUK3lIbg,https://www.youtube.com/channel/UChsMGKjUlVZE99LvUK3lIbg,예시니랑,304,2021-08-11,,2026-09-30 01:58:02,☪︎ 유부녀 방송에 대하여 ☪︎,yesini_rang,https://cafe.naver.com/yerang0811,mysmallvtuber.net,2026-10-01T03:32:36Z
Zd9FsfsSEsQntdJUVJEC,예시니랑,,youtube,UCqqHe1mNmSoZX7nJ6PcoV7A,https://www.youtube.com/channel/UCqqHe1mNmSoZX7nJ6PcoV7A,긴예랑 채널,5,2021-08-11,,2026-09-30 01:58:02,☪︎ 유부녀 방송에 대하여 ☪︎,yesini_rang,https://cafe.naver.com/yerang0811,mysmallvtuber.net,2026-10-01T03:32:36Z
Zd9FsfsSEsQntdJUVJEC,예시니랑,,chzzk,d12d2b4321e2a1b0de5f0a3d49e45a57,https://chzzk.naver.com/d12d2b4321e2a1b0de5f0a3d49e45a57,예시니랑,1184,2021-08-11,,2026-09-30 01:58:02,☪︎ 유부녀 방송에 대하여 ☪︎,yesini_rang,https://cafe.naver.com/yerang0811,mysmallvtuber.net,2026-10-01T03:32:36Z
bkQEnmxhhg52mkmJU8yY,롱비 Rongbi,Rongbi,chzzk,adc415be8cfb79044395e664db4e2e45,https://chzzk.naver.com/adc415be8cfb79044395e664db4e2e45,롱비 Rongbi,172,2026-01-30,,2026-09-30 01:55:05,!방송 79일차! 아안녕 안녕 좋은 밤,Rongbi_vtuber,,mysmallvtuber.net,2026-10-01T03:32:36Z
3Zx9cJwFUZzeZbsJJBpd,이새난,,youtube,UCf1DklM5kyvJz4VyCDSQmTA,https://www.youtube.com/channel/UCf1DklM5kyvJz4VyCDSQmTA,이새난 YouTube,6340,2022-01-09,,2026-09-30 01:57:02,💠사라진 명절 연휴 |•'-'•)و✧,Senan_Note,https://discord.com/invite/YXnZ4wJCwh,mysmallvtuber.net,2026-10-01T03:32:36Z
3Zx9cJwFUZzeZbsJJBpd,이새난,,chzzk,b48485e5e917f5f5896fdf89b1f48c9f,https://chzzk.naver.com/b48485e5e917f5f5896fdf89b1f48c9f,이새난,2838,2022-01-09,,2026-09-30 01:57:02,💠사라진 명절 연휴 |•'-'•)و✧,Senan_Note,https://discord.com/invite/YXnZ4wJCwh,mysmallvtuber.net,2026-10-01T03:32:36Z
MHe4FmcV47Aa4E9jNsvU,채준 ChaeJun L,ChaeJun L,youtube,UCT1FHrwP0BqYoRSoz_aY3Qg,https://www.youtube.com/channel/UCT1FHrwP0BqYoRSoz_aY3Qg,이채준_ChaeJun,29,2025-03-15,,2026-09-29 23:30:03,"[D!] 하루의 끝 | 🧭 바다와 약속, 그리고 채이너",ChaeJun_L,,mysmallvtuber.net,2026-10-01T03:32:36Z
MHe4FmcV47Aa4E9jNsvU,채준 ChaeJun L,ChaeJun L,chzzk,58d67e6b2157dd8cfe7c2f09c702670e,https://chzzk.naver.com/58d67e6b2157dd8cfe7c2f09c702670e,채준 ChaeJun L,113,2025-03-15,,2026-09-29 23:30:03,"[D!] 하루의 끝 | 🧭 바다와 약속, 그리고 채이너",ChaeJun_L,,mysmallvtuber.net,2026-10-01T03:32:36Z
mFjT7zHdQSmPSsY9JeD9,채우 ChaeWoo,ChaeWoo,youtube,UCg-RF6ZlnldSycuKSUi7ulw,https://www.youtube.com/channel/UCg-RF6ZlnldSycuKSUi7ulw,이채우_ChaeWoo,31,2025-03-15,,2026-09-29 23:28:02,[D!] 화요일 어떻게 보냈어요?,,,mysmallvtuber.net,2026-10-01T03:32:36Z
mFjT7zHdQSmPSsY9JeD9,채우 ChaeWoo,ChaeWoo,chzzk,4514463ca2de9d167b970454e9e51513,https://chzzk.naver.com/4514463ca2de9d167b970454e9e51513,채우 ChaeWoo,54,2025-03-15,,2026-09-29 23:28:02,[D!] 화요일 어떻게 보냈어요?,,,mysmallvtuber.net,2026-10-01T03:32:36Z
krm9UnnywYvByYJYKeGL,한작희,,youtube,UCYPxb8PLl_AxPjAF8nUf1dw,https://www.youtube.com/channel/UCYPxb8PLl_AxPjAF8nUf1dw,한작희 JAKHEE,381,2024-02-24,,2026-09-29 23:28:02,해명끝났습니다🦊🌺,jakheeyam,https://cafe.naver.com/vpik,mysmallvtuber.net,2026-10-01T03:32:36Z
krm9UnnywYvByYJYKeGL,한작희,,youtube,UCI9icvJgFkeIIzuladz1WOQ,https://www.youtube.com/channel/UCI9icvJgFkeIIzuladz1WOQ,두작희 채널,53,2024-02-24,,2026-09-29 23:28:02,해명끝났습니다🦊🌺,jakheeyam,https://cafe.naver.com/vpik,mysmallvtuber.net,2026-10-01T03:32:36Z
krm9UnnywYvByYJYKeGL,한작희,,chzzk,356301b927585e2a88ce475882049ca0,https://chzzk.naver.com/356301b927585e2a88ce475882049ca0,한작희,804,2024-02-24,,2026-09-29 23:28:02,해명끝났습니다🦊🌺,jakheeyam,https://cafe.naver.com/vpik,mysmallvtuber.net,2026-10-01T03:32:36Z
5F8BsGg3XszJPPXhk5Ms,미네이션 미미,,youtube,UCil3rYSAwpQFxHqMITrb5Jw,https://www.youtube.com/channel/UCil3rYSAwpQFxHqMITrb5Jw,미네이션 미미,1500,2023-12-31,,2026-09-30 01:16:03,싹둑 💇‍♀️,mi_miwt,https://cafe.naver.com/mination,mysmallvtuber.net,2026-10-01T03:32:36Z
5F8BsGg3XszJPPXhk5Ms,미네이션 미미,,chzzk,15e35c57757dfa3315eee6d13191d13c,https://chzzk.naver.com/15e35c57757dfa3315eee6d13191d13c,미네이션 미미,2786,2023-12-31,,2026-09-30 01:16:03,싹둑 💇‍♀️,mi_miwt,https://cafe.naver.com/mination,mysmallvtuber.net,2026-10-01T03:32:36Z
D3TvQnf8TJQDwXCwHWVM,땽땽,,youtube,UC_W9usEqzkpuvNMYRE5PNUg,https://www.youtube.com/channel/UC_W9usEqzkpuvNMYRE5PNUg,땽땽,210,2024-12-13,,2026-09-30 07:24:03,🐻 발로란트 재활 드가자잇... 🐻,,https://cafe.naver.com/ddnut,mysmallvtuber.net,2026-10-01T03:32:36Z
D3TvQnf8TJQDwXCwHWVM,땽땽,,youtube,UCPe7Yl3Xm2sx4DjyTofNYLw,https://www.youtube.com/channel/UCPe7Yl3Xm2sx4DjyTofNYLw,땽땽한 다시보기,15,2024-12-13,,2026-09-30 07:24:03,🐻 발로란트 재활 드가자잇... 🐻,,https://cafe.naver.com/ddnut,mysmallvtuber.net,2026-10-01T03:32:36Z
D3TvQnf8TJQDwXCwHWVM,땽땽,,chzzk,e11eb90cdeaead6cc22fd03779373c5a,https://chzzk.naver.com/e11eb90cdeaead6cc22fd03779373c5a,땽땽,1398,2024-12-13,,2026-09-30 07:24:03,🐻 발로란트 재활 드가자잇... 🐻,,https://cafe.naver.com/ddnut,mysmallvtuber.net,2026-10-01T03:32:36Z
rVQGssAeAD2GYC7Xaq9r,투미츠,,youtube,UCBtDgY-qAmarm8NiXvEBzXA,https://www.youtube.com/channel/UCBtDgY-qAmarm8NiXvEBzXA,미츠의 보석함,1190,2020-01-30,,2026-09-30 01:06:02,[BIP 연습생] 숙제숙제숙제숙제숙제숙제숙제 💖,xndb004,https://cafe.naver.com/toomits,mysmallvtuber.net,2026-10-01T03:32:36Z
rVQGssAeAD2GYC7Xaq9r,투미츠,,soop,xnalcm004,https://ch.sooplive.co.kr/xnalcm004,투미츠,4150,2020-01-30,,2026-09-30 01:06:02,[BIP 연습생] 숙제숙제숙제숙제숙제숙제숙제 💖,xndb004,https://cafe.naver.com/toomits,mysmallvtuber.net,2026-10-01T03:32:36Z
qXtcmbSx3F26h4suJVwb,세 츠린,,youtube,UCUpRtETAiIgIzK-DvsqvApA,https://www.youtube.com/channel/UCUpRtETAiIgIzK-DvsqvApA,세츠린,1210,2023-11-18,,2026-09-29 23:41:03,내일 출근 해달라고 연락이 왔다...헤일리 테마극장을 우선 보기,Setsurin_Vtuber,,mysmallvtuber.net,2026-10-01T03:32:36Z
qXtcmbSx3F26h4suJVwb,세 츠린,,chzzk,55b869d787c9298c6497b9ab72da023b,https://chzzk.naver.com/55b869d787c9298c6497b9ab72da023b,세 츠린,869,2023-11-18,,2026-09-29 23:41:03,내일 출근 해달라고 연락이 왔다...헤일리 테마극장을 우선 보기,Setsurin_Vtuber,,mysmallvtuber.net,2026-10-01T03:32:36Z
ej83s6tJe8PSHwburnYt,양담비,,youtube,UCnT61UeHmEyCCanr9c-lGEw,https://www.youtube.com/channel/UCnT61UeHmEyCCanr9c-lGEw,양담비 YangDambi,1150,2022-07-01,,2026-09-30 01:37:03,나 명탐정 강림 💭,Yangdambi_,https://cafe.naver.com/luminia,mysmallvtuber.net,2026-10-01T03:32:36Z
ej83s6tJe8PSHwburnYt,양담비,,youtube,UC2MgllF_5RR-bsgF1HLdg_A,https://www.youtube.com/channel/UC2MgllF_5RR-bsgF1HLdg_A,양담비 다시보기,160,2022-07-01,,2026-09-30 01:37:03,나 명탐정 강림 💭,Yangdambi_,https://cafe.naver.com/luminia,mysmallvtuber.net,2026-10-01T03:32:36Z
ej83s6tJe8PSHwburnYt,양담비,,chzzk,21e45f2d67f33b783e58a0823ac43d2b,https://chzzk.naver.com/21e45f2d67f33b783e58a0823ac43d2b,양담비,3025,2022-07-01,,2026-09-30 01:37:03,나 명탐정 강림 💭,Yangdambi_,https://cafe.naver.com/luminia,mysmallvtuber.net,2026-10-01T03:32:36Z
3uqa5cfMnNZ5nhyrCVpW,파피푸 페포,,chzzk,3a8b3fda88cec6b17c7923b77491fedc,https://chzzk.naver.com/3a8b3fda88cec6b17c7923b77491fedc,파피푸 페포,488,2025-11-15,,2026-09-30 00:48:03,૮ ˙Ⱉ˙ ა,peporang129,,mysmallvtuber.net,2026-10-01T03:32:36Z
pnaBb5my9UrBfP96gjNL,민네,,youtube,UC27ZzCg6hvUGUTfhR_Dp23Q,https://www.youtube.com/channel/UC27ZzCg6hvUGUTfhR_Dp23Q,민네 Minne,18000,2023-07-06,,2026-09-30 01:42:03,정말 이런 거 그만 좋아하고 싶다💔,MinneVT,https://cafe.naver.com/minnespaceship,mysmallvtuber.net,2026-10-01T03:32:36Z
pnaBb5my9UrBfP96gjNL,민네,,youtube,UCutTrr9QN9qDjxPrtZvPlog,https://www.youtube.com/channel/UCutTrr9QN9qDjxPrtZvPlog,Minne ASMR,37900,2023-07-06,,2026-09-30 01:42:03,정말 이런 거 그만 좋아하고 싶다💔,MinneVT,https://cafe.naver.com/minnespaceship,mysmallvtuber.net,2026-10-01T03:32:36Z
pnaBb5my9UrBfP96gjNL,민네,,chzzk,dd3f969930648997b95c222776e38172,https://chzzk.naver.com/dd3f969930648997b95c222776e38172,민네,10920,2023-07-06,,2026-09-30 01:42:03,정말 이런 거 그만 좋아하고 싶다💔,MinneVT,https://cafe.naver.com/minnespaceship,mysmallvtuber.net,2026-10-01T03:32:36Z
f8NWLWPPrgfHYdDKtxPR,사케나리,,youtube,UClT7w5VLJDPivTTgfMCPN1w,https://www.youtube.com/channel/UClT7w5VLJDPivTTgfMCPN1w,사케나리 Music,335,2022-10-19,,2026-09-29 22:05:04,(talk) 나는 석두와 한 몸이 된다,Vtuber_Sakenari,https://discord.com/invite/MfpZrbcXeU,mysmallvtuber.net,2026-10-01T03:32:36Z
f8NWLWPPrgfHYdDKtxPR,사케나리,,youtube,UC8r0FYuLsakbenAFK8fFJmA,https://www.youtube.com/channel/UC8r0FYuLsakbenAFK8fFJmA,사케나리의 숙취해소,89,2022-10-19,,2026-09-29 22:05:04,(talk) 나는 석두와 한 몸이 된다,Vtuber_Sakenari,https://discord.com/invite/MfpZrbcXeU,mysmallvtuber.net,2026-10-01T03:32:36Z
f8NWLWPPrgfHYdDKtxPR,사케나리,,chzzk,fe5ae41844b843f3bac8dfe3a6eff347,https://chzzk.naver.com/fe5ae41844b843f3bac8dfe3a6eff347,사케나리,390,2022-10-19,,2026-09-29 22:05:04,(talk) 나는 석두와 한 몸이 된다,Vtuber_Sakenari,https://discord.com/invite/MfpZrbcXeU,mysmallvtuber.net,2026-10-01T03:32:36Z
6xbK8NcAxEd5L6cbq3Av,요아케노 나나시,,youtube,UCHQ6tPf_RjrZBqBT0na1K2g,https://www.youtube.com/channel/UCHQ6tPf_RjrZBqBT0na1K2g,나나시의 노래저장고,692,2025-02-11,,2026-09-29 22:36:03,36시간 무수면 만취 노래방 줴줴이야..,nanashi_chzzk,https://cafe.naver.com/nanashi,mysmallvtuber.net,2026-10-01T03:32:36Z
6xbK8NcAxEd5L6cbq3Av,요아케노 나나시,,chzzk,e500ce8da6637e4b7ee255709ddb3ffe,https://chzzk.naver.com/e500ce8da6637e4b7ee255709ddb3ffe,요아케노 나나시,12839,2025-02-11,,2026-09-29 22:36:03,36시간 무수면 만취 노래방 줴줴이야..,nanashi_chzzk,https://cafe.naver.com/nanashi,mysmallvtuber.net,2026-10-01T03:32:36Z
eCUyQNHfxdTdm5gAQsgD,라프사,,youtube,UC8IcZaffl2Ihgv5cehnWKkw,https://www.youtube.com/channel/UC8IcZaffl2Ihgv5cehnWKkw,라프사,20000,2020-12-20,,2026-09-30 01:59:02,[띵엘표류기] 못나가면 메이드복 못나가면 메이드복 못나가면 메이드복 못나가면 메이드복 못나가면 메이드복 못나가면 메이드복 못나가면 메이드복 못나가면 메이드복 못나가면 메이드 !디코,Lap_sa_,https://hez.gg/fan-city/3TyEyImByL5aBayak3rG,mysmallvtuber.net,2026-10-01T03:32:36Z
eCUyQNHfxdTdm5gAQsgD,라프사,,chzzk,6b87563949cc1243ed13201464c9df5e,https://chzzk.naver.com/6b87563949cc1243ed13201464c9df5e,라프사,2459,2020-12-20,,2026-09-30 01:59:02,[띵엘표류기] 못나가면 메이드복 못나가면 메이드복 못나가면 메이드복 못나가면 메이드복 못나가면 메이드복 못나가면 메이드복 못나가면 메이드복 못나가면 메이드복 못나가면 메이드 !디코,Lap_sa_,https://hez.gg/fan-city/3TyEyImByL5aBayak3rG,mysmallvtuber.net,2026-10-01T03:32:36Z
MXhATgF9HxxsAzCL6zvG,코미야미,,soop,kkomiyami,https://ch.sooplive.co.kr/kkomiyami,코미야미,1126,,,2026-09-30 00:14:03,초초짧뱅 카페탐방하긔 💜 (42/442 룰렛),,,mysmallvtuber.net,2026-10-01T03:32:36Z
z5XPb9DHLSyW6yddujwg,아이노 에리,,youtube,UC-LNQa4_l6-c6EHfoETLuWQ,https://www.youtube.com/channel/UC-LNQa4_l6-c6EHfoETLuWQ,아이노 에리,514,2024-08-11,,2026-09-30 02:30:03,【 모험의 마을 】 오늘은 잔잔하게 모험해요오 ପ(๑•ᴗ•๑)ଓ ☁️,AinoErie,https://cafe.naver.com/serionn,mysmallvtuber.net,2026-10-01T03:32:36Z
z5XPb9DHLSyW6yddujwg,아이노 에리,,youtube,UCg1d7Nf0NGllHqNOnExwl3w,https://www.youtube.com/channel/UCg1d7Nf0NGllHqNOnExwl3w,아이노 에리 다시보기,313,2024-08-11,,2026-09-30 02:30:03,【 모험의 마을 】 오늘은 잔잔하게 모험해요오 ପ(๑•ᴗ•๑)ଓ ☁️,AinoErie,https://cafe.naver.com/serionn,mysmallvtuber.net,2026-10-01T03:32:36Z
z5XPb9DHLSyW6yddujwg,아이노 에리,,chzzk,4a08704e0c809f0e3017c3b4aacc17f3,https://chzzk.naver.com/4a08704e0c809f0e3017c3b4aacc17f3,아이노 에리,452,2024-08-11,,2026-09-30 02:30:03,【 모험의 마을 】 오늘은 잔잔하게 모험해요오 ପ(๑•ᴗ•๑)ଓ ☁️,AinoErie,https://cafe.naver.com/serionn,mysmallvtuber.net,2026-10-01T03:32:36Z
nuGreVwPzSrpX4Ec4Kp2,도쿠다,,youtube,UCU5689kyf7mfQP9kWeHXO7g,https://www.youtube.com/channel/UCU5689kyf7mfQP9kWeHXO7g,도쿠다 DOKUDA,232,2025-01-20,,2026-09-29 22:59:03,쟤네지금위기입니다(도쿠다말고),Dr_DOKUDA,https://cafe.naver.com/dokuda,mysmallvtuber.net,2026-10-01T03:32:36Z
nuGreVwPzSrpX4Ec4Kp2,도쿠다,,chzzk,09ab5a820633bb87ab008bef322ab77d,https://chzzk.naver.com/09ab5a820633bb87ab008bef322ab77d,도쿠다,375,2025-01-20,,2026-09-29 22:59:03,쟤네지금위기입니다(도쿠다말고),Dr_DOKUDA,https://cafe.naver.com/dokuda,mysmallvtuber.net,2026-10-01T03:32:36Z
RG46Cfxj57V4tXeEFvP9,레다 LeDA,LeDA,youtube,UC6y3Hyqkh1nUz8CMibWam-w,https://www.youtube.com/channel/UC6y3Hyqkh1nUz8CMibWam-w,레다 LeDA,6920,2025-01-11,,2026-09-29 23:09:03,감기 조심 하세요~,Leda_sw_,https://cafe.naver.com/g9g9fancafe,mysmallvtuber.net,2026-10-01T03:32:36Z
RG46Cfxj57V4tXeEFvP9,레다 LeDA,LeDA,chzzk,fab43b20c3bb5a106d8481defda881be,https://chzzk.naver.com/fab43b20c3bb5a106d8481defda881be,레다 LeDA,2351,2025-01-11,,2026-09-29 23:09:03,감기 조심 하세요~,Leda_sw_,https://cafe.naver.com/g9g9fancafe,mysmallvtuber.net,2026-10-01T03:32:36Z
gCCtHzuvP43ArJaxYxPQ,올빰이,,youtube,UCzThWGnoy839sTJsg_3j9xw,https://www.youtube.com/channel/UCzThWGnoy839sTJsg_3j9xw,올빰이,525,,,2026-09-29 21:30:02,그동안 고마워써~🎓💐,olppami_OvO,https://cafe.naver.com/olppamishack,mysmallvtuber.net,2026-10-01T03:32:36Z
gCCtHzuvP43ArJaxYxPQ,올빰이,,chzzk,c9dc205ac495d296638327c6ae471a65,https://chzzk.naver.com/c9dc205ac495d296638327c6ae471a65,올빰이,674,,,2026-09-29 21:30:02,그동안 고마워써~🎓💐,olppami_OvO,https://cafe.naver.com/olppamishack,mysmallvtuber.net,2026-10-01T03:32:36Z
5ZvVHhdxXAWnJqzV6NS3,강감자,,youtube,UCZV7Hbe42zukWMAp7uAmKfg,https://www.youtube.com/channel/UCZV7Hbe42zukWMAp7uAmKfg,강감자,1360,,,2026-09-30 02:02:03,봉쥬르 빠리 아조씨,,https://discord.gg/TvzsfG66wK,mysmallvtuber.net,2026-10-01T03:32:36Z
5ZvVHhdxXAWnJqzV6NS3,강감자,,youtube,UCi0wyQ30wTYWnjKnn68Wphg,https://www.youtube.com/channel/UCi0wyQ30wTYWnjKnn68Wphg,깅감자,237,,,2026-09-30 02:02:03,봉쥬르 빠리 아조씨,,https://discord.gg/TvzsfG66wK,mysmallvtuber.net,2026-10-01T03:32:36Z
5ZvVHhdxXAWnJqzV6NS3,강감자,,chzzk,f964cca49eac931fcac2a5be7c1b349f,https://chzzk.naver.com/f964cca49eac931fcac2a5be7c1b349f,강감자,1591,,,2026-09-30 02:02:03,봉쥬르 빠리 아조씨,,https://discord.gg/TvzsfG66wK,mysmallvtuber.net,2026-10-01T03:32:36Z
R9XsS2aR9a2ZVrBGawAC,달토끼멜라,,youtube,UCmR85IxpV09ATGFrn2fkZAw,https://www.youtube.com/channel/UCmR85IxpV09ATGFrn2fkZAw,달토끼멜라(보관용),3470,2024-05-26,,2026-09-30 00:08:02,"달토끼방송🐇시각장애 스트리머, 마크 던전스2에서 사냥 가능할까?",mela1212_v,https://cafe.naver.com/mela1212fancafe,mysmallvtuber.net,2026-10-01T03:32:36Z
R9XsS2aR9a2ZVrBGawAC,달토끼멜라,,soop,nmela1212,https://ch.sooplive.co.kr/nmela1212,달토끼멜라,934,2024-05-26,,2026-09-30 00:08:02,"달토끼방송🐇시각장애 스트리머, 마크 던전스2에서 사냥 가능할까?",mela1212_v,https://cafe.naver.com/mela1212fancafe,mysmallvtuber.net,2026-10-01T03:32:36Z
PVhXffpdFtWMQ4mQPbd4,리라이,,youtube,UCnz4GhoT9TMqzaJEHCe4sLw,https://www.youtube.com/channel/UCnz4GhoT9TMqzaJEHCe4sLw,리라이,613,2021-09-12,,2026-09-29 22:55:03,"나 오랜만에 발로란트 할거임(w.허니팝, 쿠요미, 퓐프, 유부우)",lilie_lila,https://discord.com/invite/qWbwkZWryD,mysmallvtuber.net,2026-10-01T03:32:36Z
PVhXffpdFtWMQ4mQPbd4,리라이,,chzzk,fbff8a81c97820657ffd36194489bfaa,https://chzzk.naver.com/fbff8a81c97820657ffd36194489bfaa,리라이,811,2021-09-12,,2026-09-29 22:55:03,"나 오랜만에 발로란트 할거임(w.허니팝, 쿠요미, 퓐프, 유부우)",lilie_lila,https://discord.com/invite/qWbwkZWryD,mysmallvtuber.net,2026-10-01T03:32:36Z
4cgEQpf8gSJrCvYw5QAF,융이 Yoong E,Yoong E,youtube,UCV1P5EEv_PX0Dmz5zno1cHQ,https://www.youtube.com/channel/UCV1P5EEv_PX0Dmz5zno1cHQ,융이다이어리,6020,,,2026-09-30 06:18:03,🌻 아이돌마스터 스탈릿 시즌 / 경직되어있는 시간들이 많을 수록 너무 힘들어지는 것 같아요. 조금은 여유로움을 되찾아 차근차근 해나갈 수 있기를 ꙳꒰ ੭⑅•͈ ·̮ •͈꒱,,https://cafe.naver.com/yoongdust,mysmallvtuber.net,2026-10-01T03:32:36Z
4cgEQpf8gSJrCvYw5QAF,융이 Yoong E,Yoong E,chzzk,89bd1d5157cfb9eb41ceb7bf4c418db9,https://chzzk.naver.com/89bd1d5157cfb9eb41ceb7bf4c418db9,융이 Yoong E,6332,,,2026-09-30 06:18:03,🌻 아이돌마스터 스탈릿 시즌 / 경직되어있는 시간들이 많을 수록 너무 힘들어지는 것 같아요. 조금은 여유로움을 되찾아 차근차근 해나갈 수 있기를 ꙳꒰ ੭⑅•͈ ·̮ •͈꒱,,https://cafe.naver.com/yoongdust,mysmallvtuber.net,2026-10-01T03:32:36Z
Yqe8hdFm3dcJacvrjjc3,시스터 서애,,youtube,UCI1edtdyWcxGuWl8i1pFa7A,https://www.youtube.com/channel/UCI1edtdyWcxGuWl8i1pFa7A,시스터 서애,1270,2025-06-29,,2026-09-29 20:48:03,공지,,https://cafe.naver.com/ccsofficial,mysmallvtuber.net,2026-10-01T03:32:36Z
Yqe8hdFm3dcJacvrjjc3,시스터 서애,,youtube,UCqWQM2eOxe3xkq77TioSjzw,https://www.youtube.com/channel/UCqWQM2eOxe3xkq77TioSjzw,서애 다시보기,146,2025-06-29,,2026-09-29 20:48:03,공지,,https://cafe.naver.com/ccsofficial,mysmallvtuber.net,2026-10-01T03:32:36Z
Yqe8hdFm3dcJacvrjjc3,시스터 서애,,chzzk,8c341b627588590585f269e69778ec93,https://chzzk.naver.com/8c341b627588590585f269e69778ec93,시스터 서애,1327,2025-06-29,,2026-09-29 20:48:03,공지,,https://cafe.naver.com/ccsofficial,mysmallvtuber.net,2026-10-01T03:32:36Z
GaSWXe7FgkAjmUbU93su,유쟝이,,youtube,UCvfsKEhUPZHbewhoZKazZ4A,https://www.youtube.com/channel/UCvfsKEhUPZHbewhoZKazZ4A,유쟝이,8730,2018-01-14,,2026-09-29 23:18:02,나도 몰랐는데 이환 스트리머래 내가...,YJI0805,https://discord.com/invite/SbPvE8V,mysmallvtuber.net,2026-10-01T03:32:36Z
GaSWXe7FgkAjmUbU93su,유쟝이,,youtube,UCqmGTvWui-kG8m5dX7XvA6A,https://www.youtube.com/channel/UCqmGTvWui-kG8m5dX7XvA6A,Yujang ASMR,173,2018-01-14,,2026-09-29 23:18:02,나도 몰랐는데 이환 스트리머래 내가...,YJI0805,https://discord.com/invite/SbPvE8V,mysmallvtuber.net,2026-10-01T03:32:36Z
GaSWXe7FgkAjmUbU93su,유쟝이,,chzzk,26957114ae96093a6c58f3ecf9a47aae,https://chzzk.naver.com/26957114ae96093a6c58f3ecf9a47aae,유쟝이,3366,2018-01-14,,2026-09-29 23:18:02,나도 몰랐는데 이환 스트리머래 내가...,YJI0805,https://discord.com/invite/SbPvE8V,mysmallvtuber.net,2026-10-01T03:32:36Z
xTFx7XT7nn5gsU55mM5h,강시나,,youtube,UChjy9Npd9xb5M2qDqqSLWYw,https://www.youtube.com/channel/UChjy9Npd9xb5M2qDqqSLWYw,강시나,1220,2022-05-02,,2026-09-29 23:28:02,9시 트릭컬 찍먹 ⌯ᵔ⤙ᵔ⌯,cinamoniyo,https://cafe.naver.com/cinamoniyo,mysmallvtuber.net,2026-10-01T03:32:36Z
xTFx7XT7nn5gsU55mM5h,강시나,,youtube,UCB1_b-yXMEEMJ8mTyq2wGog,https://www.youtube.com/channel/UCB1_b-yXMEEMJ8mTyq2wGog,긴시나,1450,2022-05-02,,2026-09-29 23:28:02,9시 트릭컬 찍먹 ⌯ᵔ⤙ᵔ⌯,cinamoniyo,https://cafe.naver.com/cinamoniyo,mysmallvtuber.net,2026-10-01T03:32:36Z
xTFx7XT7nn5gsU55mM5h,강시나,,chzzk,5f719bd1503f427ecf780da6ab10dcd6,https://chzzk.naver.com/5f719bd1503f427ecf780da6ab10dcd6,강시나,2036,2022-05-02,,2026-09-29 23:28:02,9시 트릭컬 찍먹 ⌯ᵔ⤙ᵔ⌯,cinamoniyo,https://cafe.naver.com/cinamoniyo,mysmallvtuber.net,2026-10-01T03:32:36Z
3k2VV27eca35CbDWcNKt,청여운,,youtube,UCpaCsVP6X3JJvA-XiwxmbOA,https://www.youtube.com/channel/UCpaCsVP6X3JJvA-XiwxmbOA,청여운,1310,2023-05-29,,2026-09-29 21:29:02,[V] 또 야근했어,Youn_vtuber,https://cafe.naver.com/artisons,mysmallvtuber.net,2026-10-01T03:32:36Z
3k2VV27eca35CbDWcNKt,청여운,,youtube,UCxK6MCbzJNAbRDY6m2b-nCQ,https://www.youtube.com/channel/UCxK6MCbzJNAbRDY6m2b-nCQ,청여운 다시보기,349,2023-05-29,,2026-09-29 21:29:02,[V] 또 야근했어,Youn_vtuber,https://cafe.naver.com/artisons,mysmallvtuber.net,2026-10-01T03:32:36Z
3k2VV27eca35CbDWcNKt,청여운,,chzzk,07ac7aff66b81360c1551a58e9c69f72,https://chzzk.naver.com/07ac7aff66b81360c1551a58e9c69f72,청여운,3063,2023-05-29,,2026-09-29 21:29:02,[V] 또 야근했어,Youn_vtuber,https://cafe.naver.com/artisons,mysmallvtuber.net,2026-10-01T03:32:36Z
yHLeN3ARpJzM5w8pvPWV,양망두,,youtube,UCdeccHQrqmjtUxZ1HeKdq1g,https://www.youtube.com/channel/UCdeccHQrqmjtUxZ1HeKdq1g,양망두 YMangDu,17900,2023-05-06,,2026-09-30 04:01:03,경력직 신입 ദ്ദി(◕(00)◕),Y_mang_du,https://cafe.naver.com/mangzzing/,mysmallvtuber.net,2026-10-01T03:32:36Z
yHLeN3ARpJzM5w8pvPWV,양망두,,youtube,UCt_t6U2NqWV_cPJzwoE838Q,https://www.youtube.com/channel/UCt_t6U2NqWV_cPJzwoE838Q,속이 꽉 찬 양망두,5540,2023-05-06,,2026-09-30 04:01:03,경력직 신입 ദ്ദി(◕(00)◕),Y_mang_du,https://cafe.naver.com/mangzzing/,mysmallvtuber.net,2026-10-01T03:32:36Z
yHLeN3ARpJzM5w8pvPWV,양망두,,chzzk,b3e262a2795f17734c149afc738ad250,https://chzzk.naver.com/b3e262a2795f17734c149afc738ad250,양망두,14714,2023-05-06,,2026-09-30 04:01:03,경력직 신입 ദ്ദി(◕(00)◕),Y_mang_du,https://cafe.naver.com/mangzzing/,mysmallvtuber.net,2026-10-01T03:32:36Z
cyHEYDtdXqNMQZj4wrUq,져미님,,youtube,UCD1Co1H0-6aZdCAuq14rbPw,https://www.youtube.com/channel/UCD1Co1H0-6aZdCAuq14rbPw,져미님,10100,2020-03-22,,2026-09-30 03:54:02,∠( ᐛ 」 ∠)＿ 유머로 소비할 상황이 아닙니다.,germy_nim,https://cafe.naver.com/plzonairgermynim,mysmallvtuber.net,2026-10-01T03:32:36Z
cyHEYDtdXqNMQZj4wrUq,져미님,,youtube,UCAWmbpTt7V4mrsnljmxJxXA,https://www.youtube.com/channel/UCAWmbpTt7V4mrsnljmxJxXA,져미님님님,634,2020-03-22,,2026-09-30 03:54:02,∠( ᐛ 」 ∠)＿ 유머로 소비할 상황이 아닙니다.,germy_nim,https://cafe.naver.com/plzonairgermynim,mysmallvtuber.net,2026-10-01T03:32:36Z
cyHEYDtdXqNMQZj4wrUq,져미님,,chzzk,75c30c411b840b8eeaa12ce3401e6d5f,https://chzzk.naver.com/75c30c411b840b8eeaa12ce3401e6d5f,져미님,3650,2020-03-22,,2026-09-30 03:54:02,∠( ᐛ 」 ∠)＿ 유머로 소비할 상황이 아닙니다.,germy_nim,https://cafe.naver.com/plzonairgermynim,mysmallvtuber.net,2026-10-01T03:32:36Z
pxPud4g4bbmGJFUBN3NR,해마슈,,youtube,UCOUyoARSUlxl5fDFfTuALDQ,https://www.youtube.com/channel/UCOUyoARSUlxl5fDFfTuALDQ,해마슈,574,2022-08-29,,2026-09-30 01:50:05,[RE:WAVE] 후열 소?통이? 노래?,seahorshu,https://cafe.naver.com/seahorshu,mysmallvtuber.net,2026-10-01T03:32:36Z
pxPud4g4bbmGJFUBN3NR,해마슈,,soop,saehorshu,https://ch.sooplive.co.kr/saehorshu,해마슈,2248,2022-08-29,,2026-09-30 01:50:05,[RE:WAVE] 후열 소?통이? 노래?,seahorshu,https://cafe.naver.com/seahorshu,mysmallvtuber.net,2026-10-01T03:32:36Z
YBg37DgH6tpdQ4ZteWPv,여 링,,youtube,UC44z2BAuCbdJMwY8v70uhJg,https://www.youtube.com/channel/UC44z2BAuCbdJMwY8v70uhJg,여링,1190,2024-05-28,,2026-09-30 02:48:02,화날때는 여링아 사랑해 🤍,,https://cafe.naver.com/yeoring,mysmallvtuber.net,2026-10-01T03:32:36Z
YBg37DgH6tpdQ4ZteWPv,여 링,,youtube,UCE0cqque1Syq1VAM3aGZwbA,https://www.youtube.com/channel/UCE0cqque1Syq1VAM3aGZwbA,여링 다시보기,373,2024-05-28,,2026-09-30 02:48:02,화날때는 여링아 사랑해 🤍,,https://cafe.naver.com/yeoring,mysmallvtuber.net,2026-10-01T03:32:36Z
YBg37DgH6tpdQ4ZteWPv,여 링,,chzzk,d906aed58ea1c8e82fbf6ab4c6110649,https://chzzk.naver.com/d906aed58ea1c8e82fbf6ab4c6110649,여 링,7172,2024-05-28,,2026-09-30 02:48:02,화날때는 여링아 사랑해 🤍,,https://cafe.naver.com/yeoring,mysmallvtuber.net,2026-10-01T03:32:36Z
SfVH9YbH6EHuXz9qmF3e,박검복,,youtube,UCc1rQ1Gu1ZUxqIaXkTFX7PQ,https://www.youtube.com/channel/UCc1rQ1Gu1ZUxqIaXkTFX7PQ,박검복 GeomBok,959,2025-04-15,,2026-09-30 00:36:03,공겜 끝 (후열저챗),Geom_bok,https://cafe.naver.com/boogieteam,mysmallvtuber.net,2026-10-01T03:32:36Z
SfVH9YbH6EHuXz9qmF3e,박검복,,youtube,UCbWntU8eAkke-mQk7lQ4BcQ,https://www.youtube.com/channel/UCbWntU8eAkke-mQk7lQ4BcQ,박검볶음밥,107,2025-04-15,,2026-09-30 00:36:03,공겜 끝 (후열저챗),Geom_bok,https://cafe.naver.com/boogieteam,mysmallvtuber.net,2026-10-01T03:32:36Z
SfVH9YbH6EHuXz9qmF3e,박검복,,chzzk,77a81ceffdab49f687a3e39ddf04a6fe,https://chzzk.naver.com/77a81ceffdab49f687a3e39ddf04a6fe,박검복,1206,2025-04-15,,2026-09-30 00:36:03,공겜 끝 (후열저챗),Geom_bok,https://cafe.naver.com/boogieteam,mysmallvtuber.net,2026-10-01T03:32:36Z
dRZumgJPMshNkwNaBVUf,우미미즈,,youtube,UCRu0Haymmbh4AomtdqUdJNw,https://www.youtube.com/channel/UCRu0Haymmbh4AomtdqUdJNw,우미미즈 TV,309,2023-02-24,,2026-09-29 22:50:03,[ 합방 ] 시뮬동! 이번에는 우체국으로 출근합니다! (녹화 o),umimizu1030,https://cafe.naver.com/purpleknipo,mysmallvtuber.net,2026-10-01T03:32:36Z
dRZumgJPMshNkwNaBVUf,우미미즈,,youtube,UCH80TTUp1M_CGtXS8YNXjfg,https://www.youtube.com/channel/UCH80TTUp1M_CGtXS8YNXjfg,우미미즈 다시보기,56,2023-02-24,,2026-09-29 22:50:03,[ 합방 ] 시뮬동! 이번에는 우체국으로 출근합니다! (녹화 o),umimizu1030,https://cafe.naver.com/purpleknipo,mysmallvtuber.net,2026-10-01T03:32:36Z
dRZumgJPMshNkwNaBVUf,우미미즈,,chzzk,9cca37ae66bea22b4516bd2dcd1fb566,https://chzzk.naver.com/9cca37ae66bea22b4516bd2dcd1fb566,우미미즈,258,2023-02-24,,2026-09-29 22:50:03,[ 합방 ] 시뮬동! 이번에는 우체국으로 출근합니다! (녹화 o),umimizu1030,https://cafe.naver.com/purpleknipo,mysmallvtuber.net,2026-10-01T03:32:36Z
4UxekaFu7QXvP9wLazr3,김아테 l Ate,l Ate,youtube,UCyUm1IF1GvhL8sFaK_Ga3ew,https://www.youtube.com/channel/UCyUm1IF1GvhL8sFaK_Ga3ew,아테 Ate,3580,2025-02-23,,2026-09-29 23:59:03,[봉누도9일차] 눈비비고 일어난 즥진이,otw_ate,https://cafe.naver.com/otwoffical,mysmallvtuber.net,2026-10-01T03:32:36Z
4UxekaFu7QXvP9wLazr3,김아테 l Ate,l Ate,youtube,UC_wovpl7Vqg6P2DNCxIhUZg,https://www.youtube.com/channel/UC_wovpl7Vqg6P2DNCxIhUZg,김뒷태의 이중생활,908,2025-02-23,,2026-09-29 23:59:03,[봉누도9일차] 눈비비고 일어난 즥진이,otw_ate,https://cafe.naver.com/otwoffical,mysmallvtuber.net,2026-10-01T03:32:36Z
4UxekaFu7QXvP9wLazr3,김아테 l Ate,l Ate,chzzk,f42e97f59c3177b8686dccfbf90792dd,https://chzzk.naver.com/f42e97f59c3177b8686dccfbf90792dd,김아테 l Ate,8471,2025-02-23,,2026-09-29 23:59:03,[봉누도9일차] 눈비비고 일어난 즥진이,otw_ate,https://cafe.naver.com/otwoffical,mysmallvtuber.net,2026-10-01T03:32:36Z
HsqDPbPXt2sXVEZuPp8k,독쥐DOKG,DOKG,youtube,UC0-7Ra2KP37Ku3h2ReV9hww,https://www.youtube.com/channel/UC0-7Ra2KP37Ku3h2ReV9hww,독쥐,93,2025-07-14,,2026-09-29 23:48:03,[BIP 연습생] 후열토크🐿️,dokg531,https://cafe.naver.com/dokg531,mysmallvtuber.net,2026-10-01T03:32:36Z
HsqDPbPXt2sXVEZuPp8k,독쥐DOKG,DOKG,soop,dokg531,https://ch.sooplive.co.kr/dokg531,독쥐DOKG,1283,2025-07-14,,2026-09-29 23:48:03,[BIP 연습생] 후열토크🐿️,dokg531,https://cafe.naver.com/dokg531,mysmallvtuber.net,2026-10-01T03:32:36Z
cbCFQ94GWG3dMA5RUy5W,코냥냥,,youtube,UCUPajo0eF_QgGobdAd9qbbA,https://www.youtube.com/channel/UCUPajo0eF_QgGobdAd9qbbA,코냥냥,181,2024-04-19,,2026-09-29 23:58:03,[펀딩] 이 몸 등장!🩷,konyangnyang_,,mysmallvtuber.net,2026-10-01T03:32:36Z
cbCFQ94GWG3dMA5RUy5W,코냥냥,,chzzk,33b49cdf98af3327f34fd017b6b7e853,https://chzzk.naver.com/33b49cdf98af3327f34fd017b6b7e853,코냥냥,1762,2024-04-19,,2026-09-29 23:58:03,[펀딩] 이 몸 등장!🩷,konyangnyang_,,mysmallvtuber.net,2026-10-01T03:32:36Z
juta44EjgNwJaVs2KNtY,뽀땃쥐,,youtube,UCTsdKQlyrUyKwOmwkrTm-tg,https://www.youtube.com/channel/UCTsdKQlyrUyKwOmwkrTm-tg,뽀땃쥐,137,2026-02-14,,2026-09-29 22:08:03,노래 잘 부르고 열심히 부르는데 아는게 없숴 눅눅..,bboshrew,https://discord.com/invite/SWuTD2rerE,mysmallvtuber.net,2026-10-01T03:32:36Z
juta44EjgNwJaVs2KNtY,뽀땃쥐,,youtube,UCjRdQ7da8B1rUS2Hl2zXEQA,https://www.youtube.com/channel/UCjRdQ7da8B1rUS2Hl2zXEQA,땃시보기,19,2026-02-14,,2026-09-29 22:08:03,노래 잘 부르고 열심히 부르는데 아는게 없숴 눅눅..,bboshrew,https://discord.com/invite/SWuTD2rerE,mysmallvtuber.net,2026-10-01T03:32:36Z
juta44EjgNwJaVs2KNtY,뽀땃쥐,,chzzk,e19ec9ca473e36a0b6c1bc164684229b,https://chzzk.naver.com/e19ec9ca473e36a0b6c1bc164684229b,뽀땃쥐,634,2026-02-14,,2026-09-29 22:08:03,노래 잘 부르고 열심히 부르는데 아는게 없숴 눅눅..,bboshrew,https://discord.com/invite/SWuTD2rerE,mysmallvtuber.net,2026-10-01T03:32:36Z
22wrmfLSwtt6Ezh8zYh2,화실 Hwashil,Hwashil,chzzk,c0178e31be471fbbf2b7282a8c0d7f0c,https://chzzk.naver.com/c0178e31be471fbbf2b7282a8c0d7f0c,화실 Hwashil,948,2025-12-27,,2026-09-30 01:38:03,우 우 와와 우와 우와와 타쿠 타쿠 챠오,Hwa_shil09,,mysmallvtuber.net,2026-10-01T03:32:36Z
4GzEtxGXxs7hbEuxbTHx,하루뇽,,soop,haruniong,https://ch.sooplive.co.kr/haruniong,하루뇽,352,2026-01-17,,2026-09-29 22:18:02,롤 한 판만 하고 진짜 감 (제복 45/450),,,mysmallvtuber.net,2026-10-01T03:32:36Z
6U79qmxnaKR9HQ2HYgNR,사사44,,youtube,UCdIT6_ySa4CDsc18iPUfmpQ,https://www.youtube.com/channel/UCdIT6_ySa4CDsc18iPUfmpQ,SASA 44,34900,2018-12-24,,2026-09-30 01:01:02,오늘 항마력 챙겨오라던데요...? 니케 '아이스드래곤 사가',,https://cafe.naver.com/sasa44fan,mysmallvtuber.net,2026-10-01T03:32:36Z
6U79qmxnaKR9HQ2HYgNR,사사44,,youtube,UCXeV0VpjHe3fA4V7VOFyrrA,https://www.youtube.com/channel/UCXeV0VpjHe3fA4V7VOFyrrA,사사44풀영상avi,2640,2018-12-24,,2026-09-30 01:01:02,오늘 항마력 챙겨오라던데요...? 니케 '아이스드래곤 사가',,https://cafe.naver.com/sasa44fan,mysmallvtuber.net,2026-10-01T03:32:36Z
6U79qmxnaKR9HQ2HYgNR,사사44,,chzzk,0ac23ae6672e2067492161839e29230e,https://chzzk.naver.com/0ac23ae6672e2067492161839e29230e,사사44,9404,2018-12-24,,2026-09-30 01:01:02,오늘 항마력 챙겨오라던데요...? 니케 '아이스드래곤 사가',,https://cafe.naver.com/sasa44fan,mysmallvtuber.net,2026-10-01T03:32:36Z
6YpGWwy2fCWXbZVUtvPh,이샤 ISHA,ISHA,youtube,UCjOHYSMHHenIR_rFaJTNtGA,https://www.youtube.com/channel/UCjOHYSMHHenIR_rFaJTNtGA,이샤,48800,2025-09-27,,2026-09-30 02:32:03,1주년 3일차 뉴이샤랑 가까워지기,ishawaddo,,mysmallvtuber.net,2026-10-01T03:32:36Z
6YpGWwy2fCWXbZVUtvPh,이샤 ISHA,ISHA,chzzk,d9c00ea08106b660e26abcd730e7d796,https://chzzk.naver.com/d9c00ea08106b660e26abcd730e7d796,이샤 ISHA,47098,2025-09-27,,2026-09-30 02:32:03,1주년 3일차 뉴이샤랑 가까워지기,ishawaddo,,mysmallvtuber.net,2026-10-01T03:32:36Z
QxcKYkDtyc87jC2dadQM,스타으앙코,,youtube,UCXwxNXzs5c0LCGVCtznX9Aw,https://www.youtube.com/channel/UCXwxNXzs5c0LCGVCtznX9Aw,스타으앙코 / Staruanko,2220,,,2026-09-29 23:47:03,이혼상담 재산상담 형사사건 상담해드립니다 왹영우 변호사,Staruanko,https://cafe.naver.com/staruanko,mysmallvtuber.net,2026-10-01T03:32:36Z
QxcKYkDtyc87jC2dadQM,스타으앙코,,youtube,UChNqPDvaZ9R5_xpcmLYsBKw,https://www.youtube.com/channel/UChNqPDvaZ9R5_xpcmLYsBKw,으앙코의 왹카이브,692,,,2026-09-29 23:47:03,이혼상담 재산상담 형사사건 상담해드립니다 왹영우 변호사,Staruanko,https://cafe.naver.com/staruanko,mysmallvtuber.net,2026-10-01T03:32:36Z
QxcKYkDtyc87jC2dadQM,스타으앙코,,chzzk,2d27c050d8db708af8b54c9d128d2278,https://chzzk.naver.com/2d27c050d8db708af8b54c9d128d2278,스타으앙코,2365,,,2026-09-29 23:47:03,이혼상담 재산상담 형사사건 상담해드립니다 왹영우 변호사,Staruanko,https://cafe.naver.com/staruanko,mysmallvtuber.net,2026-10-01T03:32:36Z
E6MABfkjE5b2mCsvTE4U,동네약사 에이조시,,youtube,UCXsMTqEadQetXNuwopnqBlA,https://www.youtube.com/channel/UCXsMTqEadQetXNuwopnqBlA,약국공사준비중,1450,2024-05-29,,2026-09-29 22:58:03,[같이보기] 내일 극장판하는 치이카와 몰아보기 영상 주소는 채팅창에 있음!,ajosi91,https://cafe.naver.com/ajosi,mysmallvtuber.net,2026-10-01T03:32:36Z
E6MABfkjE5b2mCsvTE4U,동네약사 에이조시,,youtube,UCBy9CaaU1rvcRyQaxBnZuPg,https://www.youtube.com/channel/UCBy9CaaU1rvcRyQaxBnZuPg,풀컨에이조시,38,2024-05-29,,2026-09-29 22:58:03,[같이보기] 내일 극장판하는 치이카와 몰아보기 영상 주소는 채팅창에 있음!,ajosi91,https://cafe.naver.com/ajosi,mysmallvtuber.net,2026-10-01T03:32:36Z
E6MABfkjE5b2mCsvTE4U,동네약사 에이조시,,chzzk,b41b1a0f2f035198fcd0845fb5b3746b,https://chzzk.naver.com/b41b1a0f2f035198fcd0845fb5b3746b,동네약사 에이조시,1151,2024-05-29,,2026-09-29 22:58:03,[같이보기] 내일 극장판하는 치이카와 몰아보기 영상 주소는 채팅창에 있음!,ajosi91,https://cafe.naver.com/ajosi,mysmallvtuber.net,2026-10-01T03:32:36Z
RfzBGBegCNfKGFXCUPeR,소라카리,,youtube,UCXoANfx1B1EdCFRXgXmhacw,https://www.youtube.com/channel/UCXoANfx1B1EdCFRXgXmhacw,소라카리 Ch. SORAKRI,3360,2021-08-15,,2026-09-29 22:22:02,최근 대회 우승팀 을 만들어 보자 [이나즈마 일레븐 영웅들의 빅토리로드] [소라카리],Sorakarich,,mysmallvtuber.net,2026-10-01T03:32:36Z
RfzBGBegCNfKGFXCUPeR,소라카리,,chzzk,41b4502c36916213e87afdcbb3b76b7c,https://chzzk.naver.com/41b4502c36916213e87afdcbb3b76b7c,소라카리,942,2021-08-15,,2026-09-29 22:22:02,최근 대회 우승팀 을 만들어 보자 [이나즈마 일레븐 영웅들의 빅토리로드] [소라카리],Sorakarich,,mysmallvtuber.net,2026-10-01T03:32:36Z
JCcZDNQSrXanm9wvzT9H,남궁루리 NGRULI,NGRULI,youtube,UCs-W8iIzS3M-jCShcfQmLvg,https://www.youtube.com/channel/UCs-W8iIzS3M-jCShcfQmLvg,남궁루리,9000,2022-11-30,,2026-09-29 23:10:04,(1400일 기념) [2화] 어디로 가라는 거 🇰🇷 l 컨트롤: 레조넌트,,https://cafe.naver.com/ngruli,mysmallvtuber.net,2026-10-01T03:32:36Z
JCcZDNQSrXanm9wvzT9H,남궁루리 NGRULI,NGRULI,chzzk,5f7890a846ee8f4648dbb35f98dbe41c,https://chzzk.naver.com/5f7890a846ee8f4648dbb35f98dbe41c,남궁루리 NGRULI,10450,2022-11-30,,2026-09-29 23:10:04,(1400일 기념) [2화] 어디로 가라는 거 🇰🇷 l 컨트롤: 레조넌트,,https://cafe.naver.com/ngruli,mysmallvtuber.net,2026-10-01T03:32:36Z
XcEGsAcFWRBhF8yPxfEM,이해찌,,youtube,UCkyOodOsN-joMYDOBRvk2lg,https://www.youtube.com/channel/UCkyOodOsN-joMYDOBRvk2lg,이해찌 🎮,3450,,,2026-09-29 23:47:03,블아 한국어 더빙 드디어 감 상! ʕ ̳• ﻌ - ̳♥ʔ🌻,haezzi_S2,https://cafe.naver.com/estellaofficial,mysmallvtuber.net,2026-10-01T03:32:36Z
XcEGsAcFWRBhF8yPxfEM,이해찌,,youtube,UCn35sdWRzYox746jkv1SpTQ,https://www.youtube.com/channel/UCn35sdWRzYox746jkv1SpTQ,해찌실록🎥,1840,,,2026-09-29 23:47:03,블아 한국어 더빙 드디어 감 상! ʕ ̳• ﻌ - ̳♥ʔ🌻,haezzi_S2,https://cafe.naver.com/estellaofficial,mysmallvtuber.net,2026-10-01T03:32:36Z
XcEGsAcFWRBhF8yPxfEM,이해찌,,chzzk,42d9e35fdeee6c2163494eb12961e9da,https://chzzk.naver.com/42d9e35fdeee6c2163494eb12961e9da,이해찌,2403,,,2026-09-29 23:47:03,블아 한국어 더빙 드디어 감 상! ʕ ̳• ﻌ - ̳♥ʔ🌻,haezzi_S2,https://cafe.naver.com/estellaofficial,mysmallvtuber.net,2026-10-01T03:32:36Z
bPCgavZMUbYfwHvXtmS4,뽀실애기,,youtube,UC5ggRkwxlh2JtwfvD4QduXw,https://www.youtube.com/channel/UC5ggRkwxlh2JtwfvD4QduXw,뽀실애기,71,2025-11-10,,2026-09-29 22:32:02,✨뽀시리의 찌이이인한 뽀뽀를 받우새오.,4silbaby_,https://cafe.naver.com/4silbaby,mysmallvtuber.net,2026-10-01T03:32:36Z
bPCgavZMUbYfwHvXtmS4,뽀실애기,,chzzk,1d30969be4ba452d5e9be3ec7bf6316f,https://chzzk.naver.com/1d30969be4ba452d5e9be3ec7bf6316f,뽀실애기,390,2025-11-10,,2026-09-29 22:32:02,✨뽀시리의 찌이이인한 뽀뽀를 받우새오.,4silbaby_,https://cafe.naver.com/4silbaby,mysmallvtuber.net,2026-10-01T03:32:36Z
zhAFAQ4W6YpbnQWXIDEE,묭 이,,youtube,UChQuOTY4qlCHvfHRqDR9P9A,https://www.youtube.com/channel/UChQuOTY4qlCHvfHRqDR9P9A,묭 Myong,65300,2018-07-02,,2026-09-30 00:36:03,카페 탐방 ❤️,Twitch_Myong,https://cafe.naver.com/myongmawang,mysmallvtuber.net,2026-10-01T03:32:36Z
zhAFAQ4W6YpbnQWXIDEE,묭 이,,youtube,UCOXUABsJBGqm8DaqqRCmOxg,https://www.youtube.com/channel/UCOXUABsJBGqm8DaqqRCmOxg,묭 다시보기 채널,1170,2018-07-02,,2026-09-30 00:36:03,카페 탐방 ❤️,Twitch_Myong,https://cafe.naver.com/myongmawang,mysmallvtuber.net,2026-10-01T03:32:36Z
zhAFAQ4W6YpbnQWXIDEE,묭 이,,chzzk,58bb93cf187737941c1a84cace6a86c4,https://chzzk.naver.com/58bb93cf187737941c1a84cace6a86c4,묭 이,22643,2018-07-02,,2026-09-30 00:36:03,카페 탐방 ❤️,Twitch_Myong,https://cafe.naver.com/myongmawang,mysmallvtuber.net,2026-10-01T03:32:36Z
PDZZpQ7cq5tQmZ8TRWFj,시애,,youtube,UCMrZvR9JQC2MjP1Amz-wEVg,https://www.youtube.com/channel/UCMrZvR9JQC2MjP1Amz-wEVg,시애,1940,,,2026-09-29 21:49:03,🩷7주년🩷기념 초심 찾기 반캠,sie3141,,mysmallvtuber.net,2026-10-01T03:32:36Z
PDZZpQ7cq5tQmZ8TRWFj,시애,,chzzk,b3aed32fb4b62f27765a4d890acbd695,https://chzzk.naver.com/b3aed32fb4b62f27765a4d890acbd695,시애,909,,,2026-09-29 21:49:03,🩷7주년🩷기념 초심 찾기 반캠,sie3141,,mysmallvtuber.net,2026-10-01T03:32:36Z
EKceBTR9REENQxZzEQNa,그리움 Rium,Rium,youtube,UC0G4ooOJ636-N9xUuondrag,https://www.youtube.com/channel/UC0G4ooOJ636-N9xUuondrag,그리움 / Rium,1540,2025-02-22,,2026-09-30 03:16:03,리움 | 이터널 리턴 『솔랭을 해요』,geurium_,https://cafe.naver.com/therium,mysmallvtuber.net,2026-10-01T03:32:36Z
EKceBTR9REENQxZzEQNa,그리움 Rium,Rium,youtube,UCHmDTcsP4epkXsHHdh1IbNQ,https://www.youtube.com/channel/UCHmDTcsP4epkXsHHdh1IbNQ,기록보관소 Rium Archive,1110,2025-02-22,,2026-09-30 03:16:03,리움 | 이터널 리턴 『솔랭을 해요』,geurium_,https://cafe.naver.com/therium,mysmallvtuber.net,2026-10-01T03:32:36Z
EKceBTR9REENQxZzEQNa,그리움 Rium,Rium,chzzk,d98f5b684efeed1b27ddac078e9634fb,https://chzzk.naver.com/d98f5b684efeed1b27ddac078e9634fb,그리움 Rium,2905,2025-02-22,,2026-09-30 03:16:03,리움 | 이터널 리턴 『솔랭을 해요』,geurium_,https://cafe.naver.com/therium,mysmallvtuber.net,2026-10-01T03:32:36Z
3RusDKhKBGJ23EJFb7Qx,알유,,youtube,UCJyYSYZjwjB1iH3LyO6b1mg,https://www.youtube.com/channel/UCJyYSYZjwjB1iH3LyO6b1mg,알유,23400,2024-02-02,,2026-09-30 00:14:03,유튜브 법대생 버튜버 걔.,Are_youRU,https://cafe.naver.com/withareyou,mysmallvtuber.net,2026-10-01T03:32:36Z
3RusDKhKBGJ23EJFb7Qx,알유,,youtube,UCIH8GBBByICJ2VfDkMvstGA,https://www.youtube.com/channel/UCIH8GBBByICJ2VfDkMvstGA,알유 다시보기,680,2024-02-02,,2026-09-30 00:14:03,유튜브 법대생 버튜버 걔.,Are_youRU,https://cafe.naver.com/withareyou,mysmallvtuber.net,2026-10-01T03:32:36Z
3RusDKhKBGJ23EJFb7Qx,알유,,chzzk,ff2ce361010fd1840bcb2a58b0b52d04,https://chzzk.naver.com/ff2ce361010fd1840bcb2a58b0b52d04,알유,3254,2024-02-02,,2026-09-30 00:14:03,유튜브 법대생 버튜버 걔.,Are_youRU,https://cafe.naver.com/withareyou,mysmallvtuber.net,2026-10-01T03:32:36Z
WfJkgyrq8QMKcM2Gh45g,모카:b,b,youtube,UCiQ3nmup_0jgUOnZ_MQcwKQ,https://www.youtube.com/channel/UCiQ3nmup_0jgUOnZ_MQcwKQ,모카:b,4920,2024-07-09,,2026-09-30 02:54:02,[UR:L] 모카후여르,kurokawa_moca,,mysmallvtuber.net,2026-10-01T03:32:36Z
WfJkgyrq8QMKcM2Gh45g,모카:b,b,soop,mocamu2,https://ch.sooplive.co.kr/mocamu2,모카:b,19697,2024-07-09,,2026-09-30 02:54:02,[UR:L] 모카후여르,kurokawa_moca,,mysmallvtuber.net,2026-10-01T03:32:36Z
pJUQQytNLDCRB8wgpkHJ,메르 Mer,Mer,chzzk,d65a8e803c67677eaeb198754f733538,https://chzzk.naver.com/d65a8e803c67677eaeb198754f733538,메르 Mer,657,,,2026-09-29 21:46:03,여어,mer3in_vt,,mysmallvtuber.net,2026-10-01T03:32:36Z
pncraWa5Xg6ENp7cpH4A,이예다,,youtube,UC1MQV3ZkjqyJG-UhXRg-LJA,https://www.youtube.com/channel/UC1MQV3ZkjqyJG-UhXRg-LJA,이예다 LEEYEDA,2060,2022-12-17,,2026-09-29 23:17:02,ㅅㅅㅁㅇ,leeyeda_,https://cafe.naver.com/leeyeda,mysmallvtuber.net,2026-10-01T03:32:36Z
pncraWa5Xg6ENp7cpH4A,이예다,,youtube,UC23XsxdCI12Pj02qMi1OEvA,https://www.youtube.com/channel/UC23XsxdCI12Pj02qMi1OEvA,예다의 흑역사 다시보기,644,2022-12-17,,2026-09-29 23:17:02,ㅅㅅㅁㅇ,leeyeda_,https://cafe.naver.com/leeyeda,mysmallvtuber.net,2026-10-01T03:32:36Z
pncraWa5Xg6ENp7cpH4A,이예다,,soop,leeyeda,https://ch.sooplive.co.kr/leeyeda,이예다,1218,2022-12-17,,2026-09-29 23:17:02,ㅅㅅㅁㅇ,leeyeda_,https://cafe.naver.com/leeyeda,mysmallvtuber.net,2026-10-01T03:32:36Z
F3b5kFuVE8VeGhHTxRLT,쿠마 4호,,youtube,UCy1zFoWE_5h1g8XXXOG99nA,https://www.youtube.com/channel/UCy1zFoWE_5h1g8XXXOG99nA,쿠마 4호 Kuma Mk.4,341,2023-07-16,,2026-09-29 21:06:03,냐아아악,shiroKuma4go,,mysmallvtuber.net,2026-10-01T03:32:36Z
F3b5kFuVE8VeGhHTxRLT,쿠마 4호,,chzzk,576a1f338cf99caf24d05f9fd96c481f,https://chzzk.naver.com/576a1f338cf99caf24d05f9fd96c481f,쿠마 4호,896,2023-07-16,,2026-09-29 21:06:03,냐아아악,shiroKuma4go,,mysmallvtuber.net,2026-10-01T03:32:36Z
kQfDV4FhkbwUf5c8eV2m,구슬요,,youtube,UCbZptNWeIIZ3wf4uasQ04vQ,https://www.youtube.com/channel/UCbZptNWeIIZ3wf4uasQ04vQ,구슬요Beadyo,35300,2021-07-24,,2026-09-30 00:48:03,그림 실력 보여드림. | 오리지널 <평범한 하루> 발매,,https://cafe.naver.com/beadyo,mysmallvtuber.net,2026-10-01T03:32:36Z
kQfDV4FhkbwUf5c8eV2m,구슬요,,soop,beadyo97,https://ch.sooplive.co.kr/beadyo97,구슬요,41188,2021-07-24,,2026-09-30 00:48:03,그림 실력 보여드림. | 오리지널 <평범한 하루> 발매,,https://cafe.naver.com/beadyo,mysmallvtuber.net,2026-10-01T03:32:36Z
sGXQw2kLSJ87ehUmbqGc,유채담,,youtube,UCcf2E9Y8cx3NzUGllI3DZJg,https://www.youtube.com/channel/UCcf2E9Y8cx3NzUGllI3DZJg,유채담,608,,,2026-09-30 01:12:02,((🎨)) 내가 님들 공주 만들어주께 ⸜꒰ྀི ˶ᵔ ᵕ ᵔ˶ ꒱ྀི⸝,,https://cafe.naver.com/uvuchae,mysmallvtuber.net,2026-10-01T03:32:36Z
sGXQw2kLSJ87ehUmbqGc,유채담,,youtube,UC0I56xl0azDXUMT9cs1vFuw,https://www.youtube.com/channel/UC0I56xl0azDXUMT9cs1vFuw,유채담 다시보기,130,,,2026-09-30 01:12:02,((🎨)) 내가 님들 공주 만들어주께 ⸜꒰ྀི ˶ᵔ ᵕ ᵔ˶ ꒱ྀི⸝,,https://cafe.naver.com/uvuchae,mysmallvtuber.net,2026-10-01T03:32:36Z
sGXQw2kLSJ87ehUmbqGc,유채담,,chzzk,c62b2462676b1d31f0219885c676fbb0,https://chzzk.naver.com/c62b2462676b1d31f0219885c676fbb0,유채담,770,,,2026-09-30 01:12:02,((🎨)) 내가 님들 공주 만들어주께 ⸜꒰ྀི ˶ᵔ ᵕ ᵔ˶ ꒱ྀི⸝,,https://cafe.naver.com/uvuchae,mysmallvtuber.net,2026-10-01T03:32:36Z
rSRCEWpX7eQN4wNVujnk,우타네 레아,,youtube,UCCLbnAdTY9KqHq757FPc9KQ,https://www.youtube.com/channel/UCCLbnAdTY9KqHq757FPc9KQ,우타네 레아,5960,2025-12-20,,2026-09-29 22:26:02,언더테일 처음 해보는 뇌 (엔딩까지),VLY_Rea,https://cafe.naver.com/rionjoo,mysmallvtuber.net,2026-10-01T03:32:36Z
rSRCEWpX7eQN4wNVujnk,우타네 레아,,chzzk,a0a8ae70631f07dc8b611d409bb00b45,https://chzzk.naver.com/a0a8ae70631f07dc8b611d409bb00b45,우타네 레아,1444,2025-12-20,,2026-09-29 22:26:02,언더테일 처음 해보는 뇌 (엔딩까지),VLY_Rea,https://cafe.naver.com/rionjoo,mysmallvtuber.net,2026-10-01T03:32:36Z
AqzJDpwMVNaBfdguWGHu,이루코 니아,,youtube,UCA_uNVIxWhFjcwPeYnuRi_A,https://www.youtube.com/channel/UCA_uNVIxWhFjcwPeYnuRi_A,이루코 니아,2600,2021-10-27,,2026-09-30 01:37:03,원신 뉴비입니당 힐링 레츄고 친추환영 ( ・∇・),nianyang123,,mysmallvtuber.net,2026-10-01T03:32:36Z
AqzJDpwMVNaBfdguWGHu,이루코 니아,,chzzk,d8c3a1ffb0706d6c283752dda2f3c737,https://chzzk.naver.com/d8c3a1ffb0706d6c283752dda2f3c737,이루코 니아,3396,2021-10-27,,2026-09-30 01:37:03,원신 뉴비입니당 힐링 레츄고 친추환영 ( ・∇・),nianyang123,,mysmallvtuber.net,2026-10-01T03:32:36Z
ZMcLK9xTUEQgCdVptxnS,마리엘,,youtube,UCZNjPT1roGsJWpyk0PUf8eg,https://www.youtube.com/channel/UCZNjPT1roGsJWpyk0PUf8eg,마리엘,11800,2024-12-24,,2026-09-29 22:42:03,[모아이] 6시 뱌링님 주최 씹덕노래자랑🧡,S2_Mariel,https://cafe.naver.com/elverland,mysmallvtuber.net,2026-10-01T03:32:36Z
ZMcLK9xTUEQgCdVptxnS,마리엘,,soop,s2mariel,https://ch.sooplive.co.kr/s2mariel,마리엘,2077,2024-12-24,,2026-09-29 22:42:03,[모아이] 6시 뱌링님 주최 씹덕노래자랑🧡,S2_Mariel,https://cafe.naver.com/elverland,mysmallvtuber.net,2026-10-01T03:32:36Z
PaHxZMrMrhFUSB8QeE5k,아춘향,,youtube,UCmRsQA5DA7yqhBQOIVthcjQ,https://www.youtube.com/channel/UCmRsQA5DA7yqhBQOIVthcjQ,아춘향 - 조선엘프,829,2024-05-10,,2026-09-30 01:37:03,ଘ(੭ˊᵕˋ)੭* ੈ✩‧₊˚ [스트리머/시청자 행돌 불호 티어표],ah_hayang,https://cafe.naver.com/vmz,mysmallvtuber.net,2026-10-01T03:32:36Z
PaHxZMrMrhFUSB8QeE5k,아춘향,,youtube,UC4mlbAx7GTan5sJ1c5-o7Jg,https://www.youtube.com/channel/UC4mlbAx7GTan5sJ1c5-o7Jg,아춘향 다시보기,137,2024-05-10,,2026-09-30 01:37:03,ଘ(੭ˊᵕˋ)੭* ੈ✩‧₊˚ [스트리머/시청자 행돌 불호 티어표],ah_hayang,https://cafe.naver.com/vmz,mysmallvtuber.net,2026-10-01T03:32:36Z
PaHxZMrMrhFUSB8QeE5k,아춘향,,chzzk,2f6c390e61a3bd09cafde6e75ac784e1,https://chzzk.naver.com/2f6c390e61a3bd09cafde6e75ac784e1,아춘향,1324,2024-05-10,,2026-09-30 01:37:03,ଘ(੭ˊᵕˋ)੭* ੈ✩‧₊˚ [스트리머/시청자 행돌 불호 티어표],ah_hayang,https://cafe.naver.com/vmz,mysmallvtuber.net,2026-10-01T03:32:36Z
NDkTNpwWUrrpzzFXUeVP,이루희,,youtube,UCIRgBxEeYZLBDtPiNYyIvQw,https://www.youtube.com/channel/UCIRgBxEeYZLBDtPiNYyIvQw,이루희 RUHEE,810,2025-05-31,,2026-09-29 21:14:03,30 인생 첫 일본에 갑니다❤️즐찾 이벤트 중!,,https://cafe.naver.com/mingkymya,mysmallvtuber.net,2026-10-01T03:32:36Z
NDkTNpwWUrrpzzFXUeVP,이루희,,soop,mingkymya,https://ch.sooplive.co.kr/mingkymya,이루희,3867,2025-05-31,,2026-09-29 21:14:03,30 인생 첫 일본에 갑니다❤️즐찾 이벤트 중!,,https://cafe.naver.com/mingkymya,mysmallvtuber.net,2026-10-01T03:32:36Z
LX4c6HLVfkc4Tetbr9WK,마왕이노리!,,youtube,UCIvHCM72b5kLUjeh-yfsspw,https://www.youtube.com/channel/UCIvHCM72b5kLUjeh-yfsspw,이노리 inorisama,1400,2025-12-19,,2026-09-29 21:24:02,찐따새1기 마음의안정시간.,inorisama162,,mysmallvtuber.net,2026-10-01T03:32:36Z
LX4c6HLVfkc4Tetbr9WK,마왕이노리!,,soop,inorisama,https://ch.sooplive.co.kr/inorisama,마왕이노리!,4841,2025-12-19,,2026-09-29 21:24:02,찐따새1기 마음의안정시간.,inorisama162,,mysmallvtuber.net,2026-10-01T03:32:36Z
BwpmDzmXchM4KwnsB7sd,아오토 라떼,,youtube,UCzPv09-SJeVd1hBdpvlhy0g,https://www.youtube.com/channel/UCzPv09-SJeVd1hBdpvlhy0g,아오토 라떼 Aoto Latte,6500,,,2026-09-30 00:26:03,사진 찍어줄게 브이해봐 (≡・Ⱉ・≡)✌,Aoto_Latte,https://cafe.naver.com/reactkrofficial,mysmallvtuber.net,2026-10-01T03:32:36Z
BwpmDzmXchM4KwnsB7sd,아오토 라떼,,youtube,UCAePtlqx1XIvYh35J8TpBBw,https://www.youtube.com/channel/UCAePtlqx1XIvYh35J8TpBBw,라떼는 말이야~,744,,,2026-09-30 00:26:03,사진 찍어줄게 브이해봐 (≡・Ⱉ・≡)✌,Aoto_Latte,https://cafe.naver.com/reactkrofficial,mysmallvtuber.net,2026-10-01T03:32:36Z
BwpmDzmXchM4KwnsB7sd,아오토 라떼,,chzzk,c077df8642ba944f714b5ec06cf195e4,https://chzzk.naver.com/c077df8642ba944f714b5ec06cf195e4,아오토 라떼,7540,,,2026-09-30 00:26:03,사진 찍어줄게 브이해봐 (≡・Ⱉ・≡)✌,Aoto_Latte,https://cafe.naver.com/reactkrofficial,mysmallvtuber.net,2026-10-01T03:32:36Z
UtLDD4B4wZAwcxXDTXUJ,비비챰,,youtube,UCwvU0ob3jN0w3zXmKaHM1og,https://www.youtube.com/channel/UCwvU0ob3jN0w3zXmKaHM1og,비비챰,801,2023-09-18,,2026-09-29 20:24:02,𓏸𓈒(´ᴗ  ̫  ก`) 환절기엔 왜 감기에 걸리기 쉬워지나요,beebcham,https://cafe.naver.com/charmbar,mysmallvtuber.net,2026-10-01T03:32:36Z
UtLDD4B4wZAwcxXDTXUJ,비비챰,,youtube,UCbPE8lcPrguLziDJ6WBFfqA,https://www.youtube.com/channel/UCbPE8lcPrguLziDJ6WBFfqA,비비챰의 비챰식량,188,2023-09-18,,2026-09-29 20:24:02,𓏸𓈒(´ᴗ  ̫  ก`) 환절기엔 왜 감기에 걸리기 쉬워지나요,beebcham,https://cafe.naver.com/charmbar,mysmallvtuber.net,2026-10-01T03:32:36Z
UtLDD4B4wZAwcxXDTXUJ,비비챰,,chzzk,5d2d579e1c5ddf327e10b024c0e7caaf,https://chzzk.naver.com/5d2d579e1c5ddf327e10b024c0e7caaf,비비챰,1509,2023-09-18,,2026-09-29 20:24:02,𓏸𓈒(´ᴗ  ̫  ก`) 환절기엔 왜 감기에 걸리기 쉬워지나요,beebcham,https://cafe.naver.com/charmbar,mysmallvtuber.net,2026-10-01T03:32:36Z
Ms4KAnt7UqJSXYXGHcEd,다미네캔따개 미요Miyo,Miyo,youtube,UCXp8Zjf3-MqniM_hFXdxOAw,https://www.youtube.com/channel/UCXp8Zjf3-MqniM_hFXdxOAw,다미네캔따개 미요Miyo,1,2025-12-15,,2026-09-29 19:16:03,인사하러왔더요 ૮๑′0`๑ა,dami_canopener,https://cafe.naver.com/damiscanopener,mysmallvtuber.net,2026-10-01T03:32:36Z
Ms4KAnt7UqJSXYXGHcEd,다미네캔따개 미요Miyo,Miyo,youtube,UCTSZhR_R-dkM-tCOue28YoA,https://www.youtube.com/channel/UCTSZhR_R-dkM-tCOue28YoA,다미네캔따개 미요Miyo 다시보기,14,2025-12-15,,2026-09-29 19:16:03,인사하러왔더요 ૮๑′0`๑ა,dami_canopener,https://cafe.naver.com/damiscanopener,mysmallvtuber.net,2026-10-01T03:32:36Z
Ms4KAnt7UqJSXYXGHcEd,다미네캔따개 미요Miyo,Miyo,chzzk,170033804ad3bf4727999fbb2dfff931,https://chzzk.naver.com/170033804ad3bf4727999fbb2dfff931,다미네캔따개 미요Miyo,1132,2025-12-15,,2026-09-29 19:16:03,인사하러왔더요 ૮๑′0`๑ა,dami_canopener,https://cafe.naver.com/damiscanopener,mysmallvtuber.net,2026-10-01T03:32:36Z
sVPyAppKcJC2gC5buPZv,시몽,,youtube,UCfBb_aNttXzGYquUC5OWoCg,https://www.youtube.com/channel/UCfBb_aNttXzGYquUC5OWoCg,시몽,2940,2023-12-24,,2026-09-30 00:05:02,10월 제철음식 버보라 핀볼 !!!! 33/330[ 장지수용소],,https://cafe.naver.com/ximong,mysmallvtuber.net,2026-10-01T03:32:36Z
sVPyAppKcJC2gC5buPZv,시몽,,soop,ximong,https://ch.sooplive.co.kr/ximong,시몽,12327,2023-12-24,,2026-09-30 00:05:02,10월 제철음식 버보라 핀볼 !!!! 33/330[ 장지수용소],,https://cafe.naver.com/ximong,mysmallvtuber.net,2026-10-01T03:32:36Z
BqHdPGWRQWEH6bkLMM3q,쿠마루,,youtube,UC9Q7MsMg-hCNW0PzSSFVaIQ,https://www.youtube.com/channel/UC9Q7MsMg-hCNW0PzSSFVaIQ,쿠마루 Kumaru,15900,2024-03-04,,2026-09-30 00:15:03,봉누도 중식 매니저 오덕희 14일차,v_kurkuma,https://cafe.naver.com/kumaru,mysmallvtuber.net,2026-10-01T03:32:36Z
BqHdPGWRQWEH6bkLMM3q,쿠마루,,chzzk,e6df84b539791aba763f533f87ce3342,https://chzzk.naver.com/e6df84b539791aba763f533f87ce3342,쿠마루,9480,2024-03-04,,2026-09-30 00:15:03,봉누도 중식 매니저 오덕희 14일차,v_kurkuma,https://cafe.naver.com/kumaru,mysmallvtuber.net,2026-10-01T03:32:36Z
3fWhw6tnusVaeyCqSFqe,남유리_,,soop,013001,https://ch.sooplive.co.kr/013001,남유리_,1189,2024-12-08,,2026-09-30 00:11:02,종겜요정의 사각사각스크래치,,,mysmallvtuber.net,2026-10-01T03:32:36Z
qZaBTEsH5XgHj6wner4G,강재히,,youtube,UC7iUfFL3Z1Y_0K4IbHXRzVg,https://www.youtube.com/channel/UC7iUfFL3Z1Y_0K4IbHXRzVg,강재히 다시보기,35,2024-10-14,,2026-09-29 21:40:06,[대회까지 D-5] 눈뜨고 죽은 사람,,https://cafe.naver.com/jaehee1309,mysmallvtuber.net,2026-10-01T03:32:36Z
qZaBTEsH5XgHj6wner4G,강재히,,chzzk,63a1cb463032bb9d88ee5fd17c1a0a3f,https://chzzk.naver.com/63a1cb463032bb9d88ee5fd17c1a0a3f,강재히,1301,2024-10-14,,2026-09-29 21:40:06,[대회까지 D-5] 눈뜨고 죽은 사람,,https://cafe.naver.com/jaehee1309,mysmallvtuber.net,2026-10-01T03:32:36Z
tMyNmFGmSybYX7mX8GsG,니야,,youtube,UC_B3xG40Yn1gRGzbjfWMn5A,https://www.youtube.com/channel/UC_B3xG40Yn1gRGzbjfWMn5A,니야 Music,3300,2022-12-10,,2026-09-30 01:32:03,이리하자 이리...히히,,https://cafe.naver.com/niya221210,mysmallvtuber.net,2026-10-01T03:32:36Z
tMyNmFGmSybYX7mX8GsG,니야,,youtube,UCj-68Dva1yMqsbFZykcSn6g,https://www.youtube.com/channel/UCj-68Dva1yMqsbFZykcSn6g,니야 다시보기,1300,2022-12-10,,2026-09-30 01:32:03,이리하자 이리...히히,,https://cafe.naver.com/niya221210,mysmallvtuber.net,2026-10-01T03:32:36Z
tMyNmFGmSybYX7mX8GsG,니야,,chzzk,a8b44e07ea2e2a583aab4804f92ae0ba,https://chzzk.naver.com/a8b44e07ea2e2a583aab4804f92ae0ba,니야,11652,2022-12-10,,2026-09-30 01:32:03,이리하자 이리...히히,,https://cafe.naver.com/niya221210,mysmallvtuber.net,2026-10-01T03:32:36Z
fg3ygwr3WBvD2GDksR7T,뮤리벨렌,,youtube,UCL-Grc9abeU61MyN7-2CVhQ,https://www.youtube.com/channel/UCL-Grc9abeU61MyN7-2CVhQ,뮤리벨렌 베타,501,2024-08-01,,2026-09-30 01:28:03,저챗하기,baleine0501,https://cafe.naver.com/baleine0501,mysmallvtuber.net,2026-10-01T03:32:36Z
fg3ygwr3WBvD2GDksR7T,뮤리벨렌,,youtube,UC4BQnAIQr1-pp3rSrCGgdgw,https://www.youtube.com/channel/UC4BQnAIQr1-pp3rSrCGgdgw,뮤리보기,205,2024-08-01,,2026-09-30 01:28:03,저챗하기,baleine0501,https://cafe.naver.com/baleine0501,mysmallvtuber.net,2026-10-01T03:32:36Z
fg3ygwr3WBvD2GDksR7T,뮤리벨렌,,chzzk,92bfebace004726ea337b3b911f579fe,https://chzzk.naver.com/92bfebace004726ea337b3b911f579fe,뮤리벨렌,3511,2024-08-01,,2026-09-30 01:28:03,저챗하기,baleine0501,https://cafe.naver.com/baleine0501,mysmallvtuber.net,2026-10-01T03:32:36Z
dCJgZTRpWnHRgKrM5Ga7,im미오,im,youtube,UC08o1HYwurkVGc_t8jA9DoA,https://www.youtube.com/channel/UC08o1HYwurkVGc_t8jA9DoA,im미오,4910,2026-04-10,,2026-09-30 00:04:02,무대공포증이 있습니다,immi0mi0,,mysmallvtuber.net,2026-10-01T03:32:36Z
dCJgZTRpWnHRgKrM5Ga7,im미오,im,soop,mi0mi0,https://ch.sooplive.co.kr/mi0mi0,im미오,15160,2026-04-10,,2026-09-30 00:04:02,무대공포증이 있습니다,immi0mi0,,mysmallvtuber.net,2026-10-01T03:32:36Z
8CpyphwzpkeuQbQyMcAp,토랴몽,,youtube,UCynbm114m3o-rb93TUBM-oQ,https://www.youtube.com/channel/UCynbm114m3o-rb93TUBM-oQ,토랴몽,7160,2023-12-19,,2026-09-29 19:11:03,"생일 기념 과거 버신, 버삶 영상 보는 중 [유부녀즈]",toryamong09,https://cafe.naver.com/soldoutvtuber,mysmallvtuber.net,2026-10-01T03:32:36Z
8CpyphwzpkeuQbQyMcAp,토랴몽,,youtube,UC3mZlbuDv_WxtSp5tJM1gaA,https://www.youtube.com/channel/UC3mZlbuDv_WxtSp5tJM1gaA,토랴몽의 먹다 남은 이유식,423,2023-12-19,,2026-09-29 19:11:03,"생일 기념 과거 버신, 버삶 영상 보는 중 [유부녀즈]",toryamong09,https://cafe.naver.com/soldoutvtuber,mysmallvtuber.net,2026-10-01T03:32:36Z
8CpyphwzpkeuQbQyMcAp,토랴몽,,soop,choisy200009,https://ch.sooplive.co.kr/choisy200009,토랴몽,2514,2023-12-19,,2026-09-29 19:11:03,"생일 기념 과거 버신, 버삶 영상 보는 중 [유부녀즈]",toryamong09,https://cafe.naver.com/soldoutvtuber,mysmallvtuber.net,2026-10-01T03:32:36Z
R4v262qP3nAqyLEJGg8f,빙하유,,youtube,UCHdHTb5jgeH8jys5_Ebqsuw,https://www.youtube.com/channel/UCHdHTb5jgeH8jys5_Ebqsuw,빙하유 BingHayu,130000,2022-11-13,,2026-09-30 04:04:03,카푸어 사치갱단 본헤이터의 총무 빙초선,binghayu,https://cafe.naver.com/otwoffical,mysmallvtuber.net,2026-10-01T03:32:36Z
R4v262qP3nAqyLEJGg8f,빙하유,,youtube,UC9GBmdwFYuiirNGrPn5Wb0Q,https://www.youtube.com/channel/UC9GBmdwFYuiirNGrPn5Wb0Q,빙하유 VOD,24000,2022-11-13,,2026-09-30 04:04:03,카푸어 사치갱단 본헤이터의 총무 빙초선,binghayu,https://cafe.naver.com/otwoffical,mysmallvtuber.net,2026-10-01T03:32:36Z
R4v262qP3nAqyLEJGg8f,빙하유,,chzzk,a048127622edd6c3ee8e477471a1d823,https://chzzk.naver.com/a048127622edd6c3ee8e477471a1d823,빙하유,53950,2022-11-13,,2026-09-30 04:04:03,카푸어 사치갱단 본헤이터의 총무 빙초선,binghayu,https://cafe.naver.com/otwoffical,mysmallvtuber.net,2026-10-01T03:32:36Z
pzZdtDkZTEu54HQD3bhu,박도나,,youtube,UC52nnTXLGl1ZZVQc-YXAKLQ,https://www.youtube.com/channel/UC52nnTXLGl1ZZVQc-YXAKLQ,Parkdona ch. 박도나,131000,2022-11-13,,2026-09-29 18:56:03,[3D 모션캡쳐] 바니 도나래요,DONADONAPLAY,https://cafe.naver.com/parkdona,mysmallvtuber.net,2026-10-01T03:32:36Z
pzZdtDkZTEu54HQD3bhu,박도나,,youtube,UCuf5zqlYUzB1T7Za2OlNfKA,https://www.youtube.com/channel/UCuf5zqlYUzB1T7Za2OlNfKA,박도나 VOD,19100,2022-11-13,,2026-09-29 18:56:03,[3D 모션캡쳐] 바니 도나래요,DONADONAPLAY,https://cafe.naver.com/parkdona,mysmallvtuber.net,2026-10-01T03:32:36Z
pzZdtDkZTEu54HQD3bhu,박도나,,chzzk,95a050b9250958bec51343e5ae24b8f4,https://chzzk.naver.com/95a050b9250958bec51343e5ae24b8f4,박도나,22522,2022-11-13,,2026-09-29 18:56:03,[3D 모션캡쳐] 바니 도나래요,DONADONAPLAY,https://cafe.naver.com/parkdona,mysmallvtuber.net,2026-10-01T03:32:36Z
tsnMZdwRrUWfhmM448Fs,감군장입니다,,youtube,UCKQucJJLSHILoGbyS8kdpLg,https://www.youtube.com/channel/UCKQucJJLSHILoGbyS8kdpLg,감군장,23800,2023-05-20,,2026-09-30 00:18:03,굿즈 덜 들어간 범인찾기,gamgunjang,https://cafe.naver.com/gunzzang21,mysmallvtuber.net,2026-10-01T03:32:36Z
tsnMZdwRrUWfhmM448Fs,감군장입니다,,youtube,UCRAicenMg1RNjIflX5egbTg,https://www.youtube.com/channel/UCRAicenMg1RNjIflX5egbTg,감군장(다시보기),2500,2023-05-20,,2026-09-30 00:18:03,굿즈 덜 들어간 범인찾기,gamgunjang,https://cafe.naver.com/gunzzang21,mysmallvtuber.net,2026-10-01T03:32:36Z
tsnMZdwRrUWfhmM448Fs,감군장입니다,,chzzk,ba1469a50bdc7f420d775f43f29b1414,https://chzzk.naver.com/ba1469a50bdc7f420d775f43f29b1414,감군장입니다,17146,2023-05-20,,2026-09-30 00:18:03,굿즈 덜 들어간 범인찾기,gamgunjang,https://cafe.naver.com/gunzzang21,mysmallvtuber.net,2026-10-01T03:32:36Z
WqeUvPVT7Yk5tj6TLwNn,레이카 REYCA,REYCA,youtube,UCB3ikIf-A-O5C-BuQzXm5qA,https://www.youtube.com/channel/UCB3ikIf-A-O5C-BuQzXm5qA,레이카 REYCA,1950,2025-01-10,,2026-09-29 20:34:02,첫...공식... 첫경험... 심해를 보여드리겠습니다ㅋㅋ 👻💀,reycasoul,,mysmallvtuber.net,2026-10-01T03:32:36Z
WqeUvPVT7Yk5tj6TLwNn,레이카 REYCA,REYCA,chzzk,1c35da049f50f88d15736bbe3f26ca13,https://chzzk.naver.com/1c35da049f50f88d15736bbe3f26ca13,레이카 REYCA,1408,2025-01-10,,2026-09-29 20:34:02,첫...공식... 첫경험... 심해를 보여드리겠습니다ㅋㅋ 👻💀,reycasoul,,mysmallvtuber.net,2026-10-01T03:32:36Z
AAGQhFvuSmaX9GPs2tpf,연 홍차,,youtube,UCapUqAVV7EX73X_WA_M9RfQ,https://www.youtube.com/channel/UCapUqAVV7EX73X_WA_M9RfQ,연홍차 - Runellium -,18100,2026-02-04,,2026-09-29 23:08:03,트릭컬 복귀 유저입니다,yeonhongcha,https://discord.com/invite/eSxDGu7xBa,mysmallvtuber.net,2026-10-01T03:32:36Z
AAGQhFvuSmaX9GPs2tpf,연 홍차,,youtube,UCe7Af13ohRnUm0N7ocLWNcA,https://www.youtube.com/channel/UCe7Af13ohRnUm0N7ocLWNcA,연홍차 다시보기,3420,2026-02-04,,2026-09-29 23:08:03,트릭컬 복귀 유저입니다,yeonhongcha,https://discord.com/invite/eSxDGu7xBa,mysmallvtuber.net,2026-10-01T03:32:36Z
AAGQhFvuSmaX9GPs2tpf,연 홍차,,chzzk,1bba9dea7f936bdcfe06962bcf0d686a,https://chzzk.naver.com/1bba9dea7f936bdcfe06962bcf0d686a,연 홍차,10401,2026-02-04,,2026-09-29 23:08:03,트릭컬 복귀 유저입니다,yeonhongcha,https://discord.com/invite/eSxDGu7xBa,mysmallvtuber.net,2026-10-01T03:32:36Z
82fvJrhaUBAqXZ6vR2eb,문이유,,youtube,UCilepwsq4q12yeOBz3WO79Q,https://www.youtube.com/channel/UCilepwsq4q12yeOBz3WO79Q,삭제,291,2023-07-20,,2026-09-29 22:31:02,ㅎ,moon_eu_,,mysmallvtuber.net,2026-10-01T03:32:36Z
82fvJrhaUBAqXZ6vR2eb,문이유,,youtube,UC-46bCU-q_XY0cwzAowA-jQ,https://www.youtube.com/channel/UC-46bCU-q_XY0cwzAowA-jQ,무늉한 이유,59,2023-07-20,,2026-09-29 22:31:02,ㅎ,moon_eu_,,mysmallvtuber.net,2026-10-01T03:32:36Z
82fvJrhaUBAqXZ6vR2eb,문이유,,soop,moon26,https://ch.sooplive.co.kr/moon26,문이유,1516,2023-07-20,,2026-09-29 22:31:02,ㅎ,moon_eu_,,mysmallvtuber.net,2026-10-01T03:32:36Z
UeyuhFKWTGhyNNgqJeHG,마로니!,,youtube,UCOEU4FU1MqmF7cqd_qxtpuA,https://www.youtube.com/channel/UCOEU4FU1MqmF7cqd_qxtpuA,마로니,63100,2025-10-03,,2026-09-29 21:49:03,겐지로 5검하면 사장님이 롯데타워 꼭대기에서 창문을 닦으신대요 (feat. 학살선생님),marronie318,https://cafe.naver.com/marroniepark,mysmallvtuber.net,2026-10-01T03:32:36Z
UeyuhFKWTGhyNNgqJeHG,마로니!,,soop,marronie,https://ch.sooplive.co.kr/marronie,마로니!,24311,2025-10-03,,2026-09-29 21:49:03,겐지로 5검하면 사장님이 롯데타워 꼭대기에서 창문을 닦으신대요 (feat. 학살선생님),marronie318,https://cafe.naver.com/marroniepark,mysmallvtuber.net,2026-10-01T03:32:36Z
ejgWQMyyC6WVZXbz8Pvc,너나비,,youtube,UCNSTgzmTrxv7ymaDYBOYPEQ,https://www.youtube.com/channel/UCNSTgzmTrxv7ymaDYBOYPEQ,너나비,464,2024-11-06,,2026-09-30 00:28:03,세키로를 못하는 나를 이해하고 인정해줘요,nonabi_pancake,https://cafe.naver.com/nonabee,mysmallvtuber.net,2026-10-01T03:32:36Z
ejgWQMyyC6WVZXbz8Pvc,너나비,,youtube,UCXJgd0QFrVQNLzEvFLJgpsg,https://www.youtube.com/channel/UCXJgd0QFrVQNLzEvFLJgpsg,너나비 다시보기,222,2024-11-06,,2026-09-30 00:28:03,세키로를 못하는 나를 이해하고 인정해줘요,nonabi_pancake,https://cafe.naver.com/nonabee,mysmallvtuber.net,2026-10-01T03:32:36Z
ejgWQMyyC6WVZXbz8Pvc,너나비,,chzzk,a035fc7c8bdd74d644aa134c38619513,https://chzzk.naver.com/a035fc7c8bdd74d644aa134c38619513,너나비,2819,2024-11-06,,2026-09-30 00:28:03,세키로를 못하는 나를 이해하고 인정해줘요,nonabi_pancake,https://cafe.naver.com/nonabee,mysmallvtuber.net,2026-10-01T03:32:36Z
u8pHGvARQngqVneKKYgs,치쿠사마,,youtube,UCklxelzjjrkfmgo4doqZmDw,https://www.youtube.com/channel/UCklxelzjjrkfmgo4doqZmDw,치쿠챤네루,117,,,2026-09-29 22:16:03,뇌녹이기기기긱긱ㄱ긱ㄱ긱기긱,_chikusama,https://cafe.naver.com/chikulovers,mysmallvtuber.net,2026-10-01T03:32:36Z
u8pHGvARQngqVneKKYgs,치쿠사마,,youtube,UCzPYuIkAOrdHODnsMdi9dhA,https://www.youtube.com/channel/UCzPYuIkAOrdHODnsMdi9dhA,치쿠 다시보기,42,,,2026-09-29 22:16:03,뇌녹이기기기긱긱ㄱ긱ㄱ긱기긱,_chikusama,https://cafe.naver.com/chikulovers,mysmallvtuber.net,2026-10-01T03:32:36Z
u8pHGvARQngqVneKKYgs,치쿠사마,,chzzk,8b827c26630c78a3103f7edace82e66a,https://chzzk.naver.com/8b827c26630c78a3103f7edace82e66a,치쿠사마,1412,,,2026-09-29 22:16:03,뇌녹이기기기긱긱ㄱ긱ㄱ긱기긱,_chikusama,https://cafe.naver.com/chikulovers,mysmallvtuber.net,2026-10-01T03:32:36Z
L9CnEYQM6Qc4yzkCKA6x,유우양,,youtube,UCfErRnESYXp86XRZVNZYK_g,https://www.youtube.com/channel/UCfErRnESYXp86XRZVNZYK_g,유우양,49700,2016-11-16,,2026-09-29 19:27:02,1부 델타포스 #광고 / 2부 워독스 Wardogs,YooWoo0610,https://cafe.naver.com/yoowooyang,mysmallvtuber.net,2026-10-01T03:32:36Z
L9CnEYQM6Qc4yzkCKA6x,유우양,,chzzk,35382c3e4fcb9ffccb4cb97d3bddabcf,https://chzzk.naver.com/35382c3e4fcb9ffccb4cb97d3bddabcf,유우양,36023,2016-11-16,,2026-09-29 19:27:02,1부 델타포스 #광고 / 2부 워독스 Wardogs,YooWoo0610,https://cafe.naver.com/yoowooyang,mysmallvtuber.net,2026-10-01T03:32:36Z
hZaEn84g4abY6HKS3bRk,정머키,,youtube,UClJWYTR3-ZF8Op18nQsDU1w,https://www.youtube.com/channel/UClJWYTR3-ZF8Op18nQsDU1w,정머키,246,2024-05-28,,2026-09-29 13:06:03,✨베스 도전중✨안녕하세요 ? 안죽고 살아왔습니다,muckey0622,,mysmallvtuber.net,2026-10-01T03:32:36Z
hZaEn84g4abY6HKS3bRk,정머키,,soop,nmuckeyjung,https://ch.sooplive.co.kr/nmuckeyjung,정머키,1033,2024-05-28,,2026-09-29 13:06:03,✨베스 도전중✨안녕하세요 ? 안죽고 살아왔습니다,muckey0622,,mysmallvtuber.net,2026-10-01T03:32:36Z
2PAZE9Px8bskvCSz9aQm,리미 VLUP,VLUP,youtube,UCLfqa9EoXXxOf-GIq5-LBkg,https://www.youtube.com/channel/UCLfqa9EoXXxOf-GIq5-LBkg,리미의 차원보따리【V-LUP】,2070,2024-04-27,,2026-09-29 15:38:02,어제 에반게리온 다 봐서 나무위키 읽어야지,Limi_vlup,https://cafe.naver.com/vlup,mysmallvtuber.net,2026-10-01T03:32:36Z
2PAZE9Px8bskvCSz9aQm,리미 VLUP,VLUP,chzzk,46d2e17ad675cb9c22546e11e9010ff2,https://chzzk.naver.com/46d2e17ad675cb9c22546e11e9010ff2,리미 VLUP,6135,2024-04-27,,2026-09-29 15:38:02,어제 에반게리온 다 봐서 나무위키 읽어야지,Limi_vlup,https://cafe.naver.com/vlup,mysmallvtuber.net,2026-10-01T03:32:36Z
XVLESXAa42gfvnhknEj8,김앵고,,youtube,UC3mcJ4Y8arlCRUAfWegrLDA,https://www.youtube.com/channel/UC3mcJ4Y8arlCRUAfWegrLDA,앵쥐의 해씨창고,1360,,,2026-09-30 01:01:02,테르미나 축제로 오십시오.,gimaenggo,,mysmallvtuber.net,2026-10-01T03:32:36Z
XVLESXAa42gfvnhknEj8,김앵고,,chzzk,8ecadcb05be3f97875b5aa3d8ced1347,https://chzzk.naver.com/8ecadcb05be3f97875b5aa3d8ced1347,김앵고,18080,,,2026-09-30 01:01:02,테르미나 축제로 오십시오.,gimaenggo,,mysmallvtuber.net,2026-10-01T03:32:36Z
GJxnUxhqdYa5cmDb2m3P,쥬리JURI,JURI,youtube,UCz1TErEM6UyBkvmmFFbCT8g,https://www.youtube.com/channel/UCz1TErEM6UyBkvmmFFbCT8g,쥬리,422,2024-09-30,,2026-09-29 11:39:03,죽지도 않고 또 찾아온 낡은 노래방,,https://cafe.naver.com/wbfljuri,mysmallvtuber.net,2026-10-01T03:32:36Z
GJxnUxhqdYa5cmDb2m3P,쥬리JURI,JURI,chzzk,5736d20e3e18afc5408e9b54190e6c16,https://chzzk.naver.com/5736d20e3e18afc5408e9b54190e6c16,쥬리JURI,1753,2024-09-30,,2026-09-29 11:39:03,죽지도 않고 또 찾아온 낡은 노래방,,https://cafe.naver.com/wbfljuri,mysmallvtuber.net,2026-10-01T03:32:36Z
Swsg4BzvgAebt5GsXMJD,루비 포르테스,,youtube,UCH2J0xN3viCMS6ngq8hCl8Q,https://www.youtube.com/channel/UCH2J0xN3viCMS6ngq8hCl8Q,루비 포르테스,472,2024-04-14,,2026-09-29 02:07:03,마음 다잡기,,https://cafe.naver.com/rubyfortese,mysmallvtuber.net,2026-10-01T03:32:36Z
Swsg4BzvgAebt5GsXMJD,루비 포르테스,,youtube,UC_SpEpEQhCvMjPdy0JBaG7g,https://www.youtube.com/channel/UC_SpEpEQhCvMjPdy0JBaG7g,루비(잠시봉인),112,2024-04-14,,2026-09-29 02:07:03,마음 다잡기,,https://cafe.naver.com/rubyfortese,mysmallvtuber.net,2026-10-01T03:32:36Z
Swsg4BzvgAebt5GsXMJD,루비 포르테스,,chzzk,e6c1912127a136be2cbce1db7ef0a816,https://chzzk.naver.com/e6c1912127a136be2cbce1db7ef0a816,루비 포르테스,1760,2024-04-14,,2026-09-29 02:07:03,마음 다잡기,,https://cafe.naver.com/rubyfortese,mysmallvtuber.net,2026-10-01T03:32:36Z
6LxX8R3gLrjAydNXvJC9,폴라곰 PolaGoM,PolaGoM,youtube,UCEVgjoNVmHa-juYtM6DPRJg,https://www.youtube.com/channel/UCEVgjoNVmHa-juYtM6DPRJg,폴라곰 YouTube,286,2024-01-05,,2026-09-29 02:05:03,✨ʕ •ɷ•ʔฅ [HGE Creator 🎮] 풀더빙 국산 미연시 후욱후욱 ✨,PolaGoM_,https://cafe.naver.com/polagom,mysmallvtuber.net,2026-10-01T03:32:36Z
6LxX8R3gLrjAydNXvJC9,폴라곰 PolaGoM,PolaGoM,chzzk,76f0f5d7c88e2325499e68b32fbc1d65,https://chzzk.naver.com/76f0f5d7c88e2325499e68b32fbc1d65,폴라곰 PolaGoM,860,2024-01-05,,2026-09-29 02:05:03,✨ʕ •ɷ•ʔฅ [HGE Creator 🎮] 풀더빙 국산 미연시 후욱후욱 ✨,PolaGoM_,https://cafe.naver.com/polagom,mysmallvtuber.net,2026-10-01T03:32:36Z
RtzdXPkDy4JmF6fU8XA5,메이린 릴리,,chzzk,159e8e4282990a933f3f47220de437bc,https://chzzk.naver.com/159e8e4282990a933f3f47220de437bc,메이린 릴리,1005,2025-03-09,,2026-09-28 23:46:02,[V] 짧게!,Mayrin_lily,https://discord.com/invite/Bbw8hVCwWc,mysmallvtuber.net,2026-10-01T03:32:36Z
Hxe2RdEHFkEe2j9F6vZX,묘링 Myoring,Myoring,youtube,UCGcQFzbYih2BFVso6Y0DJbg,https://www.youtube.com/channel/UCGcQFzbYih2BFVso6Y0DJbg,묘링,469,2024-10-10,,2026-09-29 04:27:03,후열 가볍게 증바람 시참 렛츠꼬 (˶ᵔ ᵕ ᵔ˶),myoring_,https://cafe.naver.com/tokkibyeol,mysmallvtuber.net,2026-10-01T03:32:36Z
Hxe2RdEHFkEe2j9F6vZX,묘링 Myoring,Myoring,youtube,UCKdvvWs6ibM21cGHT5vSfhw,https://www.youtube.com/channel/UCKdvvWs6ibM21cGHT5vSfhw,묘링 다시보기,242,2024-10-10,,2026-09-29 04:27:03,후열 가볍게 증바람 시참 렛츠꼬 (˶ᵔ ᵕ ᵔ˶),myoring_,https://cafe.naver.com/tokkibyeol,mysmallvtuber.net,2026-10-01T03:32:36Z
Hxe2RdEHFkEe2j9F6vZX,묘링 Myoring,Myoring,chzzk,ff5c50ee96f6871112f776679ea2c4ee,https://chzzk.naver.com/ff5c50ee96f6871112f776679ea2c4ee,묘링 Myoring,1841,2024-10-10,,2026-09-29 04:27:03,후열 가볍게 증바람 시참 렛츠꼬 (˶ᵔ ᵕ ᵔ˶),myoring_,https://cafe.naver.com/tokkibyeol,mysmallvtuber.net,2026-10-01T03:32:36Z
NnFAxM77ChcBCNgqQD7c,랏코 아쿠비,,youtube,UCwNuQ4XVjgEdYIbiAqG6IOQ,https://www.youtube.com/channel/UCwNuQ4XVjgEdYIbiAqG6IOQ,아쿠비,1980,2024-07-27,,2026-09-28 23:15:04,💙월요일 어때?,akubi5959,https://cafe.naver.com/akubi5959,mysmallvtuber.net,2026-10-01T03:32:36Z
NnFAxM77ChcBCNgqQD7c,랏코 아쿠비,,youtube,UC2QV3QKTaNZaHLRwWfosUUg,https://www.youtube.com/channel/UC2QV3QKTaNZaHLRwWfosUUg,쿠비 다시보기,58,2024-07-27,,2026-09-28 23:15:04,💙월요일 어때?,akubi5959,https://cafe.naver.com/akubi5959,mysmallvtuber.net,2026-10-01T03:32:36Z
NnFAxM77ChcBCNgqQD7c,랏코 아쿠비,,chzzk,0c3356ebececc241124bcea53620d91a,https://chzzk.naver.com/0c3356ebececc241124bcea53620d91a,랏코 아쿠비,1153,2024-07-27,,2026-09-28 23:15:04,💙월요일 어때?,akubi5959,https://cafe.naver.com/akubi5959,mysmallvtuber.net,2026-10-01T03:32:36Z
HjrckKmAvZA7AVwLQFA7,하이얀별,,youtube,UCovHXfbbw7Mt0WKmTPNYHjg,https://www.youtube.com/channel/UCovHXfbbw7Mt0WKmTPNYHjg,하이얀별,229,2023-03-29,,2026-09-28 23:43:02,【V】 방송 이후 3번째 생일 ₍ᐢ.ˬ.⑅ᐢ₎,haiyanbyeol_o3o,https://cafe.naver.com/tokkibyeoldotcom,mysmallvtuber.net,2026-10-01T03:32:36Z
HjrckKmAvZA7AVwLQFA7,하이얀별,,chzzk,a4034dd75ee479396aa45c38383bdf7d,https://chzzk.naver.com/a4034dd75ee479396aa45c38383bdf7d,하이얀별,657,2023-03-29,,2026-09-28 23:43:02,【V】 방송 이후 3번째 생일 ₍ᐢ.ˬ.⑅ᐢ₎,haiyanbyeol_o3o,https://cafe.naver.com/tokkibyeoldotcom,mysmallvtuber.net,2026-10-01T03:32:36Z
rajAjNULmqePa4fD6Ed8,유 메루,,youtube,UCVa9K3J3gDsZG12GxSNWc7g,https://www.youtube.com/channel/UCVa9K3J3gDsZG12GxSNWc7g,유메루 YUMERU,450,2024-03-23,,2026-09-29 01:18:02,엔더런을 달리고 싶은 나,How_yumeru,https://cafe.naver.com/vhowstoryv,mysmallvtuber.net,2026-10-01T03:32:36Z
rajAjNULmqePa4fD6Ed8,유 메루,,youtube,UC_U72nKDBEB2O3Ty1H175Ww,https://www.youtube.com/channel/UC_U72nKDBEB2O3Ty1H175Ww,유메루_다시보기.mp4,105,2024-03-23,,2026-09-29 01:18:02,엔더런을 달리고 싶은 나,How_yumeru,https://cafe.naver.com/vhowstoryv,mysmallvtuber.net,2026-10-01T03:32:36Z
rajAjNULmqePa4fD6Ed8,유 메루,,chzzk,0cfb40c68e56441c3e0ca58231e3523b,https://chzzk.naver.com/0cfb40c68e56441c3e0ca58231e3523b,유 메루,1252,2024-03-23,,2026-09-29 01:18:02,엔더런을 달리고 싶은 나,How_yumeru,https://cafe.naver.com/vhowstoryv,mysmallvtuber.net,2026-10-01T03:32:36Z
cCZj3ykp5AywudXGx9zy,머렝 Mureng,Mureng,youtube,UCHhpdF2k1WSoRWonrpbklMA,https://www.youtube.com/channel/UCHhpdF2k1WSoRWonrpbklMA,머렝,701,,,2026-09-29 02:17:02,스네즈나야 7장 2막!!(  ˵•́ ᴗ •̀˵)🪄,,https://cafe.naver.com/mureng,mysmallvtuber.net,2026-10-01T03:32:36Z
cCZj3ykp5AywudXGx9zy,머렝 Mureng,Mureng,chzzk,2434c8e01c4582b37b1ab925af938cde,https://chzzk.naver.com/2434c8e01c4582b37b1ab925af938cde,머렝 Mureng,1174,,,2026-09-29 02:17:02,스네즈나야 7장 2막!!(  ˵•́ ᴗ •̀˵)🪄,,https://cafe.naver.com/mureng,mysmallvtuber.net,2026-10-01T03:32:36Z
nQ5xVeVzn9h5Lzg6BCq2,건망고,,youtube,UCiR6XnLs77P7YMVNLcO2F3w,https://www.youtube.com/channel/UCiR6XnLs77P7YMVNLcO2F3w,뮤망고 : MUSIC MANGO,427,2022-10-03,,2026-09-29 00:05:03,중고신인 박치기공룡의 무지성 박치기쇼,GunMango_Vtuber,https://cafe.naver.com/gunmango,mysmallvtuber.net,2026-10-01T03:32:36Z
nQ5xVeVzn9h5Lzg6BCq2,건망고,,youtube,UCeS4HjwowQTRSHeMi8igkHg,https://www.youtube.com/channel/UCeS4HjwowQTRSHeMi8igkHg,건망고 방송 아카이브,860,2022-10-03,,2026-09-29 00:05:03,중고신인 박치기공룡의 무지성 박치기쇼,GunMango_Vtuber,https://cafe.naver.com/gunmango,mysmallvtuber.net,2026-10-01T03:32:36Z
nQ5xVeVzn9h5Lzg6BCq2,건망고,,chzzk,b134c6981709fdb7c9e8c52f42c48d4b,https://chzzk.naver.com/b134c6981709fdb7c9e8c52f42c48d4b,건망고,3179,2022-10-03,,2026-09-29 00:05:03,중고신인 박치기공룡의 무지성 박치기쇼,GunMango_Vtuber,https://cafe.naver.com/gunmango,mysmallvtuber.net,2026-10-01T03:32:36Z
2QCUwGcKmGENAzSb3f5s,김하루ㅡ,,youtube,UCND4Av1vGhIHvUnJSCR5jMA,https://www.youtube.com/channel/UCND4Av1vGhIHvUnJSCR5jMA,김하루 뒷면,8620,2023-08-11,,2026-09-29 01:15:04,10장 중편 마저달림,singing_ru,https://cafe.naver.com/haru2024,mysmallvtuber.net,2026-10-01T03:32:36Z
2QCUwGcKmGENAzSb3f5s,김하루ㅡ,,youtube,UC4mXr5duPx2Egsu4qtNqjwA,https://www.youtube.com/channel/UC4mXr5duPx2Egsu4qtNqjwA,긴 하루,1320,2023-08-11,,2026-09-29 01:15:04,10장 중편 마저달림,singing_ru,https://cafe.naver.com/haru2024,mysmallvtuber.net,2026-10-01T03:32:36Z
2QCUwGcKmGENAzSb3f5s,김하루ㅡ,,chzzk,897a1ed91293eb9517b4620c07879153,https://chzzk.naver.com/897a1ed91293eb9517b4620c07879153,김하루ㅡ,8265,2023-08-11,,2026-09-29 01:15:04,10장 중편 마저달림,singing_ru,https://cafe.naver.com/haru2024,mysmallvtuber.net,2026-10-01T03:32:36Z
G6weEQCE9mYWWCqHGp2Y,리아 에메랄드,,youtube,UCctNcL4SxyKgzhvf1AXt2mA,https://www.youtube.com/channel/UCctNcL4SxyKgzhvf1AXt2mA,리아 에메랄드Lia_emerald,1150,2023-08-16,,2026-09-28 22:10:04,바이오하자드만 하면 소리를 질러요,Lia_emerald01,https://discord.com/invite/53DrYCjV4g,mysmallvtuber.net,2026-10-01T03:32:36Z
G6weEQCE9mYWWCqHGp2Y,리아 에메랄드,,youtube,UCq1hsOBaTPvRpl0X8t6lnZQ,https://www.youtube.com/channel/UCq1hsOBaTPvRpl0X8t6lnZQ,리아 다시보기,58,2023-08-16,,2026-09-28 22:10:04,바이오하자드만 하면 소리를 질러요,Lia_emerald01,https://discord.com/invite/53DrYCjV4g,mysmallvtuber.net,2026-10-01T03:32:36Z
G6weEQCE9mYWWCqHGp2Y,리아 에메랄드,,chzzk,77612dca8fd05982c7236afba458d20d,https://chzzk.naver.com/77612dca8fd05982c7236afba458d20d,리아 에메랄드,1052,2023-08-16,,2026-09-28 22:10:04,바이오하자드만 하면 소리를 질러요,Lia_emerald01,https://discord.com/invite/53DrYCjV4g,mysmallvtuber.net,2026-10-01T03:32:36Z
dPwvJaerUqw3m7fn8duF,헤일Haillop,Haillop,youtube,UCih-Dl325CnmQw7o3A0QWug,https://www.youtube.com/channel/UCih-Dl325CnmQw7o3A0QWug,Haillop헤일,476,2023-03-27,,2026-09-28 23:15:04,[V]공방 같이봐요!!!,haillop,https://discord.gg/ZmeYNnVVKv,mysmallvtuber.net,2026-10-01T03:32:36Z
dPwvJaerUqw3m7fn8duF,헤일Haillop,Haillop,chzzk,ed5d1ec14256c95d33a5f1ec2b43c1c4,https://chzzk.naver.com/ed5d1ec14256c95d33a5f1ec2b43c1c4,헤일Haillop,376,2023-03-27,,2026-09-28 23:15:04,[V]공방 같이봐요!!!,haillop,https://discord.gg/ZmeYNnVVKv,mysmallvtuber.net,2026-10-01T03:32:36Z
ttVDpPsMvW7XreWkt3te,모부이,,youtube,UClOTBiZzh3hXhfqqMwJWPHg,https://www.youtube.com/channel/UClOTBiZzh3hXhfqqMwJWPHg,모부이,420,2025-03-04,,2026-09-28 22:01:03,안녕하세요,mobui0304,https://cafe.naver.com/mobuuu,mysmallvtuber.net,2026-10-01T03:32:36Z
ttVDpPsMvW7XreWkt3te,모부이,,chzzk,e5c088b7846ce73c07e27d9bacc719f0,https://chzzk.naver.com/e5c088b7846ce73c07e27d9bacc719f0,모부이,530,2025-03-04,,2026-09-28 22:01:03,안녕하세요,mobui0304,https://cafe.naver.com/mobuuu,mysmallvtuber.net,2026-10-01T03:32:36Z
RYcdKWnELQHvdg5Jsz6G,사이네코 코나타 Wishing,Wishing,youtube,UCz_xNPBcTDH47ENPaRE_mAQ,https://www.youtube.com/channel/UCz_xNPBcTDH47ENPaRE_mAQ,사이네코 코나타 Saineko konata,686,2024-08-04,,2026-09-29 01:00:03,~먼작귀 4시간 몰아보기 같이 보기~,wishing_konata,https://cafe.naver.com/wishinglive,mysmallvtuber.net,2026-10-01T03:32:36Z
RYcdKWnELQHvdg5Jsz6G,사이네코 코나타 Wishing,Wishing,youtube,UCR_KwgX6rqhCBxVZLwfckZA,https://www.youtube.com/channel/UCR_KwgX6rqhCBxVZLwfckZA,코나타 다시보기,248,2024-08-04,,2026-09-29 01:00:03,~먼작귀 4시간 몰아보기 같이 보기~,wishing_konata,https://cafe.naver.com/wishinglive,mysmallvtuber.net,2026-10-01T03:32:36Z
RYcdKWnELQHvdg5Jsz6G,사이네코 코나타 Wishing,Wishing,chzzk,dc5a830020254936843b8afeed98949f,https://chzzk.naver.com/dc5a830020254936843b8afeed98949f,사이네코 코나타 Wishing,5190,2024-08-04,,2026-09-29 01:00:03,~먼작귀 4시간 몰아보기 같이 보기~,wishing_konata,https://cafe.naver.com/wishinglive,mysmallvtuber.net,2026-10-01T03:32:36Z
pWCcvXjZgWDVTDCMUVvn,루시에,,youtube,UCaOGr5gpE0XD4yNR5FuxHHA,https://www.youtube.com/channel/UCaOGr5gpE0XD4yNR5FuxHHA,루시에,106,,,2026-09-28 21:22:03,[V] 저에요. 림버스 조금 할지도,Rucie_V,,mysmallvtuber.net,2026-10-01T03:32:36Z
pWCcvXjZgWDVTDCMUVvn,루시에,,chzzk,1a635a02601ada4d570f5a685cfd896e,https://chzzk.naver.com/1a635a02601ada4d570f5a685cfd896e,루시에,415,,,2026-09-28 21:22:03,[V] 저에요. 림버스 조금 할지도,Rucie_V,,mysmallvtuber.net,2026-10-01T03:32:36Z
wFG1z1e3TBd84eYD8yW2,라모 LAMO,LAMO,youtube,UCxhekwz6B78uEMNwkzbKXRw,https://www.youtube.com/channel/UCxhekwz6B78uEMNwkzbKXRw,라모 LAMO Channel,1550,2022-05-27,,2026-09-29 01:18:02,식스센스 오딧세이 (/w.리라비 푼다 코메 티알),lamo_vtuber,https://cafe.naver.com/gaemigool,mysmallvtuber.net,2026-10-01T03:32:36Z
wFG1z1e3TBd84eYD8yW2,라모 LAMO,LAMO,youtube,UC05HxgrO69ROuEKD8_s8rwA,https://www.youtube.com/channel/UC05HxgrO69ROuEKD8_s8rwA,LONG라모,969,2022-05-27,,2026-09-29 01:18:02,식스센스 오딧세이 (/w.리라비 푼다 코메 티알),lamo_vtuber,https://cafe.naver.com/gaemigool,mysmallvtuber.net,2026-10-01T03:32:36Z
wFG1z1e3TBd84eYD8yW2,라모 LAMO,LAMO,chzzk,c663e425e015731a5665a57fbac30bb6,https://chzzk.naver.com/c663e425e015731a5665a57fbac30bb6,라모 LAMO,2047,2022-05-27,,2026-09-29 01:18:02,식스센스 오딧세이 (/w.리라비 푼다 코메 티알),lamo_vtuber,https://cafe.naver.com/gaemigool,mysmallvtuber.net,2026-10-01T03:32:36Z
mY2Pxh6RHtBmrPQbPkfs,리라비,,youtube,UCgLO1MC7oMaZajU0lRJdIyw,https://www.youtube.com/channel/UCgLO1MC7oMaZajU0lRJdIyw,리라비,443,2024-03-16,,2026-09-29 01:15:04,다이스갓님 제발 펌블만은!!!♡(w.!멤버)(식스센스 오디세이),Lirabi44,https://discord.com/invite/7wAr8CQafC,mysmallvtuber.net,2026-10-01T03:32:36Z
mY2Pxh6RHtBmrPQbPkfs,리라비,,youtube,UCRV7YG1_x7FD9Bl5o2aKppQ,https://www.youtube.com/channel/UCRV7YG1_x7FD9Bl5o2aKppQ,리라비 다시보기,744,2024-03-16,,2026-09-29 01:15:04,다이스갓님 제발 펌블만은!!!♡(w.!멤버)(식스센스 오디세이),Lirabi44,https://discord.com/invite/7wAr8CQafC,mysmallvtuber.net,2026-10-01T03:32:36Z
mY2Pxh6RHtBmrPQbPkfs,리라비,,chzzk,5abd86365fee99b560451266cf8053bb,https://chzzk.naver.com/5abd86365fee99b560451266cf8053bb,리라비,931,2024-03-16,,2026-09-29 01:15:04,다이스갓님 제발 펌블만은!!!♡(w.!멤버)(식스센스 오디세이),Lirabi44,https://discord.com/invite/7wAr8CQafC,mysmallvtuber.net,2026-10-01T03:32:36Z
hUsc5Larr3tLmDMw4FNr,헤스,,youtube,UCVf2QTqI0GYz5GMzxL_oJkQ,https://www.youtube.com/channel/UCVf2QTqI0GYz5GMzxL_oJkQ,헤스 Hess,13400,2023-01-14,,2026-09-28 19:43:03,생존신고방송!!!!!!!!!!!!!!!!!!!!,vrecord_Hess,https://cafe.naver.com/vrecord,mysmallvtuber.net,2026-10-01T03:32:36Z
hUsc5Larr3tLmDMw4FNr,헤스,,youtube,UCHUaXD0TJd9pbeo4OJ3sbJQ,https://www.youtube.com/channel/UCHUaXD0TJd9pbeo4OJ3sbJQ,헤스 다시보기,344,2023-01-14,,2026-09-28 19:43:03,생존신고방송!!!!!!!!!!!!!!!!!!!!,vrecord_Hess,https://cafe.naver.com/vrecord,mysmallvtuber.net,2026-10-01T03:32:36Z
hUsc5Larr3tLmDMw4FNr,헤스,,soop,utahessx33,https://ch.sooplive.co.kr/utahessx33,헤스,8623,2023-01-14,,2026-09-28 19:43:03,생존신고방송!!!!!!!!!!!!!!!!!!!!,vrecord_Hess,https://cafe.naver.com/vrecord,mysmallvtuber.net,2026-10-01T03:32:36Z
kp8L9zNWTasuwBXh9Cy4,해옥 HAEOK,HAEOK,youtube,UCYHs_t8zn5-jFZ8TwOB7o0w,https://www.youtube.com/channel/UCYHs_t8zn5-jFZ8TwOB7o0w,해옥 HaeOk,1700,,,2026-09-29 02:43:03,🌱찐 새싹 37일차 / 니어 오토마타 옷 얻기,Hae_Ok_,https://cafe.naver.com/haeok,mysmallvtuber.net,2026-10-01T03:32:36Z
kp8L9zNWTasuwBXh9Cy4,해옥 HAEOK,HAEOK,chzzk,e9591b517df39ffae2b9912cffa10e62,https://chzzk.naver.com/e9591b517df39ffae2b9912cffa10e62,해옥 HAEOK,4579,,,2026-09-29 02:43:03,🌱찐 새싹 37일차 / 니어 오토마타 옷 얻기,Hae_Ok_,https://cafe.naver.com/haeok,mysmallvtuber.net,2026-10-01T03:32:36Z
Kf9gSaADOMTqZHRDO2YH,비몽♪,,youtube,UCnWEtTLqxplJccIRh3sFjJg,https://www.youtube.com/channel/UCnWEtTLqxplJccIRh3sFjJg,비몽 Beemong,44300,2022-08-06,,2026-09-29 03:35:03,[이브닛]응답하러 8화 마저보기,beemong_,https://discord.com/invite/MYrArAmuYp,mysmallvtuber.net,2026-10-01T03:32:36Z
Kf9gSaADOMTqZHRDO2YH,비몽♪,,youtube,UC-PEEzHOQCgAA2X96WAndpg,https://www.youtube.com/channel/UC-PEEzHOQCgAA2X96WAndpg,비몽 아카이브,988,2022-08-06,,2026-09-29 03:35:03,[이브닛]응답하러 8화 마저보기,beemong_,https://discord.com/invite/MYrArAmuYp,mysmallvtuber.net,2026-10-01T03:32:36Z
Kf9gSaADOMTqZHRDO2YH,비몽♪,,soop,beemong,https://ch.sooplive.co.kr/beemong,비몽♪,37078,2022-08-06,,2026-09-29 03:35:03,[이브닛]응답하러 8화 마저보기,beemong_,https://discord.com/invite/MYrArAmuYp,mysmallvtuber.net,2026-10-01T03:32:36Z
86Mc7SqkbYSjvrQCbWC2,도사 반야,,chzzk,928d0f3f3aa100dcffdbec87260c30d0,https://chzzk.naver.com/928d0f3f3aa100dcffdbec87260c30d0,도사 반야,946,2024-08-19,,2026-09-28 19:06:02,잠시잠깐,Banya0723,https://cafe.naver.com/zarak,mysmallvtuber.net,2026-10-01T03:32:36Z
696gTJXYLPL7878McjQw,쿠우♪,,youtube,UCKDZKVDTqP6qrV6NyoytFfw,https://www.youtube.com/channel/UCKDZKVDTqP6qrV6NyoytFfw,쿠우,18900,2022-06-07,,2026-09-28 18:56:02,쿠우가 와써! 💛,qoo_dayom,https://cafe.naver.com/qooigloo,mysmallvtuber.net,2026-10-01T03:32:36Z
696gTJXYLPL7878McjQw,쿠우♪,,youtube,UCAEZMb30mzm9dkVtzP2jeTw,https://www.youtube.com/channel/UCAEZMb30mzm9dkVtzP2jeTw,쿠우다시보기,1400,2022-06-07,,2026-09-28 18:56:02,쿠우가 와써! 💛,qoo_dayom,https://cafe.naver.com/qooigloo,mysmallvtuber.net,2026-10-01T03:32:36Z
696gTJXYLPL7878McjQw,쿠우♪,,soop,qooqoo3110,https://ch.sooplive.co.kr/qooqoo3110,쿠우♪,23297,2022-06-07,,2026-09-28 18:56:02,쿠우가 와써! 💛,qoo_dayom,https://cafe.naver.com/qooigloo,mysmallvtuber.net,2026-10-01T03:32:36Z
QXtCzUC2G5csmMSGknYr,니니♥♥♥,,soop,honeys2,https://ch.sooplive.co.kr/honeys2,니니♥♥♥,39399,,,2026-09-29 09:07:02,"🎀 1소대 부소대장 니니, 마지막 날 · 마병대 🎀",,https://cafe.naver.com/babynini,mysmallvtuber.net,2026-10-01T03:32:36Z
ZTQTneQPvDBdDnhP2kAw,배쨜이,,youtube,UCwKhlODbGC8sA5RFilkGTZg,https://www.youtube.com/channel/UCwKhlODbGC8sA5RFilkGTZg,배쨜이,5540,2025-04-19,,2026-09-28 10:54:03,감살몸기에 걸렸어요,BAEJJAL0_0,https://cafe.naver.com/baejjal00,mysmallvtuber.net,2026-10-01T03:32:36Z
ZTQTneQPvDBdDnhP2kAw,배쨜이,,chzzk,6f377acaaaacc0b5e9bebc70e45eef4f,https://chzzk.naver.com/6f377acaaaacc0b5e9bebc70e45eef4f,배쨜이,7091,2025-04-19,,2026-09-28 10:54:03,감살몸기에 걸렸어요,BAEJJAL0_0,https://cafe.naver.com/baejjal00,mysmallvtuber.net,2026-10-01T03:32:36Z
TcLbDxA7AqPLHX8q75JN,해로해롱,,youtube,UCyHXCjX7HjLaKxniN9HAhJg,https://www.youtube.com/channel/UCyHXCjX7HjLaKxniN9HAhJg,해로해롱,71,2024-05-31,,2026-09-28 09:34:03,월요일은 왜 자꾸 오는거야 눈치없이,sea_way1212,https://cafe.naver.com/monglebase,mysmallvtuber.net,2026-10-01T03:32:36Z
TcLbDxA7AqPLHX8q75JN,해로해롱,,chzzk,bca004bab58630f78120d53d583afa71,https://chzzk.naver.com/bca004bab58630f78120d53d583afa71,해로해롱,1157,2024-05-31,,2026-09-28 09:34:03,월요일은 왜 자꾸 오는거야 눈치없이,sea_way1212,https://cafe.naver.com/monglebase,mysmallvtuber.net,2026-10-01T03:32:36Z
sATSZwsE6WLFTpzSVuRF,위즐리어카,,youtube,UChBGp_7Sef_037Tvz09WKqw,https://www.youtube.com/channel/UChBGp_7Sef_037Tvz09WKqw,위즐리어카,2720,2023-09-16,,2026-09-28 10:47:03,🦔 휴방인데 왜 오셨어요? 보고시짜나잉 💛,How_wizl,https://cafe.naver.com/vhowstoryv,mysmallvtuber.net,2026-10-01T03:32:36Z
sATSZwsE6WLFTpzSVuRF,위즐리어카,,youtube,UCH8LbMKc7W4HtkjSmtzSLzA,https://www.youtube.com/channel/UCH8LbMKc7W4HtkjSmtzSLzA,위즐이는 게이머가 될 거야,554,2023-09-16,,2026-09-28 10:47:03,🦔 휴방인데 왜 오셨어요? 보고시짜나잉 💛,How_wizl,https://cafe.naver.com/vhowstoryv,mysmallvtuber.net,2026-10-01T03:32:36Z
sATSZwsE6WLFTpzSVuRF,위즐리어카,,chzzk,e43e57d18238478ab373d447b8017d36,https://chzzk.naver.com/e43e57d18238478ab373d447b8017d36,위즐리어카,2992,2023-09-16,,2026-09-28 10:47:03,🦔 휴방인데 왜 오셨어요? 보고시짜나잉 💛,How_wizl,https://cafe.naver.com/vhowstoryv,mysmallvtuber.net,2026-10-01T03:32:36Z
zWRStmgvwrMUjT9BkNNJ,청호련 horyeon,horyeon,youtube,UCw6KRES13zXFV0pA9Wa3MOA,https://www.youtube.com/channel/UCw6KRES13zXFV0pA9Wa3MOA,청호련 horyeon,56,2025-12-12,,2026-09-28 06:17:02,7분 남기고 천휘 설휘랑 잡기 성공~!! 도와줘서 고마워!!,horyeon_fox,https://cafe.naver.com/horong2,mysmallvtuber.net,2026-10-01T03:32:36Z
zWRStmgvwrMUjT9BkNNJ,청호련 horyeon,horyeon,chzzk,1079895a249ffde329d16981e66ebe04,https://chzzk.naver.com/1079895a249ffde329d16981e66ebe04,청호련 horyeon,407,2025-12-12,,2026-09-28 06:17:02,7분 남기고 천휘 설휘랑 잡기 성공~!! 도와줘서 고마워!!,horyeon_fox,https://cafe.naver.com/horong2,mysmallvtuber.net,2026-10-01T03:32:36Z
G7M85s978J6seXPZxdgM,민부릉,,youtube,UClcl8Yqz5-Oekx5S9ssOwyw,https://www.youtube.com/channel/UClcl8Yqz5-Oekx5S9ssOwyw,민부릉,3700,2023-06-10,,2026-09-28 02:09:03,[V] 좋아한다고 말해 [3DIO],wannabezonjal,,mysmallvtuber.net,2026-10-01T03:32:36Z
G7M85s978J6seXPZxdgM,민부릉,,youtube,UCmc7XrCKBNM3rscAblPB9UQ,https://www.youtube.com/channel/UCmc7XrCKBNM3rscAblPB9UQ,민부릉 다시보기,3830,2023-06-10,,2026-09-28 02:09:03,[V] 좋아한다고 말해 [3DIO],wannabezonjal,,mysmallvtuber.net,2026-10-01T03:32:36Z
G7M85s978J6seXPZxdgM,민부릉,,chzzk,e35575039cab265fd84493ebcbdb8ad9,https://chzzk.naver.com/e35575039cab265fd84493ebcbdb8ad9,민부릉,4472,2023-06-10,,2026-09-28 02:09:03,[V] 좋아한다고 말해 [3DIO],wannabezonjal,,mysmallvtuber.net,2026-10-01T03:32:36Z
HsPuWzyGNeGfBexXnxK3,유 보 라,,chzzk,18e72d38acbd6fb781f4c1107d8a9896,https://chzzk.naver.com/18e72d38acbd6fb781f4c1107d8a9896,유 보 라,771,2023-07-21,,2026-09-28 01:51:02,[V/유입환영] 💜 고민 오백 번 하다가 자기 싫어서 방송 켜고 옵치 경쟁 돌리는 사람 (피곤함 이슈로 텐션 낮음 주의) 📝,B0R4_S2C,https://discord.gg/WbbEP2eznk,mysmallvtuber.net,2026-10-01T03:32:36Z
GWRgU2byQLxjprfYFnF8,깜장냥말,,youtube,UCO0VFOb6k_JCDCMSoq9q8Fw,https://www.youtube.com/channel/UCO0VFOb6k_JCDCMSoq9q8Fw,다시 보는 냥말 방송,21,2024-02-06,,2026-09-27 22:53:02,[V] ~사랑방 대장의 오리지널 SD 모델 공개~ 시참 !!! [후열! 멧챠 카멜레온],Nnangmmal_,https://discord.gg/bspnq9yuPX,mysmallvtuber.net,2026-10-01T03:32:36Z
GWRgU2byQLxjprfYFnF8,깜장냥말,,chzzk,9e9bc0f007b5c9526dad4a8024bfbbc5,https://chzzk.naver.com/9e9bc0f007b5c9526dad4a8024bfbbc5,깜장냥말,260,2024-02-06,,2026-09-27 22:53:02,[V] ~사랑방 대장의 오리지널 SD 모델 공개~ 시참 !!! [후열! 멧챠 카멜레온],Nnangmmal_,https://discord.gg/bspnq9yuPX,mysmallvtuber.net,2026-10-01T03:32:36Z
SMrhLuB6EMP2NCrUCybW,수이 Sui,Sui,chzzk,480b68ce14032a572f8bb6b0f0cb2f66,https://chzzk.naver.com/480b68ce14032a572f8bb6b0f0cb2f66,수이 Sui,540,2026-02-18,,2026-09-27 22:57:02,죽음에서 벗아낟다. 아겜 야구 금메달 ㅅㅅㅅㅅㅅㅅ,,https://cafe.naver.com/suisansijang,mysmallvtuber.net,2026-10-01T03:32:36Z
DHmJGGmU89BUbDHXMpmW,모야지,,youtube,UCMWXv0lfTyi2zjOSkW-OCkg,https://www.youtube.com/channel/UCMWXv0lfTyi2zjOSkW-OCkg,모야지moyaji,51500,2023-08-13,,2026-09-27 22:54:02,❣️[黑3DIO] 한복+건전 ASMR~,moyaji77,https://cafe.naver.com/moyaji700,mysmallvtuber.net,2026-10-01T03:32:36Z
DHmJGGmU89BUbDHXMpmW,모야지,,youtube,UCi4fCWCQtM6RTRRveJoHO7w,https://www.youtube.com/channel/UCi4fCWCQtM6RTRRveJoHO7w,모야지 다시보기,3360,2023-08-13,,2026-09-27 22:54:02,❣️[黑3DIO] 한복+건전 ASMR~,moyaji77,https://cafe.naver.com/moyaji700,mysmallvtuber.net,2026-10-01T03:32:36Z
DHmJGGmU89BUbDHXMpmW,모야지,,chzzk,ff8a77860f5a1da0bd6991c5041525f5,https://chzzk.naver.com/ff8a77860f5a1da0bd6991c5041525f5,모야지,12098,2023-08-13,,2026-09-27 22:54:02,❣️[黑3DIO] 한복+건전 ASMR~,moyaji77,https://cafe.naver.com/moyaji700,mysmallvtuber.net,2026-10-01T03:32:36Z
LUSjcAQEQQqq4yDH3aBQ,함준,,youtube,UCqBmT6Hrgoe0zTr3I5hy12Q,https://www.youtube.com/channel/UCqBmT6Hrgoe0zTr3I5hy12Q,함준,57,2024-03-11,,2026-09-27 23:12:02,추석 보낸 후 댇지방송,hamjoon_2,https://discord.com/invite/v7saCqBQ4C,mysmallvtuber.net,2026-10-01T03:32:36Z
LUSjcAQEQQqq4yDH3aBQ,함준,,youtube,UC8IGANH7PJoPe5SeETqRO3Q,https://www.youtube.com/channel/UC8IGANH7PJoPe5SeETqRO3Q,함준 다시보기,46,2024-03-11,,2026-09-27 23:12:02,추석 보낸 후 댇지방송,hamjoon_2,https://discord.com/invite/v7saCqBQ4C,mysmallvtuber.net,2026-10-01T03:32:36Z
LUSjcAQEQQqq4yDH3aBQ,함준,,chzzk,adb0d1cd905f534677f1ff8662d5e33d,https://chzzk.naver.com/adb0d1cd905f534677f1ff8662d5e33d,함준,486,2024-03-11,,2026-09-27 23:12:02,추석 보낸 후 댇지방송,hamjoon_2,https://discord.com/invite/v7saCqBQ4C,mysmallvtuber.net,2026-10-01T03:32:36Z
XpCAEUyJscNUyyHhcdJ5,우엉초,,chzzk,cf508ad755c0e3bf1a66d7649cf2cbf0,https://chzzk.naver.com/cf508ad755c0e3bf1a66d7649cf2cbf0,우엉초,211,,,2026-09-28 02:01:03,즐거운 추석 잘 보내십니까 또리칼으 스토리 겜상,,https://cafe.naver.com/ueoncho,mysmallvtuber.net,2026-10-01T03:32:36Z
tbfyFPQLf6EYQ6epDwMb,노엘 Noel,Noel,youtube,UCs9SkboKfkKpaBG4otD18HA,https://www.youtube.com/channel/UCs9SkboKfkKpaBG4otD18HA,노엘 Noel,18500,2023-02-12,,2026-09-27 23:10:04,괴식 볶음밥을 먹어요,noel_28_28,https://cafe.naver.com/retale0203,mysmallvtuber.net,2026-10-01T03:32:36Z
tbfyFPQLf6EYQ6epDwMb,노엘 Noel,Noel,chzzk,c6883e9be221c06615447b8792d9d8ba,https://chzzk.naver.com/c6883e9be221c06615447b8792d9d8ba,노엘 Noel,2671,2023-02-12,,2026-09-27 23:10:04,괴식 볶음밥을 먹어요,noel_28_28,https://cafe.naver.com/retale0203,mysmallvtuber.net,2026-10-01T03:32:36Z
2QM66FjFxXwpdceStZ9d,유나기,,youtube,UCcFK1gOtKkaze4gc51qWosQ,https://www.youtube.com/channel/UCcFK1gOtKkaze4gc51qWosQ,유나기,12700,2023-06-25,,2026-09-28 00:51:03,안넝 (방셀 500/1324),,https://cafe.naver.com/eurii,mysmallvtuber.net,2026-10-01T03:32:36Z
2QM66FjFxXwpdceStZ9d,유나기,,soop,nagi0413,https://ch.sooplive.co.kr/nagi0413,유나기,14871,2023-06-25,,2026-09-28 00:51:03,안넝 (방셀 500/1324),,https://cafe.naver.com/eurii,mysmallvtuber.net,2026-10-01T03:32:36Z
xME4RpJ9k7MNkEBGjM42,페리스 울프,,youtube,UCRuvX85rEXgbwq425YLG2gg,https://www.youtube.com/channel/UCRuvX85rEXgbwq425YLG2gg,페리스 울프 / FerirsWolf,575,2022-03-25,,2026-09-27 23:27:03,샷건을 들고 옹기종기 모여 앉아,,https://discord.com/invite/GRaNZ9MxXB,mysmallvtuber.net,2026-10-01T03:32:36Z
xME4RpJ9k7MNkEBGjM42,페리스 울프,,chzzk,8edb3df561efb7f67f3b4533ee285574,https://chzzk.naver.com/8edb3df561efb7f67f3b4533ee285574,페리스 울프,559,2022-03-25,,2026-09-27 23:27:03,샷건을 들고 옹기종기 모여 앉아,,https://discord.com/invite/GRaNZ9MxXB,mysmallvtuber.net,2026-10-01T03:32:36Z
VdPgqLzqDMpSNsrqGpJE,카 메 오,,chzzk,5108188539ee1b93c9bb0a755c7817c9,https://chzzk.naver.com/5108188539ee1b93c9bb0a755c7817c9,카 메 오,497,2024-04-15,,2026-09-28 01:18:03,pve)야심한? 밤 야심차게 뭔가 하러 다니기,,https://discord.com/invite/uAnwqasmAp,mysmallvtuber.net,2026-10-01T03:32:36Z
0MyofpuVR4zPKql961D3,반님l,l,youtube,UCj2qZQT1oF2MULq2MZMqu0w,https://www.youtube.com/channel/UCj2qZQT1oF2MULq2MZMqu0w,반님 Van,52600,2019-12-13,,2026-09-28 02:52:02,애니모 처음 하는 뇌,Van_Nim_,https://cafe.naver.com/otwoffical,mysmallvtuber.net,2026-10-01T03:32:36Z
0MyofpuVR4zPKql961D3,반님l,l,youtube,UCWFYA2jG7giYrUaSZ1P9uzQ,https://www.youtube.com/channel/UCWFYA2jG7giYrUaSZ1P9uzQ,반님 다시보기,6440,2019-12-13,,2026-09-28 02:52:02,애니모 처음 하는 뇌,Van_Nim_,https://cafe.naver.com/otwoffical,mysmallvtuber.net,2026-10-01T03:32:36Z
0MyofpuVR4zPKql961D3,반님l,l,chzzk,3a2d2f4e9132d822423f6aa879e598c5,https://chzzk.naver.com/3a2d2f4e9132d822423f6aa879e598c5,반님l,39482,2019-12-13,,2026-09-28 02:52:02,애니모 처음 하는 뇌,Van_Nim_,https://cafe.naver.com/otwoffical,mysmallvtuber.net,2026-10-01T03:32:36Z
BwHD97CmYwM3j9X4K7b4,말랑개,,youtube,UCBMjxKkuEWO5D_f1qltrVXQ,https://www.youtube.com/channel/UCBMjxKkuEWO5D_f1qltrVXQ,말랑개 하이라이트 클립,340,2025-04-18,,2026-09-27 21:56:02,65급 복귀유저 원딜 연습 해보기,,https://cafe.naver.com/softdogh,mysmallvtuber.net,2026-10-01T03:32:36Z
BwHD97CmYwM3j9X4K7b4,말랑개,,youtube,UCr7pQv0qHL7scFDINvp7J0w,https://www.youtube.com/channel/UCr7pQv0qHL7scFDINvp7J0w,말랑개 데드바이데이라이트,613,2025-04-18,,2026-09-27 21:56:02,65급 복귀유저 원딜 연습 해보기,,https://cafe.naver.com/softdogh,mysmallvtuber.net,2026-10-01T03:32:36Z
BwHD97CmYwM3j9X4K7b4,말랑개,,chzzk,0f4307753a48b96d8c1d0e5acc8c3291,https://chzzk.naver.com/0f4307753a48b96d8c1d0e5acc8c3291,말랑개,440,2025-04-18,,2026-09-27 21:56:02,65급 복귀유저 원딜 연습 해보기,,https://cafe.naver.com/softdogh,mysmallvtuber.net,2026-10-01T03:32:36Z
gks338YJL7mFr5xVhTyg,블링이1,,youtube,UCCXeFA7c9826Jsbc6zWLTzg,https://www.youtube.com/channel/UCCXeFA7c9826Jsbc6zWLTzg,블링이1,14300,2020-06-05,,2026-09-27 20:25:05,연휴 마지막날 (오늘은 정말 건전),,,mysmallvtuber.net,2026-10-01T03:32:36Z
gks338YJL7mFr5xVhTyg,블링이1,,youtube,UCO9icj-4REizMiPLmrnxWHQ,https://www.youtube.com/channel/UCO9icj-4REizMiPLmrnxWHQ,블링이1 다시보기,3370,2020-06-05,,2026-09-27 20:25:05,연휴 마지막날 (오늘은 정말 건전),,,mysmallvtuber.net,2026-10-01T03:32:36Z
gks338YJL7mFr5xVhTyg,블링이1,,chzzk,53ed9aee7fc9f8d45f649f7ba6e63eb7,https://chzzk.naver.com/53ed9aee7fc9f8d45f649f7ba6e63eb7,블링이1,7495,2020-06-05,,2026-09-27 20:25:05,연휴 마지막날 (오늘은 정말 건전),,,mysmallvtuber.net,2026-10-01T03:32:36Z
BA7ctZezW6dvTNP5x8RA,키르슈 아슈,,youtube,UChv_MYJLqw3EZSYiszEMZnw,https://www.youtube.com/channel/UChv_MYJLqw3EZSYiszEMZnw,Asyu CH. 키르슈 아슈,2440,2024-05-15,,2026-09-27 20:44:03,🩸잠깐 노래하고갈까?,kileusyu_asyu,https://cafe.naver.com/lussiacademy,mysmallvtuber.net,2026-10-01T03:32:36Z
BA7ctZezW6dvTNP5x8RA,키르슈 아슈,,chzzk,f90f9a806fe5446bd87c7f4244451e00,https://chzzk.naver.com/f90f9a806fe5446bd87c7f4244451e00,키르슈 아슈,1285,2024-05-15,,2026-09-27 20:44:03,🩸잠깐 노래하고갈까?,kileusyu_asyu,https://cafe.naver.com/lussiacademy,mysmallvtuber.net,2026-10-01T03:32:36Z
evYFWS6TuvasRu7DRDGw,니스 로벨리아,,youtube,UC3h69VcntH34jxRsRfcplEQ,https://www.youtube.com/channel/UC3h69VcntH34jxRsRfcplEQ,니스 로벨리아 / Nis Lobelia,1390,2024-08-10,,2026-09-27 22:35:04,졸려!!! / CCS 합방,Nis_v_r,https://cafe.naver.com/ccsofficial,mysmallvtuber.net,2026-10-01T03:32:36Z
evYFWS6TuvasRu7DRDGw,니스 로벨리아,,chzzk,9d6de0a964e060e0d5b41ca3f564e486,https://chzzk.naver.com/9d6de0a964e060e0d5b41ca3f564e486,니스 로벨리아,605,2024-08-10,,2026-09-27 22:35:04,졸려!!! / CCS 합방,Nis_v_r,https://cafe.naver.com/ccsofficial,mysmallvtuber.net,2026-10-01T03:32:36Z
hAKyrMRd255e6Eux5neg,이와,,youtube,UClyh1xSrABqbItEr3dBJosQ,https://www.youtube.com/channel/UClyh1xSrABqbItEr3dBJosQ,이와 IWA,38200,2021-11-06,,2026-09-27 23:43:03,🍺9장 시작! 예술은 광기다,IWAego,https://shelter.id/IWA/community,mysmallvtuber.net,2026-10-01T03:32:36Z
hAKyrMRd255e6Eux5neg,이와,,chzzk,bbac9a27249735abaa90692f1d67e021,https://chzzk.naver.com/bbac9a27249735abaa90692f1d67e021,이와,17285,2021-11-06,,2026-09-27 23:43:03,🍺9장 시작! 예술은 광기다,IWAego,https://shelter.id/IWA/community,mysmallvtuber.net,2026-10-01T03:32:36Z
FH4pzKjNLMjYVNszHwqd,루 랑,,youtube,UCWfPqO79dgtdzIln9EPNT7g,https://www.youtube.com/channel/UCWfPqO79dgtdzIln9EPNT7g,루랑,2590,2023-10-30,,2026-09-27 22:15:05,NO 아비게일존,Lu_rang1,https://cafe.naver.com/lurang,mysmallvtuber.net,2026-10-01T03:32:36Z
FH4pzKjNLMjYVNszHwqd,루 랑,,chzzk,2b643e1b0cb736763965e0830179a297,https://chzzk.naver.com/2b643e1b0cb736763965e0830179a297,루 랑,2421,2023-10-30,,2026-09-27 22:15:05,NO 아비게일존,Lu_rang1,https://cafe.naver.com/lurang,mysmallvtuber.net,2026-10-01T03:32:36Z
ECeTrZEdDk9bRjHU27fn,Seira 세이라,Seira,youtube,UCk2IpU62VMFUArbcRFQnmRg,https://www.youtube.com/channel/UCk2IpU62VMFUArbcRFQnmRg,Seira,1110,2022-01-23,,2026-09-27 18:18:03,🐚감기 걸려서 콜록대는 병약 미소녀인지는 모르는 인어🐬,000seira000,https://cafe.naver.com/000seira000,mysmallvtuber.net,2026-10-01T03:32:36Z
ECeTrZEdDk9bRjHU27fn,Seira 세이라,Seira,youtube,UCATGvl0GgcpGCA9JS4siiGQ,https://www.youtube.com/channel/UCATGvl0GgcpGCA9JS4siiGQ,세이라의 다시보기 [Seira replay],1160,2022-01-23,,2026-09-27 18:18:03,🐚감기 걸려서 콜록대는 병약 미소녀인지는 모르는 인어🐬,000seira000,https://cafe.naver.com/000seira000,mysmallvtuber.net,2026-10-01T03:32:36Z
ECeTrZEdDk9bRjHU27fn,Seira 세이라,Seira,chzzk,a93901cfd6813947bd499a395e5fbca8,https://chzzk.naver.com/a93901cfd6813947bd499a395e5fbca8,Seira 세이라,2240,2022-01-23,,2026-09-27 18:18:03,🐚감기 걸려서 콜록대는 병약 미소녀인지는 모르는 인어🐬,000seira000,https://cafe.naver.com/000seira000,mysmallvtuber.net,2026-10-01T03:32:36Z
evcmFYGAY6fL9tkTBhUX,미치르,,youtube,UCDOe-qeSf0sE3WWayKXuNrQ,https://www.youtube.com/channel/UCDOe-qeSf0sE3WWayKXuNrQ,Mytyl Maerchen,27000,2023-12-19,,2026-09-28 02:37:02,에바 처음부터 끝까지) 에바 안본뇌! 그래서 에바가 뭐라고? 메카인거지?,Mytyl_Maerchen,https://cafe.naver.com/maerchenkingdom,mysmallvtuber.net,2026-10-01T03:32:36Z
evcmFYGAY6fL9tkTBhUX,미치르,,youtube,UCSyAvI8--DjnMg_PJKx_DOQ,https://www.youtube.com/channel/UCSyAvI8--DjnMg_PJKx_DOQ,Mytyl Full,2870,2023-12-19,,2026-09-28 02:37:02,에바 처음부터 끝까지) 에바 안본뇌! 그래서 에바가 뭐라고? 메카인거지?,Mytyl_Maerchen,https://cafe.naver.com/maerchenkingdom,mysmallvtuber.net,2026-10-01T03:32:36Z
evcmFYGAY6fL9tkTBhUX,미치르,,chzzk,390efc6c5186f85427b2d61297a9d4ed,https://chzzk.naver.com/390efc6c5186f85427b2d61297a9d4ed,미치르,20581,2023-12-19,,2026-09-28 02:37:02,에바 처음부터 끝까지) 에바 안본뇌! 그래서 에바가 뭐라고? 메카인거지?,Mytyl_Maerchen,https://cafe.naver.com/maerchenkingdom,mysmallvtuber.net,2026-10-01T03:32:36Z
sQG6Y4x9K55HJBb5mLRf,디니야,,youtube,UC67af48GhLbIBboRDW0wW-g,https://www.youtube.com/channel/UC67af48GhLbIBboRDW0wW-g,커뮤니티확인,29,2025-08-02,,2026-09-28 02:02:03,"[ 마크 유치원 ] 오늘은 드래곤 잡을 수 있을까? (w. 김아디, 강애삼, 뮤리벨렌)",diniya_0421,,mysmallvtuber.net,2026-10-01T03:32:36Z
sQG6Y4x9K55HJBb5mLRf,디니야,,youtube,UC64NwP7-NZHIOcFaNao134A,https://www.youtube.com/channel/UC64NwP7-NZHIOcFaNao134A,우주선 메모리,21,2025-08-02,,2026-09-28 02:02:03,"[ 마크 유치원 ] 오늘은 드래곤 잡을 수 있을까? (w. 김아디, 강애삼, 뮤리벨렌)",diniya_0421,,mysmallvtuber.net,2026-10-01T03:32:36Z
sQG6Y4x9K55HJBb5mLRf,디니야,,chzzk,0767c32a8503a0db37c77f046ec7f5da,https://chzzk.naver.com/0767c32a8503a0db37c77f046ec7f5da,디니야,1153,2025-08-02,,2026-09-28 02:02:03,"[ 마크 유치원 ] 오늘은 드래곤 잡을 수 있을까? (w. 김아디, 강애삼, 뮤리벨렌)",diniya_0421,,mysmallvtuber.net,2026-10-01T03:32:36Z
jYUcG2bheAPg87mS8mPN,유메카와 토아,,youtube,UCT9B9QR5IpunlCzidQLCUVg,https://www.youtube.com/channel/UCT9B9QR5IpunlCzidQLCUVg,토아,614,2025-02-23,,2026-09-28 02:15:03,9월 마지막 휴일 즐기자,yumekawakr,https://cafe.naver.com/yumekawatoa,mysmallvtuber.net,2026-10-01T03:32:36Z
jYUcG2bheAPg87mS8mPN,유메카와 토아,,chzzk,8818dabe7e7882dadb905813f326bc85,https://chzzk.naver.com/8818dabe7e7882dadb905813f326bc85,유메카와 토아,976,2025-02-23,,2026-09-28 02:15:03,9월 마지막 휴일 즐기자,yumekawakr,https://cafe.naver.com/yumekawatoa,mysmallvtuber.net,2026-10-01T03:32:36Z
s5nUttcKQVfnyaEs9Wxs,밤비타,,youtube,UCCSXJDWWF3PODU290J5P05Q,https://www.youtube.com/channel/UCCSXJDWWF3PODU290J5P05Q,밤비타,147,,,2026-10-01 12:03:03,[노방종] [스퀘어몬] 빙고 완성했지 풉키  ₍ˆ𓈒݂› ༝ ‹݂𓈒 ྀི₎♡💜룰렛 두배 이벤트💜,bamvita23,https://cafe.naver.com/bamvita,mysmallvtuber.net,2026-10-01T03:32:36Z
s5nUttcKQVfnyaEs9Wxs,밤비타,,chzzk,c3c8991d780ba0fe7bb7b39d2af4d4c1,https://chzzk.naver.com/c3c8991d780ba0fe7bb7b39d2af4d4c1,밤비타,842,,,2026-10-01 12:03:03,[노방종] [스퀘어몬] 빙고 완성했지 풉키  ₍ˆ𓈒݂› ༝ ‹݂𓈒 ྀི₎♡💜룰렛 두배 이벤트💜,bamvita23,https://cafe.naver.com/bamvita,mysmallvtuber.net,2026-10-01T03:32:36Z
e6vKFqSyQggH9R5Ekxac,마레토,,youtube,UCd8HIu-bD-MSn-fDo-ZYawg,https://www.youtube.com/channel/UCd8HIu-bD-MSn-fDo-ZYawg,마레토,918,2024-11-02,,2026-09-27 15:50:03,[문학버튜버] 후열,mareto_universe,,mysmallvtuber.net,2026-10-01T03:32:36Z
e6vKFqSyQggH9R5Ekxac,마레토,,chzzk,d2bda7d79fb184ecfe2d7aad62a9550c,https://chzzk.naver.com/d2bda7d79fb184ecfe2d7aad62a9550c,마레토,4731,2024-11-02,,2026-09-27 15:50:03,[문학버튜버] 후열,mareto_universe,,mysmallvtuber.net,2026-10-01T03:32:36Z
2HvNMT7BK5SXydxRqekL,찌아에용,,chzzk,be745b77d16bc2e9cfad5d04bcf8dabb,https://chzzk.naver.com/be745b77d16bc2e9cfad5d04bcf8dabb,찌아에용,889,2024-01-18,,2026-09-27 19:05:02,왜 나는 어비스옷 안줘..,,https://discord.com/invite/NvsafrP8xw,mysmallvtuber.net,2026-10-01T03:32:36Z
jRTKQSwNjxKKPCPkLEdD,나유타Nayuta,Nayuta,youtube,UCnUUx5um7SzSgv56Z7tNxNw,https://www.youtube.com/channel/UCnUUx5um7SzSgv56Z7tNxNw,나유타,34100,2025-02-10,,2026-09-27 15:16:02,쇼유타를 조교하는 행위,gnlvld_22,https://discord.com/invite/mBebXMBq2c,mysmallvtuber.net,2026-10-01T03:32:36Z
jRTKQSwNjxKKPCPkLEdD,나유타Nayuta,Nayuta,chzzk,75293eddfa6275b8653e20ef9edddee9,https://chzzk.naver.com/75293eddfa6275b8653e20ef9edddee9,나유타Nayuta,3167,2025-02-10,,2026-09-27 15:16:02,쇼유타를 조교하는 행위,gnlvld_22,https://discord.com/invite/mBebXMBq2c,mysmallvtuber.net,2026-10-01T03:32:36Z
cpUwv7w4d289D476L3Df,달리♪,,youtube,UCHnglmAl-H2msooJRGlXCig,https://www.youtube.com/channel/UCHnglmAl-H2msooJRGlXCig,달리 DARLI [VRECORD],669,2024-11-23,,2026-09-27 22:13:02,[다메다메] 제발 감소 . ..제..제발  ♥️ 룰렛 50/51/500/510 연차있음,vrecord_darli,https://cafe.naver.com/vrecord/,mysmallvtuber.net,2026-10-01T03:32:36Z
cpUwv7w4d289D476L3Df,달리♪,,soop,darlida,https://ch.sooplive.co.kr/darlida,달리♪,3190,2024-11-23,,2026-09-27 22:13:02,[다메다메] 제발 감소 . ..제..제발  ♥️ 룰렛 50/51/500/510 연차있음,vrecord_darli,https://cafe.naver.com/vrecord/,mysmallvtuber.net,2026-10-01T03:32:36Z
Nnb29yRehPF75gJt3xpd,이 유연,,youtube,UCCMSPPMIjcqOQKyUdNcpUZg,https://www.youtube.com/channel/UCCMSPPMIjcqOQKyUdNcpUZg,이유연,16,2022-10-20,,2026-09-27 00:59:02,[V] _(:ι」∠)_,2UY_Chzzk,,mysmallvtuber.net,2026-10-01T03:32:36Z
Nnb29yRehPF75gJt3xpd,이 유연,,chzzk,5039f6fc2fc3de1a77c44ec9b81caeb2,https://chzzk.naver.com/5039f6fc2fc3de1a77c44ec9b81caeb2,이 유연,168,2022-10-20,,2026-09-27 00:59:02,[V] _(:ι」∠)_,2UY_Chzzk,,mysmallvtuber.net,2026-10-01T03:32:36Z
bVBnsXxHa6Tp6uTCK3r5,유 르 밍,,youtube,UCbZjXMI62zmCafwdQKR3SIA,https://www.youtube.com/channel/UCbZjXMI62zmCafwdQKR3SIA,우타밍,1150,,,2026-09-27 03:18:03,₍ᐢ..ᐢ₎ 안녕,yuleuming88888,https://discord.com/invite/qJM8fBkdKt,mysmallvtuber.net,2026-10-01T03:32:36Z
bVBnsXxHa6Tp6uTCK3r5,유 르 밍,,chzzk,bdf93e882bfdee135e110b2fcc7061f2,https://chzzk.naver.com/bdf93e882bfdee135e110b2fcc7061f2,유 르 밍,1025,,,2026-09-27 03:18:03,₍ᐢ..ᐢ₎ 안녕,yuleuming88888,https://discord.com/invite/qJM8fBkdKt,mysmallvtuber.net,2026-10-01T03:32:36Z
7HeqsVWU64Nv9jma6hGj,엘 레 나,,youtube,UCYUhX1ETBcvrKIngFwVXWdg,https://www.youtube.com/channel/UCYUhX1ETBcvrKIngFwVXWdg,엘레나,107,2023-07-08,,2026-09-27 00:59:02,[V] 추석맞이 국악풍 노래 부르다가 자유곡,Elena11004,https://cafe.naver.com/elena1004,mysmallvtuber.net,2026-10-01T03:32:36Z
7HeqsVWU64Nv9jma6hGj,엘 레 나,,chzzk,9993a7c163546f42872898fdb35d71de,https://chzzk.naver.com/9993a7c163546f42872898fdb35d71de,엘 레 나,502,2023-07-08,,2026-09-27 00:59:02,[V] 추석맞이 국악풍 노래 부르다가 자유곡,Elena11004,https://cafe.naver.com/elena1004,mysmallvtuber.net,2026-10-01T03:32:36Z
4W8BACrw9F88hfm4YKvh,연 하젤콩,,youtube,UCIw3hOAwU_X6uvCTL0Z0cbg,https://www.youtube.com/channel/UCIw3hOAwU_X6uvCTL0Z0cbg,연하젤콩,402,2023-11-07,,2026-09-26 22:46:03,왜 자꾸 연패 시켜 이러다가 브론즈가,jellikong6956,https://cafe.naver.com/jelkongkong,mysmallvtuber.net,2026-10-01T03:32:36Z
4W8BACrw9F88hfm4YKvh,연 하젤콩,,chzzk,cccbb46dc713d793a747c00ea15129c1,https://chzzk.naver.com/cccbb46dc713d793a747c00ea15129c1,연 하젤콩,1713,2023-11-07,,2026-09-26 22:46:03,왜 자꾸 연패 시켜 이러다가 브론즈가,jellikong6956,https://cafe.naver.com/jelkongkong,mysmallvtuber.net,2026-10-01T03:32:36Z
ns4EWsNCRpNdAKsAB55Q,치키쨩,,youtube,UCqJm6I1N1imlPye_Tjocvyw,https://www.youtube.com/channel/UCqJm6I1N1imlPye_Tjocvyw,치키,3770,2026-04-24,,2026-09-27 00:02:02,연휴니까 엘든링 또 한번 찍먹해볼게,cjsqkd__,https://cafe.naver.com/chikilab,mysmallvtuber.net,2026-10-01T03:32:36Z
ns4EWsNCRpNdAKsAB55Q,치키쨩,,chzzk,a8d3331f7800b3b40287923d80e35f8a,https://chzzk.naver.com/a8d3331f7800b3b40287923d80e35f8a,치키쨩,262,2026-04-24,,2026-09-27 00:02:02,연휴니까 엘든링 또 한번 찍먹해볼게,cjsqkd__,https://cafe.naver.com/chikilab,mysmallvtuber.net,2026-10-01T03:32:36Z
HpAUkRuqRhas3GByHYkU,냐라,,youtube,UCKtS9sxKlZYxKeU4Ah3fpjg,https://www.youtube.com/channel/UCKtS9sxKlZYxKeU4Ah3fpjg,냐라,811,,,2026-09-26 21:53:03,야호 술 한잔(⩌ㅠ⩌)/,nyala1215,https://cafe.naver.com/nyala,mysmallvtuber.net,2026-10-01T03:32:36Z
HpAUkRuqRhas3GByHYkU,냐라,,chzzk,daf2c99a232dd3ebebf5cda474c9763a,https://chzzk.naver.com/daf2c99a232dd3ebebf5cda474c9763a,냐라,1538,,,2026-09-26 21:53:03,야호 술 한잔(⩌ㅠ⩌)/,nyala1215,https://cafe.naver.com/nyala,mysmallvtuber.net,2026-10-01T03:32:36Z
3Ayw4pnLkmDYUcfMKPCT,난 에궁,,youtube,UCbhqOC0YxeDD-ndgL7gqe_Q,https://www.youtube.com/channel/UCbhqOC0YxeDD-ndgL7gqe_Q,에궁,34,2024-11-09,,2026-09-26 22:25:06,집에개가너무많아,egung_xox,,mysmallvtuber.net,2026-10-01T03:32:36Z
3Ayw4pnLkmDYUcfMKPCT,난 에궁,,youtube,UC8HLTeBSOe7LIP1C2imB7Qg,https://www.youtube.com/channel/UC8HLTeBSOe7LIP1C2imB7Qg,에궁이 다시보기,17,2024-11-09,,2026-09-26 22:25:06,집에개가너무많아,egung_xox,,mysmallvtuber.net,2026-10-01T03:32:36Z
3Ayw4pnLkmDYUcfMKPCT,난 에궁,,chzzk,9f673229b644e81373811f7e272b2098,https://chzzk.naver.com/9f673229b644e81373811f7e272b2098,난 에궁,776,2024-11-09,,2026-09-26 22:25:06,집에개가너무많아,egung_xox,,mysmallvtuber.net,2026-10-01T03:32:36Z
hsgbyjKjxVagpjZMTZjS,미엘 스윗하트 HAVEN,HAVEN,youtube,UCiUC_hf5CHzPD2ni2AtEZeg,https://www.youtube.com/channel/UCiUC_hf5CHzPD2ni2AtEZeg,미엘 ASMR Ch,911,2025-08-16,,2026-09-27 08:10:03,🚧종말이 다가왔다 번식을 하자🚫 (W 렌야 솜달 포미),MIEL_haven,https://cafe.naver.com/havenproduction,mysmallvtuber.net,2026-10-01T03:32:36Z
hsgbyjKjxVagpjZMTZjS,미엘 스윗하트 HAVEN,HAVEN,youtube,UCKGcVAdwXnWC0JMm-4tw5tw,https://www.youtube.com/channel/UCKGcVAdwXnWC0JMm-4tw5tw,미엘 스윗하트 Miel Sweetheart ch,471,2025-08-16,,2026-09-27 08:10:03,🚧종말이 다가왔다 번식을 하자🚫 (W 렌야 솜달 포미),MIEL_haven,https://cafe.naver.com/havenproduction,mysmallvtuber.net,2026-10-01T03:32:36Z
hsgbyjKjxVagpjZMTZjS,미엘 스윗하트 HAVEN,HAVEN,chzzk,cf882ca21960c190dd6af5c8332d3876,https://chzzk.naver.com/cf882ca21960c190dd6af5c8332d3876,미엘 스윗하트 HAVEN,3184,2025-08-16,,2026-09-27 08:10:03,🚧종말이 다가왔다 번식을 하자🚫 (W 렌야 솜달 포미),MIEL_haven,https://cafe.naver.com/havenproduction,mysmallvtuber.net,2026-10-01T03:32:36Z
rY4MfGdjXz4WJtaBpdhZ,카르페디엠BS,BS,youtube,UCDjmaYxTM9KzSLzXEdSDa-w,https://www.youtube.com/channel/UCDjmaYxTM9KzSLzXEdSDa-w,카르페디엠BS,131,2025-01-04,,2026-09-27 00:40:03,모두 메리 추석!,Carpe_Diem_BS,https://cafe.naver.com/carpediembs,mysmallvtuber.net,2026-10-01T03:32:36Z
rY4MfGdjXz4WJtaBpdhZ,카르페디엠BS,BS,soop,xelloss21c,https://ch.sooplive.co.kr/xelloss21c,카르페디엠BS,84,2025-01-04,,2026-09-27 00:40:03,모두 메리 추석!,Carpe_Diem_BS,https://cafe.naver.com/carpediembs,mysmallvtuber.net,2026-10-01T03:32:36Z
kcv6e3tcp7PNqQQ7JYDG,킹끄끄,,youtube,UCRdbMlbhXtPFvWRA0ZM8IuQ,https://www.youtube.com/channel/UCRdbMlbhXtPFvWRA0ZM8IuQ,킹끄끄,76,2025-10-03,,2026-09-26 18:05:03,추석엔 노래를 해야겠어요,Chzzk_K99,https://discord.gg/fTRKceYJve,mysmallvtuber.net,2026-10-01T03:32:36Z
kcv6e3tcp7PNqQQ7JYDG,킹끄끄,,youtube,UCIcJ6KrzBzeZ-MNkfhKOS5w,https://www.youtube.com/channel/UCIcJ6KrzBzeZ-MNkfhKOS5w,긴끄끄,15,2025-10-03,,2026-09-26 18:05:03,추석엔 노래를 해야겠어요,Chzzk_K99,https://discord.gg/fTRKceYJve,mysmallvtuber.net,2026-10-01T03:32:36Z
kcv6e3tcp7PNqQQ7JYDG,킹끄끄,,chzzk,edbd742b5e23b6b698f531638eb3c7ec,https://chzzk.naver.com/edbd742b5e23b6b698f531638eb3c7ec,킹끄끄,1175,2025-10-03,,2026-09-26 18:05:03,추석엔 노래를 해야겠어요,Chzzk_K99,https://discord.gg/fTRKceYJve,mysmallvtuber.net,2026-10-01T03:32:36Z
dzqEzBdaRw3tnxUv3nz8,쿠쿠양,,youtube,UCVo7jmu9PdohJi2Dta7jqAA,https://www.youtube.com/channel/UCVo7jmu9PdohJi2Dta7jqAA,쿠쿠양,16100,2023-05-16,,2026-09-26 23:12:02,🐑새색시 쿠쿠와🐑림버스 10장 나들이🐑,YangKookoo,https://cafe.naver.com/kookooyang,mysmallvtuber.net,2026-10-01T03:32:36Z
dzqEzBdaRw3tnxUv3nz8,쿠쿠양,,chzzk,585d4019bd6c04fb9a4704fb4626f7e2,https://chzzk.naver.com/585d4019bd6c04fb9a4704fb4626f7e2,쿠쿠양,3278,2023-05-16,,2026-09-26 23:12:02,🐑새색시 쿠쿠와🐑림버스 10장 나들이🐑,YangKookoo,https://cafe.naver.com/kookooyang,mysmallvtuber.net,2026-10-01T03:32:36Z
eGW5vrbzkh4rwhg7tMFd,칼바이스,,youtube,UCZE-Z8MbJ5Syt_myjJinfdw,https://www.youtube.com/channel/UCZE-Z8MbJ5Syt_myjJinfdw,보이스테러피(칼바이스 더빙아카이브),3040,2009-05-05,,2026-09-26 17:24:02,추석특집 공개방송KPS 에피소드 이세계 프로레슬링 - 9/26,vvhyuk1,https://cafe.naver.com/viseholic,mysmallvtuber.net,2026-10-01T03:32:36Z
eGW5vrbzkh4rwhg7tMFd,칼바이스,,soop,vvhyuk,https://ch.sooplive.co.kr/vvhyuk,칼바이스,24843,2009-05-05,,2026-09-26 17:24:02,추석특집 공개방송KPS 에피소드 이세계 프로레슬링 - 9/26,vvhyuk1,https://cafe.naver.com/viseholic,mysmallvtuber.net,2026-10-01T03:32:36Z
4qcrf23D3dYXZX899YLB,듀어,,soop,msple1006,https://ch.sooplive.co.kr/msple1006,듀어,334,2024-03-16,,2026-09-26 20:51:03,오랜만에 왔는데 촉각슈트 입는 사람이 있다?!,Dyueo1006,https://cafe.naver.com/dyueo,mysmallvtuber.net,2026-10-01T03:32:36Z
hrXAHNf6UEupzGzeCYWJ,야튀,,youtube,UCMPF2NqOor1fm2Dr4wD6F7A,https://www.youtube.com/channel/UCMPF2NqOor1fm2Dr4wD6F7A,야튀,7040,2023-03-25,,2026-09-26 15:28:02,점룰결과 : 끓인 냉면 + 데운 푸룬주스💜,,https://cafe.naver.com/tiyas2,mysmallvtuber.net,2026-10-01T03:32:36Z
hrXAHNf6UEupzGzeCYWJ,야튀,,chzzk,aaeef066de9c7ccf3693297a45ab9d9d,https://chzzk.naver.com/aaeef066de9c7ccf3693297a45ab9d9d,야튀,11169,2023-03-25,,2026-09-26 15:28:02,점룰결과 : 끓인 냉면 + 데운 푸룬주스💜,,https://cafe.naver.com/tiyas2,mysmallvtuber.net,2026-10-01T03:32:36Z
JFEwNze8aWq9w3Px3MuW,유이미야,,youtube,UChu5_HIVsglrUQhlde7_Dww,https://www.youtube.com/channel/UChu5_HIVsglrUQhlde7_Dww,Yu. Lee. MIYA : 유이미야,900,2018-07-08,,2026-09-26 15:09:03,[초탐정사건부 레인코드] 최종장) 오늘 엔딩 본다!,yuleemiya,,mysmallvtuber.net,2026-10-01T03:32:36Z
JFEwNze8aWq9w3Px3MuW,유이미야,,chzzk,6595bbd385c45e4652666bddcd69518a,https://chzzk.naver.com/6595bbd385c45e4652666bddcd69518a,유이미야,251,2018-07-08,,2026-09-26 15:09:03,[초탐정사건부 레인코드] 최종장) 오늘 엔딩 본다!,yuleemiya,,mysmallvtuber.net,2026-10-01T03:32:36Z
k3aEJnPVT4vvDX8kUW42,나츄,,youtube,UCHl1MJHP_ejGyMpGJvJGWeA,https://www.youtube.com/channel/UCHl1MJHP_ejGyMpGJvJGWeA,나츄,2570,,,2026-09-26 00:47:03,쟘간노러옴😺,nachu_vtuber,https://cafe.naver.com/nachufan,mysmallvtuber.net,2026-10-01T03:32:36Z
k3aEJnPVT4vvDX8kUW42,나츄,,youtube,UC1Ldog26SePesVUp1K4JCsA,https://www.youtube.com/channel/UC1Ldog26SePesVUp1K4JCsA,나츄 다시보기,4290,,,2026-09-26 00:47:03,쟘간노러옴😺,nachu_vtuber,https://cafe.naver.com/nachufan,mysmallvtuber.net,2026-10-01T03:32:36Z
k3aEJnPVT4vvDX8kUW42,나츄,,chzzk,b192cb11dec2630c8e01102daef7b76f,https://chzzk.naver.com/b192cb11dec2630c8e01102daef7b76f,나츄,6573,,,2026-09-26 00:47:03,쟘간노러옴😺,nachu_vtuber,https://cafe.naver.com/nachufan,mysmallvtuber.net,2026-10-01T03:32:36Z
cnfXMhpsX2EGJXNjA3nK,연모란,,youtube,UCPP9yoK4NTzGgTHVRcG-P_A,https://www.youtube.com/channel/UCPP9yoK4NTzGgTHVRcG-P_A,연모란 / Yeon · Moran,14900,2018-06-06,,2026-09-26 01:32:02,🐸파리쿤~ 개구리가 방청소해줄게~ [시즈카나 오소우지],peony6_6,,mysmallvtuber.net,2026-10-01T03:32:36Z
cnfXMhpsX2EGJXNjA3nK,연모란,,youtube,UCXI4tlt_ELDxRPizz-JXfhQ,https://www.youtube.com/channel/UCXI4tlt_ELDxRPizz-JXfhQ,연구리의 관찰일기,41,2018-06-06,,2026-09-26 01:32:02,🐸파리쿤~ 개구리가 방청소해줄게~ [시즈카나 오소우지],peony6_6,,mysmallvtuber.net,2026-10-01T03:32:36Z
cnfXMhpsX2EGJXNjA3nK,연모란,,chzzk,0d966a180d9db733138ec78d70269dca,https://chzzk.naver.com/0d966a180d9db733138ec78d70269dca,연모란,1175,2018-06-06,,2026-09-26 01:32:02,🐸파리쿤~ 개구리가 방청소해줄게~ [시즈카나 오소우지],peony6_6,,mysmallvtuber.net,2026-10-01T03:32:36Z
f2f7jgDg2mMEHTBf9fsU,치카게 사쿠야,,youtube,UCE5oQRFwdugbx-BzDX_FgUQ,https://www.youtube.com/channel/UCE5oQRFwdugbx-BzDX_FgUQ,치카게 사쿠야,1170,2025-08-23,,2026-09-25 23:16:03,훗 /ᐠ ᓀωᓂ.マ,Chikage_Sakuya,https://cafe.naver.com/veritaofficial,mysmallvtuber.net,2026-10-01T03:32:36Z
f2f7jgDg2mMEHTBf9fsU,치카게 사쿠야,,youtube,UCnxFV_NAagIZD5RvD9hJiEw,https://www.youtube.com/channel/UCnxFV_NAagIZD5RvD9hJiEw,사쿠야 다시보기,3750,2025-08-23,,2026-09-25 23:16:03,훗 /ᐠ ᓀωᓂ.マ,Chikage_Sakuya,https://cafe.naver.com/veritaofficial,mysmallvtuber.net,2026-10-01T03:32:36Z
f2f7jgDg2mMEHTBf9fsU,치카게 사쿠야,,chzzk,19e50acc081bbbe156c836dde6becb65,https://chzzk.naver.com/19e50acc081bbbe156c836dde6becb65,치카게 사쿠야,4699,2025-08-23,,2026-09-25 23:16:03,훗 /ᐠ ᓀωᓂ.マ,Chikage_Sakuya,https://cafe.naver.com/veritaofficial,mysmallvtuber.net,2026-10-01T03:32:36Z
r6fNzxaAH8VbKHa5tFZS,몽새,,youtube,UCqOX88_TE4bdhz-05jCZO-Q,https://www.youtube.com/channel/UCqOX88_TE4bdhz-05jCZO-Q,몽새 - 유부녀 버추얼,8320,2023-06-22,,2026-09-25 19:37:03,니케 은화 호감도 스토리,M0NGS4E_vtuber,https://cafe.naver.com/soldoutvtuber,mysmallvtuber.net,2026-10-01T03:32:36Z
r6fNzxaAH8VbKHa5tFZS,몽새,,youtube,UCaN3tSrrzIrXSDonEe7LK9A,https://www.youtube.com/channel/UCaN3tSrrzIrXSDonEe7LK9A,동탄버튜버 긴몽새,4370,2023-06-22,,2026-09-25 19:37:03,니케 은화 호감도 스토리,M0NGS4E_vtuber,https://cafe.naver.com/soldoutvtuber,mysmallvtuber.net,2026-10-01T03:32:36Z
r6fNzxaAH8VbKHa5tFZS,몽새,,chzzk,9bcfc5ce252bd85444a45ae8a80ae5e8,https://chzzk.naver.com/9bcfc5ce252bd85444a45ae8a80ae5e8,몽새,3740,2023-06-22,,2026-09-25 19:37:03,니케 은화 호감도 스토리,M0NGS4E_vtuber,https://cafe.naver.com/soldoutvtuber,mysmallvtuber.net,2026-10-01T03:32:36Z
pdbdQaSEJyw9b2h4kEhX,리츄쨩,,youtube,UCigqjGFwap1eUxpLPS5UWiw,https://www.youtube.com/channel/UCigqjGFwap1eUxpLPS5UWiw,리츄쨩 richuu,545,2024-07-18,,2026-09-25 20:22:03,[반캠] 800일 기념 추석 기념 전 먹방,richuu94,https://cafe.naver.com/richuu,mysmallvtuber.net,2026-10-01T03:32:36Z
pdbdQaSEJyw9b2h4kEhX,리츄쨩,,youtube,UCnz3LNxNfLsDYa5T4MCg2Dw,https://www.youtube.com/channel/UCnz3LNxNfLsDYa5T4MCg2Dw,리츄 풀영상,250,2024-07-18,,2026-09-25 20:22:03,[반캠] 800일 기념 추석 기념 전 먹방,richuu94,https://cafe.naver.com/richuu,mysmallvtuber.net,2026-10-01T03:32:36Z
pdbdQaSEJyw9b2h4kEhX,리츄쨩,,chzzk,a84af7f8c35b72723e1908452b276cb8,https://chzzk.naver.com/a84af7f8c35b72723e1908452b276cb8,리츄쨩,6581,2024-07-18,,2026-09-25 20:22:03,[반캠] 800일 기념 추석 기념 전 먹방,richuu94,https://cafe.naver.com/richuu,mysmallvtuber.net,2026-10-01T03:32:36Z
acPnCzJRZkqzgGwK7Wfg,도깨비 느루,,chzzk,43f75bba1b8b94c00d7e07453d6cada4,https://chzzk.naver.com/43f75bba1b8b94c00d7e07453d6cada4,도깨비 느루,398,2025-04-19,,2026-09-25 18:57:02,배부르고 졸립고... W. 다율서,neuruowo,https://cafe.naver.com/neuruhouse,mysmallvtuber.net,2026-10-01T03:32:36Z
qe8wVC7cGwXSVsRY99Es,루가 Rouga,Rouga,youtube,UCHp_hZSrjWYOwPapvD4BUdQ,https://www.youtube.com/channel/UCHp_hZSrjWYOwPapvD4BUdQ,Erica Rouga | 에리카 루가,1610,2022-03-19,,2026-09-24 22:34:03,"노래, 그것은 직장인의 애환.",erica_rouga,https://discord.com/invite/596tRyNQww,mysmallvtuber.net,2026-10-01T03:32:36Z
qe8wVC7cGwXSVsRY99Es,루가 Rouga,Rouga,youtube,UCMVbVIPKGFa_fqU1btm3o_w,https://www.youtube.com/channel/UCMVbVIPKGFa_fqU1btm3o_w,Rouga Archive | 루가 아카이브,131,2022-03-19,,2026-09-24 22:34:03,"노래, 그것은 직장인의 애환.",erica_rouga,https://discord.com/invite/596tRyNQww,mysmallvtuber.net,2026-10-01T03:32:36Z
qe8wVC7cGwXSVsRY99Es,루가 Rouga,Rouga,chzzk,9e4da31c1063859075f036cfeca2776d,https://chzzk.naver.com/9e4da31c1063859075f036cfeca2776d,루가 Rouga,1141,2022-03-19,,2026-09-24 22:34:03,"노래, 그것은 직장인의 애환.",erica_rouga,https://discord.com/invite/596tRyNQww,mysmallvtuber.net,2026-10-01T03:32:36Z
hqmBPfvyRFdt9qkQkd2p,쿠로누마 야미요,,youtube,UCOqo9wR_yi_2ucqDoXVtSLw,https://www.youtube.com/channel/UCOqo9wR_yi_2ucqDoXVtSLw,쿠로누마 야미요黒沼 暗夜,3410,2022-10-01,,2026-09-24 21:08:02,🕯️𝕺𝖈𝖈𝖚𝖑𝖙𝖎𝖈 𝕹𝖎𝖌𝖍𝖙🕯️ 안녕!,96_yamiyo,https://cafe.naver.com/occult666,mysmallvtuber.net,2026-10-01T03:32:36Z
hqmBPfvyRFdt9qkQkd2p,쿠로누마 야미요,,chzzk,2a0480eab6d02992e5b7baf809c91b24,https://chzzk.naver.com/2a0480eab6d02992e5b7baf809c91b24,쿠로누마 야미요,2499,2022-10-01,,2026-09-24 21:08:02,🕯️𝕺𝖈𝖈𝖚𝖑𝖙𝖎𝖈 𝕹𝖎𝖌𝖍𝖙🕯️ 안녕!,96_yamiyo,https://cafe.naver.com/occult666,mysmallvtuber.net,2026-10-01T03:32:36Z
LgbQyQR5gNMPvpty8jVf,타니TANII,TANII,chzzk,b8c177e5c274f3005936e6594fdb1de5,https://chzzk.naver.com/b8c177e5c274f3005936e6594fdb1de5,타니TANII,1150,,,2026-09-24 21:07:02,[신입] 타니가 돌아왔타니!!!💛😈🩶,TANII_0606,,mysmallvtuber.net,2026-10-01T03:32:36Z
kyw27tH3u3T4gRSrvtSh,고 리,,youtube,UC4ZSdEnPcjB4lEZ8Jl-QQDQ,https://www.youtube.com/channel/UC4ZSdEnPcjB4lEZ8Jl-QQDQ,고리 Gori,320,2024-02-21,,2026-09-25 00:38:02,🌼림버스 4장 2부,,https://discord.com/invite/KVt4y8Epxq,mysmallvtuber.net,2026-10-01T03:32:36Z
kyw27tH3u3T4gRSrvtSh,고 리,,youtube,UCJfp3LwpROZePx9dg8uFVYQ,https://www.youtube.com/channel/UCJfp3LwpROZePx9dg8uFVYQ,고리 다시보기,98,2024-02-21,,2026-09-25 00:38:02,🌼림버스 4장 2부,,https://discord.com/invite/KVt4y8Epxq,mysmallvtuber.net,2026-10-01T03:32:36Z
kyw27tH3u3T4gRSrvtSh,고 리,,chzzk,ce6f60a80adc6b7e7dee7141a04423c2,https://chzzk.naver.com/ce6f60a80adc6b7e7dee7141a04423c2,고 리,499,2024-02-21,,2026-09-25 00:38:02,🌼림버스 4장 2부,,https://discord.com/invite/KVt4y8Epxq,mysmallvtuber.net,2026-10-01T03:32:36Z
UwCM86xebchM7xdKAFtz,유기농솜사탕,,youtube,UCOD7x2tG6H1K8svg3l4Uk8g,https://www.youtube.com/channel/UCOD7x2tG6H1K8svg3l4Uk8g,유기농솜사탕,1730,,,2026-09-24 20:43:03,서브컬처 1도 모르는 친구가 해주는 원신 캐릭터 관상학,,https://cafe.naver.com/yousomworld,mysmallvtuber.net,2026-10-01T03:32:36Z
UwCM86xebchM7xdKAFtz,유기농솜사탕,,youtube,UCcq5_NbDaZsi6EpCxtGZccQ,https://www.youtube.com/channel/UCcq5_NbDaZsi6EpCxtGZccQ,솜사탕 보관소,411,,,2026-09-24 20:43:03,서브컬처 1도 모르는 친구가 해주는 원신 캐릭터 관상학,,https://cafe.naver.com/yousomworld,mysmallvtuber.net,2026-10-01T03:32:36Z
UwCM86xebchM7xdKAFtz,유기농솜사탕,,chzzk,1fd54afbec396b332cf2883561f48a0e,https://chzzk.naver.com/1fd54afbec396b332cf2883561f48a0e,유기농솜사탕,2065,,,2026-09-24 20:43:03,서브컬처 1도 모르는 친구가 해주는 원신 캐릭터 관상학,,https://cafe.naver.com/yousomworld,mysmallvtuber.net,2026-10-01T03:32:36Z
RLPDzLakvdynQnsvgg3m,나다n가막,n,youtube,UC6xQYHj3_DzTxhUtwHP5rTQ,https://www.youtube.com/channel/UC6xQYHj3_DzTxhUtwHP5rTQ,나다&가막,1550,2025-05-10,,2026-09-24 20:22:03,"최후반부, 엔딩을 향해",nadangamak,https://cafe.naver.com/nadangamak,mysmallvtuber.net,2026-10-01T03:32:36Z
RLPDzLakvdynQnsvgg3m,나다n가막,n,youtube,UC5Jbe0a2zg3SBIJHqNjc1Ow,https://www.youtube.com/channel/UC5Jbe0a2zg3SBIJHqNjc1Ow,나다가막 다시보기,157,2025-05-10,,2026-09-24 20:22:03,"최후반부, 엔딩을 향해",nadangamak,https://cafe.naver.com/nadangamak,mysmallvtuber.net,2026-10-01T03:32:36Z
RLPDzLakvdynQnsvgg3m,나다n가막,n,chzzk,cde9b4c389b36d38c8b2693a95de7385,https://chzzk.naver.com/cde9b4c389b36d38c8b2693a95de7385,나다n가막,1285,2025-05-10,,2026-09-24 20:22:03,"최후반부, 엔딩을 향해",nadangamak,https://cafe.naver.com/nadangamak,mysmallvtuber.net,2026-10-01T03:32:36Z
6PT44unYH4QWYmBEfX2R,도비애오:>,,youtube,UCRPk2p69g6EX7EtIY49gpTw,https://www.youtube.com/channel/UCRPk2p69g6EX7EtIY49gpTw,도비애오,220,2025-01-28,,2026-09-23 22:55:03,테스트~~~,dobbyaeo8282,https://cafe.naver.com/dobby8282,mysmallvtuber.net,2026-10-01T03:32:36Z
6PT44unYH4QWYmBEfX2R,도비애오:>,,soop,dobby82,https://ch.sooplive.co.kr/dobby82,도비애오:>,146,2025-01-28,,2026-09-23 22:55:03,테스트~~~,dobbyaeo8282,https://cafe.naver.com/dobby8282,mysmallvtuber.net,2026-10-01T03:32:36Z
hD6vDqyvxc26v3RHF6XX,나기농 Naginong,Naginong,youtube,UCNU8VMjVkYK9INB_rMy0nyg,https://www.youtube.com/channel/UCNU8VMjVkYK9INB_rMy0nyg,나기농의 하루나기,2610,2020-05-20,,2026-09-23 23:02:03,9월의 카페탐방!,Nagi_nong,https://cafe.naver.com/vnonghyup,mysmallvtuber.net,2026-10-01T03:32:36Z
hD6vDqyvxc26v3RHF6XX,나기농 Naginong,Naginong,chzzk,815e59f45c098781bc94e7832bf682b9,https://chzzk.naver.com/815e59f45c098781bc94e7832bf682b9,나기농 Naginong,930,2020-05-20,,2026-09-23 23:02:03,9월의 카페탐방!,Nagi_nong,https://cafe.naver.com/vnonghyup,mysmallvtuber.net,2026-10-01T03:32:36Z
UrUcJ27dRMlH2hAnSCQi,향아치,,youtube,UCQV6pkNkEGBpQXzCh4G19WQ,https://www.youtube.com/channel/UCQV6pkNkEGBpQXzCh4G19WQ,Hyang Ah Chi 향아치,581000,2022-03-20,,2026-09-23 23:12:03,조선시대 미디어와 언론 및 정보습득방법 (T/F),,https://cafe.naver.com/hyangahchi,mysmallvtuber.net,2026-10-01T03:32:36Z
UrUcJ27dRMlH2hAnSCQi,향아치,,chzzk,f3f7af23c948938651fd244014ff1204,https://chzzk.naver.com/f3f7af23c948938651fd244014ff1204,향아치,68394,2022-03-20,,2026-09-23 23:12:03,조선시대 미디어와 언론 및 정보습득방법 (T/F),,https://cafe.naver.com/hyangahchi,mysmallvtuber.net,2026-10-01T03:32:36Z
pbUcYCqyV3FFhwTrraFB,베티PIa,PIa,youtube,UCMt3JxVtzm8IAzx2UtZkdgA,https://www.youtube.com/channel/UCMt3JxVtzm8IAzx2UtZkdgA,마골베티,81,2023-02-24,,2026-09-23 21:40:05,노래추천하는방(여러분이해줘야됨),marigoldbat,,mysmallvtuber.net,2026-10-01T03:32:36Z
pbUcYCqyV3FFhwTrraFB,베티PIa,PIa,chzzk,65db9c280a03f74f2b0fb25438002e92,https://chzzk.naver.com/65db9c280a03f74f2b0fb25438002e92,베티PIa,514,2023-02-24,,2026-09-23 21:40:05,노래추천하는방(여러분이해줘야됨),marigoldbat,,mysmallvtuber.net,2026-10-01T03:32:36Z
dCb7ARcJuUBjhrNF94cp,리리스_,,youtube,UCzRDavN21iJ5X4MCwwpM8Jw,https://www.youtube.com/channel/UCzRDavN21iJ5X4MCwwpM8Jw,리리스 LILITH,1350,2024-03-16,,2026-09-23 23:44:02,후열,vrecord_lilith,https://cafe.naver.com/vrecord,mysmallvtuber.net,2026-10-01T03:32:36Z
dCb7ARcJuUBjhrNF94cp,리리스_,,youtube,UC6lwwCv0K9Wawn-__o4Rbgg,https://www.youtube.com/channel/UC6lwwCv0K9Wawn-__o4Rbgg,리리스 다시보기,396,2024-03-16,,2026-09-23 23:44:02,후열,vrecord_lilith,https://cafe.naver.com/vrecord,mysmallvtuber.net,2026-10-01T03:32:36Z
dCb7ARcJuUBjhrNF94cp,리리스_,,soop,lilith1211,https://ch.sooplive.co.kr/lilith1211,리리스_,4602,2024-03-16,,2026-09-23 23:44:02,후열,vrecord_lilith,https://cafe.naver.com/vrecord,mysmallvtuber.net,2026-10-01T03:32:36Z
FFArzCvqa8S7KAvxVZAw,은예담,,youtube,UCQrX3aeOAt52kZeGjupS4Dw,https://www.youtube.com/channel/UCQrX3aeOAt52kZeGjupS4Dw,은예담,554,2025-08-17,,2026-09-23 20:26:03,"🐼싱크룸 초보들💚w.채슬민유, 리오, 에리얼춘쟈",EunYedam,,mysmallvtuber.net,2026-10-01T03:32:36Z
FFArzCvqa8S7KAvxVZAw,은예담,,youtube,UCU392d0zS9CAoLoN3Az-M_Q,https://www.youtube.com/channel/UCU392d0zS9CAoLoN3Az-M_Q,은예담,156,2025-08-17,,2026-09-23 20:26:03,"🐼싱크룸 초보들💚w.채슬민유, 리오, 에리얼춘쟈",EunYedam,,mysmallvtuber.net,2026-10-01T03:32:36Z
FFArzCvqa8S7KAvxVZAw,은예담,,chzzk,e8db0e178879df079bb80dc8ede14e77,https://chzzk.naver.com/e8db0e178879df079bb80dc8ede14e77,은예담,1230,2025-08-17,,2026-09-23 20:26:03,"🐼싱크룸 초보들💚w.채슬민유, 리오, 에리얼춘쟈",EunYedam,,mysmallvtuber.net,2026-10-01T03:32:36Z
uJfKPhXpb8HwCMDwmTW6,시얀인뎅,,youtube,UCIVhJ8IPrVnpWOdKyT1Skiw,https://www.youtube.com/channel/UCIVhJ8IPrVnpWOdKyT1Skiw,시얀_【플라이벨】,104,2024-05-11,,2026-09-23 00:40:03,🦋 [V] 쁘띠플래닛 CBT 진짜 해보고 싶었어요!!!!!!!!!! 🦋,12siyan03,https://t.co/M5r9UfwDv6,mysmallvtuber.net,2026-10-01T03:32:36Z
uJfKPhXpb8HwCMDwmTW6,시얀인뎅,,chzzk,d130c25b59453dfec9eb4a9936975b6c,https://chzzk.naver.com/d130c25b59453dfec9eb4a9936975b6c,시얀인뎅,389,2024-05-11,,2026-09-23 00:40:03,🦋 [V] 쁘띠플래닛 CBT 진짜 해보고 싶었어요!!!!!!!!!! 🦋,12siyan03,https://t.co/M5r9UfwDv6,mysmallvtuber.net,2026-10-01T03:32:36Z
NBn8Lwc5ax5hnwhMRyFm,괴몽,,youtube,UCNTWAAeSQPx7bqwg06rE2Ug,https://www.youtube.com/channel/UCNTWAAeSQPx7bqwg06rE2Ug,괴몽,810,2020-04-01,,2026-09-23 02:33:03,마지막 방송,goemong1,https://cafe.naver.com/goemong,mysmallvtuber.net,2026-10-01T03:32:36Z
NBn8Lwc5ax5hnwhMRyFm,괴몽,,youtube,UCfH9Z0-k3JbIOa2lPTzsZ3w,https://www.youtube.com/channel/UCfH9Z0-k3JbIOa2lPTzsZ3w,괴몽 다시보기,39,2020-04-01,,2026-09-23 02:33:03,마지막 방송,goemong1,https://cafe.naver.com/goemong,mysmallvtuber.net,2026-10-01T03:32:36Z
NBn8Lwc5ax5hnwhMRyFm,괴몽,,chzzk,a9e6a5b4293d05b66993284e6d096177,https://chzzk.naver.com/a9e6a5b4293d05b66993284e6d096177,괴몽,1000,2020-04-01,,2026-09-23 02:33:03,마지막 방송,goemong1,https://cafe.naver.com/goemong,mysmallvtuber.net,2026-10-01T03:32:36Z
7Q3nUKd7rmeSG3rK8dHW,베일리 베리,,youtube,UCFxq7aGlBPZXnN2eZhiy97w,https://www.youtube.com/channel/UCFxq7aGlBPZXnN2eZhiy97w,베리또봐,78,2025-04-12,,2026-09-22 20:34:02,(짧) 코로나 후각 돌아온 기념 방송,Bailee_Berry_,https://cafe.naver.com/novasac,mysmallvtuber.net,2026-10-01T03:32:36Z
7Q3nUKd7rmeSG3rK8dHW,베일리 베리,,chzzk,8cfe484e0a722db2b4422092c6520bc0,https://chzzk.naver.com/8cfe484e0a722db2b4422092c6520bc0,베일리 베리,599,2025-04-12,,2026-09-22 20:34:02,(짧) 코로나 후각 돌아온 기념 방송,Bailee_Berry_,https://cafe.naver.com/novasac,mysmallvtuber.net,2026-10-01T03:32:36Z
gqcSgJvjhY62A7u3Yk53,송밤,,youtube,UCBasHlmkbKFGrbS30KUXI1Q,https://www.youtube.com/channel/UCBasHlmkbKFGrbS30KUXI1Q,송밤,11900,2023-03-30,,2026-09-23 01:12:02,나다 송밤 [플랜비],,https://cafe.naver.com/bver99,mysmallvtuber.net,2026-10-01T03:32:36Z
gqcSgJvjhY62A7u3Yk53,송밤,,soop,s07o24,https://ch.sooplive.co.kr/s07o24,송밤,21798,2023-03-30,,2026-09-23 01:12:02,나다 송밤 [플랜비],,https://cafe.naver.com/bver99,mysmallvtuber.net,2026-10-01T03:32:36Z
pjxV572ms9hSynsCRZZA,료쿤,,youtube,UCa13y32z4Hvgl4NBGxS_nEw,https://www.youtube.com/channel/UCa13y32z4Hvgl4NBGxS_nEw,료쿤,232,2024-01-19,,2026-09-22 21:11:03,[V] 저녁 고양이  ^꜆. ̫.꜀^,ryocun0312,https://discord.gg/S7dKNHKWWE,mysmallvtuber.net,2026-10-01T03:32:36Z
pjxV572ms9hSynsCRZZA,료쿤,,chzzk,9d8f3109e278b2709347e2589de8c485,https://chzzk.naver.com/9d8f3109e278b2709347e2589de8c485,료쿤,701,2024-01-19,,2026-09-22 21:11:03,[V] 저녁 고양이  ^꜆. ̫.꜀^,ryocun0312,https://discord.gg/S7dKNHKWWE,mysmallvtuber.net,2026-10-01T03:32:36Z
EhxWTbpMFKc6GGyZ5gMr,설백,,youtube,UCbCQDFbLpkurWc4_0R5-pEA,https://www.youtube.com/channel/UCbCQDFbLpkurWc4_0R5-pEA,설백,372000,,,2026-09-22 23:58:03,영원한 20번째 생일🌺,Snow_hiteda,https://cafe.naver.com/snowhiteda,mysmallvtuber.net,2026-10-01T03:32:36Z
EhxWTbpMFKc6GGyZ5gMr,설백,,youtube,UCQST0zZW1UIHaEvgXwjAjIA,https://www.youtube.com/channel/UCQST0zZW1UIHaEvgXwjAjIA,설백 다시보기,18400,,,2026-09-22 23:58:03,영원한 20번째 생일🌺,Snow_hiteda,https://cafe.naver.com/snowhiteda,mysmallvtuber.net,2026-10-01T03:32:36Z
EhxWTbpMFKc6GGyZ5gMr,설백,,chzzk,b1099827eb54bab6771bae5c85e887b7,https://chzzk.naver.com/b1099827eb54bab6771bae5c85e887b7,설백,102846,,,2026-09-22 23:58:03,영원한 20번째 생일🌺,Snow_hiteda,https://cafe.naver.com/snowhiteda,mysmallvtuber.net,2026-10-01T03:32:36Z
wsVwFF3HwKdq6mz9J3VC,이제티,,youtube,UCIuOr6ncaZhbQLGw7w7f3-g,https://www.youtube.com/channel/UCIuOr6ncaZhbQLGw7w7f3-g,이제티,2220,,,2026-09-22 21:29:02,너무 오랜만이라서 방송 키기 무서운 사람(보고싶었서),,https://cafe.naver.com/2jeti,mysmallvtuber.net,2026-10-01T03:32:36Z
wsVwFF3HwKdq6mz9J3VC,이제티,,chzzk,59d1ee13557da26ad445edd67fa8e453,https://chzzk.naver.com/59d1ee13557da26ad445edd67fa8e453,이제티,531,,,2026-09-22 21:29:02,너무 오랜만이라서 방송 키기 무서운 사람(보고싶었서),,https://cafe.naver.com/2jeti,mysmallvtuber.net,2026-10-01T03:32:36Z
j9A5S9SPwnBEfLFHmnTh,난초.,,youtube,UCl61LnY2hIbgxrRSXGUeKrA,https://www.youtube.com/channel/UCl61LnY2hIbgxrRSXGUeKrA,난초,35400,2018-11-22,,2026-09-22 23:10:03,재미쏘따,,,mysmallvtuber.net,2026-10-01T03:32:36Z
j9A5S9SPwnBEfLFHmnTh,난초.,,soop,blackchu,https://ch.sooplive.co.kr/blackchu,난초.,33934,2018-11-22,,2026-09-22 23:10:03,재미쏘따,,,mysmallvtuber.net,2026-10-01T03:32:36Z
QGVwCtjXcZQ7TwDHM2RN,유리리,,youtube,UCYKj50FFG5zzjr4x_vky-9Q,https://www.youtube.com/channel/UCYKj50FFG5zzjr4x_vky-9Q,유리리 U-Lili,7420,2022-11-13,,2026-09-22 19:36:02,일주일간의 병원여정기 끝내고 왔숩니다!   ꜀(^. . ^꜀ )੭,U_LiLi__,https://cafe.naver.com/s2dia,mysmallvtuber.net,2026-10-01T03:32:36Z
QGVwCtjXcZQ7TwDHM2RN,유리리,,youtube,UCuCwJt4AAxjHiPFOY01H0zg,https://www.youtube.com/channel/UCuCwJt4AAxjHiPFOY01H0zg,유리리 VOD,3470,2022-11-13,,2026-09-22 19:36:02,일주일간의 병원여정기 끝내고 왔숩니다!   ꜀(^. . ^꜀ )੭,U_LiLi__,https://cafe.naver.com/s2dia,mysmallvtuber.net,2026-10-01T03:32:36Z
QGVwCtjXcZQ7TwDHM2RN,유리리,,chzzk,29a1ed5c0829fa620fab900dba7e011b,https://chzzk.naver.com/29a1ed5c0829fa620fab900dba7e011b,유리리,8774,2022-11-13,,2026-09-22 19:36:02,일주일간의 병원여정기 끝내고 왔숩니다!   ꜀(^. . ^꜀ )੭,U_LiLi__,https://cafe.naver.com/s2dia,mysmallvtuber.net,2026-10-01T03:32:36Z
ZHXWLtPv9X8wGsmzwLxa,쿠로카미 아우 Wishing,Wishing,youtube,UCTpSTKncfIevw7O9hAM62HQ,https://www.youtube.com/channel/UCTpSTKncfIevw7O9hAM62HQ,쿠로카미 아우,768,2024-08-04,,2026-09-21 11:29:02,안녕하세요,wishing_awoo,https://cafe.naver.com/wishinglive,mysmallvtuber.net,2026-10-01T03:32:36Z
ZHXWLtPv9X8wGsmzwLxa,쿠로카미 아우 Wishing,Wishing,youtube,UCh8mdWEcyyu0r49bJmdF1BA,https://www.youtube.com/channel/UCh8mdWEcyyu0r49bJmdF1BA,아우 다시보기,140,2024-08-04,,2026-09-21 11:29:02,안녕하세요,wishing_awoo,https://cafe.naver.com/wishinglive,mysmallvtuber.net,2026-10-01T03:32:36Z
ZHXWLtPv9X8wGsmzwLxa,쿠로카미 아우 Wishing,Wishing,chzzk,87ab79cf66adbbba8dc854ff8a030636,https://chzzk.naver.com/87ab79cf66adbbba8dc854ff8a030636,쿠로카미 아우 Wishing,2955,2024-08-04,,2026-09-21 11:29:02,안녕하세요,wishing_awoo,https://cafe.naver.com/wishinglive,mysmallvtuber.net,2026-10-01T03:32:36Z
PMjfStfJDVSGwBKc38Ta,낙엽 NakYeob,NakYeob,youtube,UCtfsLbSMOz7OD7in38tph4A,https://www.youtube.com/channel/UCtfsLbSMOz7OD7in38tph4A,정령 낙엽 NakYeob,701,2024-08-16,,2026-09-20 22:48:03,🍂7시간 근무한 원숭이 🙊🙉🙈2부 FT토론 (w. 폴인럽) •ɞ•,Nakyeob64,https://cafe.naver.com/nakyeob64,mysmallvtuber.net,2026-10-01T03:32:36Z
PMjfStfJDVSGwBKc38Ta,낙엽 NakYeob,NakYeob,chzzk,9703103f5dd1aedb83ce00a6f7cccb47,https://chzzk.naver.com/9703103f5dd1aedb83ce00a6f7cccb47,낙엽 NakYeob,513,2024-08-16,,2026-09-20 22:48:03,🍂7시간 근무한 원숭이 🙊🙉🙈2부 FT토론 (w. 폴인럽) •ɞ•,Nakyeob64,https://cafe.naver.com/nakyeob64,mysmallvtuber.net,2026-10-01T03:32:36Z
eKpHCYaJFakuapwJ9XyG,큐빈 Kyubin,Kyubin,youtube,UCBtqT3jVAnzyd5alyZFTXIQ,https://www.youtube.com/channel/UCBtqT3jVAnzyd5alyZFTXIQ,큐빈,177,2024-02-02,,2026-09-20 05:21:02,[반캠] 술마셔줘💚,kyubinn__,https://discord.gg/Ud3vBamfAX,mysmallvtuber.net,2026-10-01T03:32:36Z
eKpHCYaJFakuapwJ9XyG,큐빈 Kyubin,Kyubin,youtube,UCD4jC4zqLcBn9uGIFoVx1XQ,https://www.youtube.com/channel/UCD4jC4zqLcBn9uGIFoVx1XQ,큐빈 아카이브,74,2024-02-02,,2026-09-20 05:21:02,[반캠] 술마셔줘💚,kyubinn__,https://discord.gg/Ud3vBamfAX,mysmallvtuber.net,2026-10-01T03:32:36Z
eKpHCYaJFakuapwJ9XyG,큐빈 Kyubin,Kyubin,chzzk,76234b3545b43ab5e3fb79059f9e430d,https://chzzk.naver.com/76234b3545b43ab5e3fb79059f9e430d,큐빈 Kyubin,1696,2024-02-02,,2026-09-20 05:21:02,[반캠] 술마셔줘💚,kyubinn__,https://discord.gg/Ud3vBamfAX,mysmallvtuber.net,2026-10-01T03:32:36Z
2FqzNxSBpLWWnP3q9VCZ,로비아히나 HINA,HINA,youtube,UCiruIvd29KvPGTqZnxqMjYw,https://www.youtube.com/channel/UCiruIvd29KvPGTqZnxqMjYw,로비아 히나,1610,2022-04-24,,2026-09-19 22:52:02,수상한곳이 잇다고해서 와봣습니다,robia_hina,https://cafe.naver.com/babirus,mysmallvtuber.net,2026-10-01T03:32:36Z
2FqzNxSBpLWWnP3q9VCZ,로비아히나 HINA,HINA,youtube,UCUi75gLQOyUDxLLDSTxs24A,https://www.youtube.com/channel/UCUi75gLQOyUDxLLDSTxs24A,히나 다시보기,1430,2022-04-24,,2026-09-19 22:52:02,수상한곳이 잇다고해서 와봣습니다,robia_hina,https://cafe.naver.com/babirus,mysmallvtuber.net,2026-10-01T03:32:36Z
2FqzNxSBpLWWnP3q9VCZ,로비아히나 HINA,HINA,chzzk,71c22f544782791a135ba9d14f1c9e3d,https://chzzk.naver.com/71c22f544782791a135ba9d14f1c9e3d,로비아히나 HINA,2106,2022-04-24,,2026-09-19 22:52:02,수상한곳이 잇다고해서 와봣습니다,robia_hina,https://cafe.naver.com/babirus,mysmallvtuber.net,2026-10-01T03:32:36Z
zQLAxSj2FSBUDpgUdt8M,유하나 Uhana,Uhana,chzzk,a47bbfd15ffd002cc91ffd2025d2a8f9,https://chzzk.naver.com/a47bbfd15ffd002cc91ffd2025d2a8f9,유하나 Uhana,304,,,2026-09-19 16:01:02,[V] 미소녀룰 고쳐보자💙ฅ^•ﻌ•^ฅ*,HanaU_Virtual,https://discord.com/invite/XfG9w9yhKU,mysmallvtuber.net,2026-10-01T03:32:36Z
yyFfCwsK2566QbxDgGzR,독키조,,youtube,UCmFWHiuKoJeXVy6CZtwXIGg,https://www.youtube.com/channel/UCmFWHiuKoJeXVy6CZtwXIGg,독키조,212,2026-07-19,,2026-09-18 21:45:05,【 졸업 】 이제는 말할 수 있다,D0KIZO,https://cafe.naver.com/virtualara,mysmallvtuber.net,2026-10-01T03:32:36Z
yyFfCwsK2566QbxDgGzR,독키조,,chzzk,fc2a5737e44f64a8b0ea259d8b9d1103,https://chzzk.naver.com/fc2a5737e44f64a8b0ea259d8b9d1103,독키조,238,2026-07-19,,2026-09-18 21:45:05,【 졸업 】 이제는 말할 수 있다,D0KIZO,https://cafe.naver.com/virtualara,mysmallvtuber.net,2026-10-01T03:32:36Z
hc5uRqMNJc5ZWpR2M7Jn,드알,,youtube,UCSuwQuiJw8YsiiYwdQaUdzA,https://www.youtube.com/channel/UCSuwQuiJw8YsiiYwdQaUdzA,드알,294,,,2026-09-17 22:02:02,💜|˄·͈༝·͈˄₎.｡흐아ㅏ아ㅏ아....,deual_m00n,https://discord.com/invite/ywekfRS8Wb,mysmallvtuber.net,2026-10-01T03:32:36Z
hc5uRqMNJc5ZWpR2M7Jn,드알,,youtube,UC5xrHb3ZVBSvspmBVYmRctw,https://www.youtube.com/channel/UC5xrHb3ZVBSvspmBVYmRctw,드알 다시보기,110,,,2026-09-17 22:02:02,💜|˄·͈༝·͈˄₎.｡흐아ㅏ아ㅏ아....,deual_m00n,https://discord.com/invite/ywekfRS8Wb,mysmallvtuber.net,2026-10-01T03:32:36Z
hc5uRqMNJc5ZWpR2M7Jn,드알,,chzzk,4698c456176e3b68d56edb55f338c4a2,https://chzzk.naver.com/4698c456176e3b68d56edb55f338c4a2,드알,1405,,,2026-09-17 22:02:02,💜|˄·͈༝·͈˄₎.｡흐아ㅏ아ㅏ아....,deual_m00n,https://discord.com/invite/ywekfRS8Wb,mysmallvtuber.net,2026-10-01T03:32:36Z
K4As5HuKWRqQbQdk82bB,청둥찌덕,,youtube,UCgk1EkzqRVImgdopzZatFgQ,https://www.youtube.com/channel/UCgk1EkzqRVImgdopzZatFgQ,청둥찌덕,2760,2024-10-09,,2026-09-15 00:07:02,🦆 오늘 오기로 한 고1 마라탕 애기들이 노쇼해서 딱히 할 얘기 없지만 일단 의리로 방송킨 나련 등장 ~1시간 짧뱅 예정~ 🦆,CD_zziduk,https://cafe.naver.com/zzidukzziduk,mysmallvtuber.net,2026-10-01T03:32:36Z
K4As5HuKWRqQbQdk82bB,청둥찌덕,,chzzk,f53081b9a3ceaea1742f413a83258b38,https://chzzk.naver.com/f53081b9a3ceaea1742f413a83258b38,청둥찌덕,2330,2024-10-09,,2026-09-15 00:07:02,🦆 오늘 오기로 한 고1 마라탕 애기들이 노쇼해서 딱히 할 얘기 없지만 일단 의리로 방송킨 나련 등장 ~1시간 짧뱅 예정~ 🦆,CD_zziduk,https://cafe.naver.com/zzidukzziduk,mysmallvtuber.net,2026-10-01T03:32:36Z
BQ5sXk6SJBX3NVpedL2W,릴리작가,,youtube,UC2xvs-7qjM4Bsdo2H_rjz5w,https://www.youtube.com/channel/UC2xvs-7qjM4Bsdo2H_rjz5w,릴리작가 lillly,905,2023-07-30,,2026-09-14 14:46:02,그림그리깅,lillly____,,mysmallvtuber.net,2026-10-01T03:32:36Z
BQ5sXk6SJBX3NVpedL2W,릴리작가,,youtube,UCP55A0I0Z_CPaVlQRd-V0kA,https://www.youtube.com/channel/UCP55A0I0Z_CPaVlQRd-V0kA,lillly 다시보기,409,2023-07-30,,2026-09-14 14:46:02,그림그리깅,lillly____,,mysmallvtuber.net,2026-10-01T03:32:36Z
BQ5sXk6SJBX3NVpedL2W,릴리작가,,chzzk,e9c8944fd2ec93097c38a555225e4e4c,https://chzzk.naver.com/e9c8944fd2ec93097c38a555225e4e4c,릴리작가,1913,2023-07-30,,2026-09-14 14:46:02,그림그리깅,lillly____,,mysmallvtuber.net,2026-10-01T03:32:36Z
LaFutXkTPPQSzXAa6Cyv,데너,,youtube,UCXGTSs-BQsWA4Yi4F_-Uvbg,https://www.youtube.com/channel/UCXGTSs-BQsWA4Yi4F_-Uvbg,데너의 작업물 저장소,464,2020-10-31,,2026-09-13 22:07:03,[V] 253번째 시간 _ 내 생일! (시참),denu0193,https://discord.gg/79GJfraHCY,mysmallvtuber.net,2026-10-01T03:32:36Z
LaFutXkTPPQSzXAa6Cyv,데너,,youtube,UCybLtWqgY_Si22mbKSkKamA,https://www.youtube.com/channel/UCybLtWqgY_Si22mbKSkKamA,테너의 시간 기록소,33,2020-10-31,,2026-09-13 22:07:03,[V] 253번째 시간 _ 내 생일! (시참),denu0193,https://discord.gg/79GJfraHCY,mysmallvtuber.net,2026-10-01T03:32:36Z
LaFutXkTPPQSzXAa6Cyv,데너,,chzzk,ef032d51099c26e55c1caa02fbc0ab5f,https://chzzk.naver.com/ef032d51099c26e55c1caa02fbc0ab5f,데너,390,2020-10-31,,2026-09-13 22:07:03,[V] 253번째 시간 _ 내 생일! (시참),denu0193,https://discord.gg/79GJfraHCY,mysmallvtuber.net,2026-10-01T03:32:36Z
x59beqtuUzpbscyEzJN6,사사야키 리네,,youtube,UCWJzY43dtKa9d2LnFSRcVCQ,https://www.youtube.com/channel/UCWJzY43dtKa9d2LnFSRcVCQ,사사야키 리네 【HIDOCUTION】,1010,2024-11-23,,2026-09-13 00:39:02,🩵생일 카운트 다운!ㅣ💌히도쿠션,Sasayaki_reine,https://hez.gg/fan-city/jFIeg8VIF4oPeVNaTUv2,mysmallvtuber.net,2026-10-01T03:32:36Z
x59beqtuUzpbscyEzJN6,사사야키 리네,,youtube,UC9dKvCFe1-eDgFUrZiXukNg,https://www.youtube.com/channel/UC9dKvCFe1-eDgFUrZiXukNg,긴 리네 다시보기,38,2024-11-23,,2026-09-13 00:39:02,🩵생일 카운트 다운!ㅣ💌히도쿠션,Sasayaki_reine,https://hez.gg/fan-city/jFIeg8VIF4oPeVNaTUv2,mysmallvtuber.net,2026-10-01T03:32:36Z
x59beqtuUzpbscyEzJN6,사사야키 리네,,chzzk,e9009ccf115e0a550d44158bdbb2fc83,https://chzzk.naver.com/e9009ccf115e0a550d44158bdbb2fc83,사사야키 리네,483,2024-11-23,,2026-09-13 00:39:02,🩵생일 카운트 다운!ㅣ💌히도쿠션,Sasayaki_reine,https://hez.gg/fan-city/jFIeg8VIF4oPeVNaTUv2,mysmallvtuber.net,2026-10-01T03:32:36Z
HJd6Q4p2k3Ssy4BBWeer,라오 rao,rao,chzzk,33ee55dfebfa254784e07da27566152f,https://chzzk.naver.com/33ee55dfebfa254784e07da27566152f,라오 rao,541,2025-01-08,,2026-09-12 15:04:02,[v] 노래깎음청년,dlfkdh_65,https://discord.gg/fJ4uDqd5rQ,mysmallvtuber.net,2026-10-01T03:32:36Z
bjhvUZVnJDqgnWRds3kF,넴 넴,,youtube,UCt5EcV7tRNKu-f7wu_M3gWQ,https://www.youtube.com/channel/UCt5EcV7tRNKu-f7wu_M3gWQ,넴바넴보,125,2024-02-02,,2026-09-12 03:42:02,안뇽,nemnem_S2_,https://cafe.naver.com/nemnemyamyam/menu/9,mysmallvtuber.net,2026-10-01T03:32:36Z
bjhvUZVnJDqgnWRds3kF,넴 넴,,youtube,UCXeX-QM7Yrb2v5lJCAf_KDw,https://www.youtube.com/channel/UCXeX-QM7Yrb2v5lJCAf_KDw,다시보넴,41,2024-02-02,,2026-09-12 03:42:02,안뇽,nemnem_S2_,https://cafe.naver.com/nemnemyamyam/menu/9,mysmallvtuber.net,2026-10-01T03:32:36Z
bjhvUZVnJDqgnWRds3kF,넴 넴,,chzzk,2a53adf05f634016c2b164bb0a882777,https://chzzk.naver.com/2a53adf05f634016c2b164bb0a882777,넴 넴,1367,2024-02-02,,2026-09-12 03:42:02,안뇽,nemnem_S2_,https://cafe.naver.com/nemnemyamyam/menu/9,mysmallvtuber.net,2026-10-01T03:32:36Z
tWcHbgSfGj9fZaJrByyh,라가초,,youtube,UCtibtN_RI0e2ZYxhVtIDO7A,https://www.youtube.com/channel/UCtibtN_RI0e2ZYxhVtIDO7A,라가초 Ragacho,3910,2023-04-23,,2026-09-12 00:10:03,"[v]  (감기 이슈) 빅워크 합방 해요( w.아오디, 우미미즈)",Ragacho00,https://cafe.naver.com/ragacho,mysmallvtuber.net,2026-10-01T03:32:36Z
tWcHbgSfGj9fZaJrByyh,라가초,,youtube,UCKCBbsmIOZizPbdvYsXjUzQ,https://www.youtube.com/channel/UCKCBbsmIOZizPbdvYsXjUzQ,풀 라가초 다시보기,58,2023-04-23,,2026-09-12 00:10:03,"[v]  (감기 이슈) 빅워크 합방 해요( w.아오디, 우미미즈)",Ragacho00,https://cafe.naver.com/ragacho,mysmallvtuber.net,2026-10-01T03:32:36Z
tWcHbgSfGj9fZaJrByyh,라가초,,chzzk,38fe4b3ae2fb9f7cdcc15560d8837f6e,https://chzzk.naver.com/38fe4b3ae2fb9f7cdcc15560d8837f6e,라가초,691,2023-04-23,,2026-09-12 00:10:03,"[v]  (감기 이슈) 빅워크 합방 해요( w.아오디, 우미미즈)",Ragacho00,https://cafe.naver.com/ragacho,mysmallvtuber.net,2026-10-01T03:32:36Z
xuJDwgmKMLJ4Kn8HQAYV,l 라임 l,l l,youtube,UCikE_w-_M0Hh97kRHU8o8QA,https://www.youtube.com/channel/UCikE_w-_M0Hh97kRHU8o8QA,라임_vtuber,1250,2023-04-15,,2026-09-12 00:40:03,[V] 후열...가나? 4인 합방 (!멤버),limevtuber0724,https://discord.gg/WhV5KcaAzV,mysmallvtuber.net,2026-10-01T03:32:36Z
xuJDwgmKMLJ4Kn8HQAYV,l 라임 l,l l,chzzk,3b876a21fea20ac6627184c02aeda524,https://chzzk.naver.com/3b876a21fea20ac6627184c02aeda524,l 라임 l,470,2023-04-15,,2026-09-12 00:40:03,[V] 후열...가나? 4인 합방 (!멤버),limevtuber0724,https://discord.gg/WhV5KcaAzV,mysmallvtuber.net,2026-10-01T03:32:36Z
BQ2hENxWKBhVAeFry9uu,임 설,,youtube,UCuHdQWW6e3I9Tn34OxyyR7A,https://www.youtube.com/channel/UCuHdQWW6e3I9Tn34OxyyR7A,임설 limseol,3060,2023-03-16,,2026-09-11 23:48:03,오늘도 알차고 재밌었따 ! (ᐢᗜᐢ),,https://cafe.naver.com/limseols2,mysmallvtuber.net,2026-10-01T03:32:36Z
BQ2hENxWKBhVAeFry9uu,임 설,,youtube,UC2qq_Yy__LPUhHIIbBR2SZg,https://www.youtube.com/channel/UC2qq_Yy__LPUhHIIbBR2SZg,또 다시 임설,334,2023-03-16,,2026-09-11 23:48:03,오늘도 알차고 재밌었따 ! (ᐢᗜᐢ),,https://cafe.naver.com/limseols2,mysmallvtuber.net,2026-10-01T03:32:36Z
BQ2hENxWKBhVAeFry9uu,임 설,,chzzk,1ddbc0a60a6a3289c2873ed6b43b20af,https://chzzk.naver.com/1ddbc0a60a6a3289c2873ed6b43b20af,임 설,4170,2023-03-16,,2026-09-11 23:48:03,오늘도 알차고 재밌었따 ! (ᐢᗜᐢ),,https://cafe.naver.com/limseols2,mysmallvtuber.net,2026-10-01T03:32:36Z
sgCjPLT3HAuWDxszPEbD,코히루,,youtube,UCT_IpIzbIoQjkZCwmWzkHOA,https://www.youtube.com/channel/UCT_IpIzbIoQjkZCwmWzkHOA,코히루,8860,2025-05-26,,2026-09-09 21:22:03,진지하게 드릴 얘기가 있어요,,https://cafe.naver.com/cohiru,mysmallvtuber.net,2026-10-01T03:32:36Z
sgCjPLT3HAuWDxszPEbD,코히루,,youtube,UCVlAnrb5D5V7fOnN_33asjg,https://www.youtube.com/channel/UCVlAnrb5D5V7fOnN_33asjg,코히루 다시보기,441,2025-05-26,,2026-09-09 21:22:03,진지하게 드릴 얘기가 있어요,,https://cafe.naver.com/cohiru,mysmallvtuber.net,2026-10-01T03:32:36Z
sgCjPLT3HAuWDxszPEbD,코히루,,chzzk,4780ce79757a7c82057fab72a35453e8,https://chzzk.naver.com/4780ce79757a7c82057fab72a35453e8,코히루,5301,2025-05-26,,2026-09-09 21:22:03,진지하게 드릴 얘기가 있어요,,https://cafe.naver.com/cohiru,mysmallvtuber.net,2026-10-01T03:32:36Z
Jvk63HbJkvZubVDp9zfm,프링짱,,youtube,UCj1hUaLHtYVNjIpt406RLnQ,https://www.youtube.com/channel/UCj1hUaLHtYVNjIpt406RLnQ,프튜브,100,,,2026-09-09 00:25:05,생각 정리 2일차 (❁´◡`❁),pring1211,https://cafe.naver.com/pring1211,mysmallvtuber.net,2026-10-01T03:32:36Z
Jvk63HbJkvZubVDp9zfm,프링짱,,chzzk,d8a90a9973e6ab4dca94b638b39933cb,https://chzzk.naver.com/d8a90a9973e6ab4dca94b638b39933cb,프링짱,849,,,2026-09-09 00:25:05,생각 정리 2일차 (❁´◡`❁),pring1211,https://cafe.naver.com/pring1211,mysmallvtuber.net,2026-10-01T03:32:36Z
7dtFF5UJFACbFp3cBswQ,인텔리 치에,,chzzk,c3f5bd2427513f5d97ffb3569d6b4706,https://chzzk.naver.com/c3f5bd2427513f5d97ffb3569d6b4706,인텔리 치에,215,,,2000-01-01 00:00:00,초기등록(업데이트 전),YSGH01,,mysmallvtuber.net,2026-10-01T03:32:36Z
5gmtzNtKKEMMFdjNeNdu,아메oO,oO,youtube,UC_ZcP5rJyf-aNJH-8I-UkEA,https://www.youtube.com/channel/UC_ZcP5rJyf-aNJH-8I-UkEA,아메Ame,2130,2025-07-22,,2026-08-31 00:15:05,명조 콘서트다녀왔뜸,,,mysmallvtuber.net,2026-10-01T03:32:36Z
5gmtzNtKKEMMFdjNeNdu,아메oO,oO,youtube,UCxyzRrOO3mnEiKcJGkx1xtQ,https://www.youtube.com/channel/UCxyzRrOO3mnEiKcJGkx1xtQ,아메 다시보기,9700,2025-07-22,,2026-08-31 00:15:05,명조 콘서트다녀왔뜸,,,mysmallvtuber.net,2026-10-01T03:32:36Z
5gmtzNtKKEMMFdjNeNdu,아메oO,oO,chzzk,d83d9f968dfb3ad68806ee7611bd9b08,https://chzzk.naver.com/d83d9f968dfb3ad68806ee7611bd9b08,아메oO,1053,2025-07-22,,2026-08-31 00:15:05,명조 콘서트다녀왔뜸,,,mysmallvtuber.net,2026-10-01T03:32:36Z
QaHN66wdZqHFB1Mbq7c2,요나,,youtube,UChSejVxK1nHkvKaPSNeqBnA,https://www.youtube.com/channel/UChSejVxK1nHkvKaPSNeqBnA,요나,12100,2021-02-28,,2026-08-29 17:11:03,카페에서 2000일 월페이퍼 배포중 🐳,yona_whale,https://cafe.naver.com/iotayona,mysmallvtuber.net,2026-10-01T03:32:36Z
QaHN66wdZqHFB1Mbq7c2,요나,,youtube,UCRSUoZSQ4rLi42dupd0dAQg,https://www.youtube.com/channel/UCRSUoZSQ4rLi42dupd0dAQg,하이퍼요나슈퍼째트킥,3210,2021-02-28,,2026-08-29 17:11:03,카페에서 2000일 월페이퍼 배포중 🐳,yona_whale,https://cafe.naver.com/iotayona,mysmallvtuber.net,2026-10-01T03:32:36Z
QaHN66wdZqHFB1Mbq7c2,요나,,chzzk,7c52f0becffdf297fcd74c037aeca750,https://chzzk.naver.com/7c52f0becffdf297fcd74c037aeca750,요나,6226,2021-02-28,,2026-08-29 17:11:03,카페에서 2000일 월페이퍼 배포중 🐳,yona_whale,https://cafe.naver.com/iotayona,mysmallvtuber.net,2026-10-01T03:32:36Z
8gZCAW8p5auQM79PKE5x,이른 밤,,youtube,UCZZiM0Mr9SsVvUwK-UMVmEQ,https://www.youtube.com/channel/UCZZiM0Mr9SsVvUwK-UMVmEQ,이른 밤,431,2024-04-19,,2026-08-27 19:22:03,하라버지으이르믈걸고,early_bam,https://cafe.naver.com/earlybam,mysmallvtuber.net,2026-10-01T03:32:36Z
8gZCAW8p5auQM79PKE5x,이른 밤,,youtube,UCFkCyZ2ngFH6jWR2ZmMMoLQ,https://www.youtube.com/channel/UCFkCyZ2ngFH6jWR2ZmMMoLQ,다시 밤,96,2024-04-19,,2026-08-27 19:22:03,하라버지으이르믈걸고,early_bam,https://cafe.naver.com/earlybam,mysmallvtuber.net,2026-10-01T03:32:36Z
8gZCAW8p5auQM79PKE5x,이른 밤,,chzzk,8ea457ce3ccbd22b965c7e02a6b24ee6,https://chzzk.naver.com/8ea457ce3ccbd22b965c7e02a6b24ee6,이른 밤,434,2024-04-19,,2026-08-27 19:22:03,하라버지으이르믈걸고,early_bam,https://cafe.naver.com/earlybam,mysmallvtuber.net,2026-10-01T03:32:36Z
FKJgXQUm9FkQjp6nstW4,얏따,,youtube,UCtFCksyQzk_Ndb7s48Vp4OQ,https://www.youtube.com/channel/UCtFCksyQzk_Ndb7s48Vp4OQ,YATTAA,38400,2022-08-06,,2026-08-27 20:50:04,🛠❤ NS vs BFX 농심 응원방!! 플옵까지 단 두 걸음..!!! #LCKWatchParty,,https://cafe.naver.com/yattaa,mysmallvtuber.net,2026-10-01T03:32:36Z
FKJgXQUm9FkQjp6nstW4,얏따,,chzzk,d185099b64dd8ca6b96a51ee3e9011c2,https://chzzk.naver.com/d185099b64dd8ca6b96a51ee3e9011c2,얏따,25839,2022-08-06,,2026-08-27 20:50:04,🛠❤ NS vs BFX 농심 응원방!! 플옵까지 단 두 걸음..!!! #LCKWatchParty,,https://cafe.naver.com/yattaa,mysmallvtuber.net,2026-10-01T03:32:36Z
Je8PKnbXft4RDLvCfe9d,리윤Riyoon,Riyoon,chzzk,674dfc000e52197721b0ed8a1d0b9b6c,https://chzzk.naver.com/674dfc000e52197721b0ed8a1d0b9b6c,리윤Riyoon,492,2025-12-24,,2026-08-27 00:07:03,어디 소문안좋은 북부대공한테 정략결혼으로 팔려가는 느낌,re_end_R_YN,,mysmallvtuber.net,2026-10-01T03:32:36Z
HGLYCt4TSzE3VGHnLepG,린시,,youtube,UCnuCEzo0IQdsPll7VtGM7CA,https://www.youtube.com/channel/UCnuCEzo0IQdsPll7VtGM7CA,린시의 노래 주머니,1520,2025-04-01,,2026-08-25 22:59:03,안녕~!,Rinshing,https://cafe.naver.com/rinshi,mysmallvtuber.net,2026-10-01T03:32:36Z
HGLYCt4TSzE3VGHnLepG,린시,,chzzk,54bdb327ed6039db869d15b0e5eec394,https://chzzk.naver.com/54bdb327ed6039db869d15b0e5eec394,린시,4029,2025-04-01,,2026-08-25 22:59:03,안녕~!,Rinshing,https://cafe.naver.com/rinshi,mysmallvtuber.net,2026-10-01T03:32:36Z
CxjZWEEehmMzfSVmQeZ5,하나비양,,youtube,UCgqHiUzJ69m9Ubn7NxFTcYQ,https://www.youtube.com/channel/UCgqHiUzJ69m9Ubn7NxFTcYQ,하나비,28700,2022-12-31,,2026-08-25 00:36:03,🌸문어 다리 사이비 무서워서 회먹고 싶다,HANABI_Cats,https://discord.com/invite/8sBpYumNaD,mysmallvtuber.net,2026-10-01T03:32:36Z
CxjZWEEehmMzfSVmQeZ5,하나비양,,chzzk,40ede1fca56fd7141d718c116d5501dc,https://chzzk.naver.com/40ede1fca56fd7141d718c116d5501dc,하나비양,1316,2022-12-31,,2026-08-25 00:36:03,🌸문어 다리 사이비 무서워서 회먹고 싶다,HANABI_Cats,https://discord.com/invite/8sBpYumNaD,mysmallvtuber.net,2026-10-01T03:32:36Z
afunJrBVcz6rePF6sJZk,뱁설야,,youtube,UCUGqo2M2l4GnoQURK135lTg,https://www.youtube.com/channel/UCUGqo2M2l4GnoQURK135lTg,뱁설야,317,2025-10-10,,2026-08-23 22:24:03,오늘의 나는 팰 사냥꾼!!!!,seolya99,https://cafe.naver.com/snows99,mysmallvtuber.net,2026-10-01T03:32:36Z
afunJrBVcz6rePF6sJZk,뱁설야,,youtube,UCfsBAi4fd1T9RxP2nOq93sA,https://www.youtube.com/channel/UCfsBAi4fd1T9RxP2nOq93sA,l설야l,179,2025-10-10,,2026-08-23 22:24:03,오늘의 나는 팰 사냥꾼!!!!,seolya99,https://cafe.naver.com/snows99,mysmallvtuber.net,2026-10-01T03:32:36Z
afunJrBVcz6rePF6sJZk,뱁설야,,chzzk,d98f5978848c87aeda836e5aa7d7369d,https://chzzk.naver.com/d98f5978848c87aeda836e5aa7d7369d,뱁설야,656,2025-10-10,,2026-08-23 22:24:03,오늘의 나는 팰 사냥꾼!!!!,seolya99,https://cafe.naver.com/snows99,mysmallvtuber.net,2026-10-01T03:32:36Z
EufntpxuRYGN5Pszx87z,설은호,,youtube,UCqc7aTEehTKNRxI5V4EJvHQ,https://www.youtube.com/channel/UCqc7aTEehTKNRxI5V4EJvHQ,설은호,80,2023-01-26,,2026-08-24 02:37:03,[V][피융신]군대 가기전의 마지막 방송,seoleunhoo,,mysmallvtuber.net,2026-10-01T03:32:36Z
EufntpxuRYGN5Pszx87z,설은호,,chzzk,d28e7fa7f189956baf0b665a9cf80e3d,https://chzzk.naver.com/d28e7fa7f189956baf0b665a9cf80e3d,설은호,918,2023-01-26,,2026-08-24 02:37:03,[V][피융신]군대 가기전의 마지막 방송,seoleunhoo,,mysmallvtuber.net,2026-10-01T03:32:36Z
NPsbznnZAxWfbZmVjeN3,랑아 RangA,RangA,youtube,UCi5jmVoufDpiomHDkZY0URA,https://www.youtube.com/channel/UCi5jmVoufDpiomHDkZY0URA,랑아 RangA,510,2025-12-20,,2026-08-21 09:05:02,WA!,_rang001,https://cafe.naver.com/rang0123,mysmallvtuber.net,2026-10-01T03:32:36Z
NPsbznnZAxWfbZmVjeN3,랑아 RangA,RangA,youtube,UCWNsoALEMVGarcrXS2Snd_Q,https://www.youtube.com/channel/UCWNsoALEMVGarcrXS2Snd_Q,랑아 RangA 풀영상,21,2025-12-20,,2026-08-21 09:05:02,WA!,_rang001,https://cafe.naver.com/rang0123,mysmallvtuber.net,2026-10-01T03:32:36Z
NPsbznnZAxWfbZmVjeN3,랑아 RangA,RangA,chzzk,8b7a0555b9297fa1c4dada9ff520c4d3,https://chzzk.naver.com/8b7a0555b9297fa1c4dada9ff520c4d3,랑아 RangA,708,2025-12-20,,2026-08-21 09:05:02,WA!,_rang001,https://cafe.naver.com/rang0123,mysmallvtuber.net,2026-10-01T03:32:36Z
yD37qd9dNHxMcrLp4s3u,점술가 이꾼,,youtube,UC7WpfGKMlfBAo8D5_LQHYwQ,https://www.youtube.com/channel/UC7WpfGKMlfBAo8D5_LQHYwQ,점술가 이꾼,63,2022-06-14,,2026-08-15 00:29:03,[v] 보스 트라이만 nnn번째...제발 좀 깨보자 좀,iggun0,https://www.fancity.io/city/3ynERv1TbAULlrxr150t,mysmallvtuber.net,2026-10-01T03:32:36Z
yD37qd9dNHxMcrLp4s3u,점술가 이꾼,,chzzk,40261f9628063e1ce764bd09124c6ced,https://chzzk.naver.com/40261f9628063e1ce764bd09124c6ced,점술가 이꾼,283,2022-06-14,,2026-08-15 00:29:03,[v] 보스 트라이만 nnn번째...제발 좀 깨보자 좀,iggun0,https://www.fancity.io/city/3ynERv1TbAULlrxr150t,mysmallvtuber.net,2026-10-01T03:32:36Z
kJqFsEmFNDCR52s4uaSB,오르렛,,youtube,UCb1Z0MP_k4C4zZQEMcD-MpQ,https://www.youtube.com/channel/UCb1Z0MP_k4C4zZQEMcD-MpQ,오르렛,84,,,2026-08-10 13:39:03,점심 먹었어? 대장은 먹는 중,olulet_,https://cafe.naver.com/olulet,mysmallvtuber.net,2026-10-01T03:32:36Z
kJqFsEmFNDCR52s4uaSB,오르렛,,youtube,UCcGAhjpJCtozvDEP-vaNgEw,https://www.youtube.com/channel/UCcGAhjpJCtozvDEP-vaNgEw,오르렛 다시보기,18,,,2026-08-10 13:39:03,점심 먹었어? 대장은 먹는 중,olulet_,https://cafe.naver.com/olulet,mysmallvtuber.net,2026-10-01T03:32:36Z
kJqFsEmFNDCR52s4uaSB,오르렛,,chzzk,16f9b7edec8c98b17d0606e9c716173e,https://chzzk.naver.com/16f9b7edec8c98b17d0606e9c716173e,오르렛,601,,,2026-08-10 13:39:03,점심 먹었어? 대장은 먹는 중,olulet_,https://cafe.naver.com/olulet,mysmallvtuber.net,2026-10-01T03:32:36Z
TmwACs5yReaE9AvGTZM4,강바다 BADA,BADA,chzzk,46e0abb959f02f1bc61ded45b153b529,https://chzzk.naver.com/46e0abb959f02f1bc61ded45b153b529,강바다 BADA,254,2025-08-16,,2026-08-09 22:28:03,"【잡담, 공지】파손된 함장은 교환이 불가합니다.",kangbada_ch,,mysmallvtuber.net,2026-10-01T03:32:36Z
LEXGynQqDh8YjnFbApMD,유즈사 헤라,,youtube,UChvgGUB-QirrwVlHa3uwj2A,https://www.youtube.com/channel/UChvgGUB-QirrwVlHa3uwj2A,유즈사 헤라,2480,2025-10-04,,2026-08-01 02:15:03,(어그로X) 지금까지 유즈사 헤라 였습니다 감사합니다 그리고 헤쁠아 미안하고 사랑해,VLY_Hera,https://cafe.naver.com/rionjoo,mysmallvtuber.net,2026-10-01T03:32:36Z
LEXGynQqDh8YjnFbApMD,유즈사 헤라,,chzzk,d1bc0251d482b2912cea69bfb7cc3ab2,https://chzzk.naver.com/d1bc0251d482b2912cea69bfb7cc3ab2,유즈사 헤라,1046,2025-10-04,,2026-08-01 02:15:03,(어그로X) 지금까지 유즈사 헤라 였습니다 감사합니다 그리고 헤쁠아 미안하고 사랑해,VLY_Hera,https://cafe.naver.com/rionjoo,mysmallvtuber.net,2026-10-01T03:32:36Z
MvNdWPp4mLQMhcMBsn5q,아야세 테라,,youtube,UCWy40dE2UbbrhoOqX93zogQ,https://www.youtube.com/channel/UCWy40dE2UbbrhoOqX93zogQ,아야세 테라,2180,2024-02-26,,2026-01-23 19:21:02,오늘 2.0 데뷔한 뉴?걸 ㅋㅋ,TERRA_SERENITY,https://discord.com/invite/6qxu8K8ZCu,mysmallvtuber.net,2026-10-01T03:32:36Z
MvNdWPp4mLQMhcMBsn5q,아야세 테라,,chzzk,dd666151d48cc02d648db1e2193b7912,https://chzzk.naver.com/dd666151d48cc02d648db1e2193b7912,아야세 테라,2894,2024-02-26,,2026-01-23 19:21:02,오늘 2.0 데뷔한 뉴?걸 ㅋㅋ,TERRA_SERENITY,https://discord.com/invite/6qxu8K8ZCu,mysmallvtuber.net,2026-10-01T03:32:36Z
ybvtevRQReSWLz2g3beY,사 악 이,,youtube,UCj1knYFyAcHGXs5w-wOmqzQ,https://www.youtube.com/channel/UCj1knYFyAcHGXs5w-wOmqzQ,사악이,743,2022-08-01,,2025-07-08 15:25:02,【 V 】 오늘은 진짜 싱드컵하러~ 왔다네~,evilsnake_bc,https://discord.com/invite/PuFXtx5ZCA,mysmallvtuber.net,2026-10-01T03:32:36Z
ybvtevRQReSWLz2g3beY,사 악 이,,youtube,UC9v1P6lIQlNMNCT75cJoE_w,https://www.youtube.com/channel/UC9v1P6lIQlNMNCT75cJoE_w,사악이 다시보기,474,2022-08-01,,2025-07-08 15:25:02,【 V 】 오늘은 진짜 싱드컵하러~ 왔다네~,evilsnake_bc,https://discord.com/invite/PuFXtx5ZCA,mysmallvtuber.net,2026-10-01T03:32:36Z
ybvtevRQReSWLz2g3beY,사 악 이,,chzzk,8e85e59cec549ad8486c2de503897004,https://chzzk.naver.com/8e85e59cec549ad8486c2de503897004,사 악 이,1361,2022-08-01,,2025-07-08 15:25:02,【 V 】 오늘은 진짜 싱드컵하러~ 왔다네~,evilsnake_bc,https://discord.com/invite/PuFXtx5ZCA,mysmallvtuber.net,2026-10-01T03:32:36Z
