vtuber_id,name,name_en,platform,channel_id,channel_url,channel_name,followers,debut_date,affiliation,last_live_at,last_live_title,twitter_id,community_link,source,collected_at
gqcSgJvjhY62A7u3Yk53,송밤,,youtube,UCBasHlmkbKFGrbS30KUXI1Q,https://www.youtube.com/channel/UCBasHlmkbKFGrbS30KUXI1Q,송밤,12000,2023-03-30,,2026-10-06 19:57:02,반가를 반갑습니다 [플랜비],,https://cafe.naver.com/bver99,mysmallvtuber.net,2026-10-06T11:27:37Z
gqcSgJvjhY62A7u3Yk53,송밤,,soop,s07o24,https://ch.sooplive.co.kr/s07o24,송밤,21790,2023-03-30,,2026-10-06 19:57:02,반가를 반갑습니다 [플랜비],,https://cafe.naver.com/bver99,mysmallvtuber.net,2026-10-06T11:27:37Z
PEWAMRcUrk9Fj6p7dFAd,한류월,,youtube,UCFHwcns2Hym2CVgTmFc_4Mw,https://www.youtube.com/channel/UCFHwcns2Hym2CVgTmFc_4Mw,한류월,144,2019-12-05,,2026-10-06 19:54:02,🐼 오랜만에 팝콘 조지면서 같이보기!!,Ryuwall_,https://cafe.naver.com/ryuwall,mysmallvtuber.net,2026-10-06T11:27:37Z
PEWAMRcUrk9Fj6p7dFAd,한류월,,youtube,UCxiOBGO4PGwopIGGR6CU3-g,https://www.youtube.com/channel/UCxiOBGO4PGwopIGGR6CU3-g,한시보기,20,2019-12-05,,2026-10-06 19:54:02,🐼 오랜만에 팝콘 조지면서 같이보기!!,Ryuwall_,https://cafe.naver.com/ryuwall,mysmallvtuber.net,2026-10-06T11:27:37Z
PEWAMRcUrk9Fj6p7dFAd,한류월,,chzzk,ef935e68b61168fbe647f70f0f00431c,https://chzzk.naver.com/ef935e68b61168fbe647f70f0f00431c,한류월,328,2019-12-05,,2026-10-06 19:54:02,🐼 오랜만에 팝콘 조지면서 같이보기!!,Ryuwall_,https://cafe.naver.com/ryuwall,mysmallvtuber.net,2026-10-06T11:27:37Z
Xj6qWqMnqZv6bYHwVecm,연이나,,youtube,UCMcE8VEgw6BwBWRVaAe8CFQ,https://www.youtube.com/channel/UCMcE8VEgw6BwBWRVaAe8CFQ,연이나 HoweverIna,810,2025-02-25,,2026-10-06 19:54:02,당신은 작업하는 연이나을 마주쳣습니다 않되에 :3,however_ina,https://ciety.xyz/@howeverina,mysmallvtuber.net,2026-10-06T11:27:37Z
Xj6qWqMnqZv6bYHwVecm,연이나,,youtube,UCpQzO7xXE2PQcjQShzYHw6g,https://www.youtube.com/channel/UCpQzO7xXE2PQcjQShzYHw6g,연이나(However_Ina),13,2025-02-25,,2026-10-06 19:54:02,당신은 작업하는 연이나을 마주쳣습니다 않되에 :3,however_ina,https://ciety.xyz/@howeverina,mysmallvtuber.net,2026-10-06T11:27:37Z
Xj6qWqMnqZv6bYHwVecm,연이나,,chzzk,1bba9a34d4d2b8b998c36c5cdbc9f4fe,https://chzzk.naver.com/1bba9a34d4d2b8b998c36c5cdbc9f4fe,연이나,301,2025-02-25,,2026-10-06 19:54:02,당신은 작업하는 연이나을 마주쳣습니다 않되에 :3,however_ina,https://ciety.xyz/@howeverina,mysmallvtuber.net,2026-10-06T11:27:37Z
FFArzCvqa8S7KAvxVZAw,은예담,,youtube,UCQrX3aeOAt52kZeGjupS4Dw,https://www.youtube.com/channel/UCQrX3aeOAt52kZeGjupS4Dw,은예담,554,2025-08-17,,2026-10-06 19:56:03,🐼[바이킹즈] 8시 그멤버💚,EunYedam,,mysmallvtuber.net,2026-10-06T11:27:37Z
FFArzCvqa8S7KAvxVZAw,은예담,,youtube,UCU392d0zS9CAoLoN3Az-M_Q,https://www.youtube.com/channel/UCU392d0zS9CAoLoN3Az-M_Q,은예담,156,2025-08-17,,2026-10-06 19:56:03,🐼[바이킹즈] 8시 그멤버💚,EunYedam,,mysmallvtuber.net,2026-10-06T11:27:37Z
FFArzCvqa8S7KAvxVZAw,은예담,,chzzk,e8db0e178879df079bb80dc8ede14e77,https://chzzk.naver.com/e8db0e178879df079bb80dc8ede14e77,은예담,1228,2025-08-17,,2026-10-06 19:56:03,🐼[바이킹즈] 8시 그멤버💚,EunYedam,,mysmallvtuber.net,2026-10-06T11:27:37Z
Kw5VQDfQDrvgUWDLGGXk,밍턴_,,youtube,UC1IX083pPBnLiRDxfYeKjcg,https://www.youtube.com/channel/UC1IX083pPBnLiRDxfYeKjcg,밍턴 Mingturn,40300,2021-07-19,,2026-10-06 19:57:02,퀵뷰털기  📢 !굿즈,mingturn97,https://cafe.naver.com/mingturn,mysmallvtuber.net,2026-10-06T11:27:37Z
Kw5VQDfQDrvgUWDLGGXk,밍턴_,,youtube,UCH17TIVS-ux2orQDHn23RDw,https://www.youtube.com/channel/UCH17TIVS-ux2orQDHn23RDw,밍턴  Mingturn Music Official,5990,2021-07-19,,2026-10-06 19:57:02,퀵뷰털기  📢 !굿즈,mingturn97,https://cafe.naver.com/mingturn,mysmallvtuber.net,2026-10-06T11:27:37Z
Kw5VQDfQDrvgUWDLGGXk,밍턴_,,soop,mingturn97,https://ch.sooplive.co.kr/mingturn97,밍턴_,26217,2021-07-19,,2026-10-06 19:57:02,퀵뷰털기  📢 !굿즈,mingturn97,https://cafe.naver.com/mingturn,mysmallvtuber.net,2026-10-06T11:27:37Z
CN7pqwhSP3xXJPEjmEvv,하야시 이로,,youtube,UCwxhIoZMF_GjBWEa_hlavgQ,https://www.youtube.com/channel/UCwxhIoZMF_GjBWEa_hlavgQ,이로 Hayashi Iro Ch.,5530,2023-05-05,,2026-10-06 19:52:02,날이면 날마다 오는 게릴라🐻‍❄️✨,Iro_4urora,https://cafe.naver.com/auroraprojectv,mysmallvtuber.net,2026-10-06T11:27:37Z
CN7pqwhSP3xXJPEjmEvv,하야시 이로,,youtube,UCehgiUx0fcFAhb_Rnb2jnyw,https://www.youtube.com/channel/UCehgiUx0fcFAhb_Rnb2jnyw,Hayashi Iro Ch. SUB,69,2023-05-05,,2026-10-06 19:52:02,날이면 날마다 오는 게릴라🐻‍❄️✨,Iro_4urora,https://cafe.naver.com/auroraprojectv,mysmallvtuber.net,2026-10-06T11:27:37Z
CN7pqwhSP3xXJPEjmEvv,하야시 이로,,chzzk,1296a4df3696511c2239cf641cfd0fd0,https://chzzk.naver.com/1296a4df3696511c2239cf641cfd0fd0,하야시 이로,3319,2023-05-05,,2026-10-06 19:52:02,날이면 날마다 오는 게릴라🐻‍❄️✨,Iro_4urora,https://cafe.naver.com/auroraprojectv,mysmallvtuber.net,2026-10-06T11:27:37Z
3k2VV27eca35CbDWcNKt,청여운,,youtube,UCpaCsVP6X3JJvA-XiwxmbOA,https://www.youtube.com/channel/UCpaCsVP6X3JJvA-XiwxmbOA,청여운,1310,2023-05-29,,2026-10-06 19:49:02,[V] 거던의 날,Youn_vtuber,https://cafe.naver.com/artisons,mysmallvtuber.net,2026-10-06T11:27:37Z
3k2VV27eca35CbDWcNKt,청여운,,youtube,UCxK6MCbzJNAbRDY6m2b-nCQ,https://www.youtube.com/channel/UCxK6MCbzJNAbRDY6m2b-nCQ,청여운 다시보기,348,2023-05-29,,2026-10-06 19:49:02,[V] 거던의 날,Youn_vtuber,https://cafe.naver.com/artisons,mysmallvtuber.net,2026-10-06T11:27:37Z
3k2VV27eca35CbDWcNKt,청여운,,chzzk,07ac7aff66b81360c1551a58e9c69f72,https://chzzk.naver.com/07ac7aff66b81360c1551a58e9c69f72,청여운,3059,2023-05-29,,2026-10-06 19:49:02,[V] 거던의 날,Youn_vtuber,https://cafe.naver.com/artisons,mysmallvtuber.net,2026-10-06T11:27:37Z
NxHPeQS2rVNSmVGq6ddN,아주모,,youtube,UCTtpP6fAfYFIres-AiUg2Dw,https://www.youtube.com/channel/UCTtpP6fAfYFIres-AiUg2Dw,아주모 두번보기 다시보기,528,2024-02-19,,2026-10-06 19:56:03,9시부터 재래시장장사시작,ajumoajumak,,mysmallvtuber.net,2026-10-06T11:27:37Z
NxHPeQS2rVNSmVGq6ddN,아주모,,chzzk,3fd1a6ced5b550cf810b58bf775bcc00,https://chzzk.naver.com/3fd1a6ced5b550cf810b58bf775bcc00,아주모,1054,2024-02-19,,2026-10-06 19:56:03,9시부터 재래시장장사시작,ajumoajumak,,mysmallvtuber.net,2026-10-06T11:27:37Z
mdRNvcxMAb3QqbSXDcjD,독고뭐잉,,youtube,UCGZZEAreGIYUK54LRFOXHWQ,https://www.youtube.com/channel/UCGZZEAreGIYUK54LRFOXHWQ,밍슈 Miingshu,96,2025-03-17,,2026-10-06 19:53:03,밍슈가 와써이 💙,,https://cafe.naver.com/shushushuba,mysmallvtuber.net,2026-10-06T11:27:37Z
mdRNvcxMAb3QqbSXDcjD,독고뭐잉,,chzzk,a74b18c39e149fc456e6194beada6c0f,https://chzzk.naver.com/a74b18c39e149fc456e6194beada6c0f,독고뭐잉,1028,2025-03-17,,2026-10-06 19:53:03,밍슈가 와써이 💙,,https://cafe.naver.com/shushushuba,mysmallvtuber.net,2026-10-06T11:27:37Z
pJUQQytNLDCRB8wgpkHJ,메르 Mer,Mer,chzzk,d65a8e803c67677eaeb198754f733538,https://chzzk.naver.com/d65a8e803c67677eaeb198754f733538,메르 Mer,656,,,2026-10-06 19:51:03,.,mer3in_vt,,mysmallvtuber.net,2026-10-06T11:27:37Z
AEYchy7w7qYaLWyCjQpG,히라뀽,,youtube,UC9xb9YRb6oWJfCmQ9IhhtvA,https://www.youtube.com/channel/UC9xb9YRb6oWJfCmQ9IhhtvA,히라뀽,1420,2024-05-01,,2026-10-06 19:54:02,[영도 반값] 아섭 티어 올리기,hira_Rabbit,https://cafe.naver.com/hiracafe,mysmallvtuber.net,2026-10-06T11:27:37Z
AEYchy7w7qYaLWyCjQpG,히라뀽,,youtube,UC0tmJFVGi9t-_g-W0cT_Kzw,https://www.youtube.com/channel/UC0tmJFVGi9t-_g-W0cT_Kzw,Ch.히라뀽,91,2024-05-01,,2026-10-06 19:54:02,[영도 반값] 아섭 티어 올리기,hira_Rabbit,https://cafe.naver.com/hiracafe,mysmallvtuber.net,2026-10-06T11:27:37Z
AEYchy7w7qYaLWyCjQpG,히라뀽,,chzzk,79fbb3f5195aad2d11f76c6b5535dc02,https://chzzk.naver.com/79fbb3f5195aad2d11f76c6b5535dc02,히라뀽,3309,2024-05-01,,2026-10-06 19:54:02,[영도 반값] 아섭 티어 올리기,hira_Rabbit,https://cafe.naver.com/hiracafe,mysmallvtuber.net,2026-10-06T11:27:37Z
sJLuzcWn2merHa9HfxCH,루빈 LUVIN,LUVIN,youtube,UCT_zytTjKpU8CPwfwnkxgrQ,https://www.youtube.com/channel/UCT_zytTjKpU8CPwfwnkxgrQ,루빈 Luvin,1240,,,2026-10-06 19:48:02,[그냥서버] 키득엔터 연습생 루빈입니다 10시까지 돈벌기,luvin_winter_,https://cafe.naver.com/luvinwinter00,mysmallvtuber.net,2026-10-06T11:27:37Z
sJLuzcWn2merHa9HfxCH,루빈 LUVIN,LUVIN,youtube,UC1Hbbzn67K5itZZBbD6B-FQ,https://www.youtube.com/channel/UC1Hbbzn67K5itZZBbD6B-FQ,긴루빈,102,,,2026-10-06 19:48:02,[그냥서버] 키득엔터 연습생 루빈입니다 10시까지 돈벌기,luvin_winter_,https://cafe.naver.com/luvinwinter00,mysmallvtuber.net,2026-10-06T11:27:37Z
sJLuzcWn2merHa9HfxCH,루빈 LUVIN,LUVIN,chzzk,6bfe9d40bfdc073643e9535b4718423b,https://chzzk.naver.com/6bfe9d40bfdc073643e9535b4718423b,루빈 LUVIN,3038,,,2026-10-06 19:48:02,[그냥서버] 키득엔터 연습생 루빈입니다 10시까지 돈벌기,luvin_winter_,https://cafe.naver.com/luvinwinter00,mysmallvtuber.net,2026-10-06T11:27:37Z
7FdMybGT8cy334rMZhTV,쵸꾸미,,youtube,UCLmdK-Fr7KmcsZ3wAcKtVYg,https://www.youtube.com/channel/UCLmdK-Fr7KmcsZ3wAcKtVYg,쵸꾸미,748,2025-07-02,,2026-10-06 19:50:04,봉누도2 조규미 봉누도 나무위키 보깅 !!! 빨간약 무끼!!!!,,https://cafe.naver.com/chyokkumi,mysmallvtuber.net,2026-10-06T11:27:37Z
7FdMybGT8cy334rMZhTV,쵸꾸미,,youtube,UCcSRzoqJzcch_Sfrk0WUyxA,https://www.youtube.com/channel/UCcSRzoqJzcch_Sfrk0WUyxA,쵸꾸미 다시보기,354,2025-07-02,,2026-10-06 19:50:04,봉누도2 조규미 봉누도 나무위키 보깅 !!! 빨간약 무끼!!!!,,https://cafe.naver.com/chyokkumi,mysmallvtuber.net,2026-10-06T11:27:37Z
7FdMybGT8cy334rMZhTV,쵸꾸미,,chzzk,f61107c04a4ae129873da5a5a25e2527,https://chzzk.naver.com/f61107c04a4ae129873da5a5a25e2527,쵸꾸미,5086,2025-07-02,,2026-10-06 19:50:04,봉누도2 조규미 봉누도 나무위키 보깅 !!! 빨간약 무끼!!!!,,https://cafe.naver.com/chyokkumi,mysmallvtuber.net,2026-10-06T11:27:37Z
da6SBHnHadqa4THCpgXk,히레 hire,hire,youtube,UCNA88sifwpaAMZesydTq8xw,https://www.youtube.com/channel/UCNA88sifwpaAMZesydTq8xw,히레,577,2025-10-18,,2026-10-06 19:49:02,(유입환영) 영도데이 보내보걸아 !🐡🫧,hire02350,,mysmallvtuber.net,2026-10-06T11:27:37Z
da6SBHnHadqa4THCpgXk,히레 hire,hire,chzzk,0be8dc1c87bc63e51380f779123df6aa,https://chzzk.naver.com/0be8dc1c87bc63e51380f779123df6aa,히레 hire,3118,2025-10-18,,2026-10-06 19:49:02,(유입환영) 영도데이 보내보걸아 !🐡🫧,hire02350,,mysmallvtuber.net,2026-10-06T11:27:37Z
rPdE7Fu2HsvmS42aVjbN,호하리 Hohari,Hohari,youtube,UCGxLjFrX_2i4kUoeB3aTE-w,https://www.youtube.com/channel/UCGxLjFrX_2i4kUoeB3aTE-w,호하리,8420,2022-04-25,,2026-10-06 19:49:02,[V] 머리에 있는거 배끼는 치사한 놈들 따라가지마 영웅은 실력으로만 승부해 / 20시 합방,hariho11,https://cafe.naver.com/f-e/cafes/31064775/menus/0?t=1766832756118,mysmallvtuber.net,2026-10-06T11:27:37Z
rPdE7Fu2HsvmS42aVjbN,호하리 Hohari,Hohari,youtube,UCmEwjj8fcYyGdy99alx7gIQ,https://www.youtube.com/channel/UCmEwjj8fcYyGdy99alx7gIQ,호하리 다시보기,709,2022-04-25,,2026-10-06 19:49:02,[V] 머리에 있는거 배끼는 치사한 놈들 따라가지마 영웅은 실력으로만 승부해 / 20시 합방,hariho11,https://cafe.naver.com/f-e/cafes/31064775/menus/0?t=1766832756118,mysmallvtuber.net,2026-10-06T11:27:37Z
rPdE7Fu2HsvmS42aVjbN,호하리 Hohari,Hohari,chzzk,437789ebfd9ac58804f1d38281bf03b2,https://chzzk.naver.com/437789ebfd9ac58804f1d38281bf03b2,호하리 Hohari,6161,2022-04-25,,2026-10-06 19:49:02,[V] 머리에 있는거 배끼는 치사한 놈들 따라가지마 영웅은 실력으로만 승부해 / 20시 합방,hariho11,https://cafe.naver.com/f-e/cafes/31064775/menus/0?t=1766832756118,mysmallvtuber.net,2026-10-06T11:27:37Z
qsATUSJMv7P8eXtUyz79,스위데,,youtube,UCNYcBOFNGA9WlYWatHxl1gA,https://www.youtube.com/channel/UCNYcBOFNGA9WlYWatHxl1gA,스위데 Swideh,4950,,,2026-10-06 19:49:02,🪻SBO 업 공약 + 9시 컬링 연습 w.달타,,https://cafe.naver.com/swideh,mysmallvtuber.net,2026-10-06T11:27:37Z
qsATUSJMv7P8eXtUyz79,스위데,,soop,swideh,https://ch.sooplive.co.kr/swideh,스위데,12981,,,2026-10-06 19:49:02,🪻SBO 업 공약 + 9시 컬링 연습 w.달타,,https://cafe.naver.com/swideh,mysmallvtuber.net,2026-10-06T11:27:37Z
Scd4SfPGKq95T4K8w4ts,서 해담,,youtube,UCee_sCpS91XJKCGbnPVHe0g,https://www.youtube.com/channel/UCee_sCpS91XJKCGbnPVHe0g,서 해담,293,2025-06-28,,2026-10-06 19:56:03,[월성고등학교] 문창부 부장 이서해입니다! 오늘은 건전하게 ! !!,chzzk_haedam,https://discord.com/invite/GnhrtQFCHb,mysmallvtuber.net,2026-10-06T11:27:37Z
Scd4SfPGKq95T4K8w4ts,서 해담,,youtube,UCpBPecBPHhLbui5srxSAMug,https://www.youtube.com/channel/UCpBPecBPHhLbui5srxSAMug,서해담다시보기,141,2025-06-28,,2026-10-06 19:56:03,[월성고등학교] 문창부 부장 이서해입니다! 오늘은 건전하게 ! !!,chzzk_haedam,https://discord.com/invite/GnhrtQFCHb,mysmallvtuber.net,2026-10-06T11:27:37Z
Scd4SfPGKq95T4K8w4ts,서 해담,,chzzk,33d9c3a6788a5005d62a039dadb3096a,https://chzzk.naver.com/33d9c3a6788a5005d62a039dadb3096a,서 해담,604,2025-06-28,,2026-10-06 19:56:03,[월성고등학교] 문창부 부장 이서해입니다! 오늘은 건전하게 ! !!,chzzk_haedam,https://discord.com/invite/GnhrtQFCHb,mysmallvtuber.net,2026-10-06T11:27:37Z
hGqr39RUqCH5VQcWnQpg,부쿠키,,youtube,UCF-EktpAclL-5krISxgerDw,https://www.youtube.com/channel/UCF-EktpAclL-5krISxgerDw,부쿠키,148000,2022-01-06,,2026-10-06 19:54:02,(짧뱅) 일하면서 방송 ❄️,bukuki_,https://cafe.naver.com/bukuki00,mysmallvtuber.net,2026-10-06T11:27:37Z
hGqr39RUqCH5VQcWnQpg,부쿠키,,chzzk,f2fd35b4bce38e375cd77b6a6904b4a4,https://chzzk.naver.com/f2fd35b4bce38e375cd77b6a6904b4a4,부쿠키,73526,2022-01-06,,2026-10-06 19:54:02,(짧뱅) 일하면서 방송 ❄️,bukuki_,https://cafe.naver.com/bukuki00,mysmallvtuber.net,2026-10-06T11:27:37Z
DPm3Hjm6L8h79rTFvLVg,집배원 도리,,youtube,UCZpuxBS6OjIXPpn7505x-1A,https://www.youtube.com/channel/UCZpuxBS6OjIXPpn7505x-1A,도리 영상 보관소 (임시 운영),452,2024-02-25,,2026-10-06 19:56:03,오목GPT에게 도움요청!,dori_DR52,https://cafe.naver.com/zzigzzag,mysmallvtuber.net,2026-10-06T11:27:37Z
DPm3Hjm6L8h79rTFvLVg,집배원 도리,,chzzk,7a7726e1c6eb40c7ef2f215718f24a95,https://chzzk.naver.com/7a7726e1c6eb40c7ef2f215718f24a95,집배원 도리,1070,2024-02-25,,2026-10-06 19:56:03,오목GPT에게 도움요청!,dori_DR52,https://cafe.naver.com/zzigzzag,mysmallvtuber.net,2026-10-06T11:27:37Z
b995npNhLFbAfsh2xKsN,루멘시,,youtube,UCa3f-95rS3aclqfjQsbFMQw,https://www.youtube.com/channel/UCa3f-95rS3aclqfjQsbFMQw,루멘시 Rumency,20900,2023-10-31,,2026-10-06 19:48:02,🦋 영도데이ON! #작업수다방,MencyRu_Star,https://cafe.naver.com/wantproject,mysmallvtuber.net,2026-10-06T11:27:37Z
b995npNhLFbAfsh2xKsN,루멘시,,chzzk,5e4533b7452d6b9ed7ccfd6d2aa628c6,https://chzzk.naver.com/5e4533b7452d6b9ed7ccfd6d2aa628c6,루멘시,2299,2023-10-31,,2026-10-06 19:48:02,🦋 영도데이ON! #작업수다방,MencyRu_Star,https://cafe.naver.com/wantproject,mysmallvtuber.net,2026-10-06T11:27:37Z
nQ5xVeVzn9h5Lzg6BCq2,건망고,,youtube,UCiR6XnLs77P7YMVNLcO2F3w,https://www.youtube.com/channel/UCiR6XnLs77P7YMVNLcO2F3w,뮤망고 : MUSIC MANGO,429,2022-10-03,,2026-10-06 19:55:03,생각없이 방송키기 2일차,GunMango_Vtuber,https://cafe.naver.com/gunmango,mysmallvtuber.net,2026-10-06T11:27:37Z
nQ5xVeVzn9h5Lzg6BCq2,건망고,,youtube,UCeS4HjwowQTRSHeMi8igkHg,https://www.youtube.com/channel/UCeS4HjwowQTRSHeMi8igkHg,건망고 방송 아카이브,859,2022-10-03,,2026-10-06 19:55:03,생각없이 방송키기 2일차,GunMango_Vtuber,https://cafe.naver.com/gunmango,mysmallvtuber.net,2026-10-06T11:27:37Z
nQ5xVeVzn9h5Lzg6BCq2,건망고,,chzzk,b134c6981709fdb7c9e8c52f42c48d4b,https://chzzk.naver.com/b134c6981709fdb7c9e8c52f42c48d4b,건망고,3233,2022-10-03,,2026-10-06 19:55:03,생각없이 방송키기 2일차,GunMango_Vtuber,https://cafe.naver.com/gunmango,mysmallvtuber.net,2026-10-06T11:27:37Z
xKTMEM8erktCG2MAuxAq,양아지,,youtube,UCmMxEFwIOMGGoThkmtZZOvQ,https://www.youtube.com/channel/UCmMxEFwIOMGGoThkmtZZOvQ,양아지,611000,2017-12-22,,2026-10-06 19:52:02,온 세상이 야하 우나다 ૮ ・ﻌ・ა,dkwl025,https://cafe.naver.com/azi025,mysmallvtuber.net,2026-10-06T11:27:37Z
xKTMEM8erktCG2MAuxAq,양아지,,youtube,UCCkqBZa0JUbaYUu4TWyvsNw,https://www.youtube.com/channel/UCCkqBZa0JUbaYUu4TWyvsNw,양아지 다시보기,62800,2017-12-22,,2026-10-06 19:52:02,온 세상이 야하 우나다 ૮ ・ﻌ・ა,dkwl025,https://cafe.naver.com/azi025,mysmallvtuber.net,2026-10-06T11:27:37Z
xKTMEM8erktCG2MAuxAq,양아지,,chzzk,3e825479d71ead63b76de0d6f6b5dc83,https://chzzk.naver.com/3e825479d71ead63b76de0d6f6b5dc83,양아지,133907,2017-12-22,,2026-10-06 19:52:02,온 세상이 야하 우나다 ૮ ・ﻌ・ა,dkwl025,https://cafe.naver.com/azi025,mysmallvtuber.net,2026-10-06T11:27:37Z
JCcZDNQSrXanm9wvzT9H,남궁루리 NGRULI,NGRULI,youtube,UCs-W8iIzS3M-jCShcfQmLvg,https://www.youtube.com/channel/UCs-W8iIzS3M-jCShcfQmLvg,남궁루리,9000,2022-11-30,,2026-10-06 19:50:04,[6화] 아직 한발 남았다 🇰🇷 l 컨트롤: 레조넌트,,https://cafe.naver.com/ngruli,mysmallvtuber.net,2026-10-06T11:27:37Z
JCcZDNQSrXanm9wvzT9H,남궁루리 NGRULI,NGRULI,chzzk,5f7890a846ee8f4648dbb35f98dbe41c,https://chzzk.naver.com/5f7890a846ee8f4648dbb35f98dbe41c,남궁루리 NGRULI,10445,2022-11-30,,2026-10-06 19:50:04,[6화] 아직 한발 남았다 🇰🇷 l 컨트롤: 레조넌트,,https://cafe.naver.com/ngruli,mysmallvtuber.net,2026-10-06T11:27:37Z
WSxQ4ASWG2XJQkdB6Np6,하링!,,youtube,UCpyK3baOUfbktdj_zymOwZQ,https://www.youtube.com/channel/UCpyK3baOUfbktdj_zymOwZQ,하링!,1780,2023-09-09,,2026-10-06 19:53:03,냉동감쟈 와땨! 다들 감기 조심해! 그냥서버 💛33/330(11연) [사컴],haring_ruming,https://cafe.naver.com/ringming,mysmallvtuber.net,2026-10-06T11:27:37Z
WSxQ4ASWG2XJQkdB6Np6,하링!,,youtube,UCx4Jqhhl7tNsLyyalT9GDKw,https://www.youtube.com/channel/UCx4Jqhhl7tNsLyyalT9GDKw,하루네 다시보기,185,2023-09-09,,2026-10-06 19:53:03,냉동감쟈 와땨! 다들 감기 조심해! 그냥서버 💛33/330(11연) [사컴],haring_ruming,https://cafe.naver.com/ringming,mysmallvtuber.net,2026-10-06T11:27:37Z
WSxQ4ASWG2XJQkdB6Np6,하링!,,soop,ruringruming,https://ch.sooplive.co.kr/ruringruming,하링!,3387,2023-09-09,,2026-10-06 19:53:03,냉동감쟈 와땨! 다들 감기 조심해! 그냥서버 💛33/330(11연) [사컴],haring_ruming,https://cafe.naver.com/ringming,mysmallvtuber.net,2026-10-06T11:27:37Z
bdXjKsZtpJqCF8eaFTrf,따리DDARY,DDARY,youtube,UCvk7-niWI5cJBRzWBgAoyfw,https://www.youtube.com/channel/UCvk7-niWI5cJBRzWBgAoyfw,따리,77,2025-03-15,,2026-10-06 19:51:03,오래오래 자고 온 상인,ddary_bbo,https://cafe.naver.com/fotionclass,mysmallvtuber.net,2026-10-06T11:27:37Z
bdXjKsZtpJqCF8eaFTrf,따리DDARY,DDARY,youtube,UCZ4q8qifjC4isbyrj5Xxi8g,https://www.youtube.com/channel/UCZ4q8qifjC4isbyrj5Xxi8g,따리를 다시봐요,33,2025-03-15,,2026-10-06 19:51:03,오래오래 자고 온 상인,ddary_bbo,https://cafe.naver.com/fotionclass,mysmallvtuber.net,2026-10-06T11:27:37Z
bdXjKsZtpJqCF8eaFTrf,따리DDARY,DDARY,chzzk,0d97f92e538f91caacdeea24ee3dd340,https://chzzk.naver.com/0d97f92e538f91caacdeea24ee3dd340,따리DDARY,806,2025-03-15,,2026-10-06 19:51:03,오래오래 자고 온 상인,ddary_bbo,https://cafe.naver.com/fotionclass,mysmallvtuber.net,2026-10-06T11:27:37Z
pExAZERmdQT2fnkurXZc,양메이,,youtube,UCJGXPBjwQOvv4su8hB7TiuQ,https://www.youtube.com/channel/UCJGXPBjwQOvv4su8hB7TiuQ,양메이 Yangmei,10000,2022-11-13,,2026-10-06 19:50:04,으아아아아 살아왔다아아아,yangmei1126,https://cafe.naver.com/s2dia,mysmallvtuber.net,2026-10-06T11:27:37Z
pExAZERmdQT2fnkurXZc,양메이,,chzzk,f1869f490ddd660c420b2f57c649e6bb,https://chzzk.naver.com/f1869f490ddd660c420b2f57c649e6bb,양메이,8692,2022-11-13,,2026-10-06 19:50:04,으아아아아 살아왔다아아아,yangmei1126,https://cafe.naver.com/s2dia,mysmallvtuber.net,2026-10-06T11:27:37Z
2HMFFXtQhP3vbLDmGbM4,까룽 KARUNG,KARUNG,youtube,UCX1sPxHo0ek2Tq56U08lJDA,https://www.youtube.com/channel/UCX1sPxHo0ek2Tq56U08lJDA,까룽 Karung / KR VTUBER Ch.,1280,2024-08-04,,2026-10-06 19:56:03,몸살기운도는 워독스,Karung_VTB,,mysmallvtuber.net,2026-10-06T11:27:37Z
2HMFFXtQhP3vbLDmGbM4,까룽 KARUNG,KARUNG,chzzk,d1c8d9fd2b0bfe5582dd81b25457bacc,https://chzzk.naver.com/d1c8d9fd2b0bfe5582dd81b25457bacc,까룽 KARUNG,1458,2024-08-04,,2026-10-06 19:56:03,몸살기운도는 워독스,Karung_VTB,,mysmallvtuber.net,2026-10-06T11:27:37Z
MXA4ksB24tgNRktpTuMG,김렝지,,youtube,UCK_d8SntGnKHn4z95BPL2AQ,https://www.youtube.com/channel/UCK_d8SntGnKHn4z95BPL2AQ,렝지,8260,,,2026-10-06 19:54:02,다들 하이하잏아ㅣㅎ이!!!,,https://cafe.naver.com/lenzi1215,mysmallvtuber.net,2026-10-06T11:27:37Z
MXA4ksB24tgNRktpTuMG,김렝지,,youtube,UCOEgM1l_UwozNkt0PMD1zRQ,https://www.youtube.com/channel/UCOEgM1l_UwozNkt0PMD1zRQ,렝지 다시보기,4140,,,2026-10-06 19:54:02,다들 하이하잏아ㅣㅎ이!!!,,https://cafe.naver.com/lenzi1215,mysmallvtuber.net,2026-10-06T11:27:37Z
MXA4ksB24tgNRktpTuMG,김렝지,,chzzk,c59080612c2f5778a02b7bc680e160e9,https://chzzk.naver.com/c59080612c2f5778a02b7bc680e160e9,김렝지,6850,,,2026-10-06 19:54:02,다들 하이하잏아ㅣㅎ이!!!,,https://cafe.naver.com/lenzi1215,mysmallvtuber.net,2026-10-06T11:27:37Z
e9ZQ7cpYrNzaYTC2nEwK,모치즈키 카에데,,youtube,UCqhPc90p1J0o_GfEhhQhlbA,https://www.youtube.com/channel/UCqhPc90p1J0o_GfEhhQhlbA,모치즈키 카에데(望月 楓),69200,2025-03-29,,2026-10-06 19:50:04,화요일의 모치가왓서잉 봉누도 가티보자(ง ᵕᴗᵕ)ว,,https://cafe.naver.com/ytmunnik,mysmallvtuber.net,2026-10-06T11:27:37Z
e9ZQ7cpYrNzaYTC2nEwK,모치즈키 카에데,,youtube,UCAHKlSGCcaADn6EMRqL8edw,https://www.youtube.com/channel/UCAHKlSGCcaADn6EMRqL8edw,카에데 다시보기,4240,2025-03-29,,2026-10-06 19:50:04,화요일의 모치가왓서잉 봉누도 가티보자(ง ᵕᴗᵕ)ว,,https://cafe.naver.com/ytmunnik,mysmallvtuber.net,2026-10-06T11:27:37Z
e9ZQ7cpYrNzaYTC2nEwK,모치즈키 카에데,,chzzk,4885cc52d10d534564057267b8e380be,https://chzzk.naver.com/4885cc52d10d534564057267b8e380be,모치즈키 카에데,48548,2025-03-29,,2026-10-06 19:50:04,화요일의 모치가왓서잉 봉누도 가티보자(ง ᵕᴗᵕ)ว,,https://cafe.naver.com/ytmunnik,mysmallvtuber.net,2026-10-06T11:27:37Z
L4a6tZJpkTSJ9Gk9v2qU,최또,,youtube,UCg0MsIFxx5Ee392d9wSPZGA,https://www.youtube.com/channel/UCg0MsIFxx5Ee392d9wSPZGA,최또,8580,,,2026-10-06 19:49:02,SBO 좋아요 한번씩만 부탁드립니다! 근육통과 함께 연습으로 시작하는 하루..,,https://cafe.naver.com/choiagain,mysmallvtuber.net,2026-10-06T11:27:37Z
L4a6tZJpkTSJ9Gk9v2qU,최또,,youtube,UCBNjVwDqNQxk6KeD_g1kssA,https://www.youtube.com/channel/UCBNjVwDqNQxk6KeD_g1kssA,또 다시보기,291,,,2026-10-06 19:49:02,SBO 좋아요 한번씩만 부탁드립니다! 근육통과 함께 연습으로 시작하는 하루..,,https://cafe.naver.com/choiagain,mysmallvtuber.net,2026-10-06T11:27:37Z
L4a6tZJpkTSJ9Gk9v2qU,최또,,soop,choiagain,https://ch.sooplive.co.kr/choiagain,최또,15998,,,2026-10-06 19:49:02,SBO 좋아요 한번씩만 부탁드립니다! 근육통과 함께 연습으로 시작하는 하루..,,https://cafe.naver.com/choiagain,mysmallvtuber.net,2026-10-06T11:27:37Z
BY2M9mkNeXzgZJhshSxJ,이큐 EQue,EQue,youtube,UCHOkiJyBi_bKIm7hHWZm9lQ,https://www.youtube.com/channel/UCHOkiJyBi_bKIm7hHWZm9lQ,이큐 E. Que Ch. Virtual Hertz,4240,2022-02-12,,2026-10-06 19:49:02,강제로 문따고 들어온 시청자 집에서 2일째 거주 중 ♥️,VHZ_EQue,https://cafe.naver.com/virtualhertz,mysmallvtuber.net,2026-10-06T11:27:37Z
BY2M9mkNeXzgZJhshSxJ,이큐 EQue,EQue,youtube,UCkhfMOkFz1AEKyvZwqzvQNQ,https://www.youtube.com/channel/UCkhfMOkFz1AEKyvZwqzvQNQ,이큐 E Que 다시보기 Ch. Virtual Hertz,801,2022-02-12,,2026-10-06 19:49:02,강제로 문따고 들어온 시청자 집에서 2일째 거주 중 ♥️,VHZ_EQue,https://cafe.naver.com/virtualhertz,mysmallvtuber.net,2026-10-06T11:27:37Z
BY2M9mkNeXzgZJhshSxJ,이큐 EQue,EQue,chzzk,74a2d3bb7aa1b0503e21bf58e61bfcc1,https://chzzk.naver.com/74a2d3bb7aa1b0503e21bf58e61bfcc1,이큐 EQue,4345,2022-02-12,,2026-10-06 19:49:02,강제로 문따고 들어온 시청자 집에서 2일째 거주 중 ♥️,VHZ_EQue,https://cafe.naver.com/virtualhertz,mysmallvtuber.net,2026-10-06T11:27:37Z
RC7awq6DRZn9W5srgmJv,남다늘,,youtube,UCSYri_aFcQcL-gD_7FhKxvQ,https://www.youtube.com/channel/UCSYri_aFcQcL-gD_7FhKxvQ,남다늘 풀-생방송다시보기채널,239,,,2026-10-06 19:48:02,🤪파판7리버스 스토리 조금 더 많이 진행하려고 조금 일찍 ON🤪,daneol__,https://cafe.naver.com/namdaneol,mysmallvtuber.net,2026-10-06T11:27:37Z
RC7awq6DRZn9W5srgmJv,남다늘,,chzzk,1218d91de2df4a7f6416a7c986418ba5,https://chzzk.naver.com/1218d91de2df4a7f6416a7c986418ba5,남다늘,737,,,2026-10-06 19:48:02,🤪파판7리버스 스토리 조금 더 많이 진행하려고 조금 일찍 ON🤪,daneol__,https://cafe.naver.com/namdaneol,mysmallvtuber.net,2026-10-06T11:27:37Z
PtBUBM9ktAHqft8Ft8WB,리마 파트로나,,youtube,UC0_l5EmFAJnEz3KfArXnFAQ,https://www.youtube.com/channel/UC0_l5EmFAJnEz3KfArXnFAQ,리마 파트로나,2640,2022-01-09,,2026-10-06 19:54:02,🐰오늘부터 지갑을 묶는다!! 옷부터 사구.. (목표: 팔로우 올리기) 🐰₍ᐢ › ༝ ‹ ᐢ₎ !,rima_patrona,https://discord.gg/Gc4h7D5j8T,mysmallvtuber.net,2026-10-06T11:27:37Z
PtBUBM9ktAHqft8Ft8WB,리마 파트로나,,youtube,UCactal0XJKAbuA1L0tGgoKQ,https://www.youtube.com/channel/UCactal0XJKAbuA1L0tGgoKQ,리마의 큰 공방,505,2022-01-09,,2026-10-06 19:54:02,🐰오늘부터 지갑을 묶는다!! 옷부터 사구.. (목표: 팔로우 올리기) 🐰₍ᐢ › ༝ ‹ ᐢ₎ !,rima_patrona,https://discord.gg/Gc4h7D5j8T,mysmallvtuber.net,2026-10-06T11:27:37Z
PtBUBM9ktAHqft8Ft8WB,리마 파트로나,,chzzk,0f8dd536173906358d479d641bc3bca3,https://chzzk.naver.com/0f8dd536173906358d479d641bc3bca3,리마 파트로나,2881,2022-01-09,,2026-10-06 19:54:02,🐰오늘부터 지갑을 묶는다!! 옷부터 사구.. (목표: 팔로우 올리기) 🐰₍ᐢ › ༝ ‹ ᐢ₎ !,rima_patrona,https://discord.gg/Gc4h7D5j8T,mysmallvtuber.net,2026-10-06T11:27:37Z
ddoEo4tLV4UhkFQTlwLp,모라라,,youtube,UC6lwxDgyh4pJyzoRBBrtcfQ,https://www.youtube.com/channel/UC6lwxDgyh4pJyzoRBBrtcfQ,모라라 MUSIC,4020,2022-02-12,,2026-10-06 19:48:02,카페출근을해야될것같다고..  💗🐟,Molala_Moonfish,https://cafe.naver.com/molala/,mysmallvtuber.net,2026-10-06T11:27:37Z
ddoEo4tLV4UhkFQTlwLp,모라라,,youtube,UCprVCScw22D3qY-K0OX48xA,https://www.youtube.com/channel/UCprVCScw22D3qY-K0OX48xA,모라라 다시보기,3140,2022-02-12,,2026-10-06 19:48:02,카페출근을해야될것같다고..  💗🐟,Molala_Moonfish,https://cafe.naver.com/molala/,mysmallvtuber.net,2026-10-06T11:27:37Z
ddoEo4tLV4UhkFQTlwLp,모라라,,chzzk,6bd0bb97d31365e7834d8113bb01d889,https://chzzk.naver.com/6bd0bb97d31365e7834d8113bb01d889,모라라,66605,2022-02-12,,2026-10-06 19:48:02,카페출근을해야될것같다고..  💗🐟,Molala_Moonfish,https://cafe.naver.com/molala/,mysmallvtuber.net,2026-10-06T11:27:37Z
RYnb8LPnfUp5ZUqpmVO3,퀸슈아,,youtube,UCzJBAM84jcC15C2ZTleGsNg,https://www.youtube.com/channel/UCzJBAM84jcC15C2ZTleGsNg,퀸슈아 ShuA,5270,2022-06-18,,2026-10-06 19:55:03,여왕이 돌아왔다!!!!!!!!!!!!!!!!!!!!!!!!!!!!,shua_queen,https://cafe.naver.com/queenshua,mysmallvtuber.net,2026-10-06T11:27:37Z
RYnb8LPnfUp5ZUqpmVO3,퀸슈아,,youtube,UCFK6pwtQlHNg-i_mW-EawmQ,https://www.youtube.com/channel/UCFK6pwtQlHNg-i_mW-EawmQ,퀸슈아 긴슈아,1140,2022-06-18,,2026-10-06 19:55:03,여왕이 돌아왔다!!!!!!!!!!!!!!!!!!!!!!!!!!!!,shua_queen,https://cafe.naver.com/queenshua,mysmallvtuber.net,2026-10-06T11:27:37Z
RYnb8LPnfUp5ZUqpmVO3,퀸슈아,,chzzk,00b3e3351b84827c73d78caba23fa238,https://chzzk.naver.com/00b3e3351b84827c73d78caba23fa238,퀸슈아,6333,2022-06-18,,2026-10-06 19:55:03,여왕이 돌아왔다!!!!!!!!!!!!!!!!!!!!!!!!!!!!,shua_queen,https://cafe.naver.com/queenshua,mysmallvtuber.net,2026-10-06T11:27:37Z
YSWnhqgVNtjPnPHmmnTz,미니멜로,,youtube,UC8vRXCc8WyRfJijmMrbEgMQ,https://www.youtube.com/channel/UC8vRXCc8WyRfJijmMrbEgMQ,미니멜로,19500,2025-02-14,,2026-10-06 19:50:04,두근두근🍓,luyminy,https://cafe.naver.com/minimallow,mysmallvtuber.net,2026-10-06T11:27:37Z
YSWnhqgVNtjPnPHmmnTz,미니멜로,,youtube,UCR88yyw5P5sgUJOw_ZDln6g,https://www.youtube.com/channel/UCR88yyw5P5sgUJOw_ZDln6g,미니멜로 도서관,23600,2025-02-14,,2026-10-06 19:50:04,두근두근🍓,luyminy,https://cafe.naver.com/minimallow,mysmallvtuber.net,2026-10-06T11:27:37Z
YSWnhqgVNtjPnPHmmnTz,미니멜로,,chzzk,e4b12ad6a22d3e8d1dd8a79522cca667,https://chzzk.naver.com/e4b12ad6a22d3e8d1dd8a79522cca667,미니멜로,19372,2025-02-14,,2026-10-06 19:50:04,두근두근🍓,luyminy,https://cafe.naver.com/minimallow,mysmallvtuber.net,2026-10-06T11:27:37Z
zhAFAQ4W6YpbnQWXIDEE,묭 이,,youtube,UChQuOTY4qlCHvfHRqDR9P9A,https://www.youtube.com/channel/UChQuOTY4qlCHvfHRqDR9P9A,묭 Myong,65300,2018-07-02,,2026-10-06 19:56:03,와 방제 머하지,Twitch_Myong,https://cafe.naver.com/myongmawang,mysmallvtuber.net,2026-10-06T11:27:37Z
zhAFAQ4W6YpbnQWXIDEE,묭 이,,youtube,UCOXUABsJBGqm8DaqqRCmOxg,https://www.youtube.com/channel/UCOXUABsJBGqm8DaqqRCmOxg,묭 다시보기 채널,1170,2018-07-02,,2026-10-06 19:56:03,와 방제 머하지,Twitch_Myong,https://cafe.naver.com/myongmawang,mysmallvtuber.net,2026-10-06T11:27:37Z
zhAFAQ4W6YpbnQWXIDEE,묭 이,,chzzk,58bb93cf187737941c1a84cace6a86c4,https://chzzk.naver.com/58bb93cf187737941c1a84cace6a86c4,묭 이,22631,2018-07-02,,2026-10-06 19:56:03,와 방제 머하지,Twitch_Myong,https://cafe.naver.com/myongmawang,mysmallvtuber.net,2026-10-06T11:27:37Z
E6wWQDsF2dUAdTkfjsgf,홍세비,,youtube,UCj1kn1PezctpLcoRUaVhYIA,https://www.youtube.com/channel/UCj1kn1PezctpLcoRUaVhYIA,홍세비,492,2022-03-05,,2026-10-06 19:53:03,버블생산이벤트다했습니까?저는식양부족으로손도못...더보기,Hong_Sebi_,https://cafe.naver.com/hongsebi,mysmallvtuber.net,2026-10-06T11:27:37Z
E6wWQDsF2dUAdTkfjsgf,홍세비,,youtube,UC12FEJavRqOWVPvkzGhuvVw,https://www.youtube.com/channel/UC12FEJavRqOWVPvkzGhuvVw,홍세비 다시보기,376,2022-03-05,,2026-10-06 19:53:03,버블생산이벤트다했습니까?저는식양부족으로손도못...더보기,Hong_Sebi_,https://cafe.naver.com/hongsebi,mysmallvtuber.net,2026-10-06T11:27:37Z
E6wWQDsF2dUAdTkfjsgf,홍세비,,chzzk,34d8c6707022b00e68b96437c5f8b4b9,https://chzzk.naver.com/34d8c6707022b00e68b96437c5f8b4b9,홍세비,1586,2022-03-05,,2026-10-06 19:53:03,버블생산이벤트다했습니까?저는식양부족으로손도못...더보기,Hong_Sebi_,https://cafe.naver.com/hongsebi,mysmallvtuber.net,2026-10-06T11:27:37Z
3YdBXhzpE9seUcBaZSz6,온 하루,,youtube,UCbV3v6HJkXwMXOQw0PcnV7Q,https://www.youtube.com/channel/UCbV3v6HJkXwMXOQw0PcnV7Q,온하루 OnHaru,3570,2025-02-22,,2026-10-06 19:57:02,근육통 때무네 죽겠다..,otw_haru,https://cafe.naver.com/otwoffical,mysmallvtuber.net,2026-10-06T11:27:37Z
3YdBXhzpE9seUcBaZSz6,온 하루,,youtube,UChKwH5bw8WPxCeiXWa0Ny8A,https://www.youtube.com/channel/UChKwH5bw8WPxCeiXWa0Ny8A,오프 하루,1030,2025-02-22,,2026-10-06 19:57:02,근육통 때무네 죽겠다..,otw_haru,https://cafe.naver.com/otwoffical,mysmallvtuber.net,2026-10-06T11:27:37Z
3YdBXhzpE9seUcBaZSz6,온 하루,,chzzk,0f61ae00c2aef2b789dc009e51cbcc5a,https://chzzk.naver.com/0f61ae00c2aef2b789dc009e51cbcc5a,온 하루,10630,2025-02-22,,2026-10-06 19:57:02,근육통 때무네 죽겠다..,otw_haru,https://cafe.naver.com/otwoffical,mysmallvtuber.net,2026-10-06T11:27:37Z
GegaXudeVGYeFQU2kBVv,무라사키 치즈루,,youtube,UC4-Ah0VeC73KMvX1dEcIEMg,https://www.youtube.com/channel/UC4-Ah0VeC73KMvX1dEcIEMg,무라사키치즈루 Chizuru Murasaki,5810,2022-10-21,,2026-10-06 19:56:03,아내를 만나러 왔다 신지,ChizuruMurasaki,https://cafe.naver.com/murasakichizuru,mysmallvtuber.net,2026-10-06T11:27:37Z
GegaXudeVGYeFQU2kBVv,무라사키 치즈루,,youtube,UC1wsX_L5nUcHlquohkWTrmA,https://www.youtube.com/channel/UC1wsX_L5nUcHlquohkWTrmA,치즈루 archive,676,2022-10-21,,2026-10-06 19:56:03,아내를 만나러 왔다 신지,ChizuruMurasaki,https://cafe.naver.com/murasakichizuru,mysmallvtuber.net,2026-10-06T11:27:37Z
GegaXudeVGYeFQU2kBVv,무라사키 치즈루,,chzzk,2229be25fd4122083a8f93daf2a55d26,https://chzzk.naver.com/2229be25fd4122083a8f93daf2a55d26,무라사키 치즈루,3888,2022-10-21,,2026-10-06 19:56:03,아내를 만나러 왔다 신지,ChizuruMurasaki,https://cafe.naver.com/murasakichizuru,mysmallvtuber.net,2026-10-06T11:27:37Z
Njsq2yF3EL8VVrCEtuYk,도도리코 dodorico,dodorico,youtube,UC4EfkI7T4smGh8c2TS_bzLQ,https://www.youtube.com/channel/UC4EfkI7T4smGh8c2TS_bzLQ,도도리코(dodorico),6210,2023-06-24,,2026-10-06 19:48:02,[드롭스] 애니모 천휘 나이트스타 키우기,dodori_20,https://cafe.naver.com/ddorico,mysmallvtuber.net,2026-10-06T11:27:37Z
Njsq2yF3EL8VVrCEtuYk,도도리코 dodorico,dodorico,youtube,UCdrtZlVsaZFzgp9K1oHdGIA,https://www.youtube.com/channel/UCdrtZlVsaZFzgp9K1oHdGIA,도도리코 서브컬쳐,1550,2023-06-24,,2026-10-06 19:48:02,[드롭스] 애니모 천휘 나이트스타 키우기,dodori_20,https://cafe.naver.com/ddorico,mysmallvtuber.net,2026-10-06T11:27:37Z
Njsq2yF3EL8VVrCEtuYk,도도리코 dodorico,dodorico,chzzk,d676df6bcb09c553c26a2e2b92542fd6,https://chzzk.naver.com/d676df6bcb09c553c26a2e2b92542fd6,도도리코 dodorico,6956,2023-06-24,,2026-10-06 19:48:02,[드롭스] 애니모 천휘 나이트스타 키우기,dodori_20,https://cafe.naver.com/ddorico,mysmallvtuber.net,2026-10-06T11:27:37Z
aKGvaLHbGP392p8Vgpzs,하루나 코이,,youtube,UC8mc-pkrunhC78hAaR6CX_A,https://www.youtube.com/channel/UC8mc-pkrunhC78hAaR6CX_A,하루나 코이VTuber,2250,,,2026-10-06 19:51:03,항상 화요일은 무료 노래뱅 🎵 (노래신청은 고정댓글!),1koi_9,https://cafe.naver.com/koi1109,mysmallvtuber.net,2026-10-06T11:27:37Z
aKGvaLHbGP392p8Vgpzs,하루나 코이,,chzzk,f1788ecebeeb3384d87c9bdbac9517e3,https://chzzk.naver.com/f1788ecebeeb3384d87c9bdbac9517e3,하루나 코이,1652,,,2026-10-06 19:51:03,항상 화요일은 무료 노래뱅 🎵 (노래신청은 고정댓글!),1koi_9,https://cafe.naver.com/koi1109,mysmallvtuber.net,2026-10-06T11:27:37Z
QxcKYkDtyc87jC2dadQM,스타으앙코,,youtube,UCXwxNXzs5c0LCGVCtznX9Aw,https://www.youtube.com/channel/UCXwxNXzs5c0LCGVCtznX9Aw,스타으앙코 / Staruanko,2230,,,2026-10-06 19:57:02,[미확인으앙코 신고기간] 뭐야 휴방인데 왜 왔어 바보 오늘은 거던돌고 컷편집 할거니까 그런줄알아 흥,Staruanko,https://cafe.naver.com/staruanko,mysmallvtuber.net,2026-10-06T11:27:37Z
QxcKYkDtyc87jC2dadQM,스타으앙코,,youtube,UChNqPDvaZ9R5_xpcmLYsBKw,https://www.youtube.com/channel/UChNqPDvaZ9R5_xpcmLYsBKw,으앙코의 왹카이브,695,,,2026-10-06 19:57:02,[미확인으앙코 신고기간] 뭐야 휴방인데 왜 왔어 바보 오늘은 거던돌고 컷편집 할거니까 그런줄알아 흥,Staruanko,https://cafe.naver.com/staruanko,mysmallvtuber.net,2026-10-06T11:27:37Z
QxcKYkDtyc87jC2dadQM,스타으앙코,,chzzk,2d27c050d8db708af8b54c9d128d2278,https://chzzk.naver.com/2d27c050d8db708af8b54c9d128d2278,스타으앙코,2383,,,2026-10-06 19:57:02,[미확인으앙코 신고기간] 뭐야 휴방인데 왜 왔어 바보 오늘은 거던돌고 컷편집 할거니까 그런줄알아 흥,Staruanko,https://cafe.naver.com/staruanko,mysmallvtuber.net,2026-10-06T11:27:37Z
cKJATxPGnyJNSzcYKueW,마롱 Marong,Marong,youtube,UCtLxqTQZtQh7m2201yHdQtA,https://www.youtube.com/channel/UCtLxqTQZtQh7m2201yHdQtA,마롱 Marong,13900,2021-07-09,,2026-10-06 19:52:02,신지쿤 에바니 노리나사이. 에바니. [ 에반게리온 같이보기 ],Marong_vtuber,https://cafe.naver.com/marong29nest,mysmallvtuber.net,2026-10-06T11:27:37Z
cKJATxPGnyJNSzcYKueW,마롱 Marong,Marong,chzzk,21030ee8202e8e99785651805fe97212,https://chzzk.naver.com/21030ee8202e8e99785651805fe97212,마롱 Marong,3834,2021-07-09,,2026-10-06 19:52:02,신지쿤 에바니 노리나사이. 에바니. [ 에반게리온 같이보기 ],Marong_vtuber,https://cafe.naver.com/marong29nest,mysmallvtuber.net,2026-10-06T11:27:37Z
SMrSHBp8e3rTgGdTVp7X,도라대장,,youtube,UC8OwHlqauexxgY9X0iwh4zA,https://www.youtube.com/channel/UC8OwHlqauexxgY9X0iwh4zA,도라대장,13700,2020-03-10,,2026-10-06 19:57:02,놀아주시떼 ~!! 🐈,captain_dora,https://cafe.naver.com/captaindora,mysmallvtuber.net,2026-10-06T11:27:37Z
SMrSHBp8e3rTgGdTVp7X,도라대장,,youtube,UCWpVWZ-KgPf0LAby1uCmidw,https://www.youtube.com/channel/UCWpVWZ-KgPf0LAby1uCmidw,R.도라다시,1480,2020-03-10,,2026-10-06 19:57:02,놀아주시떼 ~!! 🐈,captain_dora,https://cafe.naver.com/captaindora,mysmallvtuber.net,2026-10-06T11:27:37Z
SMrSHBp8e3rTgGdTVp7X,도라대장,,chzzk,934945011c0ed0da3ed719a349d3ba66,https://chzzk.naver.com/934945011c0ed0da3ed719a349d3ba66,도라대장,10494,2020-03-10,,2026-10-06 19:57:02,놀아주시떼 ~!! 🐈,captain_dora,https://cafe.naver.com/captaindora,mysmallvtuber.net,2026-10-06T11:27:37Z
EKceBTR9REENQxZzEQNa,그리움 Rium,Rium,youtube,UC0G4ooOJ636-N9xUuondrag,https://www.youtube.com/channel/UC0G4ooOJ636-N9xUuondrag,그리움 / Rium,1540,2025-02-22,,2026-10-06 19:56:03,리움 | 리버스: 1999 『리버스 글 읽고 스토리~』,geurium_,https://cafe.naver.com/therium,mysmallvtuber.net,2026-10-06T11:27:37Z
EKceBTR9REENQxZzEQNa,그리움 Rium,Rium,youtube,UCHmDTcsP4epkXsHHdh1IbNQ,https://www.youtube.com/channel/UCHmDTcsP4epkXsHHdh1IbNQ,기록보관소 Rium Archive,1110,2025-02-22,,2026-10-06 19:56:03,리움 | 리버스: 1999 『리버스 글 읽고 스토리~』,geurium_,https://cafe.naver.com/therium,mysmallvtuber.net,2026-10-06T11:27:37Z
EKceBTR9REENQxZzEQNa,그리움 Rium,Rium,chzzk,d98f5b684efeed1b27ddac078e9634fb,https://chzzk.naver.com/d98f5b684efeed1b27ddac078e9634fb,그리움 Rium,2933,2025-02-22,,2026-10-06 19:56:03,리움 | 리버스: 1999 『리버스 글 읽고 스토리~』,geurium_,https://cafe.naver.com/therium,mysmallvtuber.net,2026-10-06T11:27:37Z
fxyJRhBFX8tRTQM4XsSq,벌꾸루,,youtube,UCTRd_p7s1jlFhRoxH-6877Q,https://www.youtube.com/channel/UCTRd_p7s1jlFhRoxH-6877Q,벌꾸루,1900,2026-02-25,,2026-10-06 19:48:02,유튜브로부터 노딱을 받았습니다.,,https://cafe.naver.com/kkultteokzip,mysmallvtuber.net,2026-10-06T11:27:37Z
fxyJRhBFX8tRTQM4XsSq,벌꾸루,,chzzk,a639227231fc64bcfa7490c3706a347a,https://chzzk.naver.com/a639227231fc64bcfa7490c3706a347a,벌꾸루,412,2026-02-25,,2026-10-06 19:48:02,유튜브로부터 노딱을 받았습니다.,,https://cafe.naver.com/kkultteokzip,mysmallvtuber.net,2026-10-06T11:27:37Z
sGXQw2kLSJ87ehUmbqGc,유채담,,youtube,UCcf2E9Y8cx3NzUGllI3DZJg,https://www.youtube.com/channel/UCcf2E9Y8cx3NzUGllI3DZJg,유채담,608,,,2026-10-06 19:52:02,((🎨)) 오늘 성세천하 끝낼 수 있을까,,https://cafe.naver.com/uvuchae,mysmallvtuber.net,2026-10-06T11:27:37Z
sGXQw2kLSJ87ehUmbqGc,유채담,,youtube,UC0I56xl0azDXUMT9cs1vFuw,https://www.youtube.com/channel/UC0I56xl0azDXUMT9cs1vFuw,유채담 다시보기,131,,,2026-10-06 19:52:02,((🎨)) 오늘 성세천하 끝낼 수 있을까,,https://cafe.naver.com/uvuchae,mysmallvtuber.net,2026-10-06T11:27:37Z
sGXQw2kLSJ87ehUmbqGc,유채담,,chzzk,c62b2462676b1d31f0219885c676fbb0,https://chzzk.naver.com/c62b2462676b1d31f0219885c676fbb0,유채담,770,,,2026-10-06 19:52:02,((🎨)) 오늘 성세천하 끝낼 수 있을까,,https://cafe.naver.com/uvuchae,mysmallvtuber.net,2026-10-06T11:27:37Z
BLXmj4CjVdNCFgmXNZVD,네링_,,youtube,UCv9anYV9oUDxz7iXVDJfRnQ,https://www.youtube.com/channel/UCv9anYV9oUDxz7iXVDJfRnQ,네링 Music Official,8330,2022-03-20,,2026-10-06 19:56:03,[메르헨],Nering_HR,https://cafe.naver.com/marchenfancafe,mysmallvtuber.net,2026-10-06T11:27:37Z
BLXmj4CjVdNCFgmXNZVD,네링_,,youtube,UCo38e_LMkt6czhFNrKZXaTg,https://www.youtube.com/channel/UCo38e_LMkt6czhFNrKZXaTg,링구링구,492,2022-03-20,,2026-10-06 19:56:03,[메르헨],Nering_HR,https://cafe.naver.com/marchenfancafe,mysmallvtuber.net,2026-10-06T11:27:37Z
BLXmj4CjVdNCFgmXNZVD,네링_,,soop,nering0117,https://ch.sooplive.co.kr/nering0117,네링_,4742,2022-03-20,,2026-10-06 19:56:03,[메르헨],Nering_HR,https://cafe.naver.com/marchenfancafe,mysmallvtuber.net,2026-10-06T11:27:37Z
pVJXmVUDnTV7q8SWTydj,윤이온,,youtube,UC9z6-GreqrH7h63-EvRiXcw,https://www.youtube.com/channel/UC9z6-GreqrH7h63-EvRiXcw,윤이온,973,2023-08-15,,2026-10-06 19:49:02,이온이가 왔다에욤! / 방셀 룰렛 가동 중,virtual_Yunion,,mysmallvtuber.net,2026-10-06T11:27:37Z
pVJXmVUDnTV7q8SWTydj,윤이온,,soop,yunion0227,https://ch.sooplive.co.kr/yunion0227,윤이온,1653,2023-08-15,,2026-10-06 19:49:02,이온이가 왔다에욤! / 방셀 룰렛 가동 중,virtual_Yunion,,mysmallvtuber.net,2026-10-06T11:27:37Z
AccvLf8W92QaLkCWAkTj,리유 Re You,Re You,youtube,UCey1FitZjMj2Qc7xm-MpTlQ,https://www.youtube.com/channel/UCey1FitZjMj2Qc7xm-MpTlQ,리유,33700,2024-03-23,,2026-10-06 19:49:02,୨୧ 충격! 인프피가 먹은 것은 사실! ୨୧,LIYU_S2,https://cafe.naver.com/artisons,mysmallvtuber.net,2026-10-06T11:27:37Z
AccvLf8W92QaLkCWAkTj,리유 Re You,Re You,youtube,UCqvmg2IdpZOc73x0Pts80Jw,https://www.youtube.com/channel/UCqvmg2IdpZOc73x0Pts80Jw,리유 다시보기,24800,2024-03-23,,2026-10-06 19:49:02,୨୧ 충격! 인프피가 먹은 것은 사실! ୨୧,LIYU_S2,https://cafe.naver.com/artisons,mysmallvtuber.net,2026-10-06T11:27:37Z
AccvLf8W92QaLkCWAkTj,리유 Re You,Re You,chzzk,dd0c8399708b2a4f183ecca14e7175c1,https://chzzk.naver.com/dd0c8399708b2a4f183ecca14e7175c1,리유 Re You,12186,2024-03-23,,2026-10-06 19:49:02,୨୧ 충격! 인프피가 먹은 것은 사실! ୨୧,LIYU_S2,https://cafe.naver.com/artisons,mysmallvtuber.net,2026-10-06T11:27:37Z
7m4zBEgK2pxRFHVGxtbN,타나베 하루,,youtube,UCdRm-CRseFgeDRQxuNDzmCA,https://www.youtube.com/channel/UCdRm-CRseFgeDRQxuNDzmCA,Tanabe Haru 타나베 하루,1320,2025-04-05,,2026-10-06 19:51:03,"콧물요정하루랑 죠죠 스틸볼런 2, 3화 가치봐요",Tanabeharu_,,mysmallvtuber.net,2026-10-06T11:27:37Z
7m4zBEgK2pxRFHVGxtbN,타나베 하루,,youtube,UC-6JoFYVHvb2Tm1Ky_hwhgw,https://www.youtube.com/channel/UC-6JoFYVHvb2Tm1Ky_hwhgw,냄비들고왔나베,67,2025-04-05,,2026-10-06 19:51:03,"콧물요정하루랑 죠죠 스틸볼런 2, 3화 가치봐요",Tanabeharu_,,mysmallvtuber.net,2026-10-06T11:27:37Z
7m4zBEgK2pxRFHVGxtbN,타나베 하루,,chzzk,7620bd58fe8202201943b50669a68764,https://chzzk.naver.com/7620bd58fe8202201943b50669a68764,타나베 하루,1476,2025-04-05,,2026-10-06 19:51:03,"콧물요정하루랑 죠죠 스틸볼런 2, 3화 가치봐요",Tanabeharu_,,mysmallvtuber.net,2026-10-06T11:27:37Z
6ws34eA3qcf5WGpCAMsH,아이샤 AISHA,AISHA,youtube,UCSwOP8NkNo_53426EDrBZFA,https://www.youtube.com/channel/UCSwOP8NkNo_53426EDrBZFA,아이샤 AISHA,2930,,,2026-10-06 19:54:02,안녕하세요,imaishaaa_,https://cafe.naver.com/aishabang,mysmallvtuber.net,2026-10-06T11:27:37Z
6ws34eA3qcf5WGpCAMsH,아이샤 AISHA,AISHA,youtube,UCabuIWqKFlOMFEJyjI7EbPA,https://www.youtube.com/channel/UCabuIWqKFlOMFEJyjI7EbPA,아이샤 AISHA 다시보기,221,,,2026-10-06 19:54:02,안녕하세요,imaishaaa_,https://cafe.naver.com/aishabang,mysmallvtuber.net,2026-10-06T11:27:37Z
6ws34eA3qcf5WGpCAMsH,아이샤 AISHA,AISHA,chzzk,2c749fa90d6281bf17bf4dd1a444fe7b,https://chzzk.naver.com/2c749fa90d6281bf17bf4dd1a444fe7b,아이샤 AISHA,2369,,,2026-10-06 19:54:02,안녕하세요,imaishaaa_,https://cafe.naver.com/aishabang,mysmallvtuber.net,2026-10-06T11:27:37Z
MJwp5KMkuztJZ8rKHvZZ,슈크림 CHOUX,CHOUX,youtube,UCKD9bWFvYeyJKX9RxO7HHpw,https://www.youtube.com/channel/UCKD9bWFvYeyJKX9RxO7HHpw,슈크림 CHOUCREAM,78,2025-12-28,,2026-10-06 19:49:02,에반게리온 태어나서 처음보는 뇌 ʕ๑• ﻌ •๑ʔ🍿,CHOUCREEEEM,https://cafe.naver.com/choucreeeem,mysmallvtuber.net,2026-10-06T11:27:37Z
MJwp5KMkuztJZ8rKHvZZ,슈크림 CHOUX,CHOUX,youtube,UC-G5fVQ5gqxsZKvCZcXCBoA,https://www.youtube.com/channel/UC-G5fVQ5gqxsZKvCZcXCBoA,슈크림 다시보기,17,2025-12-28,,2026-10-06 19:49:02,에반게리온 태어나서 처음보는 뇌 ʕ๑• ﻌ •๑ʔ🍿,CHOUCREEEEM,https://cafe.naver.com/choucreeeem,mysmallvtuber.net,2026-10-06T11:27:37Z
MJwp5KMkuztJZ8rKHvZZ,슈크림 CHOUX,CHOUX,chzzk,40008e6c620868f1b29d3627cd931ea1,https://chzzk.naver.com/40008e6c620868f1b29d3627cd931ea1,슈크림 CHOUX,718,2025-12-28,,2026-10-06 19:49:02,에반게리온 태어나서 처음보는 뇌 ʕ๑• ﻌ •๑ʔ🍿,CHOUCREEEEM,https://cafe.naver.com/choucreeeem,mysmallvtuber.net,2026-10-06T11:27:37Z
6YpGWwy2fCWXbZVUtvPh,이샤 ISHA,ISHA,youtube,UCjOHYSMHHenIR_rFaJTNtGA,https://www.youtube.com/channel/UCjOHYSMHHenIR_rFaJTNtGA,이샤,48900,2025-09-27,,2026-10-06 19:52:02,풀독오른사람,ishawaddo,,mysmallvtuber.net,2026-10-06T11:27:37Z
6YpGWwy2fCWXbZVUtvPh,이샤 ISHA,ISHA,chzzk,d9c00ea08106b660e26abcd730e7d796,https://chzzk.naver.com/d9c00ea08106b660e26abcd730e7d796,이샤 ISHA,47203,2025-09-27,,2026-10-06 19:52:02,풀독오른사람,ishawaddo,,mysmallvtuber.net,2026-10-06T11:27:37Z
nmbrz2NUBhGnTXCvndPz,니르 Niru,Niru,youtube,UCNBofPSLWBI-LNMMoy_ua2Q,https://www.youtube.com/channel/UCNBofPSLWBI-LNMMoy_ua2Q,니르,12900,2025-05-10,,2026-10-06 19:51:03,휴방인줄알았제?,status_niru,https://cafe.naver.com/statopen,mysmallvtuber.net,2026-10-06T11:27:37Z
nmbrz2NUBhGnTXCvndPz,니르 Niru,Niru,youtube,UCqDNVtDFIUJzeZSBO88QVsg,https://www.youtube.com/channel/UCqDNVtDFIUJzeZSBO88QVsg,니르 다시보기,953,2025-05-10,,2026-10-06 19:51:03,휴방인줄알았제?,status_niru,https://cafe.naver.com/statopen,mysmallvtuber.net,2026-10-06T11:27:37Z
nmbrz2NUBhGnTXCvndPz,니르 Niru,Niru,chzzk,e0b11eab54ad5ecf2306fdd2d7e4f5c2,https://chzzk.naver.com/e0b11eab54ad5ecf2306fdd2d7e4f5c2,니르 Niru,9102,2025-05-10,,2026-10-06 19:51:03,휴방인줄알았제?,status_niru,https://cafe.naver.com/statopen,mysmallvtuber.net,2026-10-06T11:27:37Z
5Cz3YkjcjDMRFwWL4L4m,밑줄,,youtube,UCjBPx2oip2bKnnfqKyas0ew,https://www.youtube.com/channel/UCjBPx2oip2bKnnfqKyas0ew,밑줄,23200,2023-02-23,,2026-10-06 19:50:04,긴빠이더맨의 봉누도2 클립보기,v_mitjul,https://cafe.naver.com/mitjjul,mysmallvtuber.net,2026-10-06T11:27:37Z
5Cz3YkjcjDMRFwWL4L4m,밑줄,,youtube,UCuHoTKqYB4CRNFg-xcG4UWQ,https://www.youtube.com/channel/UCuHoTKqYB4CRNFg-xcG4UWQ,긴밑줄,1880,2023-02-23,,2026-10-06 19:50:04,긴빠이더맨의 봉누도2 클립보기,v_mitjul,https://cafe.naver.com/mitjjul,mysmallvtuber.net,2026-10-06T11:27:37Z
5Cz3YkjcjDMRFwWL4L4m,밑줄,,chzzk,16fc49ff5ba7ec5d25a5a978cee3bdda,https://chzzk.naver.com/16fc49ff5ba7ec5d25a5a978cee3bdda,밑줄,17282,2023-02-23,,2026-10-06 19:50:04,긴빠이더맨의 봉누도2 클립보기,v_mitjul,https://cafe.naver.com/mitjjul,mysmallvtuber.net,2026-10-06T11:27:37Z
qXAjs5yPTAvZ3FBSGAw5,꿀유자,,youtube,UCTMZJ8lRXFlGTVuUlT4RepQ,https://www.youtube.com/channel/UCTMZJ8lRXFlGTVuUlT4RepQ,꿀유자,139,2019-09-11,,2026-10-06 19:48:02,그냥그냥그냥 (⑉• •⑉_)ෆ,Yu_Ja22,https://cafe.naver.com/yuja22,mysmallvtuber.net,2026-10-06T11:27:37Z
qXAjs5yPTAvZ3FBSGAw5,꿀유자,,youtube,UCteIwKwq_jFArWt0g-jC7nA,https://www.youtube.com/channel/UCteIwKwq_jFArWt0g-jC7nA,꿀유자 다시보기,18,2019-09-11,,2026-10-06 19:48:02,그냥그냥그냥 (⑉• •⑉_)ෆ,Yu_Ja22,https://cafe.naver.com/yuja22,mysmallvtuber.net,2026-10-06T11:27:37Z
qXAjs5yPTAvZ3FBSGAw5,꿀유자,,chzzk,f323f6d0c4308b33a49e985b91cc321e,https://chzzk.naver.com/f323f6d0c4308b33a49e985b91cc321e,꿀유자,2579,2019-09-11,,2026-10-06 19:48:02,그냥그냥그냥 (⑉• •⑉_)ෆ,Yu_Ja22,https://cafe.naver.com/yuja22,mysmallvtuber.net,2026-10-06T11:27:37Z
ZY67bEudcM3LGTLdnEPv,시롤 SYROLL,SYROLL,youtube,UCSUxlr87tWOFtviPtCbHHvg,https://www.youtube.com/channel/UCSUxlr87tWOFtviPtCbHHvg,시롤,5400,2026-02-27,,2026-10-06 19:54:02,엔드필드 공방 대기방,,,mysmallvtuber.net,2026-10-06T11:27:37Z
ZY67bEudcM3LGTLdnEPv,시롤 SYROLL,SYROLL,chzzk,d6cd7a188322ab140704593e591013ae,https://chzzk.naver.com/d6cd7a188322ab140704593e591013ae,시롤 SYROLL,1614,2026-02-27,,2026-10-06 19:54:02,엔드필드 공방 대기방,,,mysmallvtuber.net,2026-10-06T11:27:37Z
sVPyAppKcJC2gC5buPZv,시몽,,youtube,UCfBb_aNttXzGYquUC5OWoCg,https://www.youtube.com/channel/UCfBb_aNttXzGYquUC5OWoCg,시몽,2940,2023-12-24,,2026-10-06 19:50:04,낚시하면서 수다 떨기 /sbo 업 부탁드립니다!![ 장지수용소],,https://cafe.naver.com/ximong,mysmallvtuber.net,2026-10-06T11:27:37Z
sVPyAppKcJC2gC5buPZv,시몽,,soop,ximong,https://ch.sooplive.co.kr/ximong,시몽,12326,2023-12-24,,2026-10-06 19:50:04,낚시하면서 수다 떨기 /sbo 업 부탁드립니다!![ 장지수용소],,https://cafe.naver.com/ximong,mysmallvtuber.net,2026-10-06T11:27:37Z
pncraWa5Xg6ENp7cpH4A,이예다,,youtube,UC1MQV3ZkjqyJG-UhXRg-LJA,https://www.youtube.com/channel/UC1MQV3ZkjqyJG-UhXRg-LJA,이예다 LEEYEDA,2060,2022-12-17,,2026-10-06 19:57:02,개꿈 마스터. 오늘 민형이랑 재혼하고 왔습 (철컹),leeyeda_,https://cafe.naver.com/leeyeda,mysmallvtuber.net,2026-10-06T11:27:37Z
pncraWa5Xg6ENp7cpH4A,이예다,,youtube,UC23XsxdCI12Pj02qMi1OEvA,https://www.youtube.com/channel/UC23XsxdCI12Pj02qMi1OEvA,예다의 흑역사 다시보기,646,2022-12-17,,2026-10-06 19:57:02,개꿈 마스터. 오늘 민형이랑 재혼하고 왔습 (철컹),leeyeda_,https://cafe.naver.com/leeyeda,mysmallvtuber.net,2026-10-06T11:27:37Z
pncraWa5Xg6ENp7cpH4A,이예다,,soop,leeyeda,https://ch.sooplive.co.kr/leeyeda,이예다,1219,2022-12-17,,2026-10-06 19:57:02,개꿈 마스터. 오늘 민형이랑 재혼하고 왔습 (철컹),leeyeda_,https://cafe.naver.com/leeyeda,mysmallvtuber.net,2026-10-06T11:27:37Z
6quUQ65A3f3K79SVgLpa,이 소 에,,youtube,UCtqhRsYCqjMhLqgm-ylIW1g,https://www.youtube.com/channel/UCtqhRsYCqjMhLqgm-ylIW1g,이소에 ISOE,1900,,,2026-10-06 19:50:04,원스동 오랜만입니다? 이소에입니다...? W. 윤치 쵸쵸우 사모장 치리스 올라프,V_lSOE,https://discord.com/invite/HGrTBmm8cv,mysmallvtuber.net,2026-10-06T11:27:37Z
6quUQ65A3f3K79SVgLpa,이 소 에,,chzzk,343c202c69ba6d11b7ec51741f9591ac,https://chzzk.naver.com/343c202c69ba6d11b7ec51741f9591ac,이 소 에,5697,,,2026-10-06 19:50:04,원스동 오랜만입니다? 이소에입니다...? W. 윤치 쵸쵸우 사모장 치리스 올라프,V_lSOE,https://discord.com/invite/HGrTBmm8cv,mysmallvtuber.net,2026-10-06T11:27:37Z
ZMcLK9xTUEQgCdVptxnS,마리엘,,youtube,UCZNjPT1roGsJWpyk0PUf8eg,https://www.youtube.com/channel/UCZNjPT1roGsJWpyk0PUf8eg,마리엘,11800,2024-12-24,,2026-10-06 19:52:02,[모아이] 그냥서버 벌칙 똥겜&공겜켠왕🧡베스도전중,S2_Mariel,https://cafe.naver.com/elverland,mysmallvtuber.net,2026-10-06T11:27:37Z
ZMcLK9xTUEQgCdVptxnS,마리엘,,soop,s2mariel,https://ch.sooplive.co.kr/s2mariel,마리엘,2114,2024-12-24,,2026-10-06 19:52:02,[모아이] 그냥서버 벌칙 똥겜&공겜켠왕🧡베스도전중,S2_Mariel,https://cafe.naver.com/elverland,mysmallvtuber.net,2026-10-06T11:27:37Z
SCKfY3zjXJ9ZaN5qsGTd,하렌 루베오스,,youtube,UC5lm_rNF76FyZaG5vAuNnnw,https://www.youtube.com/channel/UC5lm_rNF76FyZaG5vAuNnnw,하렌 루베오스 HAREN RUBEOS,20100,2025-05-10,,2026-10-06 19:48:02,"🩸봉누도2 후열 2일차 : '하수오'의 봉누도2 후기/나무위기, 클립 퍼먹기",status_haren,https://cafe.naver.com/statopen,mysmallvtuber.net,2026-10-06T11:27:37Z
SCKfY3zjXJ9ZaN5qsGTd,하렌 루베오스,,chzzk,11f9a14c3439b7b1ceadd819d61624da,https://chzzk.naver.com/11f9a14c3439b7b1ceadd819d61624da,하렌 루베오스,12921,2025-05-10,,2026-10-06 19:48:02,"🩸봉누도2 후열 2일차 : '하수오'의 봉누도2 후기/나무위기, 클립 퍼먹기",status_haren,https://cafe.naver.com/statopen,mysmallvtuber.net,2026-10-06T11:27:37Z
E56rBS3FD3tLTLXBa4gs,아리엘 본즈,,youtube,UC4squ5GOyn_49A6XuOhtbtw,https://www.youtube.com/channel/UC4squ5GOyn_49A6XuOhtbtw,아리엘 본즈,3090,2022-11-27,,2026-10-06 19:55:03,생일이에오!!! ･｡ᐠ( ᐢ ᵕ ᐢ )ᐟ｡･,arielbones1771,https://cafe.naver.com/arielbones1771,mysmallvtuber.net,2026-10-06T11:27:37Z
E56rBS3FD3tLTLXBa4gs,아리엘 본즈,,chzzk,ac91a25f9d7751d4c61863f2f837f792,https://chzzk.naver.com/ac91a25f9d7751d4c61863f2f837f792,아리엘 본즈,3753,2022-11-27,,2026-10-06 19:55:03,생일이에오!!! ･｡ᐠ( ᐢ ᵕ ᐢ )ᐟ｡･,arielbones1771,https://cafe.naver.com/arielbones1771,mysmallvtuber.net,2026-10-06T11:27:37Z
hUsc5Larr3tLmDMw4FNr,헤스,,youtube,UCVf2QTqI0GYz5GMzxL_oJkQ,https://www.youtube.com/channel/UCVf2QTqI0GYz5GMzxL_oJkQ,헤스 Hess,13400,2023-01-14,,2026-10-06 19:53:03,안용헤스와쏭,vrecord_Hess,https://cafe.naver.com/vrecord,mysmallvtuber.net,2026-10-06T11:27:37Z
hUsc5Larr3tLmDMw4FNr,헤스,,youtube,UCHUaXD0TJd9pbeo4OJ3sbJQ,https://www.youtube.com/channel/UCHUaXD0TJd9pbeo4OJ3sbJQ,헤스 다시보기,343,2023-01-14,,2026-10-06 19:53:03,안용헤스와쏭,vrecord_Hess,https://cafe.naver.com/vrecord,mysmallvtuber.net,2026-10-06T11:27:37Z
hUsc5Larr3tLmDMw4FNr,헤스,,soop,utahessx33,https://ch.sooplive.co.kr/utahessx33,헤스,8612,2023-01-14,,2026-10-06 19:53:03,안용헤스와쏭,vrecord_Hess,https://cafe.naver.com/vrecord,mysmallvtuber.net,2026-10-06T11:27:37Z
RfzBGBegCNfKGFXCUPeR,소라카리,,youtube,UCXoANfx1B1EdCFRXgXmhacw,https://www.youtube.com/channel/UCXoANfx1B1EdCFRXgXmhacw,소라카리 Ch. SORAKRI,3350,2021-08-15,,2026-10-06 19:52:02,[소통방송] 오늘 처음 온 사람도 환영! 모든 채팅 읽어드립니다 💬,Sorakarich,,mysmallvtuber.net,2026-10-06T11:27:37Z
RfzBGBegCNfKGFXCUPeR,소라카리,,chzzk,41b4502c36916213e87afdcbb3b76b7c,https://chzzk.naver.com/41b4502c36916213e87afdcbb3b76b7c,소라카리,943,2021-08-15,,2026-10-06 19:52:02,[소통방송] 오늘 처음 온 사람도 환영! 모든 채팅 읽어드립니다 💬,Sorakarich,,mysmallvtuber.net,2026-10-06T11:27:37Z
rSRCEWpX7eQN4wNVujnk,우타네 레아,,youtube,UCCLbnAdTY9KqHq757FPc9KQ,https://www.youtube.com/channel/UCCLbnAdTY9KqHq757FPc9KQ,우타네 레아,6010,2025-12-20,,2026-10-06 19:56:03,컴퓨터 박살난 채로(진짜임) 언더테일 불살 루트 엔딩까지!!,VLY_Rea,https://cafe.naver.com/rionjoo,mysmallvtuber.net,2026-10-06T11:27:37Z
rSRCEWpX7eQN4wNVujnk,우타네 레아,,chzzk,a0a8ae70631f07dc8b611d409bb00b45,https://chzzk.naver.com/a0a8ae70631f07dc8b611d409bb00b45,우타네 레아,1451,2025-12-20,,2026-10-06 19:56:03,컴퓨터 박살난 채로(진짜임) 언더테일 불살 루트 엔딩까지!!,VLY_Rea,https://cafe.naver.com/rionjoo,mysmallvtuber.net,2026-10-06T11:27:37Z
j9A5S9SPwnBEfLFHmnTh,난초.,,youtube,UCl61LnY2hIbgxrRSXGUeKrA,https://www.youtube.com/channel/UCl61LnY2hIbgxrRSXGUeKrA,난초,35400,2018-11-22,,2026-10-06 19:50:04,벌칙 린링언니랑 경주 드라켄+하늘자전거;;; 브이로그 [시간룰렛 50/500],,,mysmallvtuber.net,2026-10-06T11:27:37Z
j9A5S9SPwnBEfLFHmnTh,난초.,,soop,blackchu,https://ch.sooplive.co.kr/blackchu,난초.,33945,2018-11-22,,2026-10-06 19:50:04,벌칙 린링언니랑 경주 드라켄+하늘자전거;;; 브이로그 [시간룰렛 50/500],,,mysmallvtuber.net,2026-10-06T11:27:37Z
rYUxKpe2AKr7nMQYrkrw,유세화 USeHwa,USeHwa,youtube,UCwUsJqMEe2_KAMZ2zOxBCWg,https://www.youtube.com/channel/UCwUsJqMEe2_KAMZ2zOxBCWg,세화USeHwa,569,2023-07-01,,2026-10-06 19:08:03,오늘 방송 공지 (진짜 중요함),usehwa_Twich,,mysmallvtuber.net,2026-10-06T11:27:37Z
rYUxKpe2AKr7nMQYrkrw,유세화 USeHwa,USeHwa,chzzk,4cefed5d05e0bd4a683f5115722d5cb3,https://chzzk.naver.com/4cefed5d05e0bd4a683f5115722d5cb3,유세화 USeHwa,1761,2023-07-01,,2026-10-06 19:08:03,오늘 방송 공지 (진짜 중요함),usehwa_Twich,,mysmallvtuber.net,2026-10-06T11:27:37Z
g5MGhDWrphepWxCcaeH8,이치카 히비,,youtube,UC-x7n_uteYk1dLAdkXoTsMw,https://www.youtube.com/channel/UC-x7n_uteYk1dLAdkXoTsMw,이치카 히비 ICHIKA HIBI,3550,2024-06-30,,2026-10-06 19:53:03,꼬비갯과 생쥐와 찹츄,Aquabel_hibi,https://cafe.naver.com/aquabel,mysmallvtuber.net,2026-10-06T11:27:37Z
g5MGhDWrphepWxCcaeH8,이치카 히비,,chzzk,206afc6829e734e662ed0bf24dcbac0e,https://chzzk.naver.com/206afc6829e734e662ed0bf24dcbac0e,이치카 히비,14410,2024-06-30,,2026-10-06 19:53:03,꼬비갯과 생쥐와 찹츄,Aquabel_hibi,https://cafe.naver.com/aquabel,mysmallvtuber.net,2026-10-06T11:27:37Z
wuC565QuSCJsMtAbqFKR,힌콕,,youtube,UC6mjfW-hFicoie2ZT5IUVGA,https://www.youtube.com/channel/UC6mjfW-hFicoie2ZT5IUVGA,힌콕 HINQOC,13300,,,2026-10-06 19:56:03,[뽀린전자] 휴방을 반납하고 꼭 방문할 곳이 있어요 / SBO 업 부탁드립니다 ⚾🤍,hinqocorv,,mysmallvtuber.net,2026-10-06T11:27:37Z
wuC565QuSCJsMtAbqFKR,힌콕,,soop,hinqocorv,https://ch.sooplive.co.kr/hinqocorv,힌콕,13747,,,2026-10-06 19:56:03,[뽀린전자] 휴방을 반납하고 꼭 방문할 곳이 있어요 / SBO 업 부탁드립니다 ⚾🤍,hinqocorv,,mysmallvtuber.net,2026-10-06T11:27:37Z
PaHxZMrMrhFUSB8QeE5k,아춘향,,youtube,UCmRsQA5DA7yqhBQOIVthcjQ,https://www.youtube.com/channel/UCmRsQA5DA7yqhBQOIVthcjQ,아춘향 - 조선엘프,827,2024-05-10,,2026-10-06 19:57:02,ଘ(੭ˊᵕˋ)੭* ੈ✩‧₊˚오늘 나는 찌그러진 치즈볼이 될 거야,ah_hayang,https://cafe.naver.com/vmz,mysmallvtuber.net,2026-10-06T11:27:37Z
PaHxZMrMrhFUSB8QeE5k,아춘향,,youtube,UC4mlbAx7GTan5sJ1c5-o7Jg,https://www.youtube.com/channel/UC4mlbAx7GTan5sJ1c5-o7Jg,아춘향 다시보기,137,2024-05-10,,2026-10-06 19:57:02,ଘ(੭ˊᵕˋ)੭* ੈ✩‧₊˚오늘 나는 찌그러진 치즈볼이 될 거야,ah_hayang,https://cafe.naver.com/vmz,mysmallvtuber.net,2026-10-06T11:27:37Z
PaHxZMrMrhFUSB8QeE5k,아춘향,,chzzk,2f6c390e61a3bd09cafde6e75ac784e1,https://chzzk.naver.com/2f6c390e61a3bd09cafde6e75ac784e1,아춘향,1322,2024-05-10,,2026-10-06 19:57:02,ଘ(੭ˊᵕˋ)੭* ੈ✩‧₊˚오늘 나는 찌그러진 치즈볼이 될 거야,ah_hayang,https://cafe.naver.com/vmz,mysmallvtuber.net,2026-10-06T11:27:37Z
S4WybtChWxWMLqhqB2Tr,시 네 진,,youtube,UCT4ZYhDSS_JAgQailFA4p6A,https://www.youtube.com/channel/UCT4ZYhDSS_JAgQailFA4p6A,시네진,1180,2024-08-13,,2026-10-06 19:53:03,브론즈 네진이 등장(두둥),Sinezin1016,https://cafe.naver.com/spwls1016,mysmallvtuber.net,2026-10-06T11:27:37Z
S4WybtChWxWMLqhqB2Tr,시 네 진,,chzzk,27c308b12e19387d2bc9332c2df66f83,https://chzzk.naver.com/27c308b12e19387d2bc9332c2df66f83,시 네 진,1858,2024-08-13,,2026-10-06 19:53:03,브론즈 네진이 등장(두둥),Sinezin1016,https://cafe.naver.com/spwls1016,mysmallvtuber.net,2026-10-06T11:27:37Z
QnYQ8NJ5XbWxCEakC2An,엄히로,,youtube,UC84k_647eh3k9WKo4BjdUyw,https://www.youtube.com/channel/UC84k_647eh3k9WKo4BjdUyw,엄히로 - 26년도 현재 만 32세,11400,2022-04-10,,2026-10-06 19:53:03,고막테러 중이니 알아서 피해가시오(노래 부른다는 소리),HERO_Vtuber,https://discord.com/invite/z5PmDZD55m,mysmallvtuber.net,2026-10-06T11:27:37Z
QnYQ8NJ5XbWxCEakC2An,엄히로,,chzzk,60761dc68dca3092c55c4371710ce848,https://chzzk.naver.com/60761dc68dca3092c55c4371710ce848,엄히로,6327,2022-04-10,,2026-10-06 19:53:03,고막테러 중이니 알아서 피해가시오(노래 부른다는 소리),HERO_Vtuber,https://discord.com/invite/z5PmDZD55m,mysmallvtuber.net,2026-10-06T11:27:37Z
tg9Z7BQysyGV75Vsyns9,강혜니,,youtube,UCatILwJhUci6_AwVp9iCqqQ,https://www.youtube.com/channel/UCatILwJhUci6_AwVp9iCqqQ,강혜니,402,2023-06-06,,2026-10-06 19:55:03,게릴...라....그냥서버 들어가요 ꜀(^｡ ̫ ｡^꜀ )꜆੭🩷,hyeni_06,https://cafe.naver.com/hyeninyang,mysmallvtuber.net,2026-10-06T11:27:37Z
tg9Z7BQysyGV75Vsyns9,강혜니,,youtube,UCbG-KntfwuoX29eLRJUgpVA,https://www.youtube.com/channel/UCbG-KntfwuoX29eLRJUgpVA,강혜니 다시보기,201,2023-06-06,,2026-10-06 19:55:03,게릴...라....그냥서버 들어가요 ꜀(^｡ ̫ ｡^꜀ )꜆੭🩷,hyeni_06,https://cafe.naver.com/hyeninyang,mysmallvtuber.net,2026-10-06T11:27:37Z
tg9Z7BQysyGV75Vsyns9,강혜니,,chzzk,3081b4db8cb8b6c1de194b66a5b81a67,https://chzzk.naver.com/3081b4db8cb8b6c1de194b66a5b81a67,강혜니,3628,2023-06-06,,2026-10-06 19:55:03,게릴...라....그냥서버 들어가요 ꜀(^｡ ̫ ｡^꜀ )꜆੭🩷,hyeni_06,https://cafe.naver.com/hyeninyang,mysmallvtuber.net,2026-10-06T11:27:37Z
KHjUT9FVdSvyHm9GKKmA,요망yomang,yomang,youtube,UCIXNwrBJnynXYqeMgjq25xQ,https://www.youtube.com/channel/UCIXNwrBJnynXYqeMgjq25xQ,Yomang,117,2023-04-11,,2026-10-06 19:49:02,[v] 영화 하나도 모르는 사람의 부국제 개막식 보기,,https://discord.gg/rP6Qp5x35v,mysmallvtuber.net,2026-10-06T11:27:37Z
KHjUT9FVdSvyHm9GKKmA,요망yomang,yomang,youtube,UCUU22FRT7yzoxntW2pYk6Kg,https://www.youtube.com/channel/UCUU22FRT7yzoxntW2pYk6Kg,요망 다시보기,23,2023-04-11,,2026-10-06 19:49:02,[v] 영화 하나도 모르는 사람의 부국제 개막식 보기,,https://discord.gg/rP6Qp5x35v,mysmallvtuber.net,2026-10-06T11:27:37Z
KHjUT9FVdSvyHm9GKKmA,요망yomang,yomang,chzzk,e16add2b52d6db2c837e1255f07aec22,https://chzzk.naver.com/e16add2b52d6db2c837e1255f07aec22,요망yomang,683,2023-04-11,,2026-10-06 19:49:02,[v] 영화 하나도 모르는 사람의 부국제 개막식 보기,,https://discord.gg/rP6Qp5x35v,mysmallvtuber.net,2026-10-06T11:27:37Z
D3TvQnf8TJQDwXCwHWVM,땽땽,,youtube,UC_W9usEqzkpuvNMYRE5PNUg,https://www.youtube.com/channel/UC_W9usEqzkpuvNMYRE5PNUg,땽땽,209,2024-12-13,,2026-10-06 19:49:02,🐻  [편도염주의보] 톡식하지않기🐻,,https://cafe.naver.com/ddnut,mysmallvtuber.net,2026-10-06T11:27:37Z
D3TvQnf8TJQDwXCwHWVM,땽땽,,youtube,UCPe7Yl3Xm2sx4DjyTofNYLw,https://www.youtube.com/channel/UCPe7Yl3Xm2sx4DjyTofNYLw,땽땽한 다시보기,15,2024-12-13,,2026-10-06 19:49:02,🐻  [편도염주의보] 톡식하지않기🐻,,https://cafe.naver.com/ddnut,mysmallvtuber.net,2026-10-06T11:27:37Z
D3TvQnf8TJQDwXCwHWVM,땽땽,,chzzk,e11eb90cdeaead6cc22fd03779373c5a,https://chzzk.naver.com/e11eb90cdeaead6cc22fd03779373c5a,땽땽,1417,2024-12-13,,2026-10-06 19:49:02,🐻  [편도염주의보] 톡식하지않기🐻,,https://cafe.naver.com/ddnut,mysmallvtuber.net,2026-10-06T11:27:37Z
BqqaPhp9tp3gHaKSB458,마무 Mamuu,Mamuu,youtube,UC_SFDes1kseXgArF9YwQ5sw,https://www.youtube.com/channel/UC_SFDes1kseXgArF9YwQ5sw,마무 Mamuu,4400,2025-11-01,,2026-10-06 19:48:02,봉누도 후열... 빨간약 맞추기 아이오,Hexia_Mamuu,,mysmallvtuber.net,2026-10-06T11:27:37Z
BqqaPhp9tp3gHaKSB458,마무 Mamuu,Mamuu,youtube,UCZqK3Q5xZcrbz0wBSji08Bg,https://www.youtube.com/channel/UCZqK3Q5xZcrbz0wBSji08Bg,마무 다시보기,301,2025-11-01,,2026-10-06 19:48:02,봉누도 후열... 빨간약 맞추기 아이오,Hexia_Mamuu,,mysmallvtuber.net,2026-10-06T11:27:37Z
BqqaPhp9tp3gHaKSB458,마무 Mamuu,Mamuu,chzzk,902744ac298720925b661711d76f7133,https://chzzk.naver.com/902744ac298720925b661711d76f7133,마무 Mamuu,7007,2025-11-01,,2026-10-06 19:48:02,봉누도 후열... 빨간약 맞추기 아이오,Hexia_Mamuu,,mysmallvtuber.net,2026-10-06T11:27:37Z
XZIR5H2JzJQ03t5se4Su,마레 플로스,,youtube,UCYk95JQsXbgk5Vto4MvRh2g,https://www.youtube.com/channel/UCYk95JQsXbgk5Vto4MvRh2g,마레플로스,146000,2022-02-13,,2026-10-06 19:56:03,[영화후기 스포주의⚠️ | 옵세션 & 치이카와 극장판 ] 본체로 살기 2일차🐲✨,mareflos0608,https://cafe.naver.com/mareflos,mysmallvtuber.net,2026-10-06T11:27:37Z
XZIR5H2JzJQ03t5se4Su,마레 플로스,,youtube,UCOg7d0qVUnr2URJeWSgfQFA,https://www.youtube.com/channel/UCOg7d0qVUnr2URJeWSgfQFA,마레플로스 생방송 다시보기,19100,2022-02-13,,2026-10-06 19:56:03,[영화후기 스포주의⚠️ | 옵세션 & 치이카와 극장판 ] 본체로 살기 2일차🐲✨,mareflos0608,https://cafe.naver.com/mareflos,mysmallvtuber.net,2026-10-06T11:27:37Z
XZIR5H2JzJQ03t5se4Su,마레 플로스,,chzzk,4ebef1eb4194611996dc38abf1d226d1,https://chzzk.naver.com/4ebef1eb4194611996dc38abf1d226d1,마레 플로스,70758,2022-02-13,,2026-10-06 19:56:03,[영화후기 스포주의⚠️ | 옵세션 & 치이카와 극장판 ] 본체로 살기 2일차🐲✨,mareflos0608,https://cafe.naver.com/mareflos,mysmallvtuber.net,2026-10-06T11:27:37Z
R4v262qP3nAqyLEJGg8f,빙하유,,youtube,UCHdHTb5jgeH8jys5_Ebqsuw,https://www.youtube.com/channel/UCHdHTb5jgeH8jys5_Ebqsuw,빙하유 BingHayu,130000,2022-11-13,,2026-10-06 19:54:02,봉누도2 클립과 팬카페를 보아요~~ 8시 본헤이터 합방,binghayu,https://cafe.naver.com/otwoffical,mysmallvtuber.net,2026-10-06T11:27:37Z
R4v262qP3nAqyLEJGg8f,빙하유,,youtube,UC9GBmdwFYuiirNGrPn5Wb0Q,https://www.youtube.com/channel/UC9GBmdwFYuiirNGrPn5Wb0Q,빙하유 VOD,24000,2022-11-13,,2026-10-06 19:54:02,봉누도2 클립과 팬카페를 보아요~~ 8시 본헤이터 합방,binghayu,https://cafe.naver.com/otwoffical,mysmallvtuber.net,2026-10-06T11:27:37Z
R4v262qP3nAqyLEJGg8f,빙하유,,chzzk,a048127622edd6c3ee8e477471a1d823,https://chzzk.naver.com/a048127622edd6c3ee8e477471a1d823,빙하유,54095,2022-11-13,,2026-10-06 19:54:02,봉누도2 클립과 팬카페를 보아요~~ 8시 본헤이터 합방,binghayu,https://cafe.naver.com/otwoffical,mysmallvtuber.net,2026-10-06T11:27:37Z
rajAjNULmqePa4fD6Ed8,유 메루,,youtube,UCVa9K3J3gDsZG12GxSNWc7g,https://www.youtube.com/channel/UCVa9K3J3gDsZG12GxSNWc7g,유메루 YUMERU,454,2024-03-23,,2026-10-06 19:48:02,마크 처음이니까 훈수 두지 말란 말이야!!!!!!!!!!!!!,How_yumeru,https://cafe.naver.com/vhowstoryv,mysmallvtuber.net,2026-10-06T11:27:37Z
rajAjNULmqePa4fD6Ed8,유 메루,,youtube,UC_U72nKDBEB2O3Ty1H175Ww,https://www.youtube.com/channel/UC_U72nKDBEB2O3Ty1H175Ww,유메루_다시보기.mp4,105,2024-03-23,,2026-10-06 19:48:02,마크 처음이니까 훈수 두지 말란 말이야!!!!!!!!!!!!!,How_yumeru,https://cafe.naver.com/vhowstoryv,mysmallvtuber.net,2026-10-06T11:27:37Z
rajAjNULmqePa4fD6Ed8,유 메루,,chzzk,0cfb40c68e56441c3e0ca58231e3523b,https://chzzk.naver.com/0cfb40c68e56441c3e0ca58231e3523b,유 메루,1259,2024-03-23,,2026-10-06 19:48:02,마크 처음이니까 훈수 두지 말란 말이야!!!!!!!!!!!!!,How_yumeru,https://cafe.naver.com/vhowstoryv,mysmallvtuber.net,2026-10-06T11:27:37Z
3pFpJS5zJxgTL6EATxh8,나카노 유카,,youtube,UC9ZcKQ9owUKQ5YZphw1qRHw,https://www.youtube.com/channel/UC9ZcKQ9owUKQ5YZphw1qRHw,나카노 유카,791,,,2026-10-06 19:49:02,너무추어..패딩꺼낼까,nakanoyuka_,https://cafe.naver.com/yukanepiehouse,mysmallvtuber.net,2026-10-06T11:27:37Z
3pFpJS5zJxgTL6EATxh8,나카노 유카,,youtube,UCjEKT9184lVtGB7HKwZNAIQ,https://www.youtube.com/channel/UCjEKT9184lVtGB7HKwZNAIQ,나카노 유카 다시보기,295,,,2026-10-06 19:49:02,너무추어..패딩꺼낼까,nakanoyuka_,https://cafe.naver.com/yukanepiehouse,mysmallvtuber.net,2026-10-06T11:27:37Z
3pFpJS5zJxgTL6EATxh8,나카노 유카,,chzzk,ee82e3edded2caa145683f90ef5f833d,https://chzzk.naver.com/ee82e3edded2caa145683f90ef5f833d,나카노 유카,1826,,,2026-10-06 19:49:02,너무추어..패딩꺼낼까,nakanoyuka_,https://cafe.naver.com/yukanepiehouse,mysmallvtuber.net,2026-10-06T11:27:37Z
BwpmDzmXchM4KwnsB7sd,아오토 라떼,,youtube,UCzPv09-SJeVd1hBdpvlhy0g,https://www.youtube.com/channel/UCzPv09-SJeVd1hBdpvlhy0g,아오토 라떼 Aoto Latte,6550,,,2026-10-06 19:56:03,"홈 집으로, 떼디는 회사로ㅋㅋ (≡・Ⱉ・≡) ฅ",Aoto_Latte,https://cafe.naver.com/reactkrofficial,mysmallvtuber.net,2026-10-06T11:27:37Z
BwpmDzmXchM4KwnsB7sd,아오토 라떼,,youtube,UCAePtlqx1XIvYh35J8TpBBw,https://www.youtube.com/channel/UCAePtlqx1XIvYh35J8TpBBw,라떼는 말이야~,749,,,2026-10-06 19:56:03,"홈 집으로, 떼디는 회사로ㅋㅋ (≡・Ⱉ・≡) ฅ",Aoto_Latte,https://cafe.naver.com/reactkrofficial,mysmallvtuber.net,2026-10-06T11:27:37Z
BwpmDzmXchM4KwnsB7sd,아오토 라떼,,chzzk,c077df8642ba944f714b5ec06cf195e4,https://chzzk.naver.com/c077df8642ba944f714b5ec06cf195e4,아오토 라떼,7526,,,2026-10-06 19:56:03,"홈 집으로, 떼디는 회사로ㅋㅋ (≡・Ⱉ・≡) ฅ",Aoto_Latte,https://cafe.naver.com/reactkrofficial,mysmallvtuber.net,2026-10-06T11:27:37Z
qDAghdzddQfqRp5A3RXg,오별콩,,youtube,UCzRiEC7iuEArhCgq3yDxALA,https://www.youtube.com/channel/UCzRiEC7iuEArhCgq3yDxALA,오별콩,149,2023-10-06,,2026-10-06 19:52:02,[그냥서버] 3주년인데 빚더미에 앉아버렸습니다 (｡⌓°꒷꒦),ohbyulkong,https://cafe.naver.com/byulkong,mysmallvtuber.net,2026-10-06T11:27:37Z
qDAghdzddQfqRp5A3RXg,오별콩,,chzzk,c55085778e35bb35c9d3a0ab472177f3,https://chzzk.naver.com/c55085778e35bb35c9d3a0ab472177f3,오별콩,1255,2023-10-06,,2026-10-06 19:52:02,[그냥서버] 3주년인데 빚더미에 앉아버렸습니다 (｡⌓°꒷꒦),ohbyulkong,https://cafe.naver.com/byulkong,mysmallvtuber.net,2026-10-06T11:27:37Z
ZxRjpJ4E2X64Dqfu6ZQu,쩡슈,,chzzk,5b91eb17cb5f839bb6df200fa31f82dd,https://chzzk.naver.com/5b91eb17cb5f839bb6df200fa31f82dd,쩡슈,2507,2024-09-19,,2026-10-06 19:54:02,(영도데이)공포 코믹 쥬아,,https://discord.gg/5tXH3aA2S3,mysmallvtuber.net,2026-10-06T11:27:37Z
Gwhr7mQdYHrK6sdhFy6j,유키네 하츠라,,youtube,UCdhQjjc6s3WxvgWge1NETng,https://www.youtube.com/channel/UCdhQjjc6s3WxvgWge1NETng,유키네 하츠라 Yukine Hatsura,1070,2026-02-20,,2026-10-06 19:56:03,[ 신입 / V ] 유하💗 @@@발로란트특급뉴걸따봉한번씩부탁드립니다감사합니다@@@  !디코,YukineHatsura_,https://cafe.naver.com/yukinehatsura,mysmallvtuber.net,2026-10-06T11:27:37Z
Gwhr7mQdYHrK6sdhFy6j,유키네 하츠라,,chzzk,e077066171ef440e4193c29f2fd9ac14,https://chzzk.naver.com/e077066171ef440e4193c29f2fd9ac14,유키네 하츠라,439,2026-02-20,,2026-10-06 19:56:03,[ 신입 / V ] 유하💗 @@@발로란트특급뉴걸따봉한번씩부탁드립니다감사합니다@@@  !디코,YukineHatsura_,https://cafe.naver.com/yukinehatsura,mysmallvtuber.net,2026-10-06T11:27:37Z
qZZPYNS4SjVxmwY9RBPF,감쏘야,,youtube,UCLmACnrUIhBI1jXUBXjahAQ,https://www.youtube.com/channel/UCLmACnrUIhBI1jXUBXjahAQ,감쏘야 다시보기,374,,,2026-10-06 19:49:02,데스게임 리포트,,https://cafe.naver.com/gamssoya,mysmallvtuber.net,2026-10-06T11:27:37Z
qZZPYNS4SjVxmwY9RBPF,감쏘야,,chzzk,05ed3d1a39842c054856aa9b3b29ef18,https://chzzk.naver.com/05ed3d1a39842c054856aa9b3b29ef18,감쏘야,6074,,,2026-10-06 19:49:02,데스게임 리포트,,https://cafe.naver.com/gamssoya,mysmallvtuber.net,2026-10-06T11:27:37Z
6EjdT3TjydkNPTKqFVEh,유키라,,youtube,UCQT3WjZYASqLyYcEUblKmrg,https://www.youtube.com/channel/UCQT3WjZYASqLyYcEUblKmrg,유키라,13500,,,2026-10-06 19:53:03,신스멀게동 10월 게임 찾기!,,https://cafe.naver.com/kirasroom,mysmallvtuber.net,2026-10-06T11:27:37Z
6EjdT3TjydkNPTKqFVEh,유키라,,soop,kirababy2,https://ch.sooplive.co.kr/kirababy2,유키라,20242,,,2026-10-06 19:53:03,신스멀게동 10월 게임 찾기!,,https://cafe.naver.com/kirasroom,mysmallvtuber.net,2026-10-06T11:27:37Z
FH4pzKjNLMjYVNszHwqd,루 랑,,youtube,UCWfPqO79dgtdzIln9EPNT7g,https://www.youtube.com/channel/UCWfPqO79dgtdzIln9EPNT7g,루랑,2590,2023-10-30,,2026-10-06 19:55:03,감기 걸리기 좋은 날씨네 (이미 걸림),Lu_rang1,https://cafe.naver.com/lurang,mysmallvtuber.net,2026-10-06T11:27:37Z
FH4pzKjNLMjYVNszHwqd,루 랑,,chzzk,2b643e1b0cb736763965e0830179a297,https://chzzk.naver.com/2b643e1b0cb736763965e0830179a297,루 랑,2425,2023-10-30,,2026-10-06 19:55:03,감기 걸리기 좋은 날씨네 (이미 걸림),Lu_rang1,https://cafe.naver.com/lurang,mysmallvtuber.net,2026-10-06T11:27:37Z
3xP7dBVMS7yzwg3aBVhh,유화령,,youtube,UCz-zjcxPotODY1drJJgsa0A,https://www.youtube.com/channel/UCz-zjcxPotODY1drJJgsa0A,유화령,201,2023-10-30,,2026-10-06 19:56:03,같이 퀴즈 맞추실분ㄴ?,hwaryeong_2,https://cafe.naver.com/hwaryeong92,mysmallvtuber.net,2026-10-06T11:27:37Z
3xP7dBVMS7yzwg3aBVhh,유화령,,chzzk,c27850274cb4bb391d6d753d305cd568,https://chzzk.naver.com/c27850274cb4bb391d6d753d305cd568,유화령,1025,2023-10-30,,2026-10-06 19:56:03,같이 퀴즈 맞추실분ㄴ?,hwaryeong_2,https://cafe.naver.com/hwaryeong92,mysmallvtuber.net,2026-10-06T11:27:37Z
rXtymzwWSRs6Udducgyk,담익지,,youtube,UC2Yxfy3TMQXj8t2ggS9hFTw,https://www.youtube.com/channel/UC2Yxfy3TMQXj8t2ggS9hFTw,담익지,6750,2022-12-04,,2026-10-06 19:54:02,어떻게 게임 이름이 감자..?,DAMIGJI_,https://discord.com/invite/JCUdsaA8Y3,mysmallvtuber.net,2026-10-06T11:27:37Z
rXtymzwWSRs6Udducgyk,담익지,,chzzk,b3faaa462d5ed590e966e7ee8936fa53,https://chzzk.naver.com/b3faaa462d5ed590e966e7ee8936fa53,담익지,2263,2022-12-04,,2026-10-06 19:54:02,어떻게 게임 이름이 감자..?,DAMIGJI_,https://discord.com/invite/JCUdsaA8Y3,mysmallvtuber.net,2026-10-06T11:27:37Z
CLLNkYR948z8Z8RnFCTm,감치치,,youtube,UCZMuxVd3rQ4uaYOSVrc9hHQ,https://www.youtube.com/channel/UCZMuxVd3rQ4uaYOSVrc9hHQ,감치치,6740,2024-03-23,,2026-10-06 19:55:03,⭐내가 왔다!!!!!!!!!! 모두 모여라!!!!!!!!!!!,gamchichi2,https://cafe.naver.com/gamchichi20240323,mysmallvtuber.net,2026-10-06T11:27:37Z
CLLNkYR948z8Z8RnFCTm,감치치,,youtube,UCY0RqygYVbeXJc6QK1sK4iQ,https://www.youtube.com/channel/UCY0RqygYVbeXJc6QK1sK4iQ,롱치치(감치치),503,2024-03-23,,2026-10-06 19:55:03,⭐내가 왔다!!!!!!!!!! 모두 모여라!!!!!!!!!!!,gamchichi2,https://cafe.naver.com/gamchichi20240323,mysmallvtuber.net,2026-10-06T11:27:37Z
CLLNkYR948z8Z8RnFCTm,감치치,,chzzk,900d761fd519764075fd7ee8195a80b1,https://chzzk.naver.com/900d761fd519764075fd7ee8195a80b1,감치치,3086,2024-03-23,,2026-10-06 19:55:03,⭐내가 왔다!!!!!!!!!! 모두 모여라!!!!!!!!!!!,gamchichi2,https://cafe.naver.com/gamchichi20240323,mysmallvtuber.net,2026-10-06T11:27:37Z
xvyBruBxk4kmCx9Dbnhp,설담 SULDAM,SULDAM,youtube,UCrjDQ7ZjsoZVs-5eukW8myQ,https://www.youtube.com/channel/UCrjDQ7ZjsoZVs-5eukW8myQ,설담,498,2025-10-25,,2026-10-06 19:49:02,낮잠 자버린 청년 ᜊ( ◜𖥦◝ )ᜊ,Suldam_,https://cafe.naver.com/suldamm,mysmallvtuber.net,2026-10-06T11:27:37Z
xvyBruBxk4kmCx9Dbnhp,설담 SULDAM,SULDAM,youtube,UCu8rTOcxXhVfFYv980lAJ6Q,https://www.youtube.com/channel/UCu8rTOcxXhVfFYv980lAJ6Q,담이의 포롱로그,66,2025-10-25,,2026-10-06 19:49:02,낮잠 자버린 청년 ᜊ( ◜𖥦◝ )ᜊ,Suldam_,https://cafe.naver.com/suldamm,mysmallvtuber.net,2026-10-06T11:27:37Z
xvyBruBxk4kmCx9Dbnhp,설담 SULDAM,SULDAM,chzzk,b3f6e84450055948f1e9faea3fa6f870,https://chzzk.naver.com/b3f6e84450055948f1e9faea3fa6f870,설담 SULDAM,938,2025-10-25,,2026-10-06 19:49:02,낮잠 자버린 청년 ᜊ( ◜𖥦◝ )ᜊ,Suldam_,https://cafe.naver.com/suldamm,mysmallvtuber.net,2026-10-06T11:27:37Z
KG8M8gKpVT6dW72Fh4tC,또맹이,,youtube,UCcBatBLuQ9Io-zXqbq5bNow,https://www.youtube.com/channel/UCcBatBLuQ9Io-zXqbq5bNow,또맹이,467,2024-01-08,,2026-10-06 19:50:04,내가 소세지를 잘 할수...있나..? 화나면 나 말려줘 #소시지에 관한 이상한 게임,ddomaeng2,https://cafe.naver.com/juuce,mysmallvtuber.net,2026-10-06T11:27:37Z
KG8M8gKpVT6dW72Fh4tC,또맹이,,youtube,UCpCE3MIqiBQyFtxI8dR6iBA,https://www.youtube.com/channel/UCpCE3MIqiBQyFtxI8dR6iBA,또맹이 발자국,18,2024-01-08,,2026-10-06 19:50:04,내가 소세지를 잘 할수...있나..? 화나면 나 말려줘 #소시지에 관한 이상한 게임,ddomaeng2,https://cafe.naver.com/juuce,mysmallvtuber.net,2026-10-06T11:27:37Z
KG8M8gKpVT6dW72Fh4tC,또맹이,,chzzk,80431a7540076a4d6d2c29fa68709136,https://chzzk.naver.com/80431a7540076a4d6d2c29fa68709136,또맹이,1264,2024-01-08,,2026-10-06 19:50:04,내가 소세지를 잘 할수...있나..? 화나면 나 말려줘 #소시지에 관한 이상한 게임,ddomaeng2,https://cafe.naver.com/juuce,mysmallvtuber.net,2026-10-06T11:27:37Z
Nz7BaEF9SYGmWTjbN8wW,냐 미 Nyami,Nyami,youtube,UCdx3CPTr8wXpwXf_wQDzUdA,https://www.youtube.com/channel/UCdx3CPTr8wXpwXf_wQDzUdA,냐미 Nyami,19100,2023-07-01,,2026-10-06 19:54:02,냐미는 겜잘스가 맞아,,https://cafe.naver.com/nyami0508,mysmallvtuber.net,2026-10-06T11:27:37Z
Nz7BaEF9SYGmWTjbN8wW,냐 미 Nyami,Nyami,youtube,UCAzj5QRUt66zc0cvKJcPLbw,https://www.youtube.com/channel/UCAzj5QRUt66zc0cvKJcPLbw,다시보기 냠냠,1640,2023-07-01,,2026-10-06 19:54:02,냐미는 겜잘스가 맞아,,https://cafe.naver.com/nyami0508,mysmallvtuber.net,2026-10-06T11:27:37Z
Nz7BaEF9SYGmWTjbN8wW,냐 미 Nyami,Nyami,chzzk,afff6e3cc8c1487bc4135bc896811dcc,https://chzzk.naver.com/afff6e3cc8c1487bc4135bc896811dcc,냐 미 Nyami,29431,2023-07-01,,2026-10-06 19:54:02,냐미는 겜잘스가 맞아,,https://cafe.naver.com/nyami0508,mysmallvtuber.net,2026-10-06T11:27:37Z
kQfDV4FhkbwUf5c8eV2m,구슬요,,youtube,UCbZptNWeIIZ3wf4uasQ04vQ,https://www.youtube.com/channel/UCbZptNWeIIZ3wf4uasQ04vQ,구슬요Beadyo,35400,2021-07-24,,2026-10-06 19:48:02,더 울프 오브 월 스트리트 안본눈 이게 명작이라던데? 제 점수는요..,,https://cafe.naver.com/beadyo,mysmallvtuber.net,2026-10-06T11:27:37Z
kQfDV4FhkbwUf5c8eV2m,구슬요,,soop,beadyo97,https://ch.sooplive.co.kr/beadyo97,구슬요,41189,2021-07-24,,2026-10-06 19:48:02,더 울프 오브 월 스트리트 안본눈 이게 명작이라던데? 제 점수는요..,,https://cafe.naver.com/beadyo,mysmallvtuber.net,2026-10-06T11:27:37Z
Tyy8GFxQV3MMeGzQ99t9,키쿄 KIKYO,KIKYO,youtube,UCNjwF8HZRJxgp1gbHfV798g,https://www.youtube.com/channel/UCNjwF8HZRJxgp1gbHfV798g,키쿄 KIKYO,64,2026-05-16,,2026-10-06 19:56:03,헐????????,imyourkikyo,https://cafe.naver.com/imyourkikyo,mysmallvtuber.net,2026-10-06T11:27:37Z
Tyy8GFxQV3MMeGzQ99t9,키쿄 KIKYO,KIKYO,chzzk,df0f1ea25a23e05cf2ef031c2d807067,https://chzzk.naver.com/df0f1ea25a23e05cf2ef031c2d807067,키쿄 KIKYO,1340,2026-05-16,,2026-10-06 19:56:03,헐????????,imyourkikyo,https://cafe.naver.com/imyourkikyo,mysmallvtuber.net,2026-10-06T11:27:37Z
Ms4KAnt7UqJSXYXGHcEd,다미네캔따개 미요Miyo,Miyo,youtube,UCXp8Zjf3-MqniM_hFXdxOAw,https://www.youtube.com/channel/UCXp8Zjf3-MqniM_hFXdxOAw,다미네캔따개 미요Miyo,1,2025-12-15,,2026-10-06 19:56:03,2일차 용팔이 횽아 두둥장,dami_canopener,https://cafe.naver.com/damiscanopener,mysmallvtuber.net,2026-10-06T11:27:37Z
Ms4KAnt7UqJSXYXGHcEd,다미네캔따개 미요Miyo,Miyo,youtube,UCTSZhR_R-dkM-tCOue28YoA,https://www.youtube.com/channel/UCTSZhR_R-dkM-tCOue28YoA,다미네캔따개 미요Miyo 다시보기,14,2025-12-15,,2026-10-06 19:56:03,2일차 용팔이 횽아 두둥장,dami_canopener,https://cafe.naver.com/damiscanopener,mysmallvtuber.net,2026-10-06T11:27:37Z
Ms4KAnt7UqJSXYXGHcEd,다미네캔따개 미요Miyo,Miyo,chzzk,170033804ad3bf4727999fbb2dfff931,https://chzzk.naver.com/170033804ad3bf4727999fbb2dfff931,다미네캔따개 미요Miyo,1141,2025-12-15,,2026-10-06 19:56:03,2일차 용팔이 횽아 두둥장,dami_canopener,https://cafe.naver.com/damiscanopener,mysmallvtuber.net,2026-10-06T11:27:37Z
nSTbJqJfSrtjvWrEZWFd,라율,,youtube,UC-xvAYS29Fq3mTj5N0Xupgg,https://www.youtube.com/channel/UC-xvAYS29Fq3mTj5N0Xupgg,라율 원본 박물관,11100,,,2026-10-06 19:56:03,[그냥서버] 오늘도 어슬렁거리는 한량 API 방셀 공지 참고 벌칙 : 촉각슈트,Layule_oi,,mysmallvtuber.net,2026-10-06T11:27:37Z
nSTbJqJfSrtjvWrEZWFd,라율,,soop,layule,https://ch.sooplive.co.kr/layule,라율,5271,,,2026-10-06 19:56:03,[그냥서버] 오늘도 어슬렁거리는 한량 API 방셀 공지 참고 벌칙 : 촉각슈트,Layule_oi,,mysmallvtuber.net,2026-10-06T11:27:37Z
sQhpsNnj6Z84LX3hC9pT,깅나리,,youtube,UCr48whguz2qOwQOq99BejnA,https://www.youtube.com/channel/UCr48whguz2qOwQOq99BejnA,깅나리 GINGNARI,1980,2025-09-20,,2026-10-06 19:52:02,한달 전 깅나리 팬카페에는 무슨 일이 있었을까,gingnari,https://cafe.naver.com/gingnari,mysmallvtuber.net,2026-10-06T11:27:37Z
sQhpsNnj6Z84LX3hC9pT,깅나리,,chzzk,c9392bfbbb1e52a3d022ed9b71c4a60f,https://chzzk.naver.com/c9392bfbbb1e52a3d022ed9b71c4a60f,깅나리,6416,2025-09-20,,2026-10-06 19:52:02,한달 전 깅나리 팬카페에는 무슨 일이 있었을까,gingnari,https://cafe.naver.com/gingnari,mysmallvtuber.net,2026-10-06T11:27:37Z
fkzydZgwUcubNCFCLNyc,덴 카시우스,,youtube,UCiR0hjeg_W365OLZS9UqJKA,https://www.youtube.com/channel/UCiR0hjeg_W365OLZS9UqJKA,덴 카시우스,3940,,,2026-10-06 19:57:02,[셀리브] 감기 조심하세요,Den_Cassius,https://cafe.naver.com/seliv,mysmallvtuber.net,2026-10-06T11:27:37Z
fkzydZgwUcubNCFCLNyc,덴 카시우스,,chzzk,518166cdeb0ac9bb7119a381be5df7f4,https://chzzk.naver.com/518166cdeb0ac9bb7119a381be5df7f4,덴 카시우스,2773,,,2026-10-06 19:57:02,[셀리브] 감기 조심하세요,Den_Cassius,https://cafe.naver.com/seliv,mysmallvtuber.net,2026-10-06T11:27:37Z
ds9AxAE7WNf7W6XHuUdB,유메노 모코,,chzzk,be5a6639bbe6886288d26ac8be73469f,https://chzzk.naver.com/be5a6639bbe6886288d26ac8be73469f,유메노 모코,295,,,2026-10-06 19:49:02,"대리클(고위험, 궤도, 심층) 대리합니다",,,mysmallvtuber.net,2026-10-06T11:27:37Z
vqDs48wu2vkLDwr9Yxwp,카가야키 노바,,youtube,UCgmx-SrWts6ThfpWwSa69gA,https://www.youtube.com/channel/UCgmx-SrWts6ThfpWwSa69gA,카가야키 노바 KAGAYAKI NOVA,5080,2026-07-18,,2026-10-06 19:56:03,억척이의 봉누도 되새김질,KagayakiNova_,https://cafe.naver.com/kagayakinova,mysmallvtuber.net,2026-10-06T11:27:37Z
vqDs48wu2vkLDwr9Yxwp,카가야키 노바,,youtube,UCQnLelmh-HAR-pr28DlWCQg,https://www.youtube.com/channel/UCQnLelmh-HAR-pr28DlWCQg,타코야끼 노바,481,2026-07-18,,2026-10-06 19:56:03,억척이의 봉누도 되새김질,KagayakiNova_,https://cafe.naver.com/kagayakinova,mysmallvtuber.net,2026-10-06T11:27:37Z
vqDs48wu2vkLDwr9Yxwp,카가야키 노바,,chzzk,b73696a325726b5aba0c391b4c70ab46,https://chzzk.naver.com/b73696a325726b5aba0c391b4c70ab46,카가야키 노바,12983,2026-07-18,,2026-10-06 19:56:03,억척이의 봉누도 되새김질,KagayakiNova_,https://cafe.naver.com/kagayakinova,mysmallvtuber.net,2026-10-06T11:27:37Z
az7Xy8WxapPUzQqn9ENr,씬냥,,youtube,UC8hl32RLwbJdPNVeBVZRBAw,https://www.youtube.com/channel/UC8hl32RLwbJdPNVeBVZRBAw,씬냥,272,2024-12-01,,2026-10-06 19:57:02,추억의겜 엘소드 즐겜해보기,ssinnyang_0206,https://cafe.naver.com/ssinnyang,mysmallvtuber.net,2026-10-06T11:27:37Z
az7Xy8WxapPUzQqn9ENr,씬냥,,youtube,UCesgl3xdE50jgIvdRGPAzbA,https://www.youtube.com/channel/UCesgl3xdE50jgIvdRGPAzbA,씬냥_다시보기,118,2024-12-01,,2026-10-06 19:57:02,추억의겜 엘소드 즐겜해보기,ssinnyang_0206,https://cafe.naver.com/ssinnyang,mysmallvtuber.net,2026-10-06T11:27:37Z
az7Xy8WxapPUzQqn9ENr,씬냥,,chzzk,899e6d590f831e7d80143d9acac0247b,https://chzzk.naver.com/899e6d590f831e7d80143d9acac0247b,씬냥,1036,2024-12-01,,2026-10-06 19:57:02,추억의겜 엘소드 즐겜해보기,ssinnyang_0206,https://cafe.naver.com/ssinnyang,mysmallvtuber.net,2026-10-06T11:27:37Z
utXkmrhDRacgZBb6pRqU,망야_,,youtube,UCir68f1DVuwXkVtRU_b9woQ,https://www.youtube.com/channel/UCir68f1DVuwXkVtRU_b9woQ,망야 MANGYA,29600,,,2026-10-06 19:51:03,SBO 대비 야구연습 좋아요 부탁쓰야~💛33/330룰렛,,https://cafe.naver.com/mangya0305,mysmallvtuber.net,2026-10-06T11:27:37Z
utXkmrhDRacgZBb6pRqU,망야_,,soop,habee511,https://ch.sooplive.co.kr/habee511,망야_,12362,,,2026-10-06 19:51:03,SBO 대비 야구연습 좋아요 부탁쓰야~💛33/330룰렛,,https://cafe.naver.com/mangya0305,mysmallvtuber.net,2026-10-06T11:27:37Z
wVhM6yMSfNQ7VHu5venq,청목 Chungmok,Chungmok,youtube,UC1PZeyE74LMkjzTyCfGX0tg,https://www.youtube.com/channel/UC1PZeyE74LMkjzTyCfGX0tg,청목 Chungmok,2540,2025-11-08,,2026-10-06 19:53:03,[사령화] 봉누도 빨간약 먹어보기,Chungmok_SRH1,https://cafe.naver.com/grimproduction,mysmallvtuber.net,2026-10-06T11:27:37Z
wVhM6yMSfNQ7VHu5venq,청목 Chungmok,Chungmok,chzzk,42344dd53d4c5dc33e962c8913f6adc3,https://chzzk.naver.com/42344dd53d4c5dc33e962c8913f6adc3,청목 Chungmok,8273,2025-11-08,,2026-10-06 19:53:03,[사령화] 봉누도 빨간약 먹어보기,Chungmok_SRH1,https://cafe.naver.com/grimproduction,mysmallvtuber.net,2026-10-06T11:27:37Z
ST4ygwCqMSSYSU9hw55d,루시 Luci,Luci,youtube,UCAlAZQaw_3rIm5q2qLIIJXA,https://www.youtube.com/channel/UCAlAZQaw_3rIm5q2qLIIJXA,루시 Luci,9810,2025-11-01,,2026-10-06 19:53:03,[HEXIA] 7시 합방: 갓필드 같은 게임에 초대된 나,Hexia_Luci,,mysmallvtuber.net,2026-10-06T11:27:37Z
ST4ygwCqMSSYSU9hw55d,루시 Luci,Luci,youtube,UCONQGAGcWWY0eFG5YvjZEkQ,https://www.youtube.com/channel/UCONQGAGcWWY0eFG5YvjZEkQ,루시 다시보기,729,2025-11-01,,2026-10-06 19:53:03,[HEXIA] 7시 합방: 갓필드 같은 게임에 초대된 나,Hexia_Luci,,mysmallvtuber.net,2026-10-06T11:27:37Z
ST4ygwCqMSSYSU9hw55d,루시 Luci,Luci,chzzk,0b0dd269c4663fc36ee1eef8a8b1bea4,https://chzzk.naver.com/0b0dd269c4663fc36ee1eef8a8b1bea4,루시 Luci,8835,2025-11-01,,2026-10-06 19:53:03,[HEXIA] 7시 합방: 갓필드 같은 게임에 초대된 나,Hexia_Luci,,mysmallvtuber.net,2026-10-06T11:27:37Z
XcEGsAcFWRBhF8yPxfEM,이해찌,,youtube,UCkyOodOsN-joMYDOBRvk2lg,https://www.youtube.com/channel/UCkyOodOsN-joMYDOBRvk2lg,이해찌 🎮,3460,,,2026-10-06 19:57:02,그냥서버 ] 30만원을 벌어봐요 ʕ ̳• ﻌ - ̳♥ʔ🌻,haezzi_S2,https://cafe.naver.com/estellaofficial,mysmallvtuber.net,2026-10-06T11:27:37Z
XcEGsAcFWRBhF8yPxfEM,이해찌,,youtube,UCn35sdWRzYox746jkv1SpTQ,https://www.youtube.com/channel/UCn35sdWRzYox746jkv1SpTQ,해찌실록🎥,1840,,,2026-10-06 19:57:02,그냥서버 ] 30만원을 벌어봐요 ʕ ̳• ﻌ - ̳♥ʔ🌻,haezzi_S2,https://cafe.naver.com/estellaofficial,mysmallvtuber.net,2026-10-06T11:27:37Z
XcEGsAcFWRBhF8yPxfEM,이해찌,,chzzk,42d9e35fdeee6c2163494eb12961e9da,https://chzzk.naver.com/42d9e35fdeee6c2163494eb12961e9da,이해찌,2401,,,2026-10-06 19:57:02,그냥서버 ] 30만원을 벌어봐요 ʕ ̳• ﻌ - ̳♥ʔ🌻,haezzi_S2,https://cafe.naver.com/estellaofficial,mysmallvtuber.net,2026-10-06T11:27:37Z
vSuJLKfRSMxV23DzBk4n,아이탄,,soop,gh0832310,https://ch.sooplive.co.kr/gh0832310,아이탄,114,,,2026-10-06 19:57:02,"[뉴보이] 머하지 33,330",,,mysmallvtuber.net,2026-10-06T11:27:37Z
unzKYvf7ajQw2nZbfstC,매히두,,youtube,UC4wGHE2oKgNPBKLiV9BCVuA,https://www.youtube.com/channel/UC4wGHE2oKgNPBKLiV9BCVuA,매히두 / HIDU,9820,2025-12-31,,2026-10-06 19:56:03,유희왕 여캐 이상형 월드컵 하는 날 ( ॑˘ ॑ㅅ),maidhidu1,,mysmallvtuber.net,2026-10-06T11:27:37Z
unzKYvf7ajQw2nZbfstC,매히두,,chzzk,e71c92661ec46bcd7f5cd0bb4ca46da4,https://chzzk.naver.com/e71c92661ec46bcd7f5cd0bb4ca46da4,매히두,2682,2025-12-31,,2026-10-06 19:56:03,유희왕 여캐 이상형 월드컵 하는 날 ( ॑˘ ॑ㅅ),maidhidu1,,mysmallvtuber.net,2026-10-06T11:27:37Z
RczkcEEyAnHXJ4rgyct4,민루잼,,youtube,UCqbFwwZnzgxQHHLJBaQ5Z3w,https://www.youtube.com/channel/UCqbFwwZnzgxQHHLJBaQ5Z3w,민루잼,1000,,,2026-10-06 19:31:02,금요일을 기다려,,,mysmallvtuber.net,2026-10-06T11:27:37Z
RczkcEEyAnHXJ4rgyct4,민루잼,,youtube,UCS0n4fwKLlhXDK4kBNsgoiQ,https://www.youtube.com/channel/UCS0n4fwKLlhXDK4kBNsgoiQ,루잼 다시보기,502,,,2026-10-06 19:31:02,금요일을 기다려,,,mysmallvtuber.net,2026-10-06T11:27:37Z
RczkcEEyAnHXJ4rgyct4,민루잼,,chzzk,cb4b5ef6ed487f102a0f2eb2eb6c381e,https://chzzk.naver.com/cb4b5ef6ed487f102a0f2eb2eb6c381e,민루잼,3906,,,2026-10-06 19:31:02,금요일을 기다려,,,mysmallvtuber.net,2026-10-06T11:27:37Z
4KQh8pTBU62f3CFmdv4Y,문유별,,youtube,UC8DBn9wt9AhYC0wVkQt0wGA,https://www.youtube.com/channel/UC8DBn9wt9AhYC0wVkQt0wGA,문유별,5390,2025-05-18,,2026-10-06 19:53:03,오늘 나는 쉬는 날이지만 일찍와서 마크 광질을 한다.,moonyubyeol,https://cafe.naver.com/moonyubyeol,mysmallvtuber.net,2026-10-06T11:27:37Z
4KQh8pTBU62f3CFmdv4Y,문유별,,chzzk,6e55c0f93a4efced1216f2bbf04e020d,https://chzzk.naver.com/6e55c0f93a4efced1216f2bbf04e020d,문유별,806,2025-05-18,,2026-10-06 19:53:03,오늘 나는 쉬는 날이지만 일찍와서 마크 광질을 한다.,moonyubyeol,https://cafe.naver.com/moonyubyeol,mysmallvtuber.net,2026-10-06T11:27:37Z
RFvzDEamHjZm9ZLtbyU5,쵸쵸우,,youtube,UCzoP3s16B9hP7f_qIc6DReQ,https://www.youtube.com/channel/UCzoP3s16B9hP7f_qIc6DReQ,쵸쵸우,473000,,,2026-10-06 19:48:02,원스동 오랜만의 모임🍀 (끝나고 봉누도 위키 다시 읽기),chochou_v,,mysmallvtuber.net,2026-10-06T11:27:37Z
RFvzDEamHjZm9ZLtbyU5,쵸쵸우,,youtube,UC6C2Qs2BB7_IBo42GTdOC9w,https://www.youtube.com/channel/UC6C2Qs2BB7_IBo42GTdOC9w,쵸쵸우 100%,2520,,,2026-10-06 19:48:02,원스동 오랜만의 모임🍀 (끝나고 봉누도 위키 다시 읽기),chochou_v,,mysmallvtuber.net,2026-10-06T11:27:37Z
RFvzDEamHjZm9ZLtbyU5,쵸쵸우,,chzzk,6ec2829475b485474e7bd1df449cb160,https://chzzk.naver.com/6ec2829475b485474e7bd1df449cb160,쵸쵸우,12144,,,2026-10-06 19:48:02,원스동 오랜만의 모임🍀 (끝나고 봉누도 위키 다시 읽기),chochou_v,,mysmallvtuber.net,2026-10-06T11:27:37Z
HMt2vhefQWvv2qVkKqCv,슈퍼덴코,,youtube,UCjVjPkV1wG7ZZLsZeBxSHGA,https://www.youtube.com/channel/UCjVjPkV1wG7ZZLsZeBxSHGA,슈퍼덴코 SuperDenkou,41,2022-09-03,,2026-10-06 19:53:03,초천재에이스파일럿슈퍼덴코 등장! 에이스컴뱃8 시브의 날개,,,mysmallvtuber.net,2026-10-06T11:27:37Z
HMt2vhefQWvv2qVkKqCv,슈퍼덴코,,youtube,UCfob_D9W3ZniyepDCH3gu6g,https://www.youtube.com/channel/UCfob_D9W3ZniyepDCH3gu6g,슈퍼🏍️덴코 다시보기,85,2022-09-03,,2026-10-06 19:53:03,초천재에이스파일럿슈퍼덴코 등장! 에이스컴뱃8 시브의 날개,,,mysmallvtuber.net,2026-10-06T11:27:37Z
HMt2vhefQWvv2qVkKqCv,슈퍼덴코,,chzzk,d013187fba7652c7d380076f604d3bd6,https://chzzk.naver.com/d013187fba7652c7d380076f604d3bd6,슈퍼덴코,327,2022-09-03,,2026-10-06 19:53:03,초천재에이스파일럿슈퍼덴코 등장! 에이스컴뱃8 시브의 날개,,,mysmallvtuber.net,2026-10-06T11:27:37Z
SBxyS5BBWG8s3dpnCrfz,도히짠,,youtube,UCom7Xe8B_dWJcKMV2n3kX6g,https://www.youtube.com/channel/UCom7Xe8B_dWJcKMV2n3kX6g,도히짠,4470,2022-12-28,,2026-10-06 19:55:03,[그냥서버] 돈모아서 메이드카페 갈거임 9시에,,https://cafe.naver.com/dobeeisfree,mysmallvtuber.net,2026-10-06T11:27:37Z
SBxyS5BBWG8s3dpnCrfz,도히짠,,youtube,UCQUD8FFQ-skeCH0pP2KDcqg,https://www.youtube.com/channel/UCQUD8FFQ-skeCH0pP2KDcqg,도히짠 다시보기,490,2022-12-28,,2026-10-06 19:55:03,[그냥서버] 돈모아서 메이드카페 갈거임 9시에,,https://cafe.naver.com/dobeeisfree,mysmallvtuber.net,2026-10-06T11:27:37Z
SBxyS5BBWG8s3dpnCrfz,도히짠,,soop,doheezzan,https://ch.sooplive.co.kr/doheezzan,도히짠,2072,2022-12-28,,2026-10-06 19:55:03,[그냥서버] 돈모아서 메이드카페 갈거임 9시에,,https://cafe.naver.com/dobeeisfree,mysmallvtuber.net,2026-10-06T11:27:37Z
sATSZwsE6WLFTpzSVuRF,위즐리어카,,youtube,UChBGp_7Sef_037Tvz09WKqw,https://www.youtube.com/channel/UChBGp_7Sef_037Tvz09WKqw,위즐리어카,2720,2023-09-16,,2026-10-06 19:57:02,🦔 3000팔 기념 림부기 4장 카몬! 💛,How_wizl,https://cafe.naver.com/vhowstoryv,mysmallvtuber.net,2026-10-06T11:27:37Z
sATSZwsE6WLFTpzSVuRF,위즐리어카,,youtube,UCH8LbMKc7W4HtkjSmtzSLzA,https://www.youtube.com/channel/UCH8LbMKc7W4HtkjSmtzSLzA,위즐이는 게이머가 될 거야,554,2023-09-16,,2026-10-06 19:57:02,🦔 3000팔 기념 림부기 4장 카몬! 💛,How_wizl,https://cafe.naver.com/vhowstoryv,mysmallvtuber.net,2026-10-06T11:27:37Z
sATSZwsE6WLFTpzSVuRF,위즐리어카,,chzzk,e43e57d18238478ab373d447b8017d36,https://chzzk.naver.com/e43e57d18238478ab373d447b8017d36,위즐리어카,2997,2023-09-16,,2026-10-06 19:57:02,🦔 3000팔 기념 림부기 4장 카몬! 💛,How_wizl,https://cafe.naver.com/vhowstoryv,mysmallvtuber.net,2026-10-06T11:27:37Z
p8RqTMfAvqq83s7t7VYX,정묘린,,youtube,UChGjiF-6n3GXsP-gTI_RM4g,https://www.youtube.com/channel/UChGjiF-6n3GXsP-gTI_RM4g,묘린,838,2024-08-10,,2026-10-06 19:54:02,[그냥서버] 제발 오늘은 평안하길...,Myo_Moon_,https://cafe.naver.com/myomoon,mysmallvtuber.net,2026-10-06T11:27:37Z
p8RqTMfAvqq83s7t7VYX,정묘린,,youtube,UCZ8qgQqE40leRS9nQzElZDQ,https://www.youtube.com/channel/UCZ8qgQqE40leRS9nQzElZDQ,묘린 ARCHIVE,233,2024-08-10,,2026-10-06 19:54:02,[그냥서버] 제발 오늘은 평안하길...,Myo_Moon_,https://cafe.naver.com/myomoon,mysmallvtuber.net,2026-10-06T11:27:37Z
p8RqTMfAvqq83s7t7VYX,정묘린,,chzzk,7d82cfea7545107e3dd0379c885cb0e0,https://chzzk.naver.com/7d82cfea7545107e3dd0379c885cb0e0,정묘린,1163,2024-08-10,,2026-10-06 19:54:02,[그냥서버] 제발 오늘은 평안하길...,Myo_Moon_,https://cafe.naver.com/myomoon,mysmallvtuber.net,2026-10-06T11:27:37Z
vaF2wnSv7NRGNLrBPVab,히즈키 나루,,youtube,UCMT86hiNPnDW0_1Io63Nk7A,https://www.youtube.com/channel/UCMT86hiNPnDW0_1Io63Nk7A,히즈키 나루,2680,2023-07-14,,2026-10-06 19:52:02,방 탈출시뮬레이터 w.김톡히,,https://cafe.naver.com/owohehe,mysmallvtuber.net,2026-10-06T11:27:37Z
vaF2wnSv7NRGNLrBPVab,히즈키 나루,,youtube,UCNSM3AQGb0j1q5cgBY5Xqng,https://www.youtube.com/channel/UCNSM3AQGb0j1q5cgBY5Xqng,알배추나루,488,2023-07-14,,2026-10-06 19:52:02,방 탈출시뮬레이터 w.김톡히,,https://cafe.naver.com/owohehe,mysmallvtuber.net,2026-10-06T11:27:37Z
vaF2wnSv7NRGNLrBPVab,히즈키 나루,,chzzk,f7e71c69f222a684ed3e323e025d1fa7,https://chzzk.naver.com/f7e71c69f222a684ed3e323e025d1fa7,히즈키 나루,3923,2023-07-14,,2026-10-06 19:52:02,방 탈출시뮬레이터 w.김톡히,,https://cafe.naver.com/owohehe,mysmallvtuber.net,2026-10-06T11:27:37Z
F2PX6EUppFkK2pUYjECH,김맞는,,youtube,UCc0zt6GuEgsTPrwaAmc5k-A,https://www.youtube.com/channel/UCc0zt6GuEgsTPrwaAmc5k-A,김맞는,97,,,2026-10-06 19:49:02,💙지난 3일과 오늘 일어난 일들🎨,kimright0,https://cafe.naver.com/kimright0,mysmallvtuber.net,2026-10-06T11:27:37Z
F2PX6EUppFkK2pUYjECH,김맞는,,chzzk,c376622f765901eb5cc983ecd16f511f,https://chzzk.naver.com/c376622f765901eb5cc983ecd16f511f,김맞는,1776,,,2026-10-06 19:49:02,💙지난 3일과 오늘 일어난 일들🎨,kimright0,https://cafe.naver.com/kimright0,mysmallvtuber.net,2026-10-06T11:27:37Z
7xFT6xjUzcYX3aV2KSDZ,김멩뚜,,youtube,UCYc3Zzx008dBZEIhNnxIOyg,https://www.youtube.com/channel/UCYc3Zzx008dBZEIhNnxIOyg,김멩뚜,2650,,,2026-10-06 19:51:03,🍑2천팔 달성하면 머 할까요,mengddu3u,https://cafe.naver.com/mengddu,mysmallvtuber.net,2026-10-06T11:27:37Z
7xFT6xjUzcYX3aV2KSDZ,김멩뚜,,youtube,UC_A2rN6zTo3JV5B8RtJ5-mw,https://www.youtube.com/channel/UC_A2rN6zTo3JV5B8RtJ5-mw,꺼진 멩뚜도 다시보자,103,,,2026-10-06 19:51:03,🍑2천팔 달성하면 머 할까요,mengddu3u,https://cafe.naver.com/mengddu,mysmallvtuber.net,2026-10-06T11:27:37Z
7xFT6xjUzcYX3aV2KSDZ,김멩뚜,,chzzk,749a0e6bbc227a7a69206650415c2299,https://chzzk.naver.com/749a0e6bbc227a7a69206650415c2299,김멩뚜,1982,,,2026-10-06 19:51:03,🍑2천팔 달성하면 머 할까요,mengddu3u,https://cafe.naver.com/mengddu,mysmallvtuber.net,2026-10-06T11:27:37Z
3MbcJtBpXpzvFBAp85hQ,세이로쿠 키라,,youtube,UCxK9Lu1TjYqUH0FAOqW9EXQ,https://www.youtube.com/channel/UCxK9Lu1TjYqUH0FAOqW9EXQ,세이로쿠 키라 Seiroku Kira,1910,2025-09-05,,2026-10-06 19:53:03,에바에 타라,SeirokuKira,https://cafe.naver.com/reactkrofficial,mysmallvtuber.net,2026-10-06T11:27:37Z
3MbcJtBpXpzvFBAp85hQ,세이로쿠 키라,,chzzk,f63f66f701a9af347c668f3056cdaa9a,https://chzzk.naver.com/f63f66f701a9af347c668f3056cdaa9a,세이로쿠 키라,4409,2025-09-05,,2026-10-06 19:53:03,에바에 타라,SeirokuKira,https://cafe.naver.com/reactkrofficial,mysmallvtuber.net,2026-10-06T11:27:37Z
BqHdPGWRQWEH6bkLMM3q,쿠마루,,youtube,UC9Q7MsMg-hCNW0PzSSFVaIQ,https://www.youtube.com/channel/UC9Q7MsMg-hCNW0PzSSFVaIQ,쿠마루 Kumaru,15900,2024-03-04,,2026-10-06 19:55:03,슬더스2 흐흐,v_kurkuma,https://cafe.naver.com/kumaru,mysmallvtuber.net,2026-10-06T11:27:37Z
BqHdPGWRQWEH6bkLMM3q,쿠마루,,chzzk,e6df84b539791aba763f533f87ce3342,https://chzzk.naver.com/e6df84b539791aba763f533f87ce3342,쿠마루,9616,2024-03-04,,2026-10-06 19:55:03,슬더스2 흐흐,v_kurkuma,https://cafe.naver.com/kumaru,mysmallvtuber.net,2026-10-06T11:27:37Z
aW5PR7FXVgGQznuFYtfs,오단밍,,youtube,UCgiVrKwgg7VQ6OM8nKHTm3A,https://www.youtube.com/channel/UCgiVrKwgg7VQ6OM8nKHTm3A,오단밍ㆍlistella,4040,2024-09-15,,2026-10-06 19:56:03,"오늘은 연습하는날 (w. 이글콥 , 브이챠 , 이샤)",odanming,https://cafe.naver.com/listellaofficial,mysmallvtuber.net,2026-10-06T11:27:37Z
aW5PR7FXVgGQznuFYtfs,오단밍,,youtube,UCaSEyKvFHBauJ_dX94mthBg,https://www.youtube.com/channel/UCaSEyKvFHBauJ_dX94mthBg,오단밍 다시보기,1300,2024-09-15,,2026-10-06 19:56:03,"오늘은 연습하는날 (w. 이글콥 , 브이챠 , 이샤)",odanming,https://cafe.naver.com/listellaofficial,mysmallvtuber.net,2026-10-06T11:27:37Z
aW5PR7FXVgGQznuFYtfs,오단밍,,chzzk,f3b204dd3fd6925835ca1848cd4b6d3c,https://chzzk.naver.com/f3b204dd3fd6925835ca1848cd4b6d3c,오단밍,18115,2024-09-15,,2026-10-06 19:56:03,"오늘은 연습하는날 (w. 이글콥 , 브이챠 , 이샤)",odanming,https://cafe.naver.com/listellaofficial,mysmallvtuber.net,2026-10-06T11:27:37Z
yMPdfqSnUmzfkYqqL75M,은초이 Choy,Choy,youtube,UCLj64SVR6s5cu0IEozBEphg,https://www.youtube.com/channel/UCLj64SVR6s5cu0IEozBEphg,은초이 choy,505,2025-11-11,,2026-10-06 19:55:03,힐링마크💙,Eun_choy,https://cafe.naver.com/eunchoy,mysmallvtuber.net,2026-10-06T11:27:37Z
yMPdfqSnUmzfkYqqL75M,은초이 Choy,Choy,youtube,UCchU7_y7AMPj03CgBjtsRDA,https://www.youtube.com/channel/UCchU7_y7AMPj03CgBjtsRDA,금초이,149,2025-11-11,,2026-10-06 19:55:03,힐링마크💙,Eun_choy,https://cafe.naver.com/eunchoy,mysmallvtuber.net,2026-10-06T11:27:37Z
yMPdfqSnUmzfkYqqL75M,은초이 Choy,Choy,chzzk,fd8516eb8d31a8a5147e94c281ae3f07,https://chzzk.naver.com/fd8516eb8d31a8a5147e94c281ae3f07,은초이 Choy,1901,2025-11-11,,2026-10-06 19:55:03,힐링마크💙,Eun_choy,https://cafe.naver.com/eunchoy,mysmallvtuber.net,2026-10-06T11:27:37Z
696gTJXYLPL7878McjQw,쿠우♪,,youtube,UCKDZKVDTqP6qrV6NyoytFfw,https://www.youtube.com/channel/UCKDZKVDTqP6qrV6NyoytFfw,쿠우,18900,2022-06-07,,2026-10-06 19:56:03,해적 같이 보기 💛,qoo_dayom,https://cafe.naver.com/qooigloo,mysmallvtuber.net,2026-10-06T11:27:37Z
696gTJXYLPL7878McjQw,쿠우♪,,youtube,UCAEZMb30mzm9dkVtzP2jeTw,https://www.youtube.com/channel/UCAEZMb30mzm9dkVtzP2jeTw,쿠우다시보기,1400,2022-06-07,,2026-10-06 19:56:03,해적 같이 보기 💛,qoo_dayom,https://cafe.naver.com/qooigloo,mysmallvtuber.net,2026-10-06T11:27:37Z
696gTJXYLPL7878McjQw,쿠우♪,,soop,qooqoo3110,https://ch.sooplive.co.kr/qooqoo3110,쿠우♪,23291,2022-06-07,,2026-10-06 19:56:03,해적 같이 보기 💛,qoo_dayom,https://cafe.naver.com/qooigloo,mysmallvtuber.net,2026-10-06T11:27:37Z
Rmpc9Sn5WK7tUAmh9KGd,지요,,youtube,UCcy7G3cnVYpfqzvz2d29uuw,https://www.youtube.com/channel/UCcy7G3cnVYpfqzvz2d29uuw,지요,546,2024-07-27,,2026-10-06 19:56:03,헬로우 . . 잇쯔 미 . . 등 - 쟝인 것이지요 💤,ziyo_uwu,https://cafe.naver.com/ziyoeo1,mysmallvtuber.net,2026-10-06T11:27:37Z
Rmpc9Sn5WK7tUAmh9KGd,지요,,youtube,UC3Gs3jWqCFE_YXkkTLM94Dg,https://www.youtube.com/channel/UC3Gs3jWqCFE_YXkkTLM94Dg,지요가 했지요,721,2024-07-27,,2026-10-06 19:56:03,헬로우 . . 잇쯔 미 . . 등 - 쟝인 것이지요 💤,ziyo_uwu,https://cafe.naver.com/ziyoeo1,mysmallvtuber.net,2026-10-06T11:27:37Z
Rmpc9Sn5WK7tUAmh9KGd,지요,,chzzk,8729b4ac10b8fb5b95f489f4c243b181,https://chzzk.naver.com/8729b4ac10b8fb5b95f489f4c243b181,지요,3812,2024-07-27,,2026-10-06 19:56:03,헬로우 . . 잇쯔 미 . . 등 - 쟝인 것이지요 💤,ziyo_uwu,https://cafe.naver.com/ziyoeo1,mysmallvtuber.net,2026-10-06T11:27:37Z
HMY5adHjMwWnmNcgY83k,아홀로 루파,,youtube,UC9gVXsUQNKvj-sn_SAdDi9g,https://www.youtube.com/channel/UC9gVXsUQNKvj-sn_SAdDi9g,아홀로 루파,7350,2025-06-15,,2026-10-06 19:55:03,배터리몇퍼센트예요또얼마안남았죠제가그럴줄알았어요맨날충전하는거까먹으니까그냥제충전기가져가세요아니빌려주는거말고아예당신쓰라고주는거예요대신하나약속해요배터리없을때마다이거누가줬는지한번씩생각하기요,AholoRupa,https://cafe.naver.com/aholorupacafe,mysmallvtuber.net,2026-10-06T11:27:37Z
HMY5adHjMwWnmNcgY83k,아홀로 루파,,chzzk,3e948667805e7627459a599018d05853,https://chzzk.naver.com/3e948667805e7627459a599018d05853,아홀로 루파,6497,2025-06-15,,2026-10-06 19:55:03,배터리몇퍼센트예요또얼마안남았죠제가그럴줄알았어요맨날충전하는거까먹으니까그냥제충전기가져가세요아니빌려주는거말고아예당신쓰라고주는거예요대신하나약속해요배터리없을때마다이거누가줬는지한번씩생각하기요,AholoRupa,https://cafe.naver.com/aholorupacafe,mysmallvtuber.net,2026-10-06T11:27:37Z
vvyWWsqEJTacmvkT8jMg,야시로 YASIRO,YASIRO,youtube,UCSmvYWeOqxFdCZAyIBY3OJA,https://www.youtube.com/channel/UCSmvYWeOqxFdCZAyIBY3OJA,나는야 시로,565,2024-01-02,,2026-10-06 19:51:03,실버1 가는 날,yasiro__,https://cafe.naver.com/terafore,mysmallvtuber.net,2026-10-06T11:27:37Z
vvyWWsqEJTacmvkT8jMg,야시로 YASIRO,YASIRO,chzzk,d6e680f5b17eba0b078f978dd722c0f3,https://chzzk.naver.com/d6e680f5b17eba0b078f978dd722c0f3,야시로 YASIRO,3843,2024-01-02,,2026-10-06 19:51:03,실버1 가는 날,yasiro__,https://cafe.naver.com/terafore,mysmallvtuber.net,2026-10-06T11:27:37Z
qX57jjSgvXs9djQVg4ML,케 이 지,,youtube,UCJKj0aGSbdznK5JG_b9pInQ,https://www.youtube.com/channel/UCJKj0aGSbdznK5JG_b9pInQ,케이지,81,2020-08-19,,2026-10-06 19:54:02,❄[버미육] 이거 빨리 엔딩 봐야하는데 왜이리 길어!!❄,vrc_keiji130,,mysmallvtuber.net,2026-10-06T11:27:37Z
qX57jjSgvXs9djQVg4ML,케 이 지,,youtube,UCGoXTw5msFYnGc7-g5KFn0Q,https://www.youtube.com/channel/UCGoXTw5msFYnGc7-g5KFn0Q,케이지 다시보기 채널,27,2020-08-19,,2026-10-06 19:54:02,❄[버미육] 이거 빨리 엔딩 봐야하는데 왜이리 길어!!❄,vrc_keiji130,,mysmallvtuber.net,2026-10-06T11:27:37Z
qX57jjSgvXs9djQVg4ML,케 이 지,,chzzk,454b28a20b12e0ba8786780ca35677d7,https://chzzk.naver.com/454b28a20b12e0ba8786780ca35677d7,케 이 지,706,2020-08-19,,2026-10-06 19:54:02,❄[버미육] 이거 빨리 엔딩 봐야하는데 왜이리 길어!!❄,vrc_keiji130,,mysmallvtuber.net,2026-10-06T11:27:37Z
TeEV52fIEOoPuyWf8yDZ,포키쨩,,youtube,UCGOojUpn8QUVmZggtIoJu4A,https://www.youtube.com/channel/UCGOojUpn8QUVmZggtIoJu4A,포키쨩,7270,2022-11-11,,2026-10-06 19:48:02,"팀명은 아직 엠바고입니다 없는게아니고 엠바고에요w.아카캉,찡스임",POCKY_Chan8_8,https://cafe.naver.com/allyearopen24hours,mysmallvtuber.net,2026-10-06T11:27:37Z
TeEV52fIEOoPuyWf8yDZ,포키쨩,,youtube,UCANEEITdmcqaROZc1mwUAWw,https://www.youtube.com/channel/UCANEEITdmcqaROZc1mwUAWw,FULL포키 [ 포키쨩 생방송 다시보기 ],1180,2022-11-11,,2026-10-06 19:48:02,"팀명은 아직 엠바고입니다 없는게아니고 엠바고에요w.아카캉,찡스임",POCKY_Chan8_8,https://cafe.naver.com/allyearopen24hours,mysmallvtuber.net,2026-10-06T11:27:37Z
TeEV52fIEOoPuyWf8yDZ,포키쨩,,chzzk,c8adce2ff4a3618931e07c327e1fa070,https://chzzk.naver.com/c8adce2ff4a3618931e07c327e1fa070,포키쨩,29916,2022-11-11,,2026-10-06 19:48:02,"팀명은 아직 엠바고입니다 없는게아니고 엠바고에요w.아카캉,찡스임",POCKY_Chan8_8,https://cafe.naver.com/allyearopen24hours,mysmallvtuber.net,2026-10-06T11:27:37Z
Qy9zGzQXFLTkxFkzxPxt,홍서월,,youtube,UC2EayZ4BEOZjrTarX70Cw1w,https://www.youtube.com/channel/UC2EayZ4BEOZjrTarX70Cw1w,홍서월,1370,2024-05-30,,2026-10-06 19:50:04,🌕[카페탐방] 이것은 방송인가 안부인사인가⚖️,seowolhong,https://cafe.naver.com/mongsangc,mysmallvtuber.net,2026-10-06T11:27:37Z
Qy9zGzQXFLTkxFkzxPxt,홍서월,,youtube,UC5iZy8-c2ZsBsbx6yFgrPCQ,https://www.youtube.com/channel/UC5iZy8-c2ZsBsbx6yFgrPCQ,긴서월,890,2024-05-30,,2026-10-06 19:50:04,🌕[카페탐방] 이것은 방송인가 안부인사인가⚖️,seowolhong,https://cafe.naver.com/mongsangc,mysmallvtuber.net,2026-10-06T11:27:37Z
Qy9zGzQXFLTkxFkzxPxt,홍서월,,chzzk,227b431ef15d1085ba29f54b8a7048fd,https://chzzk.naver.com/227b431ef15d1085ba29f54b8a7048fd,홍서월,7174,2024-05-30,,2026-10-06 19:50:04,🌕[카페탐방] 이것은 방송인가 안부인사인가⚖️,seowolhong,https://cafe.naver.com/mongsangc,mysmallvtuber.net,2026-10-06T11:27:37Z
UwCM86xebchM7xdKAFtz,유기농솜사탕,,youtube,UCOD7x2tG6H1K8svg3l4Uk8g,https://www.youtube.com/channel/UCOD7x2tG6H1K8svg3l4Uk8g,유기농솜사탕,1730,,,2026-10-06 19:48:02,7.1 마신임무 이제야 같이보기,,https://cafe.naver.com/yousomworld,mysmallvtuber.net,2026-10-06T11:27:37Z
UwCM86xebchM7xdKAFtz,유기농솜사탕,,youtube,UCcq5_NbDaZsi6EpCxtGZccQ,https://www.youtube.com/channel/UCcq5_NbDaZsi6EpCxtGZccQ,솜사탕 보관소,412,,,2026-10-06 19:48:02,7.1 마신임무 이제야 같이보기,,https://cafe.naver.com/yousomworld,mysmallvtuber.net,2026-10-06T11:27:37Z
UwCM86xebchM7xdKAFtz,유기농솜사탕,,chzzk,1fd54afbec396b332cf2883561f48a0e,https://chzzk.naver.com/1fd54afbec396b332cf2883561f48a0e,유기농솜사탕,2068,,,2026-10-06 19:48:02,7.1 마신임무 이제야 같이보기,,https://cafe.naver.com/yousomworld,mysmallvtuber.net,2026-10-06T11:27:37Z
QCNfdSWUb8BbxhANfSu8,밤새나,,youtube,UC6MqNwFPHEd7YYOBILZbWQQ,https://www.youtube.com/channel/UC6MqNwFPHEd7YYOBILZbWQQ,밤새나 BAMSAENA,2080,2022-03-09,,2026-10-06 19:52:02,6시)🥚 An Eggstremely Hard Game (w.햄쩌구)🐣,bamsaena,,mysmallvtuber.net,2026-10-06T11:27:37Z
QCNfdSWUb8BbxhANfSu8,밤새나,,youtube,UCzSfVbOe92XdXaZkVzSsqgg,https://www.youtube.com/channel/UCzSfVbOe92XdXaZkVzSsqgg,밤새나는 교신중,1160,2022-03-09,,2026-10-06 19:52:02,6시)🥚 An Eggstremely Hard Game (w.햄쩌구)🐣,bamsaena,,mysmallvtuber.net,2026-10-06T11:27:37Z
QCNfdSWUb8BbxhANfSu8,밤새나,,soop,bamsaena,https://ch.sooplive.co.kr/bamsaena,밤새나,2133,2022-03-09,,2026-10-06 19:52:02,6시)🥚 An Eggstremely Hard Game (w.햄쩌구)🐣,bamsaena,,mysmallvtuber.net,2026-10-06T11:27:37Z
38CnARGRMngP8xLJbkMU,유나욘,,youtube,UCx8zoL_sTds7wJahHG2c_Zg,https://www.youtube.com/channel/UCx8zoL_sTds7wJahHG2c_Zg,유나욘 YOUNAYON,1200,2024-06-20,,2026-10-06 19:55:03,칼바람 할래요 ( •̀ ω •́ )✧,,https://cafe.naver.com/yontie,mysmallvtuber.net,2026-10-06T11:27:37Z
38CnARGRMngP8xLJbkMU,유나욘,,chzzk,652abc4f57f73627fd3b63c1acb46735,https://chzzk.naver.com/652abc4f57f73627fd3b63c1acb46735,유나욘,1810,2024-06-20,,2026-10-06 19:55:03,칼바람 할래요 ( •̀ ω •́ )✧,,https://cafe.naver.com/yontie,mysmallvtuber.net,2026-10-06T11:27:37Z
BUBNzUDwsVcaXPtk5Mbn,꽃설화,,youtube,UClMDJJxZH3p9c9G7BzRXjew,https://www.youtube.com/channel/UClMDJJxZH3p9c9G7BzRXjew,꽃설화,2680,2022-12-13,,2026-10-06 19:48:02,오늘도 설렁설렁 스토리보기 ٩ ( ᐢ・ω・ᐢ )”♡,kimshwa0529,https://cafe.naver.com/shwa0529,mysmallvtuber.net,2026-10-06T11:27:37Z
BUBNzUDwsVcaXPtk5Mbn,꽃설화,,chzzk,03057fc06e3b182b3c28adbf23f6d3f6,https://chzzk.naver.com/03057fc06e3b182b3c28adbf23f6d3f6,꽃설화,2419,2022-12-13,,2026-10-06 19:48:02,오늘도 설렁설렁 스토리보기 ٩ ( ᐢ・ω・ᐢ )”♡,kimshwa0529,https://cafe.naver.com/shwa0529,mysmallvtuber.net,2026-10-06T11:27:37Z
WYe5yUR7db86Rbqf9H3q,샤르망,,youtube,UCiWqkt4_1wzWtvCuUAe0fTA,https://www.youtube.com/channel/UCiWqkt4_1wzWtvCuUAe0fTA,샤르망 [ Charmante ],7030,2023-11-19,,2026-10-06 17:40:05,은밀한 방송 [ 이브닛 ],charmante_owo,https://cafe.naver.com/godanssity,mysmallvtuber.net,2026-10-06T11:27:37Z
WYe5yUR7db86Rbqf9H3q,샤르망,,youtube,UC-Q-L_gwoOYsppZ3d8z1uJA,https://www.youtube.com/channel/UC-Q-L_gwoOYsppZ3d8z1uJA,샤르망 다시보기,2140,2023-11-19,,2026-10-06 17:40:05,은밀한 방송 [ 이브닛 ],charmante_owo,https://cafe.naver.com/godanssity,mysmallvtuber.net,2026-10-06T11:27:37Z
WYe5yUR7db86Rbqf9H3q,샤르망,,soop,owozzz,https://ch.sooplive.co.kr/owozzz,샤르망,41292,2023-11-19,,2026-10-06 17:40:05,은밀한 방송 [ 이브닛 ],charmante_owo,https://cafe.naver.com/godanssity,mysmallvtuber.net,2026-10-06T11:27:37Z
AAGQhFvuSmaX9GPs2tpf,연 홍차,,youtube,UCapUqAVV7EX73X_WA_M9RfQ,https://www.youtube.com/channel/UCapUqAVV7EX73X_WA_M9RfQ,연홍차 - Runellium -,18400,2026-02-04,,2026-10-06 19:53:03,백합게임 하는 날 【그 꽃잎에 입맞춤을】,yeonhongcha,https://discord.com/invite/eSxDGu7xBa,mysmallvtuber.net,2026-10-06T11:27:37Z
AAGQhFvuSmaX9GPs2tpf,연 홍차,,youtube,UCe7Af13ohRnUm0N7ocLWNcA,https://www.youtube.com/channel/UCe7Af13ohRnUm0N7ocLWNcA,연홍차 다시보기,3440,2026-02-04,,2026-10-06 19:53:03,백합게임 하는 날 【그 꽃잎에 입맞춤을】,yeonhongcha,https://discord.com/invite/eSxDGu7xBa,mysmallvtuber.net,2026-10-06T11:27:37Z
AAGQhFvuSmaX9GPs2tpf,연 홍차,,chzzk,1bba9dea7f936bdcfe06962bcf0d686a,https://chzzk.naver.com/1bba9dea7f936bdcfe06962bcf0d686a,연 홍차,10647,2026-02-04,,2026-10-06 19:53:03,백합게임 하는 날 【그 꽃잎에 입맞춤을】,yeonhongcha,https://discord.com/invite/eSxDGu7xBa,mysmallvtuber.net,2026-10-06T11:27:37Z
bRLBcmQGfCRwSTTWysLT,므엥이,,youtube,UC7lbDCeOCeYC11Rt5B-ZNyQ,https://www.youtube.com/channel/UC7lbDCeOCeYC11Rt5B-ZNyQ,므엥이,32900,2023-05-23,,2026-10-06 19:57:02,담력을 기를수없는 공포게임날.. 🎃,mueeng030,https://cafe.naver.com/choiowo,mysmallvtuber.net,2026-10-06T11:27:37Z
bRLBcmQGfCRwSTTWysLT,므엥이,,youtube,UCSCQonGPUfHjTi6GtjWHvPg,https://www.youtube.com/channel/UCSCQonGPUfHjTi6GtjWHvPg,므엥이 다시봐요,1280,2023-05-23,,2026-10-06 19:57:02,담력을 기를수없는 공포게임날.. 🎃,mueeng030,https://cafe.naver.com/choiowo,mysmallvtuber.net,2026-10-06T11:27:37Z
bRLBcmQGfCRwSTTWysLT,므엥이,,chzzk,b5b18dc043cbf37ee67e4615687b8f77,https://chzzk.naver.com/b5b18dc043cbf37ee67e4615687b8f77,므엥이,9564,2023-05-23,,2026-10-06 19:57:02,담력을 기를수없는 공포게임날.. 🎃,mueeng030,https://cafe.naver.com/choiowo,mysmallvtuber.net,2026-10-06T11:27:37Z
m5CVuf9B8njkVG3BKn6v,ㄴ모서리ㄱ,,youtube,UCkGJ5jj8h8PxPVZXaEJBLYQ,https://www.youtube.com/channel/UCkGJ5jj8h8PxPVZXaEJBLYQ,ㄴ모서리ㄱ moseoli 【VRECORD】,51,2024-07-30,,2026-10-06 19:50:04,[유입환영] 젠존제 1시즌 3장 이어서 하는 늅늅 젠붕이,nunseoli,,mysmallvtuber.net,2026-10-06T11:27:37Z
m5CVuf9B8njkVG3BKn6v,ㄴ모서리ㄱ,,chzzk,bc64d1142877738a7d31f584ae13ea79,https://chzzk.naver.com/bc64d1142877738a7d31f584ae13ea79,ㄴ모서리ㄱ,759,2024-07-30,,2026-10-06 19:50:04,[유입환영] 젠존제 1시즌 3장 이어서 하는 늅늅 젠붕이,nunseoli,,mysmallvtuber.net,2026-10-06T11:27:37Z
HjcQfp9VGwpThhCmWFhH,방찌,,youtube,UCXkW_NQa79FM1mNWnTm2X-w,https://www.youtube.com/channel/UCXkW_NQa79FM1mNWnTm2X-w,방찌,24300,2023-09-17,,2026-10-06 19:49:02,봉누도2 알보칠 나무위키 + 빨간약,,https://cafe.naver.com/bangjjeefan,mysmallvtuber.net,2026-10-06T11:27:37Z
HjcQfp9VGwpThhCmWFhH,방찌,,chzzk,fd3b54f2ce729c7a7172ed639720632d,https://chzzk.naver.com/fd3b54f2ce729c7a7172ed639720632d,방찌,29247,2023-09-17,,2026-10-06 19:49:02,봉누도2 알보칠 나무위키 + 빨간약,,https://cafe.naver.com/bangjjeefan,mysmallvtuber.net,2026-10-06T11:27:37Z
a7c5kKpnVdteddtD6VbH,모푸,,youtube,UChDcxaTtvQ_Y9EaB-CNoCEg,https://www.youtube.com/channel/UChDcxaTtvQ_Y9EaB-CNoCEg,모푸,5550,2024-12-15,,2026-10-06 19:50:04,코맹맹복쉬햇뷴댜 ☁️,mopupuri,https://cafe.naver.com/mopu,mysmallvtuber.net,2026-10-06T11:27:37Z
a7c5kKpnVdteddtD6VbH,모푸,,youtube,UCjyyrJGb0Lhf7F8dAp4arEw,https://www.youtube.com/channel/UCjyyrJGb0Lhf7F8dAp4arEw,모푸 다시보기,558,2024-12-15,,2026-10-06 19:50:04,코맹맹복쉬햇뷴댜 ☁️,mopupuri,https://cafe.naver.com/mopu,mysmallvtuber.net,2026-10-06T11:27:37Z
a7c5kKpnVdteddtD6VbH,모푸,,chzzk,1686a04d1a643498d39f2fb50459c0ac,https://chzzk.naver.com/1686a04d1a643498d39f2fb50459c0ac,모푸,6304,2024-12-15,,2026-10-06 19:50:04,코맹맹복쉬햇뷴댜 ☁️,mopupuri,https://cafe.naver.com/mopu,mysmallvtuber.net,2026-10-06T11:27:37Z
k5pduGPFCS3ycGf8aUgQ,이호 E2HO,E2HO,youtube,UCfSRLly_Yah1pzu3WWreNDw,https://www.youtube.com/channel/UCfSRLly_Yah1pzu3WWreNDw,이호 E2HO,73,2024-11-22,,2026-10-06 19:12:03,[V/유입환영] 배고픈 7시,E2HO_,,mysmallvtuber.net,2026-10-06T11:27:37Z
k5pduGPFCS3ycGf8aUgQ,이호 E2HO,E2HO,youtube,UCg5LtJRJtHIxOudjxSyfaLQ,https://www.youtube.com/channel/UCg5LtJRJtHIxOudjxSyfaLQ,풀버전이호,10,2024-11-22,,2026-10-06 19:12:03,[V/유입환영] 배고픈 7시,E2HO_,,mysmallvtuber.net,2026-10-06T11:27:37Z
k5pduGPFCS3ycGf8aUgQ,이호 E2HO,E2HO,chzzk,21a7930c695a00f84d432bf4f9a9d158,https://chzzk.naver.com/21a7930c695a00f84d432bf4f9a9d158,이호 E2HO,826,2024-11-22,,2026-10-06 19:12:03,[V/유입환영] 배고픈 7시,E2HO_,,mysmallvtuber.net,2026-10-06T11:27:37Z
WfJkgyrq8QMKcM2Gh45g,모카:b,b,youtube,UCiQ3nmup_0jgUOnZ_MQcwKQ,https://www.youtube.com/channel/UCiQ3nmup_0jgUOnZ_MQcwKQ,모카:b,4930,2024-07-09,,2026-10-06 19:54:02,"[UR:L] 그냥서버 빚 무조건 다 청산합니다 모카. 51/510 룰렛, 1000개 확정",kurokawa_moca,,mysmallvtuber.net,2026-10-06T11:27:37Z
WfJkgyrq8QMKcM2Gh45g,모카:b,b,soop,mocamu2,https://ch.sooplive.co.kr/mocamu2,모카:b,19727,2024-07-09,,2026-10-06 19:54:02,"[UR:L] 그냥서버 빚 무조건 다 청산합니다 모카. 51/510 룰렛, 1000개 확정",kurokawa_moca,,mysmallvtuber.net,2026-10-06T11:27:37Z
8QGxMh35q8heBwT5azUP,족제비와토끼,,chzzk,b20c3fe90315b3b88964dbe9dea7f27a,https://chzzk.naver.com/b20c3fe90315b3b88964dbe9dea7f27a,족제비와토끼,7645,,,2026-10-06 19:50:04,6시 림부기 중,,,mysmallvtuber.net,2026-10-06T11:27:37Z
HUTaMwfJTaNUKmjZtH6w,단즈_,,soop,danz59,https://ch.sooplive.co.kr/danz59,단즈_,33866,2019-09-29,,2026-10-06 19:51:03,6시 더 울프 런 [안본눈:1개팬챗],,,mysmallvtuber.net,2026-10-06T11:27:37Z
8V8Z2WY9a2c4EFG3WnM3,카우리3,,youtube,UC4XPCZY-Sei1WZiEtN8-6lA,https://www.youtube.com/channel/UC4XPCZY-Sei1WZiEtN8-6lA,카우리,196,2025-05-05,,2026-10-06 19:48:02,[62일차/초파민] 맵 탐방중 추천 받습니다 // SBO 업 부탁드려요!💚,kawri_7,,mysmallvtuber.net,2026-10-06T11:27:37Z
8V8Z2WY9a2c4EFG3WnM3,카우리3,,soop,kawri3,https://ch.sooplive.co.kr/kawri3,카우리3,374,2025-05-05,,2026-10-06 19:48:02,[62일차/초파민] 맵 탐방중 추천 받습니다 // SBO 업 부탁드려요!💚,kawri_7,,mysmallvtuber.net,2026-10-06T11:27:37Z
xeVNtYRFgnvTSTNmNtnU,어츄,,chzzk,568c1f0a86448b075ac7ff597c407b88,https://chzzk.naver.com/568c1f0a86448b075ac7ff597c407b88,어츄,1672,2025-02-20,,2026-10-06 19:54:02,스타듀밸리 1일차,,https://cafe.naver.com/ahchuddangkong2,mysmallvtuber.net,2026-10-06T11:27:37Z
J8GFTwQxd5awwRGmZs3b,큐랑,,youtube,UCEgxPXTB2ahzMASjbOhCwQw,https://www.youtube.com/channel/UCEgxPXTB2ahzMASjbOhCwQw,큐랑,86600,2023-07-15,,2026-10-06 19:48:02,아침?부터 SBO 연습하는게 맞나? 으어앍🪼,Qrang_vir,https://cafe.naver.com/qrang513,mysmallvtuber.net,2026-10-06T11:27:37Z
J8GFTwQxd5awwRGmZs3b,큐랑,,soop,qrang513,https://ch.sooplive.co.kr/qrang513,큐랑,10160,2023-07-15,,2026-10-06 19:48:02,아침?부터 SBO 연습하는게 맞나? 으어앍🪼,Qrang_vir,https://cafe.naver.com/qrang513,mysmallvtuber.net,2026-10-06T11:27:37Z
yRtA3R8LrsFNjC3Lz6Ky,김뀰빵,,youtube,UCBBhayqr0YGQkks2SuC27sg,https://www.youtube.com/channel/UCBBhayqr0YGQkks2SuC27sg,김뀰빵,1710,,,2026-10-06 19:56:03,아케치 주세요,,,mysmallvtuber.net,2026-10-06T11:27:37Z
yRtA3R8LrsFNjC3Lz6Ky,김뀰빵,,youtube,UCmO3W-SjJYy2QGu7KicdIpQ,https://www.youtube.com/channel/UCmO3W-SjJYy2QGu7KicdIpQ,긴뀰빵,1300,,,2026-10-06 19:56:03,아케치 주세요,,,mysmallvtuber.net,2026-10-06T11:27:37Z
yRtA3R8LrsFNjC3Lz6Ky,김뀰빵,,chzzk,c29e893346300b5e778320c11820ab42,https://chzzk.naver.com/c29e893346300b5e778320c11820ab42,김뀰빵,2367,,,2026-10-06 19:56:03,아케치 주세요,,,mysmallvtuber.net,2026-10-06T11:27:37Z
yYBE7LfSBqNspWgHZZwY,세잠,,youtube,UCJmOvRpsDL5-nhhiMGYVK8w,https://www.youtube.com/channel/UCJmOvRpsDL5-nhhiMGYVK8w,세잠,6270,2025-03-05,,2026-10-06 19:49:02,거울상 중복 하편! 레츠꼬!,,https://cafe.naver.com/3hoursleep,mysmallvtuber.net,2026-10-06T11:27:37Z
yYBE7LfSBqNspWgHZZwY,세잠,,youtube,UCTuWZvp_6TSrej3JFxioqdQ,https://www.youtube.com/channel/UCTuWZvp_6TSrej3JFxioqdQ,세잠 아카이브,893,2025-03-05,,2026-10-06 19:49:02,거울상 중복 하편! 레츠꼬!,,https://cafe.naver.com/3hoursleep,mysmallvtuber.net,2026-10-06T11:27:37Z
yYBE7LfSBqNspWgHZZwY,세잠,,chzzk,09918cdeb675f93b76ab35ca5e1633af,https://chzzk.naver.com/09918cdeb675f93b76ab35ca5e1633af,세잠,3709,2025-03-05,,2026-10-06 19:49:02,거울상 중복 하편! 레츠꼬!,,https://cafe.naver.com/3hoursleep,mysmallvtuber.net,2026-10-06T11:27:37Z
g8kPqhHkHffn8dYxK3wb,예니_ouo,ouo,youtube,UC-hAYLv_2xYhCbIy_XA1OXQ,https://www.youtube.com/channel/UC-hAYLv_2xYhCbIy_XA1OXQ,예니,1390,,,2026-10-06 19:48:02,[버컴 인턴] 예이봤으로 버컴 선배님들 공부하기 🩷,,https://cafe.naver.com/yeniouo,mysmallvtuber.net,2026-10-06T11:27:37Z
g8kPqhHkHffn8dYxK3wb,예니_ouo,ouo,soop,yeniouoyeni,https://ch.sooplive.co.kr/yeniouoyeni,예니_ouo,4791,,,2026-10-06 19:48:02,[버컴 인턴] 예이봤으로 버컴 선배님들 공부하기 🩷,,https://cafe.naver.com/yeniouo,mysmallvtuber.net,2026-10-06T11:27:37Z
ejgWQMyyC6WVZXbz8Pvc,너나비,,youtube,UCNSTgzmTrxv7ymaDYBOYPEQ,https://www.youtube.com/channel/UCNSTgzmTrxv7ymaDYBOYPEQ,너나비,463,2024-11-06,,2026-10-06 19:53:03,[음악영도만]프사 그려주는 방숑,nonabi_pancake,https://cafe.naver.com/nonabee,mysmallvtuber.net,2026-10-06T11:27:37Z
ejgWQMyyC6WVZXbz8Pvc,너나비,,youtube,UCXJgd0QFrVQNLzEvFLJgpsg,https://www.youtube.com/channel/UCXJgd0QFrVQNLzEvFLJgpsg,너나비 다시보기,220,2024-11-06,,2026-10-06 19:53:03,[음악영도만]프사 그려주는 방숑,nonabi_pancake,https://cafe.naver.com/nonabee,mysmallvtuber.net,2026-10-06T11:27:37Z
ejgWQMyyC6WVZXbz8Pvc,너나비,,chzzk,a035fc7c8bdd74d644aa134c38619513,https://chzzk.naver.com/a035fc7c8bdd74d644aa134c38619513,너나비,2826,2024-11-06,,2026-10-06 19:53:03,[음악영도만]프사 그려주는 방숑,nonabi_pancake,https://cafe.naver.com/nonabee,mysmallvtuber.net,2026-10-06T11:27:37Z
94TJH79fvMX5mJQ6vuuA,록시 스윗랜드,,youtube,UCSr9D7AfTCMZgajcrN92oXA,https://www.youtube.com/channel/UCSr9D7AfTCMZgajcrN92oXA,록시 스윗랜드 Roxie Sweetland,3180,,,2026-10-06 18:03:08,4시 동아님과 에이펙스 가는거시당!!,SweetRoxie_S0M,,mysmallvtuber.net,2026-10-06T11:27:37Z
94TJH79fvMX5mJQ6vuuA,록시 스윗랜드,,youtube,UCEaC8ahB0w5EVhD-khW20TQ,https://www.youtube.com/channel/UCEaC8ahB0w5EVhD-khW20TQ,록시 다시보기랜드,196,,,2026-10-06 18:03:08,4시 동아님과 에이펙스 가는거시당!!,SweetRoxie_S0M,,mysmallvtuber.net,2026-10-06T11:27:37Z
94TJH79fvMX5mJQ6vuuA,록시 스윗랜드,,chzzk,1309200594b756a46edaab8a8c7bdc21,https://chzzk.naver.com/1309200594b756a46edaab8a8c7bdc21,록시 스윗랜드,2960,,,2026-10-06 18:03:08,4시 동아님과 에이펙스 가는거시당!!,SweetRoxie_S0M,,mysmallvtuber.net,2026-10-06T11:27:37Z
CNWh9QJLm2QUAYPrKKA6,시노미야 카나,,youtube,UCxjUNNA8BAOugnkdtUmnoGw,https://www.youtube.com/channel/UCxjUNNA8BAOugnkdtUmnoGw,시노미야 카나,18,2026-08-28,,2026-10-06 19:51:03,하잇!하잇!하잇!하잇!하잇!하잇!하잇!하잇!하잇!하잇!하잇!하잇!하잇!하잇!하잇!하잇!하잇!하잇!하잇!하잇!하잇!하잇!하잇!하잇!하잇!하잇!하잇!하잇!하잇!하잇!하잇!하잇!하잇!,Shinomiya_KANA_,cafe.naver.com/shinomiyakana,mysmallvtuber.net,2026-10-06T11:27:37Z
CNWh9QJLm2QUAYPrKKA6,시노미야 카나,,youtube,UCgHQ5qMbY2tnCEMejamNuOw,https://www.youtube.com/channel/UCgHQ5qMbY2tnCEMejamNuOw,시노미야 카나 다시보기,9,2026-08-28,,2026-10-06 19:51:03,하잇!하잇!하잇!하잇!하잇!하잇!하잇!하잇!하잇!하잇!하잇!하잇!하잇!하잇!하잇!하잇!하잇!하잇!하잇!하잇!하잇!하잇!하잇!하잇!하잇!하잇!하잇!하잇!하잇!하잇!하잇!하잇!하잇!,Shinomiya_KANA_,cafe.naver.com/shinomiyakana,mysmallvtuber.net,2026-10-06T11:27:37Z
CNWh9QJLm2QUAYPrKKA6,시노미야 카나,,chzzk,dae941286535b489b5282a8910fb0363,https://chzzk.naver.com/dae941286535b489b5282a8910fb0363,시노미야 카나,920,2026-08-28,,2026-10-06 19:51:03,하잇!하잇!하잇!하잇!하잇!하잇!하잇!하잇!하잇!하잇!하잇!하잇!하잇!하잇!하잇!하잇!하잇!하잇!하잇!하잇!하잇!하잇!하잇!하잇!하잇!하잇!하잇!하잇!하잇!하잇!하잇!하잇!하잇!,Shinomiya_KANA_,cafe.naver.com/shinomiyakana,mysmallvtuber.net,2026-10-06T11:27:37Z
V6k4CKrHYES4Dejt2kUY,도월하,,youtube,UCt8qot21__2n65Bezy5Qj2g,https://www.youtube.com/channel/UCt8qot21__2n65Bezy5Qj2g,도월하,577,2024-05-12,,2026-10-06 19:54:02,❤️[그냥서버] 놀러 왔습니다.❤️공약! 룰렛 있어요❤️,dowolha,https://cafe.naver.com/twitchwolha,mysmallvtuber.net,2026-10-06T11:27:37Z
V6k4CKrHYES4Dejt2kUY,도월하,,youtube,UCapfXBOkITHbhjya7fG4X7g,https://www.youtube.com/channel/UCapfXBOkITHbhjya7fG4X7g,도월하의 다시보기,46,2024-05-12,,2026-10-06 19:54:02,❤️[그냥서버] 놀러 왔습니다.❤️공약! 룰렛 있어요❤️,dowolha,https://cafe.naver.com/twitchwolha,mysmallvtuber.net,2026-10-06T11:27:37Z
V6k4CKrHYES4Dejt2kUY,도월하,,soop,soya4567,https://ch.sooplive.co.kr/soya4567,도월하,1264,2024-05-12,,2026-10-06 19:54:02,❤️[그냥서버] 놀러 왔습니다.❤️공약! 룰렛 있어요❤️,dowolha,https://cafe.naver.com/twitchwolha,mysmallvtuber.net,2026-10-06T11:27:37Z
3chPqkkBe29wS29xa2an,얀제리,,youtube,UC67QupJfgXjatCWqRQ78Utw,https://www.youtube.com/channel/UC67QupJfgXjatCWqRQ78Utw,얀제리 YANJERRY,1930,2023-02-19,,2026-10-06 18:01:03,저 왓서요왓서요왓서요,,https://cafe.naver.com/yanjerry,mysmallvtuber.net,2026-10-06T11:27:37Z
3chPqkkBe29wS29xa2an,얀제리,,youtube,UCHkQnhWxLcaHfgdmq1R0-5Q,https://www.youtube.com/channel/UCHkQnhWxLcaHfgdmq1R0-5Q,얀제리 다시보기,163,2023-02-19,,2026-10-06 18:01:03,저 왓서요왓서요왓서요,,https://cafe.naver.com/yanjerry,mysmallvtuber.net,2026-10-06T11:27:37Z
3chPqkkBe29wS29xa2an,얀제리,,chzzk,e0f485296633184ce2048e8f0270345e,https://chzzk.naver.com/e0f485296633184ce2048e8f0270345e,얀제리,2139,2023-02-19,,2026-10-06 18:01:03,저 왓서요왓서요왓서요,,https://cafe.naver.com/yanjerry,mysmallvtuber.net,2026-10-06T11:27:37Z
khNlxjRxVMbgBaR31e3R,현단아v,v,youtube,UC22Ps4Eq64vzGCX_Oxdj7Ww,https://www.youtube.com/channel/UC22Ps4Eq64vzGCX_Oxdj7Ww,현단아,6980,2019-06-02,,2026-10-06 19:49:02,말시키지 마세요 그냥서버 비방중이니까!!,,https://cafe.naver.com/hyundana,mysmallvtuber.net,2026-10-06T11:27:37Z
khNlxjRxVMbgBaR31e3R,현단아v,v,soop,hyundana,https://ch.sooplive.co.kr/hyundana,현단아v,18686,2019-06-02,,2026-10-06 19:49:02,말시키지 마세요 그냥서버 비방중이니까!!,,https://cafe.naver.com/hyundana,mysmallvtuber.net,2026-10-06T11:27:37Z
jRTKQSwNjxKKPCPkLEdD,나유타Nayuta,Nayuta,youtube,UCnUUx5um7SzSgv56Z7tNxNw,https://www.youtube.com/channel/UCnUUx5um7SzSgv56Z7tNxNw,나유타,34400,2025-02-10,,2026-10-06 19:56:03,"참한 우의정 뽀뽀히, 발칙한 후궁 팥쥐와 함께하는 ....?",gnlvld_22,https://discord.com/invite/mBebXMBq2c,mysmallvtuber.net,2026-10-06T11:27:37Z
jRTKQSwNjxKKPCPkLEdD,나유타Nayuta,Nayuta,chzzk,75293eddfa6275b8653e20ef9edddee9,https://chzzk.naver.com/75293eddfa6275b8653e20ef9edddee9,나유타Nayuta,3185,2025-02-10,,2026-10-06 19:56:03,"참한 우의정 뽀뽀히, 발칙한 후궁 팥쥐와 함께하는 ....?",gnlvld_22,https://discord.com/invite/mBebXMBq2c,mysmallvtuber.net,2026-10-06T11:27:37Z
B2JKCXCkyjdTp3NjmcRK,원사비,,youtube,UCJHk9HWbXU9ln5XApEYpf9A,https://www.youtube.com/channel/UCJHk9HWbXU9ln5XApEYpf9A,원사비,1650,2022-08-26,,2026-10-06 17:42:02,바익 중붕선 방송 펑! 컴터 펑! 게임 펑!,Onesabi_Vtuber,https://cafe.naver.com/onesabi,mysmallvtuber.net,2026-10-06T11:27:37Z
B2JKCXCkyjdTp3NjmcRK,원사비,,chzzk,2ec15ebae15c6fff39ec24ce8a8828de,https://chzzk.naver.com/2ec15ebae15c6fff39ec24ce8a8828de,원사비,1494,2022-08-26,,2026-10-06 17:42:02,바익 중붕선 방송 펑! 컴터 펑! 게임 펑!,Onesabi_Vtuber,https://cafe.naver.com/onesabi,mysmallvtuber.net,2026-10-06T11:27:37Z
3WRedP5We6GyadaHavw2,리 이,,youtube,UCB3e-X7Wbn9x3jq29yvzzOw,https://www.youtube.com/channel/UCB3e-X7Wbn9x3jq29yvzzOw,리이 LEEE,869,2023-06-10,,2026-10-06 19:48:02,하나씩 없는 우리들,LEEEUx_xU,https://cafe.naver.com/linkforyou,mysmallvtuber.net,2026-10-06T11:27:37Z
3WRedP5We6GyadaHavw2,리 이,,youtube,UCzdPhGerIuSdGo9mDRRpnsQ,https://www.youtube.com/channel/UCzdPhGerIuSdGo9mDRRpnsQ,리이 다시보기,205,2023-06-10,,2026-10-06 19:48:02,하나씩 없는 우리들,LEEEUx_xU,https://cafe.naver.com/linkforyou,mysmallvtuber.net,2026-10-06T11:27:37Z
3WRedP5We6GyadaHavw2,리 이,,chzzk,68daca14bebc804d56b3dc601c8e7aff,https://chzzk.naver.com/68daca14bebc804d56b3dc601c8e7aff,리 이,2023,2023-06-10,,2026-10-06 19:48:02,하나씩 없는 우리들,LEEEUx_xU,https://cafe.naver.com/linkforyou,mysmallvtuber.net,2026-10-06T11:27:37Z
UeyuhFKWTGhyNNgqJeHG,마로니!,,youtube,UCOEU4FU1MqmF7cqd_qxtpuA,https://www.youtube.com/channel/UCOEU4FU1MqmF7cqd_qxtpuA,마로니,67300,2025-10-03,,2026-10-06 19:54:02,ㅜㅜㅜㅜㅜㅜㅜㅜㅜㅜㅜㅜㅜㅜㅜㅜㅜㅜ,marronie318,https://cafe.naver.com/marroniepark,mysmallvtuber.net,2026-10-06T11:27:37Z
UeyuhFKWTGhyNNgqJeHG,마로니!,,soop,marronie,https://ch.sooplive.co.kr/marronie,마로니!,24466,2025-10-03,,2026-10-06 19:54:02,ㅜㅜㅜㅜㅜㅜㅜㅜㅜㅜㅜㅜㅜㅜㅜㅜㅜㅜ,marronie318,https://cafe.naver.com/marroniepark,mysmallvtuber.net,2026-10-06T11:27:37Z
2HvNMT7BK5SXydxRqekL,찌아에용,,chzzk,be745b77d16bc2e9cfad5d04bcf8dabb,https://chzzk.naver.com/be745b77d16bc2e9cfad5d04bcf8dabb,찌아에용,900,2024-01-18,,2026-10-06 19:55:03,힐링 애니모비,,https://discord.com/invite/NvsafrP8xw,mysmallvtuber.net,2026-10-06T11:27:37Z
vKWuhNLALAdGWRN88sL9,세이키,,youtube,UCs2m40fA4YR8VEANgoxYNSA,https://www.youtube.com/channel/UCs2m40fA4YR8VEANgoxYNSA,세이키,3750,2024-02-26,,2026-10-06 15:47:02,[신?입/유입환영] CNC 넷크샵 하루 건너뛴 6일차 노컨티뉴 도전중,seiki_v_occhi,https://discord.gg/NjfaBWYE,mysmallvtuber.net,2026-10-06T11:27:37Z
vKWuhNLALAdGWRN88sL9,세이키,,chzzk,45deccf7ce6bb40f93b8a653767c8253,https://chzzk.naver.com/45deccf7ce6bb40f93b8a653767c8253,세이키,1474,2024-02-26,,2026-10-06 15:47:02,[신?입/유입환영] CNC 넷크샵 하루 건너뛴 6일차 노컨티뉴 도전중,seiki_v_occhi,https://discord.gg/NjfaBWYE,mysmallvtuber.net,2026-10-06T11:27:37Z
yHLeN3ARpJzM5w8pvPWV,양망두,,youtube,UCdeccHQrqmjtUxZ1HeKdq1g,https://www.youtube.com/channel/UCdeccHQrqmjtUxZ1HeKdq1g,양망두 YMangDu,17900,2023-05-06,,2026-10-06 19:51:03,자고 일어났더니 골룸이 되었다면? ദ്ദി(◕(00)◕),Y_mang_du,https://cafe.naver.com/mangzzing/,mysmallvtuber.net,2026-10-06T11:27:37Z
yHLeN3ARpJzM5w8pvPWV,양망두,,youtube,UCt_t6U2NqWV_cPJzwoE838Q,https://www.youtube.com/channel/UCt_t6U2NqWV_cPJzwoE838Q,속이 꽉 찬 양망두,5550,2023-05-06,,2026-10-06 19:51:03,자고 일어났더니 골룸이 되었다면? ദ്ദി(◕(00)◕),Y_mang_du,https://cafe.naver.com/mangzzing/,mysmallvtuber.net,2026-10-06T11:27:37Z
yHLeN3ARpJzM5w8pvPWV,양망두,,chzzk,b3e262a2795f17734c149afc738ad250,https://chzzk.naver.com/b3e262a2795f17734c149afc738ad250,양망두,14729,2023-05-06,,2026-10-06 19:51:03,자고 일어났더니 골룸이 되었다면? ദ്ദി(◕(00)◕),Y_mang_du,https://cafe.naver.com/mangzzing/,mysmallvtuber.net,2026-10-06T11:27:37Z
wheRthq84WY88FcEySuK,첼시냥,,youtube,UC2ySLm9Jf7BF3OfkGhhjSxA,https://www.youtube.com/channel/UC2ySLm9Jf7BF3OfkGhhjSxA,첼시냥,967,2024-11-22,,2026-10-06 19:53:03,[생일 롤링페이퍼 절찬모집중],chelsea_me0w,,mysmallvtuber.net,2026-10-06T11:27:37Z
wheRthq84WY88FcEySuK,첼시냥,,youtube,UC-DR-LVRTMS5sNLZ2M3wtSg,https://www.youtube.com/channel/UC-DR-LVRTMS5sNLZ2M3wtSg,숨겨진 냥이의 일기장,76,2024-11-22,,2026-10-06 19:53:03,[생일 롤링페이퍼 절찬모집중],chelsea_me0w,,mysmallvtuber.net,2026-10-06T11:27:37Z
wheRthq84WY88FcEySuK,첼시냥,,soop,chelseanya,https://ch.sooplive.co.kr/chelseanya,첼시냥,2165,2024-11-22,,2026-10-06 19:53:03,[생일 롤링페이퍼 절찬모집중],chelsea_me0w,,mysmallvtuber.net,2026-10-06T11:27:37Z
FGn28J2xUmS6M6DJ3B6t,호시에 제로,,youtube,UCmEAILY_1aqlBwr1NI09hwQ,https://www.youtube.com/channel/UCmEAILY_1aqlBwr1NI09hwQ,호시에 제로 Hoshie Zero Ch.,8060,2025-01-26,,2026-10-06 19:48:02,봉슬렁... 교슬렁...,Zero_4urora,https://cafe.naver.com/auroraprojectv,mysmallvtuber.net,2026-10-06T11:27:37Z
FGn28J2xUmS6M6DJ3B6t,호시에 제로,,chzzk,5786141997728cc2fcd660a15ef5f3af,https://chzzk.naver.com/5786141997728cc2fcd660a15ef5f3af,호시에 제로,17395,2025-01-26,,2026-10-06 19:48:02,봉슬렁... 교슬렁...,Zero_4urora,https://cafe.naver.com/auroraprojectv,mysmallvtuber.net,2026-10-06T11:27:37Z
L4ThA8rnTBFFD5PyDqYC,희노아,,youtube,UCdtJ4oNoSPzVCWzM5rHyfvA,https://www.youtube.com/channel/UCdtJ4oNoSPzVCWzM5rHyfvA,희노아,269,2024-03-31,,2026-10-06 19:01:03,이탈리아에서 여유롭지만 여유롭지 못한 [베케이션 카페 시뮬레이터]  3일차,heenoah_,https://cafe.naver.com/heenoah,mysmallvtuber.net,2026-10-06T11:27:37Z
L4ThA8rnTBFFD5PyDqYC,희노아,,chzzk,3dd3bbe964376bc69bd28e0958dbe273,https://chzzk.naver.com/3dd3bbe964376bc69bd28e0958dbe273,희노아,788,2024-03-31,,2026-10-06 19:01:03,이탈리아에서 여유롭지만 여유롭지 못한 [베케이션 카페 시뮬레이터]  3일차,heenoah_,https://cafe.naver.com/heenoah,mysmallvtuber.net,2026-10-06T11:27:37Z
L9CnEYQM6Qc4yzkCKA6x,유우양,,youtube,UCfErRnESYXp86XRZVNZYK_g,https://www.youtube.com/channel/UCfErRnESYXp86XRZVNZYK_g,유우양,49700,2016-11-16,,2026-10-06 19:37:02,용병으로 돈 버는 게임 워독스 | 워독스 Wardogs,YooWoo0610,https://cafe.naver.com/yoowooyang,mysmallvtuber.net,2026-10-06T11:27:37Z
L9CnEYQM6Qc4yzkCKA6x,유우양,,chzzk,35382c3e4fcb9ffccb4cb97d3bddabcf,https://chzzk.naver.com/35382c3e4fcb9ffccb4cb97d3bddabcf,유우양,36068,2016-11-16,,2026-10-06 19:37:02,용병으로 돈 버는 게임 워독스 | 워독스 Wardogs,YooWoo0610,https://cafe.naver.com/yoowooyang,mysmallvtuber.net,2026-10-06T11:27:37Z
jxBN4zzzfa5vgsTHYFrc,리냐_LINYA,LINYA,youtube,UCnPw9ucyOhJVD52uVO75GJg,https://www.youtube.com/channel/UCnPw9ucyOhJVD52uVO75GJg,리냐 LINYA,4380,2023-09-29,,2026-10-06 19:20:06,SBO UP 부탁드려욧!!!! / 3시) 태릉선수촌 오픈,Yushino_Lina,https://cafe.naver.com/refly4,mysmallvtuber.net,2026-10-06T11:27:37Z
jxBN4zzzfa5vgsTHYFrc,리냐_LINYA,LINYA,youtube,UCjvEOKg0FJrPpnAL3qJiZGA,https://www.youtube.com/channel/UCjvEOKg0FJrPpnAL3qJiZGA,리냐의 딸기 공장,130,2023-09-29,,2026-10-06 19:20:06,SBO UP 부탁드려욧!!!! / 3시) 태릉선수촌 오픈,Yushino_Lina,https://cafe.naver.com/refly4,mysmallvtuber.net,2026-10-06T11:27:37Z
jxBN4zzzfa5vgsTHYFrc,리냐_LINYA,LINYA,soop,lina0108,https://ch.sooplive.co.kr/lina0108,리냐_LINYA,10947,2023-09-29,,2026-10-06 19:20:06,SBO UP 부탁드려욧!!!! / 3시) 태릉선수촌 오픈,Yushino_Lina,https://cafe.naver.com/refly4,mysmallvtuber.net,2026-10-06T11:27:37Z
hRGN3ZbRq3fsbfZLCaqp,모로이 모나,,youtube,UCOpiMTfLHECMdjJ7DZX9wrw,https://www.youtube.com/channel/UCOpiMTfLHECMdjJ7DZX9wrw,모로이 모나 MOROI MONA,751,2025-07-20,,2026-10-06 17:34:02,[무료신청] 봉누도 부산 아짐마였던 내가 부르는 노래..,MoroiMona,https://cafe.naver.com/darakcast,mysmallvtuber.net,2026-10-06T11:27:37Z
hRGN3ZbRq3fsbfZLCaqp,모로이 모나,,youtube,UCOJqOopYLxSCmmUXsfxL8Ow,https://www.youtube.com/channel/UCOJqOopYLxSCmmUXsfxL8Ow,모로이 모나 다시보기,253,2025-07-20,,2026-10-06 17:34:02,[무료신청] 봉누도 부산 아짐마였던 내가 부르는 노래..,MoroiMona,https://cafe.naver.com/darakcast,mysmallvtuber.net,2026-10-06T11:27:37Z
hRGN3ZbRq3fsbfZLCaqp,모로이 모나,,chzzk,f795b445d35db5ece3d1d614c1355def,https://chzzk.naver.com/f795b445d35db5ece3d1d614c1355def,모로이 모나,4120,2025-07-20,,2026-10-06 17:34:02,[무료신청] 봉누도 부산 아짐마였던 내가 부르는 노래..,MoroiMona,https://cafe.naver.com/darakcast,mysmallvtuber.net,2026-10-06T11:27:37Z
pzZdtDkZTEu54HQD3bhu,박도나,,youtube,UC52nnTXLGl1ZZVQc-YXAKLQ,https://www.youtube.com/channel/UC52nnTXLGl1ZZVQc-YXAKLQ,Parkdona ch. 박도나,131000,2022-11-13,,2026-10-06 14:36:03,[도나 클럽] 마이크가 목요일날 와서 그때 목소리 돌아올거고 오늘 그래서 간만에 도나 클럽이구 그김에 4주년 기념 헤어 먼저 보여주는 방송이에요 사룽..,DONADONAPLAY,https://cafe.naver.com/parkdona,mysmallvtuber.net,2026-10-06T11:27:37Z
pzZdtDkZTEu54HQD3bhu,박도나,,youtube,UCuf5zqlYUzB1T7Za2OlNfKA,https://www.youtube.com/channel/UCuf5zqlYUzB1T7Za2OlNfKA,박도나 VOD,19100,2022-11-13,,2026-10-06 14:36:03,[도나 클럽] 마이크가 목요일날 와서 그때 목소리 돌아올거고 오늘 그래서 간만에 도나 클럽이구 그김에 4주년 기념 헤어 먼저 보여주는 방송이에요 사룽..,DONADONAPLAY,https://cafe.naver.com/parkdona,mysmallvtuber.net,2026-10-06T11:27:37Z
pzZdtDkZTEu54HQD3bhu,박도나,,chzzk,95a050b9250958bec51343e5ae24b8f4,https://chzzk.naver.com/95a050b9250958bec51343e5ae24b8f4,박도나,22538,2022-11-13,,2026-10-06 14:36:03,[도나 클럽] 마이크가 목요일날 와서 그때 목소리 돌아올거고 오늘 그래서 간만에 도나 클럽이구 그김에 4주년 기념 헤어 먼저 보여주는 방송이에요 사룽..,DONADONAPLAY,https://cafe.naver.com/parkdona,mysmallvtuber.net,2026-10-06T11:27:37Z
fCqbA4Qw9dZ6wWvtdEm9,류채경,,youtube,UCl9aA8d2GBzcMa4NG2_-L2A,https://www.youtube.com/channel/UCl9aA8d2GBzcMa4NG2_-L2A,류채경,48000,2020-10-17,,2026-10-06 15:36:03,멤버쉽 만쥬 포장뱅 끝 노가리 뱅 온,Vtuber_Ryuchae,https://cafe.naver.com/ryuchaegyeong,mysmallvtuber.net,2026-10-06T11:27:37Z
fCqbA4Qw9dZ6wWvtdEm9,류채경,,youtube,UCYlcNLwfmuUw3uFLR7b3OiQ,https://www.youtube.com/channel/UCYlcNLwfmuUw3uFLR7b3OiQ,류채경 트위치 다시보기,949,2020-10-17,,2026-10-06 15:36:03,멤버쉽 만쥬 포장뱅 끝 노가리 뱅 온,Vtuber_Ryuchae,https://cafe.naver.com/ryuchaegyeong,mysmallvtuber.net,2026-10-06T11:27:37Z
fCqbA4Qw9dZ6wWvtdEm9,류채경,,chzzk,d3feaaee7b98d56475dad56e9ab73827,https://chzzk.naver.com/d3feaaee7b98d56475dad56e9ab73827,류채경,9987,2020-10-17,,2026-10-06 15:36:03,멤버쉽 만쥬 포장뱅 끝 노가리 뱅 온,Vtuber_Ryuchae,https://cafe.naver.com/ryuchaegyeong,mysmallvtuber.net,2026-10-06T11:27:37Z
jFzMqR2jFtSUjd29U5g6,백소라♪,,soop,whitesora,https://ch.sooplive.co.kr/whitesora,백소라♪,1221,2025-08-02,,2026-10-06 14:18:03,덬덕코프 API O [ !룰렛 방셀 Oㅣ즐찾 노래 ],,,mysmallvtuber.net,2026-10-06T11:27:37Z
vDLyHP4jaefRSjHbAMc2,라벤_,,youtube,UCqmRlPCeFrYNEUyuf6_H5YA,https://www.youtube.com/channel/UCqmRlPCeFrYNEUyuf6_H5YA,라벤,20500,2022-02-23,,2026-10-06 19:03:03,[한보름] :: 웅양양💜즉방109💜/ 룰렛O,laven_d_0223,https://cafe.naver.com/lavend0710,mysmallvtuber.net,2026-10-06T11:27:37Z
vDLyHP4jaefRSjHbAMc2,라벤_,,youtube,UCyxmbWaGRgZKR4IknvAnCPw,https://www.youtube.com/channel/UCyxmbWaGRgZKR4IknvAnCPw,라벤 다시보기,2140,2022-02-23,,2026-10-06 19:03:03,[한보름] :: 웅양양💜즉방109💜/ 룰렛O,laven_d_0223,https://cafe.naver.com/lavend0710,mysmallvtuber.net,2026-10-06T11:27:37Z
vDLyHP4jaefRSjHbAMc2,라벤_,,soop,lavend0710,https://ch.sooplive.co.kr/lavend0710,라벤_,4313,2022-02-23,,2026-10-06 19:03:03,[한보름] :: 웅양양💜즉방109💜/ 룰렛O,laven_d_0223,https://cafe.naver.com/lavend0710,mysmallvtuber.net,2026-10-06T11:27:37Z
VdPgqLzqDMpSNsrqGpJE,카 메 오,,chzzk,5108188539ee1b93c9bb0a755c7817c9,https://chzzk.naver.com/5108188539ee1b93c9bb0a755c7817c9,카 메 오,498,2024-04-15,,2026-10-06 14:48:02,초원 산책,,https://discord.com/invite/uAnwqasmAp,mysmallvtuber.net,2026-10-06T11:27:37Z
n4SU9PrSgUR5HMZeTTQp,빵룽,,youtube,UCVWZqtCQeIAWYmLj4-VAo8w,https://www.youtube.com/channel/UCVWZqtCQeIAWYmLj4-VAo8w,빵룽,22900,2019-01-12,,2026-10-06 14:40:04,✿ 여우와써 🦊,roong__2,https://cafe.naver.com/roongcafe,mysmallvtuber.net,2026-10-06T11:27:37Z
n4SU9PrSgUR5HMZeTTQp,빵룽,,youtube,UCb6KXs7_WH6L0tI0DiKv1SA,https://www.youtube.com/channel/UCb6KXs7_WH6L0tI0DiKv1SA,빵룽 되새김질,4580,2019-01-12,,2026-10-06 14:40:04,✿ 여우와써 🦊,roong__2,https://cafe.naver.com/roongcafe,mysmallvtuber.net,2026-10-06T11:27:37Z
n4SU9PrSgUR5HMZeTTQp,빵룽,,chzzk,a3c5623862d0d1dda383f5efbc39c6f4,https://chzzk.naver.com/a3c5623862d0d1dda383f5efbc39c6f4,빵룽,20613,2019-01-12,,2026-10-06 14:40:04,✿ 여우와써 🦊,roong__2,https://cafe.naver.com/roongcafe,mysmallvtuber.net,2026-10-06T11:27:37Z
2PAZE9Px8bskvCSz9aQm,리미 VLUP,VLUP,youtube,UCLfqa9EoXXxOf-GIq5-LBkg,https://www.youtube.com/channel/UCLfqa9EoXXxOf-GIq5-LBkg,리미의 차원보따리【V-LUP】,2080,2024-04-27,,2026-10-06 16:13:03,일식을 말아요 (잘 못부름),Limi_vlup,https://cafe.naver.com/vlup,mysmallvtuber.net,2026-10-06T11:27:37Z
2PAZE9Px8bskvCSz9aQm,리미 VLUP,VLUP,chzzk,46d2e17ad675cb9c22546e11e9010ff2,https://chzzk.naver.com/46d2e17ad675cb9c22546e11e9010ff2,리미 VLUP,6156,2024-04-27,,2026-10-06 16:13:03,일식을 말아요 (잘 못부름),Limi_vlup,https://cafe.naver.com/vlup,mysmallvtuber.net,2026-10-06T11:27:37Z
jYUcG2bheAPg87mS8mPN,유메카와 토아,,youtube,UCT9B9QR5IpunlCzidQLCUVg,https://www.youtube.com/channel/UCT9B9QR5IpunlCzidQLCUVg,토아,616,2025-02-23,,2026-10-06 12:15:06,여우가 들려주는 아침라디오,yumekawakr,https://cafe.naver.com/yumekawatoa,mysmallvtuber.net,2026-10-06T11:27:37Z
jYUcG2bheAPg87mS8mPN,유메카와 토아,,chzzk,8818dabe7e7882dadb905813f326bc85,https://chzzk.naver.com/8818dabe7e7882dadb905813f326bc85,유메카와 토아,989,2025-02-23,,2026-10-06 12:15:06,여우가 들려주는 아침라디오,yumekawakr,https://cafe.naver.com/yumekawatoa,mysmallvtuber.net,2026-10-06T11:27:37Z
SGycjBb6XzJ4WURu724W,이쿠롬,,youtube,UC8vwYHACnWfhMt9iclBJaDw,https://www.youtube.com/channel/UC8vwYHACnWfhMt9iclBJaDw,이쿠롬,19300,2021-09-12,,2026-10-06 15:57:03,명조 4장4막 ? 4막4장? 아무튼 그거,,https://cafe.naver.com/leekurom,mysmallvtuber.net,2026-10-06T11:27:37Z
SGycjBb6XzJ4WURu724W,이쿠롬,,youtube,UCHXodKaTDukccKaRgRouAcw,https://www.youtube.com/channel/UCHXodKaTDukccKaRgRouAcw,이쿠롬입니다만,1970,2021-09-12,,2026-10-06 15:57:03,명조 4장4막 ? 4막4장? 아무튼 그거,,https://cafe.naver.com/leekurom,mysmallvtuber.net,2026-10-06T11:27:37Z
SGycjBb6XzJ4WURu724W,이쿠롬,,chzzk,9dd2a9e6d1d570a049f58a3b91dcf9d9,https://chzzk.naver.com/9dd2a9e6d1d570a049f58a3b91dcf9d9,이쿠롬,14054,2021-09-12,,2026-10-06 15:57:03,명조 4장4막 ? 4막4장? 아무튼 그거,,https://cafe.naver.com/leekurom,mysmallvtuber.net,2026-10-06T11:27:37Z
aQeqP73P9Qc8rFy9abV3,가도아,,youtube,UCGWx0o6nS9XbLPIXYFDajQA,https://www.youtube.com/channel/UCGWx0o6nS9XbLPIXYFDajQA,가도아 _ 돠의 스타레일 채널,6640,2024-12-07,,2026-10-06 15:32:03,돠의 무료 계정상담 & 대리클 (4.6 이상중재 도와드려요!),,https://cafe.naver.com/gogodoa,mysmallvtuber.net,2026-10-06T11:27:37Z
aQeqP73P9Qc8rFy9abV3,가도아,,chzzk,8088ba35af7d2a4776590fbcc1d5a462,https://chzzk.naver.com/8088ba35af7d2a4776590fbcc1d5a462,가도아,2246,2024-12-07,,2026-10-06 15:32:03,돠의 무료 계정상담 & 대리클 (4.6 이상중재 도와드려요!),,https://cafe.naver.com/gogodoa,mysmallvtuber.net,2026-10-06T11:27:37Z
qErmPHWrXWPft9sD1Qwp,월야화랑,,youtube,UCLt5k6GHxK-wt5ZsXOcAmKg,https://www.youtube.com/channel/UCLt5k6GHxK-wt5ZsXOcAmKg,월야화랑,4140,2021-01-25,,2026-10-06 13:34:03,[ 명조 ]  3장 5막 들어가볼까요?(드롭스 on),wolyahwalang,https://cafe.naver.com/wolyahwalang,mysmallvtuber.net,2026-10-06T11:27:37Z
qErmPHWrXWPft9sD1Qwp,월야화랑,,youtube,UCwp5_o8fcJ4Nh9qUqCWl1Kw,https://www.youtube.com/channel/UCwp5_o8fcJ4Nh9qUqCWl1Kw,월야화랑 다시보기,596,2021-01-25,,2026-10-06 13:34:03,[ 명조 ]  3장 5막 들어가볼까요?(드롭스 on),wolyahwalang,https://cafe.naver.com/wolyahwalang,mysmallvtuber.net,2026-10-06T11:27:37Z
qErmPHWrXWPft9sD1Qwp,월야화랑,,chzzk,3553849193a26f157ba0b83d6ea1857d,https://chzzk.naver.com/3553849193a26f157ba0b83d6ea1857d,월야화랑,3994,2021-01-25,,2026-10-06 13:34:03,[ 명조 ]  3장 5막 들어가볼까요?(드롭스 on),wolyahwalang,https://cafe.naver.com/wolyahwalang,mysmallvtuber.net,2026-10-06T11:27:37Z
p2byae43qQbdsp49CFAg,티뭉,,youtube,UC3_OSeu-itObSr02JKmNRDw,https://www.youtube.com/channel/UC3_OSeu-itObSr02JKmNRDw,티뭉 timoong,18300,2023-10-26,,2026-10-06 16:29:03,저메추 기자 밥돼길의 봉누도 빨간약 맞추기,,https://cafe.naver.com/timoong,mysmallvtuber.net,2026-10-06T11:27:37Z
p2byae43qQbdsp49CFAg,티뭉,,chzzk,26253bf7ed6b95832c40f4f43f6d049d,https://chzzk.naver.com/26253bf7ed6b95832c40f4f43f6d049d,티뭉,38246,2023-10-26,,2026-10-06 16:29:03,저메추 기자 밥돼길의 봉누도 빨간약 맞추기,,https://cafe.naver.com/timoong,mysmallvtuber.net,2026-10-06T11:27:37Z
JBdr8psdu6j87h3FpcsZ,바또랑,,youtube,UChTu7_a-f8yvxaOK-02_QYg,https://www.youtube.com/channel/UChTu7_a-f8yvxaOK-02_QYg,바또랑 【이매방랑】,2780,,,2026-10-06 11:58:02,[이매방랑] 세상을 구하겠어!,,https://cafe.naver.com/imaebanglang,mysmallvtuber.net,2026-10-06T11:27:37Z
JBdr8psdu6j87h3FpcsZ,바또랑,,soop,bttolang,https://ch.sooplive.co.kr/bttolang,바또랑,1061,,,2026-10-06 11:58:02,[이매방랑] 세상을 구하겠어!,,https://cafe.naver.com/imaebanglang,mysmallvtuber.net,2026-10-06T11:27:37Z
8jfpmr7FnZsYwE7pnhuK,김 데쿠,,youtube,UCJ9cZCz0O5as4c8m2S8HCtg,https://www.youtube.com/channel/UCJ9cZCz0O5as4c8m2S8HCtg,데쿠 Deku,589,2023-01-05,,2026-10-06 17:42:02,느리게-천천히- ϵ( ‘◇’ )϶,,https://cafe.naver.com/dekuzzang,mysmallvtuber.net,2026-10-06T11:27:37Z
8jfpmr7FnZsYwE7pnhuK,김 데쿠,,chzzk,aacb6131c12f38adb9c22943c15ac761,https://chzzk.naver.com/aacb6131c12f38adb9c22943c15ac761,김 데쿠,1777,2023-01-05,,2026-10-06 17:42:02,느리게-천천히- ϵ( ‘◇’ )϶,,https://cafe.naver.com/dekuzzang,mysmallvtuber.net,2026-10-06T11:27:37Z
VtaXzr5UHYG7VMDNrEjZ,비쥬_,,soop,bibitrue,https://ch.sooplive.co.kr/bibitrue,비쥬_,15463,,,2026-10-06 12:06:03,[버인] 안녕비쥬 아침노래소통 (노래풍 100개) 🐻33/330 룰렛🐻 (시그갯수 룰렛),,,mysmallvtuber.net,2026-10-06T11:27:37Z
JaMN37s4zDsbmEEhMTYc,모이로 냐아,,youtube,UCvc7M6783PaUmLkqbMdXnVA,https://www.youtube.com/channel/UCvc7M6783PaUmLkqbMdXnVA,모이로 냐아 MOIRO NYAA,1090,2025-12-27,,2026-10-06 09:58:02,당신의 아침의 연인이 되고 싶어요,moironyaa,https://cafe.naver.com/moironya,mysmallvtuber.net,2026-10-06T11:27:37Z
JaMN37s4zDsbmEEhMTYc,모이로 냐아,,youtube,UCi81W7g437jxm8gdRx_UJjA,https://www.youtube.com/channel/UCi81W7g437jxm8gdRx_UJjA,다시보냐아,58,2025-12-27,,2026-10-06 09:58:02,당신의 아침의 연인이 되고 싶어요,moironyaa,https://cafe.naver.com/moironya,mysmallvtuber.net,2026-10-06T11:27:37Z
JaMN37s4zDsbmEEhMTYc,모이로 냐아,,chzzk,9d04682bfb43e37a4c058e7e5c1386e3,https://chzzk.naver.com/9d04682bfb43e37a4c058e7e5c1386e3,모이로 냐아,1322,2025-12-27,,2026-10-06 09:58:02,당신의 아침의 연인이 되고 싶어요,moironyaa,https://cafe.naver.com/moironya,mysmallvtuber.net,2026-10-06T11:27:37Z
JFp5RebCwuxGTRLJ2TKR,루리 아야카,,youtube,UCkRNsXosDEql33E3ekgbB2Q,https://www.youtube.com/channel/UCkRNsXosDEql33E3ekgbB2Q,루리 아야캬 瑠璃 あやか,332,2026-05-30,,2026-10-06 10:34:03,[신입］명조 뉴우비의 3장 에필로그 같이보기!! 드디어!!! 나두 3장을 다 봤다고?,Lurie_Ayaka0,https://cafe.naver.com/lurieayaka,mysmallvtuber.net,2026-10-06T11:27:37Z
JFp5RebCwuxGTRLJ2TKR,루리 아야카,,youtube,UCoXAU-CSgm7RosDTaglLCKg,https://www.youtube.com/channel/UCoXAU-CSgm7RosDTaglLCKg,아야카의 비밀창고,103,2026-05-30,,2026-10-06 10:34:03,[신입］명조 뉴우비의 3장 에필로그 같이보기!! 드디어!!! 나두 3장을 다 봤다고?,Lurie_Ayaka0,https://cafe.naver.com/lurieayaka,mysmallvtuber.net,2026-10-06T11:27:37Z
JFp5RebCwuxGTRLJ2TKR,루리 아야카,,chzzk,ee2d75e01aeaac998017817f7b263c09,https://chzzk.naver.com/ee2d75e01aeaac998017817f7b263c09,루리 아야카,749,2026-05-30,,2026-10-06 10:34:03,[신입］명조 뉴우비의 3장 에필로그 같이보기!! 드디어!!! 나두 3장을 다 봤다고?,Lurie_Ayaka0,https://cafe.naver.com/lurieayaka,mysmallvtuber.net,2026-10-06T11:27:37Z
2r27UbdDGAtRxpJeXPDW,돈쵸아,,youtube,UCs1eYqUaQIcHG6S4-LOZYFQ,https://www.youtube.com/channel/UCs1eYqUaQIcHG6S4-LOZYFQ,돈쵸아,900,,,2026-10-06 13:16:03,모닝 발로라는것이에요,d_choa1220,https://discord.com/invite/ynRhT7Yx62,mysmallvtuber.net,2026-10-06T11:27:37Z
2r27UbdDGAtRxpJeXPDW,돈쵸아,,chzzk,798cb0d9b70f1589654e64422386f9e9,https://chzzk.naver.com/798cb0d9b70f1589654e64422386f9e9,돈쵸아,3426,,,2026-10-06 13:16:03,모닝 발로라는것이에요,d_choa1220,https://discord.com/invite/ynRhT7Yx62,mysmallvtuber.net,2026-10-06T11:27:37Z
3cWFQxb3cn8cdXJaUT2D,야토 Yato,Yato,youtube,UChaT4DUnWxSsym-devGo6wQ,https://www.youtube.com/channel/UChaT4DUnWxSsym-devGo6wQ,야토 YATOㆍlistella,23900,2023-06-03,,2026-10-06 09:40:03,잠깐 떠들댜 ( ˙꒳˙  )ིྀ,yatoisyato,https://cafe.naver.com/listellaofficial,mysmallvtuber.net,2026-10-06T11:27:37Z
3cWFQxb3cn8cdXJaUT2D,야토 Yato,Yato,youtube,UCNqy24P5r161KSDllGkDhcA,https://www.youtube.com/channel/UCNqy24P5r161KSDllGkDhcA,야토 다시보기,2630,2023-06-03,,2026-10-06 09:40:03,잠깐 떠들댜 ( ˙꒳˙  )ིྀ,yatoisyato,https://cafe.naver.com/listellaofficial,mysmallvtuber.net,2026-10-06T11:27:37Z
3cWFQxb3cn8cdXJaUT2D,야토 Yato,Yato,chzzk,e87999abca4fd0c3214e05ef414ce951,https://chzzk.naver.com/e87999abca4fd0c3214e05ef414ce951,야토 Yato,20304,2023-06-03,,2026-10-06 09:40:03,잠깐 떠들댜 ( ˙꒳˙  )ིྀ,yatoisyato,https://cafe.naver.com/listellaofficial,mysmallvtuber.net,2026-10-06T11:27:37Z
GZADYJxC9fex72MSYZ8p,푸후,,youtube,UC0sWvYDGJTbscoVTw3I05sw,https://www.youtube.com/channel/UC0sWvYDGJTbscoVTw3I05sw,푸후(쌍둥이 아이돌),9820,2023-08-28,,2026-10-06 19:43:02,랭겜은 잔혹해..!!매트릭스 대회 염 상품잇음-  !굿즈 &10/9 반캠,Puru_Huru_,https://cafe.naver.com/puhu,mysmallvtuber.net,2026-10-06T11:27:37Z
GZADYJxC9fex72MSYZ8p,푸후,,chzzk,2cf1367e97d68909b024b368d2c4683c,https://chzzk.naver.com/2cf1367e97d68909b024b368d2c4683c,푸후,10801,2023-08-28,,2026-10-06 19:43:02,랭겜은 잔혹해..!!매트릭스 대회 염 상품잇음-  !굿즈 &10/9 반캠,Puru_Huru_,https://cafe.naver.com/puhu,mysmallvtuber.net,2026-10-06T11:27:37Z
dKANHhuAnv27QjaWsXp2,백희 Baekhee,Baekhee,youtube,UCbeJRhxXIHeGMHN_MjuDPWQ,https://www.youtube.com/channel/UCbeJRhxXIHeGMHN_MjuDPWQ,백희 Baekhee,3690,2025-11-08,,2026-10-06 13:58:02,[사령화] 노래 조금만!,Baekhee_SRH4,https://cafe.naver.com/grimproduction,mysmallvtuber.net,2026-10-06T11:27:37Z
dKANHhuAnv27QjaWsXp2,백희 Baekhee,Baekhee,chzzk,d916dc846dcbe66a3482e238625b9022,https://chzzk.naver.com/d916dc846dcbe66a3482e238625b9022,백희 Baekhee,10851,2025-11-08,,2026-10-06 13:58:02,[사령화] 노래 조금만!,Baekhee_SRH4,https://cafe.naver.com/grimproduction,mysmallvtuber.net,2026-10-06T11:27:37Z
5hkbffVfsT4kUnFM9c9p,베쿠♬,,youtube,UCNt2oeh3zRRcvWihLriecMA,https://www.youtube.com/channel/UCNt2oeh3zRRcvWihLriecMA,베쿠 / BEKU,715,2023-10-24,,2026-10-06 10:38:03,쿠모닝,,,mysmallvtuber.net,2026-10-06T11:27:37Z
5hkbffVfsT4kUnFM9c9p,베쿠♬,,soop,bekuku,https://ch.sooplive.co.kr/bekuku,베쿠♬,2639,2023-10-24,,2026-10-06 10:38:03,쿠모닝,,,mysmallvtuber.net,2026-10-06T11:27:37Z
FsFQf4c2DWwjbGReUKSe,소히 SOHEE,SOHEE,youtube,UChEejxuuRu15AaVBV5kkM0g,https://www.youtube.com/channel/UChEejxuuRu15AaVBV5kkM0g,소히SOHEE,45100,2020-10-02,,2026-10-06 08:55:05,아침 겡끼하게 시작해요ˆ •͈ ·̫ •͈ ˆ ♪,soheebibi,https://cafe.naver.com/sorang2sorang,mysmallvtuber.net,2026-10-06T11:27:37Z
FsFQf4c2DWwjbGReUKSe,소히 SOHEE,SOHEE,youtube,UC60I6QRpLZm79PgKJWi_wzQ,https://www.youtube.com/channel/UC60I6QRpLZm79PgKJWi_wzQ,소히데워먹기 [archive],1540,2020-10-02,,2026-10-06 08:55:05,아침 겡끼하게 시작해요ˆ •͈ ·̫ •͈ ˆ ♪,soheebibi,https://cafe.naver.com/sorang2sorang,mysmallvtuber.net,2026-10-06T11:27:37Z
FsFQf4c2DWwjbGReUKSe,소히 SOHEE,SOHEE,chzzk,288f7aafe3877bb18a4aacced0467667,https://chzzk.naver.com/288f7aafe3877bb18a4aacced0467667,소히 SOHEE,6529,2020-10-02,,2026-10-06 08:55:05,아침 겡끼하게 시작해요ˆ •͈ ·̫ •͈ ˆ ♪,soheebibi,https://cafe.naver.com/sorang2sorang,mysmallvtuber.net,2026-10-06T11:27:37Z
mFH8R6XM5wMJQRgcHCNg,로쥬마리,,youtube,UCe-bh49zSgiNuP5Ani7xuOA,https://www.youtube.com/channel/UCe-bh49zSgiNuP5Ani7xuOA,로쥬마리 Rozyumari,5380,2021-07-21,,2026-10-06 12:44:02,봉누도2 퍼먹기🔥🔥🔥 ٩ʕ◕౪◕ʔو,,https://cafe.naver.com/marifancafe,mysmallvtuber.net,2026-10-06T11:27:37Z
mFH8R6XM5wMJQRgcHCNg,로쥬마리,,youtube,UC7fsMs4UxQYrS1W2fmkKxCw,https://www.youtube.com/channel/UC7fsMs4UxQYrS1W2fmkKxCw,롱쥬마리,518,2021-07-21,,2026-10-06 12:44:02,봉누도2 퍼먹기🔥🔥🔥 ٩ʕ◕౪◕ʔو,,https://cafe.naver.com/marifancafe,mysmallvtuber.net,2026-10-06T11:27:37Z
mFH8R6XM5wMJQRgcHCNg,로쥬마리,,chzzk,d7fcdd7413c90d58e81f4720273795b2,https://chzzk.naver.com/d7fcdd7413c90d58e81f4720273795b2,로쥬마리,4080,2021-07-21,,2026-10-06 12:44:02,봉누도2 퍼먹기🔥🔥🔥 ٩ʕ◕౪◕ʔو,,https://cafe.naver.com/marifancafe,mysmallvtuber.net,2026-10-06T11:27:37Z
SCU99nhkZcqLq9QLGGvm,하라페코 모모모 Wishing,Wishing,youtube,UCZ1ZNMMScd8i3PK7qmU1zaA,https://www.youtube.com/channel/UCZ1ZNMMScd8i3PK7qmU1zaA,하라페코 모모모,1920,2024-08-04,,2026-10-06 08:57:02,평소보다 조금 짧게,wishing_momomo,https://cafe.naver.com/wishinglive,mysmallvtuber.net,2026-10-06T11:27:37Z
SCU99nhkZcqLq9QLGGvm,하라페코 모모모 Wishing,Wishing,youtube,UClsWwCjGMC9_K-QtDLBs8Uw,https://www.youtube.com/channel/UClsWwCjGMC9_K-QtDLBs8Uw,모모모 다시보기,924,2024-08-04,,2026-10-06 08:57:02,평소보다 조금 짧게,wishing_momomo,https://cafe.naver.com/wishinglive,mysmallvtuber.net,2026-10-06T11:27:37Z
SCU99nhkZcqLq9QLGGvm,하라페코 모모모 Wishing,Wishing,chzzk,cc111c664f8e6a2ce297fd9a52db5636,https://chzzk.naver.com/cc111c664f8e6a2ce297fd9a52db5636,하라페코 모모모 Wishing,8019,2024-08-04,,2026-10-06 08:57:02,평소보다 조금 짧게,wishing_momomo,https://cafe.naver.com/wishinglive,mysmallvtuber.net,2026-10-06T11:27:37Z
nDmEG57u6XpyMwrkABpZ,일오 채널,,youtube,UC9K23k9FslXmO_Hzp4I_EVA,https://www.youtube.com/channel/UC9K23k9FslXmO_Hzp4I_EVA,일오,525,2024-11-01,,2026-10-06 15:26:03,🐭 오믈렛에 쓰레기 봉투 넣을까요!? (｡•̀ᴗ-)✧,15f_Vtuber,https://cafe.naver.com/15lovesyou,mysmallvtuber.net,2026-10-06T11:27:37Z
nDmEG57u6XpyMwrkABpZ,일오 채널,,chzzk,97bf6a96e19616aba1a5f95e5dc0a901,https://chzzk.naver.com/97bf6a96e19616aba1a5f95e5dc0a901,일오 채널,3701,2024-11-01,,2026-10-06 15:26:03,🐭 오믈렛에 쓰레기 봉투 넣을까요!? (｡•̀ᴗ-)✧,15f_Vtuber,https://cafe.naver.com/15lovesyou,mysmallvtuber.net,2026-10-06T11:27:37Z
ThrSVPVc2LsJMJjsZPLW,리베 Ribe,Ribe,youtube,UCb4UrDI_oYZz2fTKFnEW2Tw,https://www.youtube.com/channel/UCb4UrDI_oYZz2fTKFnEW2Tw,리베 Ribe,5920,2024-08-16,,2026-10-06 10:30:05,【Ribe】 굿모닝 출퇴근 노래🎵ㅣPOUCH POP,Ribe_DD,https://cafe.naver.com/sweetieberi,mysmallvtuber.net,2026-10-06T11:27:37Z
ThrSVPVc2LsJMJjsZPLW,리베 Ribe,Ribe,youtube,UCTxEu-XtGtmJKH6ORwf1K9w,https://www.youtube.com/channel/UCTxEu-XtGtmJKH6ORwf1K9w,리베 Ribe 다시보기,150,2024-08-16,,2026-10-06 10:30:05,【Ribe】 굿모닝 출퇴근 노래🎵ㅣPOUCH POP,Ribe_DD,https://cafe.naver.com/sweetieberi,mysmallvtuber.net,2026-10-06T11:27:37Z
ThrSVPVc2LsJMJjsZPLW,리베 Ribe,Ribe,chzzk,4821f1d1d8359bd740d8d73d7bc284f8,https://chzzk.naver.com/4821f1d1d8359bd740d8d73d7bc284f8,리베 Ribe,4058,2024-08-16,,2026-10-06 10:30:05,【Ribe】 굿모닝 출퇴근 노래🎵ㅣPOUCH POP,Ribe_DD,https://cafe.naver.com/sweetieberi,mysmallvtuber.net,2026-10-06T11:27:37Z
GvWzLqbJr7beUUYsbrxE,데블리쉬,,chzzk,e823de7448ae3fa30b25185ea4ed1618,https://chzzk.naver.com/e823de7448ae3fa30b25185ea4ed1618,데블리쉬,629,2023-02-22,,2026-10-06 03:37:03,261005) 에반게리온 같이 보기 8화,devilish_chzzk,,mysmallvtuber.net,2026-10-06T11:27:37Z
8SakwbsJRGa73nBCdbcJ,쵸요링,,youtube,UCZH33EqbIaft5m3_CIrQDiQ,https://www.youtube.com/channel/UCZH33EqbIaft5m3_CIrQDiQ,쵸요링,12300,2022-11-02,,2026-10-06 05:22:02,코 감 기,nadayaho_,https://cafe.naver.com/nadyaho,mysmallvtuber.net,2026-10-06T11:27:37Z
8SakwbsJRGa73nBCdbcJ,쵸요링,,chzzk,e008490d3464797704feac3b9ad8fe67,https://chzzk.naver.com/e008490d3464797704feac3b9ad8fe67,쵸요링,5029,2022-11-02,,2026-10-06 05:22:02,코 감 기,nadayaho_,https://cafe.naver.com/nadyaho,mysmallvtuber.net,2026-10-06T11:27:37Z
Ay3vjdmf5sAPuJWR4bvv,냥애웅,,youtube,UCQ8tlC7cYdkq0mrNxLSJg-w,https://www.youtube.com/channel/UCQ8tlC7cYdkq0mrNxLSJg-w,냥애웅,68,2026-05-17,,2026-10-06 16:19:03,그냥서버 파쿠르 가이드가 되.. 벌칙 애교월드컵,nyangaewoong,https://cafe.naver.com/garing,mysmallvtuber.net,2026-10-06T11:27:37Z
Ay3vjdmf5sAPuJWR4bvv,냥애웅,,soop,nyanggaring,https://ch.sooplive.co.kr/nyanggaring,냥애웅,2253,2026-05-17,,2026-10-06 16:19:03,그냥서버 파쿠르 가이드가 되.. 벌칙 애교월드컵,nyangaewoong,https://cafe.naver.com/garing,mysmallvtuber.net,2026-10-06T11:27:37Z
6xbK8NcAxEd5L6cbq3Av,요아케노 나나시,,youtube,UCHQ6tPf_RjrZBqBT0na1K2g,https://www.youtube.com/channel/UCHQ6tPf_RjrZBqBT0na1K2g,나나시의 노래저장고,692,2025-02-11,,2026-10-06 02:26:02,.,nanashi_chzzk,https://cafe.naver.com/nanashi,mysmallvtuber.net,2026-10-06T11:27:37Z
6xbK8NcAxEd5L6cbq3Av,요아케노 나나시,,chzzk,e500ce8da6637e4b7ee255709ddb3ffe,https://chzzk.naver.com/e500ce8da6637e4b7ee255709ddb3ffe,요아케노 나나시,12855,2025-02-11,,2026-10-06 02:26:02,.,nanashi_chzzk,https://cafe.naver.com/nanashi,mysmallvtuber.net,2026-10-06T11:27:37Z
eJgptczTJkJX7qSndHgb,채화사,,chzzk,5731f33ae59e0f114a3f7d0d512bd30b,https://chzzk.naver.com/5731f33ae59e0f114a3f7d0d512bd30b,채화사,489,,,2026-10-06 05:43:03,🌐 림버스 10장! 느긋하게 마저 즐겨봅시다~! 🎤🎵,Chae_Hwasa,,mysmallvtuber.net,2026-10-06T11:27:37Z
dRZumgJPMshNkwNaBVUf,우미미즈,,youtube,UCRu0Haymmbh4AomtdqUdJNw,https://www.youtube.com/channel/UCRu0Haymmbh4AomtdqUdJNw,우미미즈 TV,309,2023-02-24,,2026-10-06 01:10:06,[ 게임 ] 후일담 스토리도 즐기고 이벤트도 즐겨볼까? (녹화 o),umimizu1030,https://cafe.naver.com/purpleknipo,mysmallvtuber.net,2026-10-06T11:27:37Z
dRZumgJPMshNkwNaBVUf,우미미즈,,youtube,UCH80TTUp1M_CGtXS8YNXjfg,https://www.youtube.com/channel/UCH80TTUp1M_CGtXS8YNXjfg,우미미즈 다시보기,56,2023-02-24,,2026-10-06 01:10:06,[ 게임 ] 후일담 스토리도 즐기고 이벤트도 즐겨볼까? (녹화 o),umimizu1030,https://cafe.naver.com/purpleknipo,mysmallvtuber.net,2026-10-06T11:27:37Z
dRZumgJPMshNkwNaBVUf,우미미즈,,chzzk,9cca37ae66bea22b4516bd2dcd1fb566,https://chzzk.naver.com/9cca37ae66bea22b4516bd2dcd1fb566,우미미즈,258,2023-02-24,,2026-10-06 01:10:06,[ 게임 ] 후일담 스토리도 즐기고 이벤트도 즐겨볼까? (녹화 o),umimizu1030,https://cafe.naver.com/purpleknipo,mysmallvtuber.net,2026-10-06T11:27:37Z
Kf9gSaADOMTqZHRDO2YH,비몽♪,,youtube,UCnWEtTLqxplJccIRh3sFjJg,https://www.youtube.com/channel/UCnWEtTLqxplJccIRh3sFjJg,비몽 Beemong,44400,2022-08-06,,2026-10-06 03:15:02,[이브닛]구플 작업뱅,beemong_,https://discord.com/invite/MYrArAmuYp,mysmallvtuber.net,2026-10-06T11:27:37Z
Kf9gSaADOMTqZHRDO2YH,비몽♪,,youtube,UC-PEEzHOQCgAA2X96WAndpg,https://www.youtube.com/channel/UC-PEEzHOQCgAA2X96WAndpg,비몽 아카이브,987,2022-08-06,,2026-10-06 03:15:02,[이브닛]구플 작업뱅,beemong_,https://discord.com/invite/MYrArAmuYp,mysmallvtuber.net,2026-10-06T11:27:37Z
Kf9gSaADOMTqZHRDO2YH,비몽♪,,soop,beemong,https://ch.sooplive.co.kr/beemong,비몽♪,37102,2022-08-06,,2026-10-06 03:15:02,[이브닛]구플 작업뱅,beemong_,https://discord.com/invite/MYrArAmuYp,mysmallvtuber.net,2026-10-06T11:27:37Z
rETb9EC6mB4xW8r8TraL,볼빵소,,youtube,UCN2Qh7n5O0HRdB5WrGY2x2g,https://www.youtube.com/channel/UCN2Qh7n5O0HRdB5WrGY2x2g,뿌앙,4480,2023-08-06,,2026-10-06 01:57:03,에게리의 끝! 엔드 오브 에반게리온까지 같이보기!,bbangbbang__20,https://cafe.naver.com/bbangbbangppuzzi,mysmallvtuber.net,2026-10-06T11:27:37Z
rETb9EC6mB4xW8r8TraL,볼빵소,,youtube,UC0E98CdB0q5sVRQhzN6_nnQ,https://www.youtube.com/channel/UC0E98CdB0q5sVRQhzN6_nnQ,볼빵소의 빵빵일지,1550,2023-08-06,,2026-10-06 01:57:03,에게리의 끝! 엔드 오브 에반게리온까지 같이보기!,bbangbbang__20,https://cafe.naver.com/bbangbbangppuzzi,mysmallvtuber.net,2026-10-06T11:27:37Z
rETb9EC6mB4xW8r8TraL,볼빵소,,chzzk,8a79129b34e042fcd825fbffc3f52c99,https://chzzk.naver.com/8a79129b34e042fcd825fbffc3f52c99,볼빵소,4857,2023-08-06,,2026-10-06 01:57:03,에게리의 끝! 엔드 오브 에반게리온까지 같이보기!,bbangbbang__20,https://cafe.naver.com/bbangbbangppuzzi,mysmallvtuber.net,2026-10-06T11:27:37Z
fN7vy8cfmnGZJmaL3Z3p,냐땅이,,youtube,UCOxqlVNbkPgLX3HS2QVP8Pw,https://www.youtube.com/channel/UCOxqlVNbkPgLX3HS2QVP8Pw,냐땅이,2630,2022-02-22,,2026-10-06 01:23:02,[3DIO] 냐땅이가 힐링 시켜드려요 ദ്ദി*ˊᗜˋ*),nh4721,https://cafe.naver.com/nh4721,mysmallvtuber.net,2026-10-06T11:27:37Z
fN7vy8cfmnGZJmaL3Z3p,냐땅이,,youtube,UCAseSKOdWDZp49tvQCAzKBQ,https://www.youtube.com/channel/UCAseSKOdWDZp49tvQCAzKBQ,ASMR 냐땅이,98,2022-02-22,,2026-10-06 01:23:02,[3DIO] 냐땅이가 힐링 시켜드려요 ദ്ദി*ˊᗜˋ*),nh4721,https://cafe.naver.com/nh4721,mysmallvtuber.net,2026-10-06T11:27:37Z
fN7vy8cfmnGZJmaL3Z3p,냐땅이,,chzzk,2f050f29c9924122356ac91765f17e56,https://chzzk.naver.com/2f050f29c9924122356ac91765f17e56,냐땅이,2135,2022-02-22,,2026-10-06 01:23:02,[3DIO] 냐땅이가 힐링 시켜드려요 ദ്ദി*ˊᗜˋ*),nh4721,https://cafe.naver.com/nh4721,mysmallvtuber.net,2026-10-06T11:27:37Z
XXJZ43k85BUtKRWUcW6V,옥쓔,,youtube,UCfT34MnoBqDblo00hTUgzZQ,https://www.youtube.com/channel/UCfT34MnoBqDblo00hTUgzZQ,옥쓔,16200,2021-05-08,,2026-10-06 03:48:03,여  ㅡ 잘 지냄 ? ㅋㅋ,corncorn0202,https://cafe.naver.com/corncorn02,mysmallvtuber.net,2026-10-06T11:27:37Z
XXJZ43k85BUtKRWUcW6V,옥쓔,,youtube,UCTyr5QZEY6Fnj4T-8t0AkRw,https://www.youtube.com/channel/UCTyr5QZEY6Fnj4T-8t0AkRw,쑛쓔,4220,2021-05-08,,2026-10-06 03:48:03,여  ㅡ 잘 지냄 ? ㅋㅋ,corncorn0202,https://cafe.naver.com/corncorn02,mysmallvtuber.net,2026-10-06T11:27:37Z
XXJZ43k85BUtKRWUcW6V,옥쓔,,chzzk,0e061c23f8d4e7b5a85ba52b7e18bd5b,https://chzzk.naver.com/0e061c23f8d4e7b5a85ba52b7e18bd5b,옥쓔,21260,2021-05-08,,2026-10-06 03:48:03,여  ㅡ 잘 지냄 ? ㅋㅋ,corncorn0202,https://cafe.naver.com/corncorn02,mysmallvtuber.net,2026-10-06T11:27:37Z
6fXFACkdFSuKvWgPbaWw,도롱챠,,chzzk,539ddad723de57dcbff8b11f27877a90,https://chzzk.naver.com/539ddad723de57dcbff8b11f27877a90,도롱챠,29322,2020-12-08,,2026-10-06 03:41:03,월요일,,,mysmallvtuber.net,2026-10-06T11:27:37Z
f2AY9feBKjtkjprJauNF,쁘밍,,youtube,UCb4SKHYmyfYMSN9NrP7fQPg,https://www.youtube.com/channel/UCb4SKHYmyfYMSN9NrP7fQPg,쁘밍,2770,2019-06-25,,2026-10-06 00:01:03,🐰잘못본방송입니다.🐰,bbuming_vt,https://cafe.naver.com/bbuming,mysmallvtuber.net,2026-10-06T11:27:37Z
f2AY9feBKjtkjprJauNF,쁘밍,,chzzk,0537e132c47b6d4fa46650e30ba39d4a,https://chzzk.naver.com/0537e132c47b6d4fa46650e30ba39d4a,쁘밍,2727,2019-06-25,,2026-10-06 00:01:03,🐰잘못본방송입니다.🐰,bbuming_vt,https://cafe.naver.com/bbuming,mysmallvtuber.net,2026-10-06T11:27:37Z
NSqSjecbz5bKJJGeQ2n9,연소화 Sohwa,Sohwa,youtube,UCbxdfLS75bq3G6aRPYHLpkQ,https://www.youtube.com/channel/UCbxdfLS75bq3G6aRPYHLpkQ,연소화 Yeonsohwa,1260,2025-04-23,,2026-10-06 01:02:03,나 와 따 !!,YeonSoHwa,https://discord.com/invite/35tCGGzRuq,mysmallvtuber.net,2026-10-06T11:27:37Z
NSqSjecbz5bKJJGeQ2n9,연소화 Sohwa,Sohwa,youtube,UC7aBYiucoc2TWoQBGvy-fHw,https://www.youtube.com/channel/UC7aBYiucoc2TWoQBGvy-fHw,연소화 다시보기,63,2025-04-23,,2026-10-06 01:02:03,나 와 따 !!,YeonSoHwa,https://discord.com/invite/35tCGGzRuq,mysmallvtuber.net,2026-10-06T11:27:37Z
NSqSjecbz5bKJJGeQ2n9,연소화 Sohwa,Sohwa,chzzk,bc630aa88c2753dbac14a09fd4901890,https://chzzk.naver.com/bc630aa88c2753dbac14a09fd4901890,연소화 Sohwa,1020,2025-04-23,,2026-10-06 01:02:03,나 와 따 !!,YeonSoHwa,https://discord.com/invite/35tCGGzRuq,mysmallvtuber.net,2026-10-06T11:27:37Z
2FZFkqhjsbvmC5NzVhNV,하리_HARI,HARI,youtube,UCfHB-f14_PNq8EJn6SmvJ0w,https://www.youtube.com/channel/UCfHB-f14_PNq8EJn6SmvJ0w,하리 HARI [VRECORD],705,2024-11-23,,2026-10-06 00:12:03,🦴생존신고 가나디🦴,vrecord_hari,https://cafe.naver.com/vrecord,mysmallvtuber.net,2026-10-06T11:27:37Z
2FZFkqhjsbvmC5NzVhNV,하리_HARI,HARI,soop,harivrecord,https://ch.sooplive.co.kr/harivrecord,하리_HARI,1804,2024-11-23,,2026-10-06 00:12:03,🦴생존신고 가나디🦴,vrecord_hari,https://cafe.naver.com/vrecord,mysmallvtuber.net,2026-10-06T11:27:37Z
fQLy9JhgguSg7A37MXNc,이츠미 세요,,youtube,UCuDqB7mzh9IDxrk-TwsFf5w,https://www.youtube.com/channel/UCuDqB7mzh9IDxrk-TwsFf5w,이츠미 세요 ITSUMI SEYO,425,2026-02-08,,2026-10-05 23:55:03,엉덩이 두개 세개,ItsumiSeyo,https://cafe.naver.com/itsumiseyo,mysmallvtuber.net,2026-10-06T11:27:37Z
fQLy9JhgguSg7A37MXNc,이츠미 세요,,youtube,UCFgNwppRUr0RpSkD5A8tzoQ,https://www.youtube.com/channel/UCFgNwppRUr0RpSkD5A8tzoQ,여기보 세요,53,2026-02-08,,2026-10-05 23:55:03,엉덩이 두개 세개,ItsumiSeyo,https://cafe.naver.com/itsumiseyo,mysmallvtuber.net,2026-10-06T11:27:37Z
fQLy9JhgguSg7A37MXNc,이츠미 세요,,chzzk,b4a361de2b3575c09b92cc2ef358925f,https://chzzk.naver.com/b4a361de2b3575c09b92cc2ef358925f,이츠미 세요,1421,2026-02-08,,2026-10-05 23:55:03,엉덩이 두개 세개,ItsumiSeyo,https://cafe.naver.com/itsumiseyo,mysmallvtuber.net,2026-10-06T11:27:37Z
cXGzkeduaywDmX36bJ8h,스텔레쨩,,chzzk,cbf4e8c0a64f2edc1820e3fd1ce6c5ef,https://chzzk.naver.com/cbf4e8c0a64f2edc1820e3fd1ce6c5ef,스텔레쨩,542,2024-09-20,,2026-10-06 04:13:02,우리는 톱밥으로 선을 지켰다 - 헬다 조금 하다가 프펑 [버미육] !굿즈,stelle_scarlett,https://discord.gg/QgsTEXKZgB,mysmallvtuber.net,2026-10-06T11:27:37Z
rjREtH57jz5sadZQz3gp,배토Baeto,Baeto,youtube,UC5mTN8Xnzgn5mcRdi4yOP0Q,https://www.youtube.com/channel/UC5mTN8Xnzgn5mcRdi4yOP0Q,배토 Baeto,1010,2024-03-24,,2026-10-06 01:30:04,늦은 고릴라고릴라,baeto0324,https://cafe.naver.com/qoxh0324,mysmallvtuber.net,2026-10-06T11:27:37Z
rjREtH57jz5sadZQz3gp,배토Baeto,Baeto,chzzk,65e49b4f2591867014403f2599f0b493,https://chzzk.naver.com/65e49b4f2591867014403f2599f0b493,배토Baeto,3145,2024-03-24,,2026-10-06 01:30:04,늦은 고릴라고릴라,baeto0324,https://cafe.naver.com/qoxh0324,mysmallvtuber.net,2026-10-06T11:27:37Z
pnaBb5my9UrBfP96gjNL,민네,,youtube,UC27ZzCg6hvUGUTfhR_Dp23Q,https://www.youtube.com/channel/UC27ZzCg6hvUGUTfhR_Dp23Q,민네 Minne,18100,2023-07-06,,2026-10-06 00:32:02,동네누나ASMR..,MinneVT,https://cafe.naver.com/minnespaceship,mysmallvtuber.net,2026-10-06T11:27:37Z
pnaBb5my9UrBfP96gjNL,민네,,youtube,UCutTrr9QN9qDjxPrtZvPlog,https://www.youtube.com/channel/UCutTrr9QN9qDjxPrtZvPlog,Minne ASMR,38000,2023-07-06,,2026-10-06 00:32:02,동네누나ASMR..,MinneVT,https://cafe.naver.com/minnespaceship,mysmallvtuber.net,2026-10-06T11:27:37Z
pnaBb5my9UrBfP96gjNL,민네,,chzzk,dd3f969930648997b95c222776e38172,https://chzzk.naver.com/dd3f969930648997b95c222776e38172,민네,10981,2023-07-06,,2026-10-06 00:32:02,동네누나ASMR..,MinneVT,https://cafe.naver.com/minnespaceship,mysmallvtuber.net,2026-10-06T11:27:37Z
JFEwNze8aWq9w3Px3MuW,유이미야,,youtube,UChu5_HIVsglrUQhlde7_Dww,https://www.youtube.com/channel/UChu5_HIVsglrUQhlde7_Dww,Yu. Lee. MIYA : 유이미야,900,2018-07-08,,2026-10-05 23:44:02,월요일은 듀얼 링크스의 날,yuleemiya,,mysmallvtuber.net,2026-10-06T11:27:37Z
JFEwNze8aWq9w3Px3MuW,유이미야,,chzzk,6595bbd385c45e4652666bddcd69518a,https://chzzk.naver.com/6595bbd385c45e4652666bddcd69518a,유이미야,250,2018-07-08,,2026-10-05 23:44:02,월요일은 듀얼 링크스의 날,yuleemiya,,mysmallvtuber.net,2026-10-06T11:27:37Z
RbjDA3k8JWWH5QLpfxxh,문유아 MoonYouA,MoonYouA,youtube,UCbjZvzzwwr_bU1Fvn-cNbGQ,https://www.youtube.com/channel/UCbjZvzzwwr_bU1Fvn-cNbGQ,문유아,43,2024-07-15,,2026-10-06 00:49:03,환락 한스푼만 느껴보기 (스토리 보기),MoonYouA,https://cafe.naver.com/moonyoua,mysmallvtuber.net,2026-10-06T11:27:37Z
RbjDA3k8JWWH5QLpfxxh,문유아 MoonYouA,MoonYouA,youtube,UCc8LJmyp6YBZesepXLMqizQ,https://www.youtube.com/channel/UCc8LJmyp6YBZesepXLMqizQ,월식 저장소,13,2024-07-15,,2026-10-06 00:49:03,환락 한스푼만 느껴보기 (스토리 보기),MoonYouA,https://cafe.naver.com/moonyoua,mysmallvtuber.net,2026-10-06T11:27:37Z
RbjDA3k8JWWH5QLpfxxh,문유아 MoonYouA,MoonYouA,chzzk,f1f32d2ba7bc4839cdb24751e1f57f67,https://chzzk.naver.com/f1f32d2ba7bc4839cdb24751e1f57f67,문유아 MoonYouA,439,2024-07-15,,2026-10-06 00:49:03,환락 한스푼만 느껴보기 (스토리 보기),MoonYouA,https://cafe.naver.com/moonyoua,mysmallvtuber.net,2026-10-06T11:27:37Z
2cWp6YDaHEhVUWbPFvhK,린세 이데,,youtube,UC4x5640rFDkSr99NqEIAxoA,https://www.youtube.com/channel/UC4x5640rFDkSr99NqEIAxoA,린세컴퍼니,833,2024-02-07,,2026-10-06 00:10:03,주카탐 하겠습니다 (배탈남),Rinse7_,https://discord.gg/HSkSBhaGJm,mysmallvtuber.net,2026-10-06T11:27:37Z
2cWp6YDaHEhVUWbPFvhK,린세 이데,,chzzk,f9c5767197acf2b93313d2f57d432a8d,https://chzzk.naver.com/f9c5767197acf2b93313d2f57d432a8d,린세 이데,1308,2024-02-07,,2026-10-06 00:10:03,주카탐 하겠습니다 (배탈남),Rinse7_,https://discord.gg/HSkSBhaGJm,mysmallvtuber.net,2026-10-06T11:27:37Z
EhxWTbpMFKc6GGyZ5gMr,설백,,youtube,UCbCQDFbLpkurWc4_0R5-pEA,https://www.youtube.com/channel/UCbCQDFbLpkurWc4_0R5-pEA,설백,373000,,,2026-10-05 23:28:02,개꿀잼 윷놀이 발견ㅋㅋㅋㅋ 🌺,Snow_hiteda,https://cafe.naver.com/snowhiteda,mysmallvtuber.net,2026-10-06T11:27:37Z
EhxWTbpMFKc6GGyZ5gMr,설백,,youtube,UCQST0zZW1UIHaEvgXwjAjIA,https://www.youtube.com/channel/UCQST0zZW1UIHaEvgXwjAjIA,설백 다시보기,18400,,,2026-10-05 23:28:02,개꿀잼 윷놀이 발견ㅋㅋㅋㅋ 🌺,Snow_hiteda,https://cafe.naver.com/snowhiteda,mysmallvtuber.net,2026-10-06T11:27:37Z
EhxWTbpMFKc6GGyZ5gMr,설백,,chzzk,b1099827eb54bab6771bae5c85e887b7,https://chzzk.naver.com/b1099827eb54bab6771bae5c85e887b7,설백,102938,,,2026-10-05 23:28:02,개꿀잼 윷놀이 발견ㅋㅋㅋㅋ 🌺,Snow_hiteda,https://cafe.naver.com/snowhiteda,mysmallvtuber.net,2026-10-06T11:27:37Z
4cgEQpf8gSJrCvYw5QAF,융이 Yoong E,Yoong E,youtube,UCV1P5EEv_PX0Dmz5zno1cHQ,https://www.youtube.com/channel/UCV1P5EEv_PX0Dmz5zno1cHQ,융이다이어리,6020,,,2026-10-06 03:13:02,"🌻 에반게리온 1~13 / 마음이 소란스러울 땐 복잡한 생각을 내려놓고, 소란의 근원지를 금세 찾아낼 수 있기를. 오늘도 어김없이 평안이 함께하기를 ꙳꒰ ੭⑅•͈ ·̮ •͈꒱",,https://cafe.naver.com/yoongdust,mysmallvtuber.net,2026-10-06T11:27:37Z
4cgEQpf8gSJrCvYw5QAF,융이 Yoong E,Yoong E,chzzk,89bd1d5157cfb9eb41ceb7bf4c418db9,https://chzzk.naver.com/89bd1d5157cfb9eb41ceb7bf4c418db9,융이 Yoong E,6370,,,2026-10-06 03:13:02,"🌻 에반게리온 1~13 / 마음이 소란스러울 땐 복잡한 생각을 내려놓고, 소란의 근원지를 금세 찾아낼 수 있기를. 오늘도 어김없이 평안이 함께하기를 ꙳꒰ ੭⑅•͈ ·̮ •͈꒱",,https://cafe.naver.com/yoongdust,mysmallvtuber.net,2026-10-06T11:27:37Z
NnFAxM77ChcBCNgqQD7c,랏코 아쿠비,,youtube,UCwNuQ4XVjgEdYIbiAqG6IOQ,https://www.youtube.com/channel/UCwNuQ4XVjgEdYIbiAqG6IOQ,아쿠비,1980,2024-07-27,,2026-10-06 01:55:04,"💙마지막  퍼리 연구소 (w.우키 ,미엘)",akubi5959,https://cafe.naver.com/akubi5959,mysmallvtuber.net,2026-10-06T11:27:37Z
NnFAxM77ChcBCNgqQD7c,랏코 아쿠비,,youtube,UC2QV3QKTaNZaHLRwWfosUUg,https://www.youtube.com/channel/UC2QV3QKTaNZaHLRwWfosUUg,쿠비 다시보기,58,2024-07-27,,2026-10-06 01:55:04,"💙마지막  퍼리 연구소 (w.우키 ,미엘)",akubi5959,https://cafe.naver.com/akubi5959,mysmallvtuber.net,2026-10-06T11:27:37Z
NnFAxM77ChcBCNgqQD7c,랏코 아쿠비,,chzzk,0c3356ebececc241124bcea53620d91a,https://chzzk.naver.com/0c3356ebececc241124bcea53620d91a,랏코 아쿠비,1160,2024-07-27,,2026-10-06 01:55:04,"💙마지막  퍼리 연구소 (w.우키 ,미엘)",akubi5959,https://cafe.naver.com/akubi5959,mysmallvtuber.net,2026-10-06T11:27:37Z
4YcE3z5WmCxNHAHkxynv,나송진,,youtube,UC16TqNvgNg5TFBlRP3p98aA,https://www.youtube.com/channel/UC16TqNvgNg5TFBlRP3p98aA,나송진,138,2024-10-24,,2026-10-06 03:59:03,정말 일만할거야..진짜루 일만 할거야...,NaSongjin,https://discord.gg/NrQWG2hzYB,mysmallvtuber.net,2026-10-06T11:27:37Z
4YcE3z5WmCxNHAHkxynv,나송진,,chzzk,74e79142b1db379dce32040c7ba3316e,https://chzzk.naver.com/74e79142b1db379dce32040c7ba3316e,나송진,688,2024-10-24,,2026-10-06 03:59:03,정말 일만할거야..진짜루 일만 할거야...,NaSongjin,https://discord.gg/NrQWG2hzYB,mysmallvtuber.net,2026-10-06T11:27:37Z
Pwj2FQPzvbNHTkNQ9NHw,위도,,youtube,UCvqaWntfsfUayQGHSH_wsBw,https://www.youtube.com/channel/UCvqaWntfsfUayQGHSH_wsBw,위도 W2RDØ,35500,2020-09-10,,2026-10-06 01:57:03,🌊끝내주게 아무것도 안하기 1일차,w2rd0,https://cafe.naver.com/w2rdo,mysmallvtuber.net,2026-10-06T11:27:37Z
Pwj2FQPzvbNHTkNQ9NHw,위도,,chzzk,d7c83d4ce76a835ba79e27e5e46cb3e2,https://chzzk.naver.com/d7c83d4ce76a835ba79e27e5e46cb3e2,위도,26243,2020-09-10,,2026-10-06 01:57:03,🌊끝내주게 아무것도 안하기 1일차,w2rd0,https://cafe.naver.com/w2rdo,mysmallvtuber.net,2026-10-06T11:27:37Z
NDkTNpwWUrrpzzFXUeVP,이루희,,youtube,UCIRgBxEeYZLBDtPiNYyIvQw,https://www.youtube.com/channel/UCIRgBxEeYZLBDtPiNYyIvQw,이루희 RUHEE,822,2025-05-31,,2026-10-06 19:44:02,73등까지 6표!⚾레드의 야구 설명회🔥,,https://cafe.naver.com/mingkymya,mysmallvtuber.net,2026-10-06T11:27:37Z
NDkTNpwWUrrpzzFXUeVP,이루희,,soop,mingkymya,https://ch.sooplive.co.kr/mingkymya,이루희,3891,2025-05-31,,2026-10-06 19:44:02,73등까지 6표!⚾레드의 야구 설명회🔥,,https://cafe.naver.com/mingkymya,mysmallvtuber.net,2026-10-06T11:27:37Z
sasN2zEqpagTST54whp2,노아 NOA,NOA,chzzk,1b7263344f2fb5f0713832e670fb9c39,https://chzzk.naver.com/1b7263344f2fb5f0713832e670fb9c39,노아 NOA,1724,2024-10-06,,2026-10-06 01:19:03,[신입D+52/V]스푼 출신 저점 매수🩵💙,,https://cafe.naver.com/akizuki,mysmallvtuber.net,2026-10-06T11:27:37Z
4UxekaFu7QXvP9wLazr3,김아테 l Ate,l Ate,youtube,UCyUm1IF1GvhL8sFaK_Ga3ew,https://www.youtube.com/channel/UCyUm1IF1GvhL8sFaK_Ga3ew,아테 Ate,3610,2025-02-23,,2026-10-06 04:29:03,봉누도 빨간약을 퍼먹어볼시간~,otw_ate,https://cafe.naver.com/otwoffical,mysmallvtuber.net,2026-10-06T11:27:37Z
4UxekaFu7QXvP9wLazr3,김아테 l Ate,l Ate,youtube,UC_wovpl7Vqg6P2DNCxIhUZg,https://www.youtube.com/channel/UC_wovpl7Vqg6P2DNCxIhUZg,김뒷태의 이중생활,914,2025-02-23,,2026-10-06 04:29:03,봉누도 빨간약을 퍼먹어볼시간~,otw_ate,https://cafe.naver.com/otwoffical,mysmallvtuber.net,2026-10-06T11:27:37Z
4UxekaFu7QXvP9wLazr3,김아테 l Ate,l Ate,chzzk,f42e97f59c3177b8686dccfbf90792dd,https://chzzk.naver.com/f42e97f59c3177b8686dccfbf90792dd,김아테 l Ate,8687,2025-02-23,,2026-10-06 04:29:03,봉누도 빨간약을 퍼먹어볼시간~,otw_ate,https://cafe.naver.com/otwoffical,mysmallvtuber.net,2026-10-06T11:27:37Z
cyHEYDtdXqNMQZj4wrUq,져미님,,youtube,UCD1Co1H0-6aZdCAuq14rbPw,https://www.youtube.com/channel/UCD1Co1H0-6aZdCAuq14rbPw,져미님,10100,2020-03-22,,2026-10-06 02:24:02,∠( ᐛ 」 ∠)＿ 나는 네가 일 년 뒤에 와도 오 년 뒤에 와도 기억할 거야 알겠어?,germy_nim,https://cafe.naver.com/plzonairgermynim,mysmallvtuber.net,2026-10-06T11:27:37Z
cyHEYDtdXqNMQZj4wrUq,져미님,,youtube,UCAWmbpTt7V4mrsnljmxJxXA,https://www.youtube.com/channel/UCAWmbpTt7V4mrsnljmxJxXA,져미님님님,634,2020-03-22,,2026-10-06 02:24:02,∠( ᐛ 」 ∠)＿ 나는 네가 일 년 뒤에 와도 오 년 뒤에 와도 기억할 거야 알겠어?,germy_nim,https://cafe.naver.com/plzonairgermynim,mysmallvtuber.net,2026-10-06T11:27:37Z
cyHEYDtdXqNMQZj4wrUq,져미님,,chzzk,75c30c411b840b8eeaa12ce3401e6d5f,https://chzzk.naver.com/75c30c411b840b8eeaa12ce3401e6d5f,져미님,3660,2020-03-22,,2026-10-06 02:24:02,∠( ᐛ 」 ∠)＿ 나는 네가 일 년 뒤에 와도 오 년 뒤에 와도 기억할 거야 알겠어?,germy_nim,https://cafe.naver.com/plzonairgermynim,mysmallvtuber.net,2026-10-06T11:27:37Z
BFCuteMBgR2eNvHXz9et,시반 SHHVAN,SHHVAN,youtube,UCHHkbsAIVglw3SADXrrj0sA,https://www.youtube.com/channel/UCHHkbsAIVglw3SADXrrj0sA,시반 SHHVAN,2690,2024-10-11,,2026-10-05 23:40:04,[10/11 데뷔2주년] 방음부스 38도 살려주세ㅐ요,SHHVAN_,https://cafe.naver.com/shhvan,mysmallvtuber.net,2026-10-06T11:27:37Z
BFCuteMBgR2eNvHXz9et,시반 SHHVAN,SHHVAN,chzzk,f0ee2cbdd32aa82bfb8c7262503755d5,https://chzzk.naver.com/f0ee2cbdd32aa82bfb8c7262503755d5,시반 SHHVAN,1388,2024-10-11,,2026-10-05 23:40:04,[10/11 데뷔2주년] 방음부스 38도 살려주세ㅐ요,SHHVAN_,https://cafe.naver.com/shhvan,mysmallvtuber.net,2026-10-06T11:27:37Z
B9HUp3afLwhZ2eMhVzQY,와이안,,youtube,UCiCtRyJIDB1oWeytRwd44BA,https://www.youtube.com/channel/UCiCtRyJIDB1oWeytRwd44BA,와이안의 이안바,81,2025-05-15,,2026-10-06 00:02:03,[유입환영] 올라 야하야햐 (치이카와 극장판 보고왔어요),wyan_official,,mysmallvtuber.net,2026-10-06T11:27:37Z
B9HUp3afLwhZ2eMhVzQY,와이안,,chzzk,dce8163af8770f85ee1119b4ac1c0619,https://chzzk.naver.com/dce8163af8770f85ee1119b4ac1c0619,와이안,327,2025-05-15,,2026-10-06 00:02:03,[유입환영] 올라 야하야햐 (치이카와 극장판 보고왔어요),wyan_official,,mysmallvtuber.net,2026-10-06T11:27:37Z
K5UNTYN7EwTByKWgLdyu,키미도리 메로,,youtube,UCEuLCV70Fm4Ua3zn-261HhQ,https://www.youtube.com/channel/UCEuLCV70Fm4Ua3zn-261HhQ,키미도리 메로,63000,2023-09-16,,2026-10-05 22:56:03,08년생이랑 홍대 놀다 온 썰 풀게연~,mero_kimidori,https://cafe.naver.com/everydaymero,mysmallvtuber.net,2026-10-06T11:27:37Z
K5UNTYN7EwTByKWgLdyu,키미도리 메로,,youtube,UCMkypLHgCec4wtliFpyny2g,https://www.youtube.com/channel/UCMkypLHgCec4wtliFpyny2g,조커TV,186,2023-09-16,,2026-10-05 22:56:03,08년생이랑 홍대 놀다 온 썰 풀게연~,mero_kimidori,https://cafe.naver.com/everydaymero,mysmallvtuber.net,2026-10-06T11:27:37Z
K5UNTYN7EwTByKWgLdyu,키미도리 메로,,chzzk,33d58e8eb2014d6e6c5eb74dcc587ebd,https://chzzk.naver.com/33d58e8eb2014d6e6c5eb74dcc587ebd,키미도리 메로,16026,2023-09-16,,2026-10-05 22:56:03,08년생이랑 홍대 놀다 온 썰 풀게연~,mero_kimidori,https://cafe.naver.com/everydaymero,mysmallvtuber.net,2026-10-06T11:27:37Z
jXG76RDGYrM9GVUwbqDb,자쿠로 I 에델리안,I,youtube,UCIFQ5yddGoyydsLS9vIJ-Kw,https://www.youtube.com/channel/UCIFQ5yddGoyydsLS9vIJ-Kw,자쿠로 알만다이트 【 에델리안 】,361,2024-10-05,,2026-10-06 00:16:03,[V/유입환영] 도깨비 2주년기념 술방 (반캠) 【 에델리안 】,PN_zakuro,https://cafe.naver.com/paranet,mysmallvtuber.net,2026-10-06T11:27:37Z
jXG76RDGYrM9GVUwbqDb,자쿠로 I 에델리안,I,chzzk,bb49ddcb2a273b25a4bb3aee549d0839,https://chzzk.naver.com/bb49ddcb2a273b25a4bb3aee549d0839,자쿠로 I 에델리안,563,2024-10-05,,2026-10-06 00:16:03,[V/유입환영] 도깨비 2주년기념 술방 (반캠) 【 에델리안 】,PN_zakuro,https://cafe.naver.com/paranet,mysmallvtuber.net,2026-10-06T11:27:37Z
kyw27tH3u3T4gRSrvtSh,고 리,,youtube,UC4ZSdEnPcjB4lEZ8Jl-QQDQ,https://www.youtube.com/channel/UC4ZSdEnPcjB4lEZ8Jl-QQDQ,고리 Gori,321,2024-02-21,,2026-10-06 01:18:02,🌼개미는 뚠뚠 오늘도,,https://discord.com/invite/KVt4y8Epxq,mysmallvtuber.net,2026-10-06T11:27:37Z
kyw27tH3u3T4gRSrvtSh,고 리,,youtube,UCJfp3LwpROZePx9dg8uFVYQ,https://www.youtube.com/channel/UCJfp3LwpROZePx9dg8uFVYQ,고리 다시보기,99,2024-02-21,,2026-10-06 01:18:02,🌼개미는 뚠뚠 오늘도,,https://discord.com/invite/KVt4y8Epxq,mysmallvtuber.net,2026-10-06T11:27:37Z
kyw27tH3u3T4gRSrvtSh,고 리,,chzzk,ce6f60a80adc6b7e7dee7141a04423c2,https://chzzk.naver.com/ce6f60a80adc6b7e7dee7141a04423c2,고 리,507,2024-02-21,,2026-10-06 01:18:02,🌼개미는 뚠뚠 오늘도,,https://discord.com/invite/KVt4y8Epxq,mysmallvtuber.net,2026-10-06T11:27:37Z
RyU5YSguyPBzRUZCdgyu,무아 Muah,Muah,youtube,UCKryoDQ1wye6RqiUD60-Wvg,https://www.youtube.com/channel/UCKryoDQ1wye6RqiUD60-Wvg,무아 Muah,22,2026-06-02,,2026-10-06 01:57:03,만취상태라무슨말을할지몰ㄹ서19ㅓㄱㄹ어둠,,https://cafe.naver.com/formuah,mysmallvtuber.net,2026-10-06T11:27:37Z
RyU5YSguyPBzRUZCdgyu,무아 Muah,Muah,chzzk,e16604fb8b78344f68a791c8b0b907fa,https://chzzk.naver.com/e16604fb8b78344f68a791c8b0b907fa,무아 Muah,379,2026-06-02,,2026-10-06 01:57:03,만취상태라무슨말을할지몰ㄹ서19ㅓㄱㄹ어둠,,https://cafe.naver.com/formuah,mysmallvtuber.net,2026-10-06T11:27:37Z
h6bAwTWdgRKKCaLjZZVG,김마꽁,,soop,mak0ng,https://ch.sooplive.co.kr/mak0ng,김마꽁,1005,,,2026-10-05 21:47:03,날씨 춥다,,,mysmallvtuber.net,2026-10-06T11:27:37Z
Gt9LFkWgYAmfLZpPRtme,소닉워터,,youtube,UCO2x9kVZD1yPPdjd2ZgYAgA,https://www.youtube.com/channel/UCO2x9kVZD1yPPdjd2ZgYAgA,소닉워터,220,2021-04-20,,2026-10-06 02:27:02,잔느가 아이스크림으로 못박혔어요,V_Sonicwater,,mysmallvtuber.net,2026-10-06T11:27:37Z
Gt9LFkWgYAmfLZpPRtme,소닉워터,,chzzk,74277b2dde5ca096438683c9d558cf05,https://chzzk.naver.com/74277b2dde5ca096438683c9d558cf05,소닉워터,596,2021-04-20,,2026-10-06 02:27:02,잔느가 아이스크림으로 못박혔어요,V_Sonicwater,,mysmallvtuber.net,2026-10-06T11:27:37Z
x4W8BvHyhBXQDJhgwQVs,마냐나,,youtube,UCMEtLT7PFwWES9ho8BhNM4w,https://www.youtube.com/channel/UCMEtLT7PFwWES9ho8BhNM4w,마냐나,605,2023-05-10,,2026-10-06 00:19:02,🏃‍♂️탈출하르테냐 [42빌드]🧟 좀비세계에서 예술가로 살아남기 저는 천치즈 삼천치즈 삼만치즈가 조아요   ૮꒰ྀི ˶˃̵ ^ ˂̵˵ ꒱ྀིა,manyana158,https://cafe.naver.com/manyana158,mysmallvtuber.net,2026-10-06T11:27:37Z
x4W8BvHyhBXQDJhgwQVs,마냐나,,youtube,UC7hxHMdP2KRq3mCS2G8Pqlg,https://www.youtube.com/channel/UC7hxHMdP2KRq3mCS2G8Pqlg,다시만냐,266,2023-05-10,,2026-10-06 00:19:02,🏃‍♂️탈출하르테냐 [42빌드]🧟 좀비세계에서 예술가로 살아남기 저는 천치즈 삼천치즈 삼만치즈가 조아요   ૮꒰ྀི ˶˃̵ ^ ˂̵˵ ꒱ྀིა,manyana158,https://cafe.naver.com/manyana158,mysmallvtuber.net,2026-10-06T11:27:37Z
x4W8BvHyhBXQDJhgwQVs,마냐나,,chzzk,f4022e7c7403c765dda995b30369577c,https://chzzk.naver.com/f4022e7c7403c765dda995b30369577c,마냐나,1416,2023-05-10,,2026-10-06 00:19:02,🏃‍♂️탈출하르테냐 [42빌드]🧟 좀비세계에서 예술가로 살아남기 저는 천치즈 삼천치즈 삼만치즈가 조아요   ૮꒰ྀི ˶˃̵ ^ ˂̵˵ ꒱ྀིა,manyana158,https://cafe.naver.com/manyana158,mysmallvtuber.net,2026-10-06T11:27:37Z
dDvdYAK7xssLex3vNFtD,나을 Naeul,Naeul,youtube,UCZQpyrZumNd4X4Ihi2ysHuQ,https://www.youtube.com/channel/UCZQpyrZumNd4X4Ihi2ysHuQ,나을 ナウル Naeul Game CH.,1540,2021-09-15,,2026-10-05 22:59:03,ʕ·͡˔·Ɂ 유입환영 💛 공포 / (˃̣̣︿˂̣̣),_Rabbit_ii,https://cafe.naver.com/dreamofmaidream,mysmallvtuber.net,2026-10-06T11:27:37Z
dDvdYAK7xssLex3vNFtD,나을 Naeul,Naeul,youtube,UC5zc9PIZXs4iZ4JNUwG2izw,https://www.youtube.com/channel/UC5zc9PIZXs4iZ4JNUwG2izw,나을 데워먹기,1410,2021-09-15,,2026-10-05 22:59:03,ʕ·͡˔·Ɂ 유입환영 💛 공포 / (˃̣̣︿˂̣̣),_Rabbit_ii,https://cafe.naver.com/dreamofmaidream,mysmallvtuber.net,2026-10-06T11:27:37Z
dDvdYAK7xssLex3vNFtD,나을 Naeul,Naeul,chzzk,34dd8435552bd6739e7158f7762705b8,https://chzzk.naver.com/34dd8435552bd6739e7158f7762705b8,나을 Naeul,3094,2021-09-15,,2026-10-05 22:59:03,ʕ·͡˔·Ɂ 유입환영 💛 공포 / (˃̣̣︿˂̣̣),_Rabbit_ii,https://cafe.naver.com/dreamofmaidream,mysmallvtuber.net,2026-10-06T11:27:37Z
6a3VWBjTg3bg9EuzybFa,하루나엘,,youtube,UCAU7X5T4lNWWEi_asdNQnog,https://www.youtube.com/channel/UCAU7X5T4lNWWEi_asdNQnog,하루나엘,1710,2023-04-13,,2026-10-06 02:46:03,[하루나엘] 뿌점하고 갑니당~,HaRuNa__L,https://cafe.naver.com/pitapatrand,mysmallvtuber.net,2026-10-06T11:27:37Z
6a3VWBjTg3bg9EuzybFa,하루나엘,,youtube,UC67r9HmV4Ql5G0jQ7xcO68g,https://www.youtube.com/channel/UC67r9HmV4Ql5G0jQ7xcO68g,하루나엘 다시보기,555,2023-04-13,,2026-10-06 02:46:03,[하루나엘] 뿌점하고 갑니당~,HaRuNa__L,https://cafe.naver.com/pitapatrand,mysmallvtuber.net,2026-10-06T11:27:37Z
6a3VWBjTg3bg9EuzybFa,하루나엘,,chzzk,3d11f301d71cce5bcd1e96bbaec314be,https://chzzk.naver.com/3d11f301d71cce5bcd1e96bbaec314be,하루나엘,6097,2023-04-13,,2026-10-06 02:46:03,[하루나엘] 뿌점하고 갑니당~,HaRuNa__L,https://cafe.naver.com/pitapatrand,mysmallvtuber.net,2026-10-06T11:27:37Z
rVQGssAeAD2GYC7Xaq9r,투미츠,,youtube,UCBtDgY-qAmarm8NiXvEBzXA,https://www.youtube.com/channel/UCBtDgY-qAmarm8NiXvEBzXA,미츠의 보석함,1190,2020-01-30,,2026-10-05 23:56:03,[BIP 연습생] 밥 먹으면서 빕네티 💖,xndb004,https://cafe.naver.com/toomits,mysmallvtuber.net,2026-10-06T11:27:37Z
rVQGssAeAD2GYC7Xaq9r,투미츠,,soop,xnalcm004,https://ch.sooplive.co.kr/xnalcm004,투미츠,4149,2020-01-30,,2026-10-05 23:56:03,[BIP 연습생] 밥 먹으면서 빕네티 💖,xndb004,https://cafe.naver.com/toomits,mysmallvtuber.net,2026-10-06T11:27:37Z
aRTKFZzHqXUHep5QD5tr,유다히,,youtube,UCtmXoV68351T9qgoALoW-XQ,https://www.youtube.com/channel/UCtmXoV68351T9qgoALoW-XQ,리트라 E. 유다히 retry udie,554,2023-10-01,,2026-10-06 02:12:03,부산갈매기파 유다희 봉누도2 후기 썰 풀기,retryudie,https://cafe.naver.com/kimchiwatt,mysmallvtuber.net,2026-10-06T11:27:37Z
aRTKFZzHqXUHep5QD5tr,유다히,,youtube,UCXC5FdCYZPem-mcC2kQ6lCQ,https://www.youtube.com/channel/UCXC5FdCYZPem-mcC2kQ6lCQ,유다히 다시보기,254,2023-10-01,,2026-10-06 02:12:03,부산갈매기파 유다희 봉누도2 후기 썰 풀기,retryudie,https://cafe.naver.com/kimchiwatt,mysmallvtuber.net,2026-10-06T11:27:37Z
aRTKFZzHqXUHep5QD5tr,유다히,,chzzk,e630c27b3c51307c1a064213a4a000bd,https://chzzk.naver.com/e630c27b3c51307c1a064213a4a000bd,유다히,4098,2023-10-01,,2026-10-06 02:12:03,부산갈매기파 유다희 봉누도2 후기 썰 풀기,retryudie,https://cafe.naver.com/kimchiwatt,mysmallvtuber.net,2026-10-06T11:27:37Z
ctYG3MnRhJ337YrbdcLK,수잔 헌트,,youtube,UCIxEISaj_fDWmWsCVEcwgOw,https://www.youtube.com/channel/UCIxEISaj_fDWmWsCVEcwgOw,수잔 헌트,5670,2024-04-27,,2026-10-06 03:10:02,수상한 소년만화 애호가 (15화부터 시작),susan_hunt_,https://cafe.naver.com/tnwksdlqslek,mysmallvtuber.net,2026-10-06T11:27:37Z
ctYG3MnRhJ337YrbdcLK,수잔 헌트,,youtube,UCDKsE1GsaV23dCm7cV3A26Q,https://www.youtube.com/channel/UCDKsE1GsaV23dCm7cV3A26Q,수잔 헌트 아카이브,5320,2024-04-27,,2026-10-06 03:10:02,수상한 소년만화 애호가 (15화부터 시작),susan_hunt_,https://cafe.naver.com/tnwksdlqslek,mysmallvtuber.net,2026-10-06T11:27:37Z
ctYG3MnRhJ337YrbdcLK,수잔 헌트,,chzzk,7954e98ff81b6e4b85d9321aa6286c46,https://chzzk.naver.com/7954e98ff81b6e4b85d9321aa6286c46,수잔 헌트,5421,2024-04-27,,2026-10-06 03:10:02,수상한 소년만화 애호가 (15화부터 시작),susan_hunt_,https://cafe.naver.com/tnwksdlqslek,mysmallvtuber.net,2026-10-06T11:27:37Z
GDHjbUdj7ucHa6jjKezp,마젯,,youtube,UCEmnAcKG61C1OhlqAeh9KUA,https://www.youtube.com/channel/UCEmnAcKG61C1OhlqAeh9KUA,마젯 Mazet,58000,2023-04-01,,2026-10-06 03:00:03,🐌@ʕ｡• ̮ ̮ ̮•｡ʔ 이건마짱이고 𓏼⩐ ̫ ⩐𓏼이건나임,ma__zet,https://cafe.naver.com/mazet,mysmallvtuber.net,2026-10-06T11:27:37Z
GDHjbUdj7ucHa6jjKezp,마젯,,youtube,UCAO_8cy5NqEKx7EjsIq98ag,https://www.youtube.com/channel/UCAO_8cy5NqEKx7EjsIq98ag,마젯 다시보기,3060,2023-04-01,,2026-10-06 03:00:03,🐌@ʕ｡• ̮ ̮ ̮•｡ʔ 이건마짱이고 𓏼⩐ ̫ ⩐𓏼이건나임,ma__zet,https://cafe.naver.com/mazet,mysmallvtuber.net,2026-10-06T11:27:37Z
GDHjbUdj7ucHa6jjKezp,마젯,,chzzk,9ff4bdc7aa4f3384e84db402bc128b0c,https://chzzk.naver.com/9ff4bdc7aa4f3384e84db402bc128b0c,마젯,26881,2023-04-01,,2026-10-06 03:00:03,🐌@ʕ｡• ̮ ̮ ̮•｡ʔ 이건마짱이고 𓏼⩐ ̫ ⩐𓏼이건나임,ma__zet,https://cafe.naver.com/mazet,mysmallvtuber.net,2026-10-06T11:27:37Z
ufHVzWK8qBqcTCwstu7N,레나찌,,youtube,UCa8Ut0XvLngF9cYVDcsxqNQ,https://www.youtube.com/channel/UCa8Ut0XvLngF9cYVDcsxqNQ,레나찌,330,2023-03-05,,2026-10-06 03:48:03,니케 코인러쉬 쇼다운 같이보기,renaddang_g,https://cafe.naver.com/renazzi,mysmallvtuber.net,2026-10-06T11:27:37Z
ufHVzWK8qBqcTCwstu7N,레나찌,,youtube,UC87D3E04tS6pQsV3WabpvHA,https://www.youtube.com/channel/UC87D3E04tS6pQsV3WabpvHA,레나찌 모았찌,121,2023-03-05,,2026-10-06 03:48:03,니케 코인러쉬 쇼다운 같이보기,renaddang_g,https://cafe.naver.com/renazzi,mysmallvtuber.net,2026-10-06T11:27:37Z
ufHVzWK8qBqcTCwstu7N,레나찌,,chzzk,66d9b111b4e8449a91b5bfd26ccc9f8c,https://chzzk.naver.com/66d9b111b4e8449a91b5bfd26ccc9f8c,레나찌,1669,2023-03-05,,2026-10-06 03:48:03,니케 코인러쉬 쇼다운 같이보기,renaddang_g,https://cafe.naver.com/renazzi,mysmallvtuber.net,2026-10-06T11:27:37Z
C9j394GVUXYZnPcmJjSf,텔라 tella,tella,youtube,UCemheEhm48CnYUc-ELV2row,https://www.youtube.com/channel/UCemheEhm48CnYUc-ELV2row,텔라 옛날 계정,400,,,2026-10-06 01:02:03,갑자기 국기 탐구함,stella_hosino,https://cafe.naver.com/stella47,mysmallvtuber.net,2026-10-06T11:27:37Z
C9j394GVUXYZnPcmJjSf,텔라 tella,tella,youtube,UCgJ4XtMrQRkLohR4kprwS3A,https://www.youtube.com/channel/UCgJ4XtMrQRkLohR4kprwS3A,텔라 다시보기 모음,182,,,2026-10-06 01:02:03,갑자기 국기 탐구함,stella_hosino,https://cafe.naver.com/stella47,mysmallvtuber.net,2026-10-06T11:27:37Z
C9j394GVUXYZnPcmJjSf,텔라 tella,tella,chzzk,2b6076d06cf75e2ffa15a95165f6e03c,https://chzzk.naver.com/2b6076d06cf75e2ffa15a95165f6e03c,텔라 tella,1152,,,2026-10-06 01:02:03,갑자기 국기 탐구함,stella_hosino,https://cafe.naver.com/stella47,mysmallvtuber.net,2026-10-06T11:27:37Z
zRmt4q3daX7rba9zX5Re,묘현,,youtube,UCra5umS649V6OGqWUYEninw,https://www.youtube.com/channel/UCra5umS649V6OGqWUYEninw,묘정비소 기록실,2050,2023-02-20,,2026-10-05 23:41:02,보법이 다른 솔랭! 올라간다고는 안 함....!,myo_planet0220,https://cafe.naver.com/retale0203,mysmallvtuber.net,2026-10-06T11:27:37Z
zRmt4q3daX7rba9zX5Re,묘현,,youtube,UCA84uz0lgwYy0u7F_zCjptg,https://www.youtube.com/channel/UCA84uz0lgwYy0u7F_zCjptg,묘현 다시보기,702,2023-02-20,,2026-10-05 23:41:02,보법이 다른 솔랭! 올라간다고는 안 함....!,myo_planet0220,https://cafe.naver.com/retale0203,mysmallvtuber.net,2026-10-06T11:27:37Z
zRmt4q3daX7rba9zX5Re,묘현,,chzzk,1b55e07f8d3cdf58334796ed76cd9699,https://chzzk.naver.com/1b55e07f8d3cdf58334796ed76cd9699,묘현,4209,2023-02-20,,2026-10-05 23:41:02,보법이 다른 솔랭! 올라간다고는 안 함....!,myo_planet0220,https://cafe.naver.com/retale0203,mysmallvtuber.net,2026-10-06T11:27:37Z
3k46SD7V6JdThPpHq5vL,루디님,,youtube,UCdBZxsfGsc0I1MSioUhcQfw,https://www.youtube.com/channel/UCdBZxsfGsc0I1MSioUhcQfw,루디 Rudy,16500,,,2026-10-05 22:22:03,공지끝,Rudy_ELPHIS,https://cafe.naver.com/elphisacademy,mysmallvtuber.net,2026-10-06T11:27:37Z
3k46SD7V6JdThPpHq5vL,루디님,,youtube,UCp40GJNTYhB75Ur6snB8KrA,https://www.youtube.com/channel/UCp40GJNTYhB75Ur6snB8KrA,루디 다시보기,1240,,,2026-10-05 22:22:03,공지끝,Rudy_ELPHIS,https://cafe.naver.com/elphisacademy,mysmallvtuber.net,2026-10-06T11:27:37Z
3k46SD7V6JdThPpHq5vL,루디님,,chzzk,05c6daaae355aeae2f1843b9edc426b3,https://chzzk.naver.com/05c6daaae355aeae2f1843b9edc426b3,루디님,3017,,,2026-10-05 22:22:03,공지끝,Rudy_ELPHIS,https://cafe.naver.com/elphisacademy,mysmallvtuber.net,2026-10-06T11:27:37Z
8FWHNsHyB3Gx7C757pez,카나프 Kanaph,Kanaph,youtube,UCb5AKwhqhLePqhZLbMeuiLw,https://www.youtube.com/channel/UCb5AKwhqhLePqhZLbMeuiLw,카나프 KANAPH,8140,2022-12-24,,2026-10-05 23:58:03,근무수칙 수영복 입고 수지랑 마지막 합방(´▽｀)💐,_Kanaph,https://cafe.naver.com/isoropia,mysmallvtuber.net,2026-10-06T11:27:37Z
8FWHNsHyB3Gx7C757pez,카나프 Kanaph,Kanaph,youtube,UCrAsy0HeM5gmB_Lf2BRh_iQ,https://www.youtube.com/channel/UCrAsy0HeM5gmB_Lf2BRh_iQ,카나프의 화분,2170,2022-12-24,,2026-10-05 23:58:03,근무수칙 수영복 입고 수지랑 마지막 합방(´▽｀)💐,_Kanaph,https://cafe.naver.com/isoropia,mysmallvtuber.net,2026-10-06T11:27:37Z
8FWHNsHyB3Gx7C757pez,카나프 Kanaph,Kanaph,chzzk,852d27f701a047c7dba8ca41cd88e319,https://chzzk.naver.com/852d27f701a047c7dba8ca41cd88e319,카나프 Kanaph,4494,2022-12-24,,2026-10-05 23:58:03,근무수칙 수영복 입고 수지랑 마지막 합방(´▽｀)💐,_Kanaph,https://cafe.naver.com/isoropia,mysmallvtuber.net,2026-10-06T11:27:37Z
szGUsTc5Db3PzzqxKaUC,그나로,,youtube,UCIrfspU4YLMa6hO7aXx1kUg,https://www.youtube.com/channel/UCIrfspU4YLMa6hO7aXx1kUg,그나로 Gnaro,1650,,,2026-10-06 00:48:03,✨[노래] 좀 치는 스머찾으면 여기 추천,Uta_Gnaro,https://cafe.naver.com/gnaro,mysmallvtuber.net,2026-10-06T11:27:37Z
szGUsTc5Db3PzzqxKaUC,그나로,,youtube,UCPkDaVJCvfd9O8Wo4G2oIeQ,https://www.youtube.com/channel/UCPkDaVJCvfd9O8Wo4G2oIeQ,그나로 다시보기,147,,,2026-10-06 00:48:03,✨[노래] 좀 치는 스머찾으면 여기 추천,Uta_Gnaro,https://cafe.naver.com/gnaro,mysmallvtuber.net,2026-10-06T11:27:37Z
szGUsTc5Db3PzzqxKaUC,그나로,,chzzk,f4c2ff0be58895c211652674f2f19ffa,https://chzzk.naver.com/f4c2ff0be58895c211652674f2f19ffa,그나로,2398,,,2026-10-06 00:48:03,✨[노래] 좀 치는 스머찾으면 여기 추천,Uta_Gnaro,https://cafe.naver.com/gnaro,mysmallvtuber.net,2026-10-06T11:27:37Z
z5XPb9DHLSyW6yddujwg,아이노 에리,,youtube,UC-LNQa4_l6-c6EHfoETLuWQ,https://www.youtube.com/channel/UC-LNQa4_l6-c6EHfoETLuWQ,아이노 에리,514,2024-08-11,,2026-10-06 00:10:03,포켓몬 퀴즈 ⌖ ˖° ପ(ू ᴗ͈ ˬ ᴗ͈ू ⑅)ଓ ˖˚˳⌖,AinoErie,https://cafe.naver.com/serionn,mysmallvtuber.net,2026-10-06T11:27:37Z
z5XPb9DHLSyW6yddujwg,아이노 에리,,youtube,UCg1d7Nf0NGllHqNOnExwl3w,https://www.youtube.com/channel/UCg1d7Nf0NGllHqNOnExwl3w,아이노 에리 다시보기,313,2024-08-11,,2026-10-06 00:10:03,포켓몬 퀴즈 ⌖ ˖° ପ(ू ᴗ͈ ˬ ᴗ͈ू ⑅)ଓ ˖˚˳⌖,AinoErie,https://cafe.naver.com/serionn,mysmallvtuber.net,2026-10-06T11:27:37Z
z5XPb9DHLSyW6yddujwg,아이노 에리,,chzzk,4a08704e0c809f0e3017c3b4aacc17f3,https://chzzk.naver.com/4a08704e0c809f0e3017c3b4aacc17f3,아이노 에리,457,2024-08-11,,2026-10-06 00:10:03,포켓몬 퀴즈 ⌖ ˖° ପ(ू ᴗ͈ ˬ ᴗ͈ू ⑅)ଓ ˖˚˳⌖,AinoErie,https://cafe.naver.com/serionn,mysmallvtuber.net,2026-10-06T11:27:37Z
eCUyQNHfxdTdm5gAQsgD,라프사,,youtube,UC8IcZaffl2Ihgv5cehnWKkw,https://www.youtube.com/channel/UC8IcZaffl2Ihgv5cehnWKkw,라프사,20100,2020-12-20,,2026-10-06 00:39:03,[러브커스] 사랑이 아니면 죽음뿐 사랑이 아니면 죽음뿐 사랑이 아니면 죽음뿐 사랑이 아니면 죽음뿐 사랑이 아니면 죽음뿐 사랑이 아니면 죽음뿐 사랑이 아니면 죽음뿐 사랑이 아니면 죽,Lap_sa_,https://hez.gg/fan-city/3TyEyImByL5aBayak3rG,mysmallvtuber.net,2026-10-06T11:27:37Z
eCUyQNHfxdTdm5gAQsgD,라프사,,chzzk,6b87563949cc1243ed13201464c9df5e,https://chzzk.naver.com/6b87563949cc1243ed13201464c9df5e,라프사,2466,2020-12-20,,2026-10-06 00:39:03,[러브커스] 사랑이 아니면 죽음뿐 사랑이 아니면 죽음뿐 사랑이 아니면 죽음뿐 사랑이 아니면 죽음뿐 사랑이 아니면 죽음뿐 사랑이 아니면 죽음뿐 사랑이 아니면 죽음뿐 사랑이 아니면 죽,Lap_sa_,https://hez.gg/fan-city/3TyEyImByL5aBayak3rG,mysmallvtuber.net,2026-10-06T11:27:37Z
CyuLxzhUHdFMR6TH8CDG,달래 피 스타치오,,youtube,UCQotuTTiFs_jTFsb846bu3Q,https://www.youtube.com/channel/UCQotuTTiFs_jTFsb846bu3Q,달래 피 스타치오,272,2023-10-31,,2026-10-06 03:03:03,[릴리의 세상XD] ㅋㅋ 노트북 줏음 백업하고 내가 써야지,DalRae_1031,https://cafe.naver.com/dalraep,mysmallvtuber.net,2026-10-06T11:27:37Z
CyuLxzhUHdFMR6TH8CDG,달래 피 스타치오,,chzzk,d202a12455e7e1e617637a98e5add553,https://chzzk.naver.com/d202a12455e7e1e617637a98e5add553,달래 피 스타치오,611,2023-10-31,,2026-10-06 03:03:03,[릴리의 세상XD] ㅋㅋ 노트북 줏음 백업하고 내가 써야지,DalRae_1031,https://cafe.naver.com/dalraep,mysmallvtuber.net,2026-10-06T11:27:37Z
pBjmwzXAybn4CuSD8ZtR,소라네 하노코,,youtube,UCJDXmm82qUG2zes40taUmJg,https://www.youtube.com/channel/UCJDXmm82qUG2zes40taUmJg,소라네 하노코 SORANE HANOKO,2280,2025-08-02,,2026-10-05 22:59:03,왜이리 느린것같을까요 인터넷이,hanoko0703,https://cafe.naver.com/studiosegno,mysmallvtuber.net,2026-10-06T11:27:37Z
pBjmwzXAybn4CuSD8ZtR,소라네 하노코,,chzzk,6a2f8115bc4301fbae3adb2fbe60182f,https://chzzk.naver.com/6a2f8115bc4301fbae3adb2fbe60182f,소라네 하노코,1490,2025-08-02,,2026-10-05 22:59:03,왜이리 느린것같을까요 인터넷이,hanoko0703,https://cafe.naver.com/studiosegno,mysmallvtuber.net,2026-10-06T11:27:37Z
QmPTVYNyvB4msc23Yrcj,냥슈 CATSHU,CATSHU,youtube,UCPg2jbReZg9lRnENI2o6kEw,https://www.youtube.com/channel/UCPg2jbReZg9lRnENI2o6kEw,냥슈 CATSHU,209,2026-08-16,,2026-10-06 04:05:04,닭가슴살먹고코인세탁방가고카페가고산책가고영화보고외식하고한강가고운동센터를갔던알찬하루  [!룰렛],nyangsyu118412,https://cafe.naver.com/catshubagi,mysmallvtuber.net,2026-10-06T11:27:37Z
QmPTVYNyvB4msc23Yrcj,냥슈 CATSHU,CATSHU,youtube,UC57YVIR0mxzIq8DGLok9QlQ,https://www.youtube.com/channel/UC57YVIR0mxzIq8DGLok9QlQ,냥슈 다시보기,84,2026-08-16,,2026-10-06 04:05:04,닭가슴살먹고코인세탁방가고카페가고산책가고영화보고외식하고한강가고운동센터를갔던알찬하루  [!룰렛],nyangsyu118412,https://cafe.naver.com/catshubagi,mysmallvtuber.net,2026-10-06T11:27:37Z
QmPTVYNyvB4msc23Yrcj,냥슈 CATSHU,CATSHU,chzzk,c662c103aed2b541487e1aaaa44bc4ec,https://chzzk.naver.com/c662c103aed2b541487e1aaaa44bc4ec,냥슈 CATSHU,744,2026-08-16,,2026-10-06 04:05:04,닭가슴살먹고코인세탁방가고카페가고산책가고영화보고외식하고한강가고운동센터를갔던알찬하루  [!룰렛],nyangsyu118412,https://cafe.naver.com/catshubagi,mysmallvtuber.net,2026-10-06T11:27:37Z
VaAysCayRjxdhQ52engu,세 라 핌,,youtube,UCOxXUlfJop5WtX6RS4BY4ZA,https://www.youtube.com/channel/UCOxXUlfJop5WtX6RS4BY4ZA,세라핌🌸핌카이브🩷,1370,2024-03-25,,2026-10-06 03:29:03,[v] [805♡] 🌸건강해진 천사아가씨🩷 『 1부 - 링피트 / 2부 - 아이마스 : 스탈릿 시즌 』 ♪ (✿◡‿◡),_Angel_Seraphim,https://cafe.naver.com/angelseraphim,mysmallvtuber.net,2026-10-06T11:27:37Z
VaAysCayRjxdhQ52engu,세 라 핌,,chzzk,11d8198a35373468ccbc5c669d371080,https://chzzk.naver.com/11d8198a35373468ccbc5c669d371080,세 라 핌,2193,2024-03-25,,2026-10-06 03:29:03,[v] [805♡] 🌸건강해진 천사아가씨🩷 『 1부 - 링피트 / 2부 - 아이마스 : 스탈릿 시즌 』 ♪ (✿◡‿◡),_Angel_Seraphim,https://cafe.naver.com/angelseraphim,mysmallvtuber.net,2026-10-06T11:27:37Z
2QTdDWXSKbbgkdJcukg2,천서단,,youtube,UC4wgXG_iN_7wycHizMUg6kQ,https://www.youtube.com/channel/UC4wgXG_iN_7wycHizMUg6kQ,서단 youtube,178,,,2026-10-06 01:31:02,안녕 (ﾉ◕ヮ◕)ﾉ*:･ﾟ✧🤍,,https://cafe.naver.com/se0dan,mysmallvtuber.net,2026-10-06T11:27:37Z
2QTdDWXSKbbgkdJcukg2,천서단,,youtube,UC2_hPk0HPbZm2fl40DkuOlw,https://www.youtube.com/channel/UC2_hPk0HPbZm2fl40DkuOlw,서단시보기,245,,,2026-10-06 01:31:02,안녕 (ﾉ◕ヮ◕)ﾉ*:･ﾟ✧🤍,,https://cafe.naver.com/se0dan,mysmallvtuber.net,2026-10-06T11:27:37Z
2QTdDWXSKbbgkdJcukg2,천서단,,chzzk,17466937fcddc5345b2fdfafc9a55147,https://chzzk.naver.com/17466937fcddc5345b2fdfafc9a55147,천서단,1071,,,2026-10-06 01:31:02,안녕 (ﾉ◕ヮ◕)ﾉ*:･ﾟ✧🤍,,https://cafe.naver.com/se0dan,mysmallvtuber.net,2026-10-06T11:27:37Z
KMH3zB85aXDtQMZNCm2y,송찐빵,,youtube,UCuoLHlnnu64Cn66VTGH4WEw,https://www.youtube.com/channel/UCuoLHlnnu64Cn66VTGH4WEw,송찐빵,19200,2022-08-01,,2026-10-06 03:14:02,블루아카이브 백화요란 2장 후반부 같이보기,sbread1055,https://cafe.naver.com/sbread1055,mysmallvtuber.net,2026-10-06T11:27:37Z
KMH3zB85aXDtQMZNCm2y,송찐빵,,youtube,UCQdLlT-ekPKsrmaI9vQ-YbQ,https://www.youtube.com/channel/UCQdLlT-ekPKsrmaI9vQ-YbQ,송풀빵,771,2022-08-01,,2026-10-06 03:14:02,블루아카이브 백화요란 2장 후반부 같이보기,sbread1055,https://cafe.naver.com/sbread1055,mysmallvtuber.net,2026-10-06T11:27:37Z
KMH3zB85aXDtQMZNCm2y,송찐빵,,chzzk,4028770e384f396fe3318baad907cff5,https://chzzk.naver.com/4028770e384f396fe3318baad907cff5,송찐빵,4452,2022-08-01,,2026-10-06 03:14:02,블루아카이브 백화요란 2장 후반부 같이보기,sbread1055,https://cafe.naver.com/sbread1055,mysmallvtuber.net,2026-10-06T11:27:37Z
thECPnUZbs5FYCzMdXWT,한히나,,youtube,UC3iMADjQXTHQMbcxhawnA4w,https://www.youtube.com/channel/UC3iMADjQXTHQMbcxhawnA4w,한히나,527,2023-12-06,,2026-10-05 23:53:03,히나 와써,Haruno_Hinata_,https://cafe.naver.com/sharkhina,mysmallvtuber.net,2026-10-06T11:27:37Z
thECPnUZbs5FYCzMdXWT,한히나,,youtube,UCerCS5SzDtJVzsPH5E_bOIQ,https://www.youtube.com/channel/UCerCS5SzDtJVzsPH5E_bOIQ,히나의 일상,17,2023-12-06,,2026-10-05 23:53:03,히나 와써,Haruno_Hinata_,https://cafe.naver.com/sharkhina,mysmallvtuber.net,2026-10-06T11:27:37Z
thECPnUZbs5FYCzMdXWT,한히나,,soop,sharkhina,https://ch.sooplive.co.kr/sharkhina,한히나,1670,2023-12-06,,2026-10-05 23:53:03,히나 와써,Haruno_Hinata_,https://cafe.naver.com/sharkhina,mysmallvtuber.net,2026-10-06T11:27:37Z
9rfQ6EPem6MPu9esRNwM,야로로,,youtube,UCL-oXCbSMUAEZWUXIVZsLIA,https://www.youtube.com/channel/UCL-oXCbSMUAEZWUXIVZsLIA,야로로 YARORO,19300,2023-07-14,,2026-10-05 23:55:03,"[V] 안녕, 야로로 대장이야",YARORO_Vtuber,https://cafe.naver.com/officialyaroro,mysmallvtuber.net,2026-10-06T11:27:37Z
9rfQ6EPem6MPu9esRNwM,야로로,,chzzk,4dc75f28b67156646c18af0c6efad29b,https://chzzk.naver.com/4dc75f28b67156646c18af0c6efad29b,야로로,776,2023-07-14,,2026-10-05 23:55:03,"[V] 안녕, 야로로 대장이야",YARORO_Vtuber,https://cafe.naver.com/officialyaroro,mysmallvtuber.net,2026-10-06T11:27:37Z
hxHEtVwLEw1eNLO9FwRU,달체솜,,youtube,UCtFGm914jXb9sJSM8YiKhhw,https://www.youtube.com/channel/UCtFGm914jXb9sJSM8YiKhhw,달체솜,3010,2022-02-21,,2026-10-06 00:02:03,솜솜코❤️40퍼 당첨 룰렛 33/330 ~,Dalchesom,https://cafe.naver.com/chesom,mysmallvtuber.net,2026-10-06T11:27:37Z
hxHEtVwLEw1eNLO9FwRU,달체솜,,soop,dalchesom,https://ch.sooplive.co.kr/dalchesom,달체솜,7206,2022-02-21,,2026-10-06 00:02:03,솜솜코❤️40퍼 당첨 룰렛 33/330 ~,Dalchesom,https://cafe.naver.com/chesom,mysmallvtuber.net,2026-10-06T11:27:37Z
YB8AgBYtqeq2xXdxjVck,쿠로바,,youtube,UCLv2H3BKhfO1h3_ZuUH00xA,https://www.youtube.com/channel/UCLv2H3BKhfO1h3_ZuUH00xA,쿠로바 Kurova,10,2024-05-27,,2026-10-05 22:54:03,딩가딩가,kuro_va,,mysmallvtuber.net,2026-10-06T11:27:37Z
YB8AgBYtqeq2xXdxjVck,쿠로바,,chzzk,47dad440b5ec9f2082aea82529bfb065,https://chzzk.naver.com/47dad440b5ec9f2082aea82529bfb065,쿠로바,2017,2024-05-27,,2026-10-05 22:54:03,딩가딩가,kuro_va,,mysmallvtuber.net,2026-10-06T11:27:37Z
6KduVSVKxf8WhqnFbqsA,차니0110,,youtube,UCzM8TBpjlYbVyWWVXEYRE6A,https://www.youtube.com/channel/UCzM8TBpjlYbVyWWVXEYRE6A,차니0110,951,2025-05-06,,2026-10-06 01:06:03,[마비노기 모바일] 숙제도와드립니다! 어비스(매어~지옥3) or 레이드(카려움/에매어)버스방송 (신규/복귀/부캐 도우미) 맞팔환영,,,mysmallvtuber.net,2026-10-06T11:27:37Z
6KduVSVKxf8WhqnFbqsA,차니0110,,chzzk,531a13d0f6e13972eb37775768d1410d,https://chzzk.naver.com/531a13d0f6e13972eb37775768d1410d,차니0110,2237,2025-05-06,,2026-10-06 01:06:03,[마비노기 모바일] 숙제도와드립니다! 어비스(매어~지옥3) or 레이드(카려움/에매어)버스방송 (신규/복귀/부캐 도우미) 맞팔환영,,,mysmallvtuber.net,2026-10-06T11:27:37Z
Scn7zpFzKduKQQ9sL885,묘루스,,youtube,UCzK1yqJ4wvhCnVxpiGZ1Dww,https://www.youtube.com/channel/UCzK1yqJ4wvhCnVxpiGZ1Dww,묘루스,92,2025-12-12,,2026-10-05 23:14:03,[V] 기운차게 돼지 머리 깨기ㅣ빌스 머스트 비 페이드,Myorus_cat,,mysmallvtuber.net,2026-10-06T11:27:37Z
Scn7zpFzKduKQQ9sL885,묘루스,,chzzk,c278bc8fd12a84deb67c133132521835,https://chzzk.naver.com/c278bc8fd12a84deb67c133132521835,묘루스,220,2025-12-12,,2026-10-05 23:14:03,[V] 기운차게 돼지 머리 깨기ㅣ빌스 머스트 비 페이드,Myorus_cat,,mysmallvtuber.net,2026-10-06T11:27:37Z
G6weEQCE9mYWWCqHGp2Y,리아 에메랄드,,youtube,UCctNcL4SxyKgzhvf1AXt2mA,https://www.youtube.com/channel/UCctNcL4SxyKgzhvf1AXt2mA,리아 에메랄드Lia_emerald,1150,2023-08-16,,2026-10-05 23:20:04,[크라임씬] 나의 집/My House (탐정학원V),Lia_emerald01,https://discord.com/invite/53DrYCjV4g,mysmallvtuber.net,2026-10-06T11:27:37Z
G6weEQCE9mYWWCqHGp2Y,리아 에메랄드,,youtube,UCq1hsOBaTPvRpl0X8t6lnZQ,https://www.youtube.com/channel/UCq1hsOBaTPvRpl0X8t6lnZQ,리아 다시보기,58,2023-08-16,,2026-10-05 23:20:04,[크라임씬] 나의 집/My House (탐정학원V),Lia_emerald01,https://discord.com/invite/53DrYCjV4g,mysmallvtuber.net,2026-10-06T11:27:37Z
G6weEQCE9mYWWCqHGp2Y,리아 에메랄드,,chzzk,77612dca8fd05982c7236afba458d20d,https://chzzk.naver.com/77612dca8fd05982c7236afba458d20d,리아 에메랄드,1053,2023-08-16,,2026-10-05 23:20:04,[크라임씬] 나의 집/My House (탐정학원V),Lia_emerald01,https://discord.com/invite/53DrYCjV4g,mysmallvtuber.net,2026-10-06T11:27:37Z
HsPuWzyGNeGfBexXnxK3,유 보 라,,chzzk,18e72d38acbd6fb781f4c1107d8a9896,https://chzzk.naver.com/18e72d38acbd6fb781f4c1107d8a9896,유 보 라,773,2023-07-21,,2026-10-06 00:51:03,[V/유입환영] 💜 [차릿벨리] 갑자기 노래 부름 주의 📝,B0R4_S2C,https://discord.gg/WbbEP2eznk,mysmallvtuber.net,2026-10-06T11:27:37Z
R9XsS2aR9a2ZVrBGawAC,달토끼멜라,,youtube,UCmR85IxpV09ATGFrn2fkZAw,https://www.youtube.com/channel/UCmR85IxpV09ATGFrn2fkZAw,달토끼멜라(보관용),3470,2024-05-26,,2026-10-05 20:53:02,달토끼방송🐇오늘이 대체공휴일 이었다고..?,mela1212_v,https://cafe.naver.com/mela1212fancafe,mysmallvtuber.net,2026-10-06T11:27:37Z
R9XsS2aR9a2ZVrBGawAC,달토끼멜라,,soop,nmela1212,https://ch.sooplive.co.kr/nmela1212,달토끼멜라,936,2024-05-26,,2026-10-05 20:53:02,달토끼방송🐇오늘이 대체공휴일 이었다고..?,mela1212_v,https://cafe.naver.com/mela1212fancafe,mysmallvtuber.net,2026-10-06T11:27:37Z
q67e57mPUtv3NyQbEwst,먀뮤뮤,,youtube,UCOuBd8ZFFET703CITO30Wew,https://www.youtube.com/channel/UCOuBd8ZFFET703CITO30Wew,먀뮤뮤 miamumu,11200,2022-12-05,,2026-10-05 23:06:03,날씨 좋은데 산책하러 가자!,miamumu__,https://cafe.naver.com/mutin,mysmallvtuber.net,2026-10-06T11:27:37Z
q67e57mPUtv3NyQbEwst,먀뮤뮤,,youtube,UCr-8mZlAFkrOQqxdzs7BrGw,https://www.youtube.com/channel/UCr-8mZlAFkrOQqxdzs7BrGw,먀뮤뮤 다시보기,4970,2022-12-05,,2026-10-05 23:06:03,날씨 좋은데 산책하러 가자!,miamumu__,https://cafe.naver.com/mutin,mysmallvtuber.net,2026-10-06T11:27:37Z
q67e57mPUtv3NyQbEwst,먀뮤뮤,,chzzk,0a808138cc8c96ab9756935b964c1bf7,https://chzzk.naver.com/0a808138cc8c96ab9756935b964c1bf7,먀뮤뮤,17463,2022-12-05,,2026-10-05 23:06:03,날씨 좋은데 산책하러 가자!,miamumu__,https://cafe.naver.com/mutin,mysmallvtuber.net,2026-10-06T11:27:37Z
zfGmtgcfm5vNFTkwSGcb,연떠,,youtube,UClSZX3R4GhRRqiKuY9RMQug,https://www.youtube.com/channel/UClSZX3R4GhRRqiKuY9RMQug,롱떠,585,,,2026-10-06 03:35:04,구멍이없어요,,https://cafe.naver.com/yeontt,mysmallvtuber.net,2026-10-06T11:27:37Z
zfGmtgcfm5vNFTkwSGcb,연떠,,chzzk,2468c1fe1c2844da02a52dfb133494a2,https://chzzk.naver.com/2468c1fe1c2844da02a52dfb133494a2,연떠,4347,,,2026-10-06 03:35:04,구멍이없어요,,https://cafe.naver.com/yeontt,mysmallvtuber.net,2026-10-06T11:27:37Z
Rhch2FUSyW5jHgRS7cut,해냄,,youtube,UC6seXzZUyrP_HSyLG_Zt8wg,https://www.youtube.com/channel/UC6seXzZUyrP_HSyLG_Zt8wg,해냄 HAENAEM,2110,2024-01-06,,2026-10-06 00:10:03,이상한 곳에 떨어졌다?!,Hae_naem_,https://cafe.naver.com/haenaemguild,mysmallvtuber.net,2026-10-06T11:27:37Z
Rhch2FUSyW5jHgRS7cut,해냄,,youtube,UCj4RqDv7-rVbzWYe3z7MSGg,https://www.youtube.com/channel/UCj4RqDv7-rVbzWYe3z7MSGg,해냄 다시보기,225,2024-01-06,,2026-10-06 00:10:03,이상한 곳에 떨어졌다?!,Hae_naem_,https://cafe.naver.com/haenaemguild,mysmallvtuber.net,2026-10-06T11:27:37Z
Rhch2FUSyW5jHgRS7cut,해냄,,chzzk,2bddaadfaca317afe554eb390e6df68c,https://chzzk.naver.com/2bddaadfaca317afe554eb390e6df68c,해냄,1169,2024-01-06,,2026-10-06 00:10:03,이상한 곳에 떨어졌다?!,Hae_naem_,https://cafe.naver.com/haenaemguild,mysmallvtuber.net,2026-10-06T11:27:37Z
wLWLp7j82UwLkAvyNkfH,천상츄,,youtube,UCYYiN2-JxHvlfhrRsb6Ra7Q,https://www.youtube.com/channel/UCYYiN2-JxHvlfhrRsb6Ra7Q,천상츄,1190,2021-12-08,,2026-10-06 02:35:02,메랜  @그림룰렛 50@ ☆ミ,sangchu_0o0a,https://discord.com/invite/t4ayq5jtpW,mysmallvtuber.net,2026-10-06T11:27:37Z
wLWLp7j82UwLkAvyNkfH,천상츄,,youtube,UCyVzB1Wyd8nIj90abc_K7CA,https://www.youtube.com/channel/UCyVzB1Wyd8nIj90abc_K7CA,천상츄의 길고짧은건대봐야안다,131,2021-12-08,,2026-10-06 02:35:02,메랜  @그림룰렛 50@ ☆ミ,sangchu_0o0a,https://discord.com/invite/t4ayq5jtpW,mysmallvtuber.net,2026-10-06T11:27:37Z
wLWLp7j82UwLkAvyNkfH,천상츄,,soop,sangchu541,https://ch.sooplive.co.kr/sangchu541,천상츄,1423,2021-12-08,,2026-10-06 02:35:02,메랜  @그림룰렛 50@ ☆ミ,sangchu_0o0a,https://discord.com/invite/t4ayq5jtpW,mysmallvtuber.net,2026-10-06T11:27:37Z
fZmPm2xwEs2MgJvvdLfg,조홍단,,chzzk,88e0c8e14dd95355d663e608fb96931d,https://chzzk.naver.com/88e0c8e14dd95355d663e608fb96931d,조홍단,738,2025-05-12,,2026-10-05 23:39:02,(던컨/빙결) 안녕하세요 ฅ₍^•⩊ •マⳊ,,,mysmallvtuber.net,2026-10-06T11:27:37Z
3WbjhkTJ6S6DqMtfEAn3,규하랑,,youtube,UCXxxGNXhu9xspz0L1g1ri5g,https://www.youtube.com/channel/UCXxxGNXhu9xspz0L1g1ri5g,규하랑 Gyuharang,578,2024-06-20,,2026-10-06 04:21:02,이터널리턴 5일차 뉴비 성장기,gyuharang,https://discord.com/channels/1248558045827694694/1248949285324587080,mysmallvtuber.net,2026-10-06T11:27:37Z
3WbjhkTJ6S6DqMtfEAn3,규하랑,,chzzk,8a7511f45bbf7e1dde46200af595e98d,https://chzzk.naver.com/8a7511f45bbf7e1dde46200af595e98d,규하랑,785,2024-06-20,,2026-10-06 04:21:02,이터널리턴 5일차 뉴비 성장기,gyuharang,https://discord.com/channels/1248558045827694694/1248949285324587080,mysmallvtuber.net,2026-10-06T11:27:37Z
NLttVd3sU24vKKePyeKg,미르_MIR,MIR,soop,alice427,https://ch.sooplive.co.kr/alice427,미르_MIR,32894,2022-10-26,,2026-10-05 21:48:02,아브라카다브라 커버 공개!💙,,,mysmallvtuber.net,2026-10-06T11:27:37Z
3SfKTQ5SFX8e7JZDDGWJ,가을솔,,chzzk,45d0e65f8c9f98557a595b9d12736f70,https://chzzk.naver.com/45d0e65f8c9f98557a595b9d12736f70,가을솔,1801,,,2026-10-06 02:17:02,✨💖💕✨곤듀 오늘 여별별 소재 파아아아밍^^✧⁺⸜(●′▾‵●)⸝⁺✧🐣🤣,,https://discord.com/invite/838MBPKukA,mysmallvtuber.net,2026-10-06T11:27:37Z
2e9ucE6xzaxdWq3YgDR8,데메트루,,youtube,UCE17nMphXimMPT6dgLYkk7A,https://www.youtube.com/channel/UCE17nMphXimMPT6dgLYkk7A,데메트루,285,2019-12-19,,2026-10-06 01:57:03,[v/유입환영] 봉누도2 클립 월드컵128강!,demeteulu_8,https://cafe.naver.com/bluegrayckdo6,mysmallvtuber.net,2026-10-06T11:27:37Z
2e9ucE6xzaxdWq3YgDR8,데메트루,,chzzk,a60a100f92b18c63eb7d238aec8d29a0,https://chzzk.naver.com/a60a100f92b18c63eb7d238aec8d29a0,데메트루,1379,2019-12-19,,2026-10-06 01:57:03,[v/유입환영] 봉누도2 클립 월드컵128강!,demeteulu_8,https://cafe.naver.com/bluegrayckdo6,mysmallvtuber.net,2026-10-06T11:27:37Z
gky3Y5pa6jZLYBQkCSHw,마냥_,,youtube,UCtoHqh381tZlGSmPITK45Lw,https://www.youtube.com/channel/UCtoHqh381tZlGSmPITK45Lw,마냥,12300,2023-11-26,,2026-10-06 05:52:03,[UR:L] 그냥 서버 그냥 입주,,https://cafe.naver.com/sandboxidol,mysmallvtuber.net,2026-10-06T11:27:37Z
gky3Y5pa6jZLYBQkCSHw,마냥_,,soop,maluckitty,https://ch.sooplive.co.kr/maluckitty,마냥_,23111,2023-11-26,,2026-10-06 05:52:03,[UR:L] 그냥 서버 그냥 입주,,https://cafe.naver.com/sandboxidol,mysmallvtuber.net,2026-10-06T11:27:37Z
3RusDKhKBGJ23EJFb7Qx,알유,,youtube,UCJyYSYZjwjB1iH3LyO6b1mg,https://www.youtube.com/channel/UCJyYSYZjwjB1iH3LyO6b1mg,알유,23500,2024-02-02,,2026-10-06 02:54:03,오늘 영어쓰는 게임한다던데요?,Are_youRU,https://cafe.naver.com/withareyou,mysmallvtuber.net,2026-10-06T11:27:37Z
3RusDKhKBGJ23EJFb7Qx,알유,,youtube,UCIH8GBBByICJ2VfDkMvstGA,https://www.youtube.com/channel/UCIH8GBBByICJ2VfDkMvstGA,알유 다시보기,680,2024-02-02,,2026-10-06 02:54:03,오늘 영어쓰는 게임한다던데요?,Are_youRU,https://cafe.naver.com/withareyou,mysmallvtuber.net,2026-10-06T11:27:37Z
3RusDKhKBGJ23EJFb7Qx,알유,,chzzk,ff2ce361010fd1840bcb2a58b0b52d04,https://chzzk.naver.com/ff2ce361010fd1840bcb2a58b0b52d04,알유,3262,2024-02-02,,2026-10-06 02:54:03,오늘 영어쓰는 게임한다던데요?,Are_youRU,https://cafe.naver.com/withareyou,mysmallvtuber.net,2026-10-06T11:27:37Z
PWhsJkmWA4DM3cWqY4f4,별소금3,,youtube,UCmJil1KCobYkfucqOG6mMIQ,https://www.youtube.com/channel/UCmJil1KCobYkfucqOG6mMIQ,별소금찍어먹기,697,2024-12-28,,2026-10-05 23:03:03,후열 저쳇,,https://cafe.naver.com/starsalt,mysmallvtuber.net,2026-10-06T11:27:37Z
PWhsJkmWA4DM3cWqY4f4,별소금3,,youtube,UCJ5yrqCq0bXmyOarWIf4jng,https://www.youtube.com/channel/UCJ5yrqCq0bXmyOarWIf4jng,인생에별소금뿌리기,359,2024-12-28,,2026-10-05 23:03:03,후열 저쳇,,https://cafe.naver.com/starsalt,mysmallvtuber.net,2026-10-06T11:27:37Z
PWhsJkmWA4DM3cWqY4f4,별소금3,,chzzk,c787165bb582747dca8f0e6f83063177,https://chzzk.naver.com/c787165bb582747dca8f0e6f83063177,별소금3,2130,2024-12-28,,2026-10-05 23:03:03,후열 저쳇,,https://cafe.naver.com/starsalt,mysmallvtuber.net,2026-10-06T11:27:37Z
pEf9ArGJSXr4Spn7JvP6,델 쥬,,youtube,UCMEJQZzIgKzjJPC81Qjb5Fw,https://www.youtube.com/channel/UCMEJQZzIgKzjJPC81Qjb5Fw,델쥬,1570,2022-04-11,,2026-10-06 01:08:03,ㅇㅅㅇ,,https://cafe.naver.com/dellju,mysmallvtuber.net,2026-10-06T11:27:37Z
pEf9ArGJSXr4Spn7JvP6,델 쥬,,youtube,UCjSP1uIqSyLbImXgxu-brVQ,https://www.youtube.com/channel/UCjSP1uIqSyLbImXgxu-brVQ,델쥬 다시보기,573,2022-04-11,,2026-10-06 01:08:03,ㅇㅅㅇ,,https://cafe.naver.com/dellju,mysmallvtuber.net,2026-10-06T11:27:37Z
pEf9ArGJSXr4Spn7JvP6,델 쥬,,chzzk,ed6874f498ce8559a4118f2f87270a6f,https://chzzk.naver.com/ed6874f498ce8559a4118f2f87270a6f,델 쥬,1433,2022-04-11,,2026-10-06 01:08:03,ㅇㅅㅇ,,https://cafe.naver.com/dellju,mysmallvtuber.net,2026-10-06T11:27:37Z
dzqEzBdaRw3tnxUv3nz8,쿠쿠양,,youtube,UCVo7jmu9PdohJi2Dta7jqAA,https://www.youtube.com/channel/UCVo7jmu9PdohJi2Dta7jqAA,쿠쿠양,16100,2023-05-16,,2026-10-06 02:02:03,🐑오늘도🐑시지프 미로 아니고 백화점 탐방🐑중편 마무리🐑,YangKookoo,https://cafe.naver.com/kookooyang,mysmallvtuber.net,2026-10-06T11:27:37Z
dzqEzBdaRw3tnxUv3nz8,쿠쿠양,,chzzk,585d4019bd6c04fb9a4704fb4626f7e2,https://chzzk.naver.com/585d4019bd6c04fb9a4704fb4626f7e2,쿠쿠양,3295,2023-05-16,,2026-10-06 02:02:03,🐑오늘도🐑시지프 미로 아니고 백화점 탐방🐑중편 마무리🐑,YangKookoo,https://cafe.naver.com/kookooyang,mysmallvtuber.net,2026-10-06T11:27:37Z
GHP2XUHzUFhPc2c59NEj,라디유,,youtube,UC44QE3DVUuDrhUC5yp4zRYQ,https://www.youtube.com/channel/UC44QE3DVUuDrhUC5yp4zRYQ,라디유,333000,2019-10-28,,2026-10-05 22:06:03,카페글읽는중,radiyoui,https://cafe.naver.com/radiyu,mysmallvtuber.net,2026-10-06T11:27:37Z
GHP2XUHzUFhPc2c59NEj,라디유,,chzzk,68f895c59a1043bc5019b5e08c83a5c5,https://chzzk.naver.com/68f895c59a1043bc5019b5e08c83a5c5,라디유,78394,2019-10-28,,2026-10-05 22:06:03,카페글읽는중,radiyoui,https://cafe.naver.com/radiyu,mysmallvtuber.net,2026-10-06T11:27:37Z
TkfL4DXdrVZPVPhpSzYM,백은하,,youtube,UCQgsVYOawT0C58QHRwE2fNA,https://www.youtube.com/channel/UCQgsVYOawT0C58QHRwE2fNA,백은하 BaekEunha♡,8850,2022-05-04,,2026-10-06 01:25:04,1부 백감동 시점으로 봉누도2 후열 비하인드 스토리/ 2부 봉누도 파이트클럽과 모두의 빨간약을 알아보자!,baegeunha59,https://cafe.naver.com/baekeunha,mysmallvtuber.net,2026-10-06T11:27:37Z
TkfL4DXdrVZPVPhpSzYM,백은하,,youtube,UCwf_ugRSJhWOLp2zuptfR0w,https://www.youtube.com/channel/UCwf_ugRSJhWOLp2zuptfR0w,백은하 full 다시보기,452,2022-05-04,,2026-10-06 01:25:04,1부 백감동 시점으로 봉누도2 후열 비하인드 스토리/ 2부 봉누도 파이트클럽과 모두의 빨간약을 알아보자!,baegeunha59,https://cafe.naver.com/baekeunha,mysmallvtuber.net,2026-10-06T11:27:37Z
TkfL4DXdrVZPVPhpSzYM,백은하,,chzzk,85eb67daa4822df8a31f1cdbd74c34da,https://chzzk.naver.com/85eb67daa4822df8a31f1cdbd74c34da,백은하,3372,2022-05-04,,2026-10-06 01:25:04,1부 백감동 시점으로 봉누도2 후열 비하인드 스토리/ 2부 봉누도 파이트클럽과 모두의 빨간약을 알아보자!,baegeunha59,https://cafe.naver.com/baekeunha,mysmallvtuber.net,2026-10-06T11:27:37Z
KZ99yyqfC5hfpLMgJ252,감 규 리,,youtube,UCKkIXeVBdRv_eobk1dTAczg,https://www.youtube.com/channel/UCKkIXeVBdRv_eobk1dTAczg,감규리,158000,2022-02-02,,2026-10-05 23:49:03,꺽임(⩌⩊⩌),Gam2gyuri,https://discord.gg/2nW25VS2hN,mysmallvtuber.net,2026-10-06T11:27:37Z
KZ99yyqfC5hfpLMgJ252,감 규 리,,youtube,UC-H_hOWqreML9zQeVawEkjg,https://www.youtube.com/channel/UC-H_hOWqreML9zQeVawEkjg,감규리 다시보기,7690,2022-02-02,,2026-10-05 23:49:03,꺽임(⩌⩊⩌),Gam2gyuri,https://discord.gg/2nW25VS2hN,mysmallvtuber.net,2026-10-06T11:27:37Z
KZ99yyqfC5hfpLMgJ252,감 규 리,,chzzk,3b3fe69e8b274ccaa4fd56ce9680a1f5,https://chzzk.naver.com/3b3fe69e8b274ccaa4fd56ce9680a1f5,감 규 리,36878,2022-02-02,,2026-10-05 23:49:03,꺽임(⩌⩊⩌),Gam2gyuri,https://discord.gg/2nW25VS2hN,mysmallvtuber.net,2026-10-06T11:27:37Z
3gUshX5NhqCcTqST5ktR,김오니,,youtube,UCW3YQzfTzTQ51x1MtLf2YdA,https://www.youtube.com/channel/UCW3YQzfTzTQ51x1MtLf2YdA,김오니,5200,2024-03-17,,2026-10-06 04:39:03,"방송 재활중,,,",,https://cafe.naver.com/kim0ni,mysmallvtuber.net,2026-10-06T11:27:37Z
3gUshX5NhqCcTqST5ktR,김오니,,youtube,UCgljW-HDFYj2Xlhwd3gH5Ew,https://www.youtube.com/channel/UCgljW-HDFYj2Xlhwd3gH5Ew,긴오니,314,2024-03-17,,2026-10-06 04:39:03,"방송 재활중,,,",,https://cafe.naver.com/kim0ni,mysmallvtuber.net,2026-10-06T11:27:37Z
3gUshX5NhqCcTqST5ktR,김오니,,chzzk,5117020045d403eed8f15c965223c491,https://chzzk.naver.com/5117020045d403eed8f15c965223c491,김오니,5895,2024-03-17,,2026-10-06 04:39:03,"방송 재활중,,,",,https://cafe.naver.com/kim0ni,mysmallvtuber.net,2026-10-06T11:27:37Z
cCP5s2AUBSdYfzyhXemg,레피돌,,youtube,UCjrOuceWbKhudA501mFAo0Q,https://www.youtube.com/channel/UCjrOuceWbKhudA501mFAo0Q,레피돌의 치지직 버추얼 뉴스,412,2025-03-08,,2026-10-06 04:00:05,후열,AT_Lepidolite,https://cafe.naver.com/artisons,mysmallvtuber.net,2026-10-06T11:27:37Z
cCP5s2AUBSdYfzyhXemg,레피돌,,chzzk,c4a867051fca980c13961bb6d88b1b2d,https://chzzk.naver.com/c4a867051fca980c13961bb6d88b1b2d,레피돌,2704,2025-03-08,,2026-10-06 04:00:05,후열,AT_Lepidolite,https://cafe.naver.com/artisons,mysmallvtuber.net,2026-10-06T11:27:37Z
xTFx7XT7nn5gsU55mM5h,강시나,,youtube,UChjy9Npd9xb5M2qDqqSLWYw,https://www.youtube.com/channel/UChjy9Npd9xb5M2qDqqSLWYw,강시나,1230,2022-05-02,,2026-10-05 23:18:03,🥞🌿 ㅇㅅㅇ 경매경매 ⌯ᵔ⤙ᵔ⌯,cinamoniyo,https://cafe.naver.com/cinamoniyo,mysmallvtuber.net,2026-10-06T11:27:37Z
xTFx7XT7nn5gsU55mM5h,강시나,,youtube,UCB1_b-yXMEEMJ8mTyq2wGog,https://www.youtube.com/channel/UCB1_b-yXMEEMJ8mTyq2wGog,긴시나,1450,2022-05-02,,2026-10-05 23:18:03,🥞🌿 ㅇㅅㅇ 경매경매 ⌯ᵔ⤙ᵔ⌯,cinamoniyo,https://cafe.naver.com/cinamoniyo,mysmallvtuber.net,2026-10-06T11:27:37Z
xTFx7XT7nn5gsU55mM5h,강시나,,chzzk,5f719bd1503f427ecf780da6ab10dcd6,https://chzzk.naver.com/5f719bd1503f427ecf780da6ab10dcd6,강시나,2043,2022-05-02,,2026-10-05 23:18:03,🥞🌿 ㅇㅅㅇ 경매경매 ⌯ᵔ⤙ᵔ⌯,cinamoniyo,https://cafe.naver.com/cinamoniyo,mysmallvtuber.net,2026-10-06T11:27:37Z
rWfYBA6CsVw9bsJdmDs3,튜베로즈n월하향,n,youtube,UC-gINOq3-5Bpoe2abkIwNYw,https://www.youtube.com/channel/UC-gINOq3-5Bpoe2abkIwNYw,튜베로즈🦋🌿,127,2024-06-16,,2026-10-05 22:43:02,"[다정한 화원, 즐거운 휴식처] 오늘은 다소 이것저것! 즉흥게임",Tuberose_Fairy,https://discord.gg/pbjeSHAcxc,mysmallvtuber.net,2026-10-06T11:27:37Z
rWfYBA6CsVw9bsJdmDs3,튜베로즈n월하향,n,chzzk,43602c4b1877b8eec7d5c0fbe18be59b,https://chzzk.naver.com/43602c4b1877b8eec7d5c0fbe18be59b,튜베로즈n월하향,311,2024-06-16,,2026-10-05 22:43:02,"[다정한 화원, 즐거운 휴식처] 오늘은 다소 이것저것! 즉흥게임",Tuberose_Fairy,https://discord.gg/pbjeSHAcxc,mysmallvtuber.net,2026-10-06T11:27:37Z
LQCNH55j52XQg85PFxBp,노랑새k,k,youtube,UCaJFowz3nXtqDe1o8p85HPg,https://www.youtube.com/channel/UCaJFowz3nXtqDe1o8p85HPg,노랑새,11100,2023-08-12,,2026-10-06 01:46:03,"제군들아, 나에게 힘을 보태줘!! 제군이 아니라구요?ㅠㅠㅠ벌레라고 할 순 없...읍읍 ㅠㅠㅠㅠ💛",Norang_Bird,https://discord.com/invite/hR5Xj6DmfS,mysmallvtuber.net,2026-10-06T11:27:37Z
LQCNH55j52XQg85PFxBp,노랑새k,k,youtube,UCLeIpAEj4eDopbXbBnW4lFA,https://www.youtube.com/channel/UCLeIpAEj4eDopbXbBnW4lFA,노랑디오 [풀영상],1050,2023-08-12,,2026-10-06 01:46:03,"제군들아, 나에게 힘을 보태줘!! 제군이 아니라구요?ㅠㅠㅠ벌레라고 할 순 없...읍읍 ㅠㅠㅠㅠ💛",Norang_Bird,https://discord.com/invite/hR5Xj6DmfS,mysmallvtuber.net,2026-10-06T11:27:37Z
LQCNH55j52XQg85PFxBp,노랑새k,k,chzzk,f11fe3d49f587cffed1fefdde44fe041,https://chzzk.naver.com/f11fe3d49f587cffed1fefdde44fe041,노랑새k,9193,2023-08-12,,2026-10-06 01:46:03,"제군들아, 나에게 힘을 보태줘!! 제군이 아니라구요?ㅠㅠㅠ벌레라고 할 순 없...읍읍 ㅠㅠㅠㅠ💛",Norang_Bird,https://discord.com/invite/hR5Xj6DmfS,mysmallvtuber.net,2026-10-06T11:27:37Z
r6fNzxaAH8VbKHa5tFZS,몽새,,youtube,UCqOX88_TE4bdhz-05jCZO-Q,https://www.youtube.com/channel/UCqOX88_TE4bdhz-05jCZO-Q,몽새 - 유부녀 버추얼,8360,2023-06-22,,2026-10-06 01:32:03,복귀 기념 케이크 떨어트리면 ㅈ대는 공포게임,M0NGS4E_vtuber,https://cafe.naver.com/soldoutvtuber,mysmallvtuber.net,2026-10-06T11:27:37Z
r6fNzxaAH8VbKHa5tFZS,몽새,,youtube,UCaN3tSrrzIrXSDonEe7LK9A,https://www.youtube.com/channel/UCaN3tSrrzIrXSDonEe7LK9A,동탄버튜버 긴몽새,4420,2023-06-22,,2026-10-06 01:32:03,복귀 기념 케이크 떨어트리면 ㅈ대는 공포게임,M0NGS4E_vtuber,https://cafe.naver.com/soldoutvtuber,mysmallvtuber.net,2026-10-06T11:27:37Z
r6fNzxaAH8VbKHa5tFZS,몽새,,chzzk,9bcfc5ce252bd85444a45ae8a80ae5e8,https://chzzk.naver.com/9bcfc5ce252bd85444a45ae8a80ae5e8,몽새,3748,2023-06-22,,2026-10-06 01:32:03,복귀 기념 케이크 떨어트리면 ㅈ대는 공포게임,M0NGS4E_vtuber,https://cafe.naver.com/soldoutvtuber,mysmallvtuber.net,2026-10-06T11:27:37Z
xfzUD3gXtXtTWbJ24JYh,첼로 vtuber,vtuber,youtube,UCdvLzJHv6cLZ14oWu76_58A,https://www.youtube.com/channel/UCdvLzJHv6cLZ14oWu76_58A,첼로의 당고둥지,430,2023-04-13,,2026-10-06 00:50:04,히아킨 스킨 너무 예쁘더라,cello_Vtuber,https://cafe.naver.com/cellovtuber?tc=shared_link,mysmallvtuber.net,2026-10-06T11:27:37Z
xfzUD3gXtXtTWbJ24JYh,첼로 vtuber,vtuber,youtube,UCpESeZ3kLmXWrqFLNB8FjpQ,https://www.youtube.com/channel/UCpESeZ3kLmXWrqFLNB8FjpQ,첼로 풀영상 다시보기,58,2023-04-13,,2026-10-06 00:50:04,히아킨 스킨 너무 예쁘더라,cello_Vtuber,https://cafe.naver.com/cellovtuber?tc=shared_link,mysmallvtuber.net,2026-10-06T11:27:37Z
xfzUD3gXtXtTWbJ24JYh,첼로 vtuber,vtuber,chzzk,dadb0a61ec6a6e6eee09613fc3b350c7,https://chzzk.naver.com/dadb0a61ec6a6e6eee09613fc3b350c7,첼로 vtuber,848,2023-04-13,,2026-10-06 00:50:04,히아킨 스킨 너무 예쁘더라,cello_Vtuber,https://cafe.naver.com/cellovtuber?tc=shared_link,mysmallvtuber.net,2026-10-06T11:27:37Z
73q8QNamzpQYR8macfxJ,아루네 arune,arune,youtube,UCYFkAR8tti-ywrrNoTreYFw,https://www.youtube.com/channel/UCYFkAR8tti-ywrrNoTreYFw,아루네 arune,1700,2025-05-09,,2026-10-06 00:26:02,잔잔하게 힐링하고 가실래요? 🍊🤍,arune_1030,https://cafe.naver.com/serionn,mysmallvtuber.net,2026-10-06T11:27:37Z
73q8QNamzpQYR8macfxJ,아루네 arune,arune,chzzk,7edea32c0c19842f07c6a1e323a5b15a,https://chzzk.naver.com/7edea32c0c19842f07c6a1e323a5b15a,아루네 arune,2195,2025-05-09,,2026-10-06 00:26:02,잔잔하게 힐링하고 가실래요? 🍊🤍,arune_1030,https://cafe.naver.com/serionn,mysmallvtuber.net,2026-10-06T11:27:37Z
zvFGTdDKuSYtJwphSUtC,뱌링,,youtube,UC96F6R7oSbZgG1bukujlFfQ,https://www.youtube.com/channel/UC96F6R7oSbZgG1bukujlFfQ,뱌링,134,2024-11-01,,2026-10-05 23:19:03,도라와쑵니다.🖤즉방182개,,https://cafe.naver.com/blingbyaring,mysmallvtuber.net,2026-10-06T11:27:37Z
zvFGTdDKuSYtJwphSUtC,뱌링,,soop,byaring,https://ch.sooplive.co.kr/byaring,뱌링,1629,2024-11-01,,2026-10-05 23:19:03,도라와쑵니다.🖤즉방182개,,https://cafe.naver.com/blingbyaring,mysmallvtuber.net,2026-10-06T11:27:37Z
yMtK5z2cVf67SAsnTGUc,코멧o3o,o3o,youtube,UCdaOGLgA6TuBFsyKdHA1NQw,https://www.youtube.com/channel/UCdaOGLgA6TuBFsyKdHA1NQw,코멧,841,2023-12-09,,2026-10-06 01:07:03,노래뱅 테스트를 할 생각이에요~! [아스테라],Comet_030_,https://www.vlum.co/club/comet_030_,mysmallvtuber.net,2026-10-06T11:27:37Z
yMtK5z2cVf67SAsnTGUc,코멧o3o,o3o,chzzk,b2d5af771e2ace887c86e514e953b4f2,https://chzzk.naver.com/b2d5af771e2ace887c86e514e953b4f2,코멧o3o,1020,2023-12-09,,2026-10-06 01:07:03,노래뱅 테스트를 할 생각이에요~! [아스테라],Comet_030_,https://www.vlum.co/club/comet_030_,mysmallvtuber.net,2026-10-06T11:27:37Z
YBg37DgH6tpdQ4ZteWPv,여 링,,youtube,UC44z2BAuCbdJMwY8v70uhJg,https://www.youtube.com/channel/UC44z2BAuCbdJMwY8v70uhJg,여링,1200,2024-05-28,,2026-10-05 22:58:03,코맹맹이의 짤븐방송,,https://cafe.naver.com/yeoring,mysmallvtuber.net,2026-10-06T11:27:37Z
YBg37DgH6tpdQ4ZteWPv,여 링,,youtube,UCE0cqque1Syq1VAM3aGZwbA,https://www.youtube.com/channel/UCE0cqque1Syq1VAM3aGZwbA,여링 다시보기,375,2024-05-28,,2026-10-05 22:58:03,코맹맹이의 짤븐방송,,https://cafe.naver.com/yeoring,mysmallvtuber.net,2026-10-06T11:27:37Z
YBg37DgH6tpdQ4ZteWPv,여 링,,chzzk,d906aed58ea1c8e82fbf6ab4c6110649,https://chzzk.naver.com/d906aed58ea1c8e82fbf6ab4c6110649,여 링,7176,2024-05-28,,2026-10-05 22:58:03,코맹맹이의 짤븐방송,,https://cafe.naver.com/yeoring,mysmallvtuber.net,2026-10-06T11:27:37Z
2QCUwGcKmGENAzSb3f5s,김하루ㅡ,,youtube,UCND4Av1vGhIHvUnJSCR5jMA,https://www.youtube.com/channel/UCND4Av1vGhIHvUnJSCR5jMA,김하루 뒷면,8680,2023-08-11,,2026-10-06 00:25:02,뇌 빠진 사람,singing_ru,https://cafe.naver.com/haru2024,mysmallvtuber.net,2026-10-06T11:27:37Z
2QCUwGcKmGENAzSb3f5s,김하루ㅡ,,youtube,UC4mXr5duPx2Egsu4qtNqjwA,https://www.youtube.com/channel/UC4mXr5duPx2Egsu4qtNqjwA,긴 하루,1320,2023-08-11,,2026-10-06 00:25:02,뇌 빠진 사람,singing_ru,https://cafe.naver.com/haru2024,mysmallvtuber.net,2026-10-06T11:27:37Z
2QCUwGcKmGENAzSb3f5s,김하루ㅡ,,chzzk,897a1ed91293eb9517b4620c07879153,https://chzzk.naver.com/897a1ed91293eb9517b4620c07879153,김하루ㅡ,8339,2023-08-11,,2026-10-06 00:25:02,뇌 빠진 사람,singing_ru,https://cafe.naver.com/haru2024,mysmallvtuber.net,2026-10-06T11:27:37Z
SfVH9YbH6EHuXz9qmF3e,박검복,,youtube,UCc1rQ1Gu1ZUxqIaXkTFX7PQ,https://www.youtube.com/channel/UCc1rQ1Gu1ZUxqIaXkTFX7PQ,박검복 GeomBok,964,2025-04-15,,2026-10-06 00:56:03,로블록스 끝 !! (후열저챗),Geom_bok,https://cafe.naver.com/boogieteam,mysmallvtuber.net,2026-10-06T11:27:37Z
SfVH9YbH6EHuXz9qmF3e,박검복,,youtube,UCbWntU8eAkke-mQk7lQ4BcQ,https://www.youtube.com/channel/UCbWntU8eAkke-mQk7lQ4BcQ,박검볶음밥,107,2025-04-15,,2026-10-06 00:56:03,로블록스 끝 !! (후열저챗),Geom_bok,https://cafe.naver.com/boogieteam,mysmallvtuber.net,2026-10-06T11:27:37Z
SfVH9YbH6EHuXz9qmF3e,박검복,,chzzk,77a81ceffdab49f687a3e39ddf04a6fe,https://chzzk.naver.com/77a81ceffdab49f687a3e39ddf04a6fe,박검복,1219,2025-04-15,,2026-10-06 00:56:03,로블록스 끝 !! (후열저챗),Geom_bok,https://cafe.naver.com/boogieteam,mysmallvtuber.net,2026-10-06T11:27:37Z
4GzEtxGXxs7hbEuxbTHx,하루뇽,,soop,haruniong,https://ch.sooplive.co.kr/haruniong,하루뇽,355,2026-01-17,,2026-10-05 23:48:03,홈즈뇽 잠깐 사건 해결 중 (제복 45/450),,,mysmallvtuber.net,2026-10-06T11:27:37Z
2HaZQtFFTvm7CFYLymDZ,하지유,,youtube,UC62i7rPIxuODdzGaqt8S6Vg,https://www.youtube.com/channel/UC62i7rPIxuODdzGaqt8S6Vg,하지유,26600,,,2026-10-05 21:14:03,봉누도 끝났어..돌아와... [천사일기념 굿즈판매~10/18],hajiyu_w,https://cafe.naver.com/hajiyuw,mysmallvtuber.net,2026-10-06T11:27:37Z
2HaZQtFFTvm7CFYLymDZ,하지유,,youtube,UCoZgSasVzDP6I1pPpMhYVFw,https://www.youtube.com/channel/UCoZgSasVzDP6I1pPpMhYVFw,다시보기 하지유,983,,,2026-10-05 21:14:03,봉누도 끝났어..돌아와... [천사일기념 굿즈판매~10/18],hajiyu_w,https://cafe.naver.com/hajiyuw,mysmallvtuber.net,2026-10-06T11:27:37Z
2HaZQtFFTvm7CFYLymDZ,하지유,,chzzk,b3f0dd09666949762e0da59210c3f403,https://chzzk.naver.com/b3f0dd09666949762e0da59210c3f403,하지유,17698,,,2026-10-05 21:14:03,봉누도 끝났어..돌아와... [천사일기념 굿즈판매~10/18],hajiyu_w,https://cafe.naver.com/hajiyuw,mysmallvtuber.net,2026-10-06T11:27:37Z
qkTjXTvcterDVG6rs6yC,아마시로 메이,,youtube,UCFBGM-uY6yHh9S4o4IXQFMA,https://www.youtube.com/channel/UCFBGM-uY6yHh9S4o4IXQFMA,아마시로 메이 Amashiro Mei,16100,2025-09-03,,2026-10-05 23:08:03,[브이아이] 아마시로 메이짱 생일 파티 방송~!,AmashiroMei,https://cafe.naver.com/virtualidol,mysmallvtuber.net,2026-10-06T11:27:37Z
qkTjXTvcterDVG6rs6yC,아마시로 메이,,youtube,UCID7mVxMXyvby4RdUtWhORg,https://www.youtube.com/channel/UCID7mVxMXyvby4RdUtWhORg,아마시로 메이 다시보기,1360,2025-09-03,,2026-10-05 23:08:03,[브이아이] 아마시로 메이짱 생일 파티 방송~!,AmashiroMei,https://cafe.naver.com/virtualidol,mysmallvtuber.net,2026-10-06T11:27:37Z
qkTjXTvcterDVG6rs6yC,아마시로 메이,,chzzk,6bcc1c4b89128eac7bc7a7d698ef7aa2,https://chzzk.naver.com/6bcc1c4b89128eac7bc7a7d698ef7aa2,아마시로 메이,7669,2025-09-03,,2026-10-05 23:08:03,[브이아이] 아마시로 메이짱 생일 파티 방송~!,AmashiroMei,https://cafe.naver.com/virtualidol,mysmallvtuber.net,2026-10-06T11:27:37Z
jxFJpaH7mjJsgSAeWY28,루시츄,,youtube,UCmGdgpEjSfopa9bs6n-dMCA,https://www.youtube.com/channel/UCmGdgpEjSfopa9bs6n-dMCA,그림츄,17700,2023-09-24,,2026-10-06 01:31:02,츄냐냥 🌹,Lucy_chuS2,https://cafe.naver.com/ecrin,mysmallvtuber.net,2026-10-06T11:27:37Z
jxFJpaH7mjJsgSAeWY28,루시츄,,youtube,UCJ_6iUTUjMHMNgKU6wdJReg,https://www.youtube.com/channel/UCJ_6iUTUjMHMNgKU6wdJReg,루시풀,203,2023-09-24,,2026-10-06 01:31:02,츄냐냥 🌹,Lucy_chuS2,https://cafe.naver.com/ecrin,mysmallvtuber.net,2026-10-06T11:27:37Z
jxFJpaH7mjJsgSAeWY28,루시츄,,chzzk,1acac1ca4420da766e7734c723b37a41,https://chzzk.naver.com/1acac1ca4420da766e7734c723b37a41,루시츄,1058,2023-09-24,,2026-10-06 01:31:02,츄냐냥 🌹,Lucy_chuS2,https://cafe.naver.com/ecrin,mysmallvtuber.net,2026-10-06T11:27:37Z
22wrmfLSwtt6Ezh8zYh2,화실 Hwashil,Hwashil,chzzk,c0178e31be471fbbf2b7282a8c0d7f0c,https://chzzk.naver.com/c0178e31be471fbbf2b7282a8c0d7f0c,화실 Hwashil,952,2025-12-27,,2026-10-06 03:18:02,잔잔하게 토크토크,Hwa_shil09,,mysmallvtuber.net,2026-10-06T11:27:37Z
3fWhw6tnusVaeyCqSFqe,남유리_,,soop,013001,https://ch.sooplive.co.kr/013001,남유리_,1187,2024-12-08,,2026-10-06 00:21:02,저의 솔랭을 지켜봐주고 응원해주실 그런....순애를...구합니다,,,mysmallvtuber.net,2026-10-06T11:27:37Z
8B7T9EYsTRFCxYWptk65,우미노 사키,,youtube,UCyDVOZ9Eg1WHTBXulUzl5MA,https://www.youtube.com/channel/UCyDVOZ9Eg1WHTBXulUzl5MA,우미노 사키(Umino Saki),3030,2024-04-26,,2026-10-06 00:12:03,이터널리턴1일차,uminosaki38,https://cafe.naver.com/uminosaki,mysmallvtuber.net,2026-10-06T11:27:37Z
8B7T9EYsTRFCxYWptk65,우미노 사키,,youtube,UCKYXRGWbWwWYJimNVfiwu4A,https://www.youtube.com/channel/UCKYXRGWbWwWYJimNVfiwu4A,우미노 사키 다시보기,1480,2024-04-26,,2026-10-06 00:12:03,이터널리턴1일차,uminosaki38,https://cafe.naver.com/uminosaki,mysmallvtuber.net,2026-10-06T11:27:37Z
8B7T9EYsTRFCxYWptk65,우미노 사키,,chzzk,6c144288aea90dbb1f4d9f60da6e8acf,https://chzzk.naver.com/6c144288aea90dbb1f4d9f60da6e8acf,우미노 사키,2795,2024-04-26,,2026-10-06 00:12:03,이터널리턴1일차,uminosaki38,https://cafe.naver.com/uminosaki,mysmallvtuber.net,2026-10-06T11:27:37Z
Fy7nqmJP6vL7hbfHYgwQ,유키네 치아,,chzzk,7e66e2b05d8b7197fd5a5c075367cce0,https://chzzk.naver.com/7e66e2b05d8b7197fd5a5c075367cce0,유키네 치아,621,2025-01-04,,2026-10-05 23:15:04,[버미육/소통환영] 물감으로 색칠놀이 / 대검 든 샬럿,yukinechia,,mysmallvtuber.net,2026-10-06T11:27:37Z
qnvwD25jTP5Qk4T2AHp2,시노농 XINO,XINO,youtube,UCTUbOIwr6X2Hys1DiDTQLKg,https://www.youtube.com/channel/UCTUbOIwr6X2Hys1DiDTQLKg,시노농 XINO CH. 大神シノ,10500,2020-11-14,,2026-10-05 22:43:02,어제 치이카와 보고 엘리아스 학예회 갔다온 썰 안 푼다,XINO_Virtual,https://cafe.naver.com/xinonong,mysmallvtuber.net,2026-10-06T11:27:37Z
qnvwD25jTP5Qk4T2AHp2,시노농 XINO,XINO,chzzk,573aba785831e27446c5d765ced4de7b,https://chzzk.naver.com/573aba785831e27446c5d765ced4de7b,시노농 XINO,3354,2020-11-14,,2026-10-05 22:43:02,어제 치이카와 보고 엘리아스 학예회 갔다온 썰 안 푼다,XINO_Virtual,https://cafe.naver.com/xinonong,mysmallvtuber.net,2026-10-06T11:27:37Z
7uY9pTjMswdQ8PnT3xtU,쇼 카,,youtube,UCg0OOY_lDzIEwOL3za-SpfQ,https://www.youtube.com/channel/UCg0OOY_lDzIEwOL3za-SpfQ,쇼카,4690,2026-02-21,,2026-10-05 22:21:03,[진짜찐찐찐찐막졸업방송] 마지막으로 허졉 인간들 잔뜩 구원해주겠다는거시야 ~,syoka0906,https://cafe.naver.com/syoka,mysmallvtuber.net,2026-10-06T11:27:37Z
7uY9pTjMswdQ8PnT3xtU,쇼 카,,chzzk,1963bb156cd9a572916827d4fef7516e,https://chzzk.naver.com/1963bb156cd9a572916827d4fef7516e,쇼 카,6610,2026-02-21,,2026-10-05 22:21:03,[진짜찐찐찐찐막졸업방송] 마지막으로 허졉 인간들 잔뜩 구원해주겠다는거시야 ~,syoka0906,https://cafe.naver.com/syoka,mysmallvtuber.net,2026-10-06T11:27:37Z
cbCFQ94GWG3dMA5RUy5W,코냥냥,,youtube,UCUPajo0eF_QgGobdAd9qbbA,https://www.youtube.com/channel/UCUPajo0eF_QgGobdAd9qbbA,코냥냥,181,2024-04-19,,2026-10-06 01:08:03,[펀딩] 집사야~ 안아줘~ / 덕후의 뮤지컬 소개🩷,konyangnyang_,,mysmallvtuber.net,2026-10-06T11:27:37Z
cbCFQ94GWG3dMA5RUy5W,코냥냥,,chzzk,33b49cdf98af3327f34fd017b6b7e853,https://chzzk.naver.com/33b49cdf98af3327f34fd017b6b7e853,코냥냥,1758,2024-04-19,,2026-10-06 01:08:03,[펀딩] 집사야~ 안아줘~ / 덕후의 뮤지컬 소개🩷,konyangnyang_,,mysmallvtuber.net,2026-10-06T11:27:37Z
eKpHCYaJFakuapwJ9XyG,큐빈 Kyubin,Kyubin,youtube,UCBtqT3jVAnzyd5alyZFTXIQ,https://www.youtube.com/channel/UCBtqT3jVAnzyd5alyZFTXIQ,큐빈,177,2024-02-02,,2026-10-05 23:41:02,[V?] 오늘은 짚톡💚 / 발로란트 내전한다요!,kyubinn__,https://discord.gg/Ud3vBamfAX,mysmallvtuber.net,2026-10-06T11:27:37Z
eKpHCYaJFakuapwJ9XyG,큐빈 Kyubin,Kyubin,youtube,UCD4jC4zqLcBn9uGIFoVx1XQ,https://www.youtube.com/channel/UCD4jC4zqLcBn9uGIFoVx1XQ,큐빈 아카이브,74,2024-02-02,,2026-10-05 23:41:02,[V?] 오늘은 짚톡💚 / 발로란트 내전한다요!,kyubinn__,https://discord.gg/Ud3vBamfAX,mysmallvtuber.net,2026-10-06T11:27:37Z
eKpHCYaJFakuapwJ9XyG,큐빈 Kyubin,Kyubin,chzzk,76234b3545b43ab5e3fb79059f9e430d,https://chzzk.naver.com/76234b3545b43ab5e3fb79059f9e430d,큐빈 Kyubin,1708,2024-02-02,,2026-10-05 23:41:02,[V?] 오늘은 짚톡💚 / 발로란트 내전한다요!,kyubinn__,https://discord.gg/Ud3vBamfAX,mysmallvtuber.net,2026-10-06T11:27:37Z
VYPH8ZAF7NCnudTCQLjJ,베타031,,youtube,UCNDRM3B8aA1rGtw8I3S12og,https://www.youtube.com/channel/UCNDRM3B8aA1rGtw8I3S12og,베타 👑 BETA,100,2023-11-30,,2026-10-05 23:08:03,[V] 메테노 서버 같이 할래?,crownbeta031,https://cafe.naver.com/crownbeta,mysmallvtuber.net,2026-10-06T11:27:37Z
VYPH8ZAF7NCnudTCQLjJ,베타031,,chzzk,37ff0335ae82f2327520ae67a14c6485,https://chzzk.naver.com/37ff0335ae82f2327520ae67a14c6485,베타031,308,2023-11-30,,2026-10-05 23:08:03,[V] 메테노 서버 같이 할래?,crownbeta031,https://cafe.naver.com/crownbeta,mysmallvtuber.net,2026-10-06T11:27:37Z
PVhXffpdFtWMQ4mQPbd4,리라이,,youtube,UCnz4GhoT9TMqzaJEHCe4sLw,https://www.youtube.com/channel/UCnz4GhoT9TMqzaJEHCe4sLw,리라이,620,2021-09-12,,2026-10-05 22:35:02,선릿밸리 컬렉션 하나씩 채우는중,lilie_lila,https://discord.com/invite/qWbwkZWryD,mysmallvtuber.net,2026-10-06T11:27:37Z
PVhXffpdFtWMQ4mQPbd4,리라이,,chzzk,fbff8a81c97820657ffd36194489bfaa,https://chzzk.naver.com/fbff8a81c97820657ffd36194489bfaa,리라이,812,2021-09-12,,2026-10-05 22:35:02,선릿밸리 컬렉션 하나씩 채우는중,lilie_lila,https://discord.com/invite/qWbwkZWryD,mysmallvtuber.net,2026-10-06T11:27:37Z
cx3FftDjdafeeeveHLjE,츠밍,,youtube,UCxiv0RT5rzfEIZ4zZFDMAtw,https://www.youtube.com/channel/UCxiv0RT5rzfEIZ4zZFDMAtw,츠밍,55300,2022-05-16,,2026-10-06 03:22:03,이상한 친구들과 뗏목에서 살기,Tsuming00,https://cafe.naver.com/tsuming,mysmallvtuber.net,2026-10-06T11:27:37Z
cx3FftDjdafeeeveHLjE,츠밍,,chzzk,f638e750b76165c23e4f1530c166df1a,https://chzzk.naver.com/f638e750b76165c23e4f1530c166df1a,츠밍,38467,2022-05-16,,2026-10-06 03:22:03,이상한 친구들과 뗏목에서 살기,Tsuming00,https://cafe.naver.com/tsuming,mysmallvtuber.net,2026-10-06T11:27:37Z
xuJDwgmKMLJ4Kn8HQAYV,l 라임 l,l l,youtube,UCikE_w-_M0Hh97kRHU8o8QA,https://www.youtube.com/channel/UCikE_w-_M0Hh97kRHU8o8QA,라임_vtuber,1250,2023-04-15,,2026-10-05 22:20:04,[V/세와특별시] 새로운 육신으로 3일차 다이브!,limevtuber0724,https://discord.gg/WhV5KcaAzV,mysmallvtuber.net,2026-10-06T11:27:37Z
xuJDwgmKMLJ4Kn8HQAYV,l 라임 l,l l,chzzk,3b876a21fea20ac6627184c02aeda524,https://chzzk.naver.com/3b876a21fea20ac6627184c02aeda524,l 라임 l,472,2023-04-15,,2026-10-05 22:20:04,[V/세와특별시] 새로운 육신으로 3일차 다이브!,limevtuber0724,https://discord.gg/WhV5KcaAzV,mysmallvtuber.net,2026-10-06T11:27:37Z
UDNgNdz3EC5HYXyDrt4g,토꽁,,youtube,UCRvnG9wMIiCBYGxaXLUIrQg,https://www.youtube.com/channel/UCRvnG9wMIiCBYGxaXLUIrQg,토꽁,4620,,,2026-10-06 02:52:03,봉누도2 햝아먹기  (｡ﾉωヽ｡)ﾟ｡,,https://cafe.naver.com/tokkong,mysmallvtuber.net,2026-10-06T11:27:37Z
UDNgNdz3EC5HYXyDrt4g,토꽁,,chzzk,5b78a2610119f246785e67761edf2125,https://chzzk.naver.com/5b78a2610119f246785e67761edf2125,토꽁,5249,,,2026-10-06 02:52:03,봉누도2 햝아먹기  (｡ﾉωヽ｡)ﾟ｡,,https://cafe.naver.com/tokkong,mysmallvtuber.net,2026-10-06T11:27:37Z
6LxX8R3gLrjAydNXvJC9,폴라곰 PolaGoM,PolaGoM,youtube,UCEVgjoNVmHa-juYtM6DPRJg,https://www.youtube.com/channel/UCEVgjoNVmHa-juYtM6DPRJg,폴라곰 YouTube,285,2024-01-05,,2026-10-05 23:25:03,✨ʕ •ɷ•ʔฅ 시청자 졸음 쉼터 ✨,PolaGoM_,https://cafe.naver.com/polagom,mysmallvtuber.net,2026-10-06T11:27:37Z
6LxX8R3gLrjAydNXvJC9,폴라곰 PolaGoM,PolaGoM,chzzk,76f0f5d7c88e2325499e68b32fbc1d65,https://chzzk.naver.com/76f0f5d7c88e2325499e68b32fbc1d65,폴라곰 PolaGoM,863,2024-01-05,,2026-10-05 23:25:03,✨ʕ •ɷ•ʔฅ 시청자 졸음 쉼터 ✨,PolaGoM_,https://cafe.naver.com/polagom,mysmallvtuber.net,2026-10-06T11:27:37Z
cALAYgQ7xdJjXFjRbUVU,여드레,,youtube,UCRYvqx2l2hVGfkE2nRSevrA,https://www.youtube.com/channel/UCRYvqx2l2hVGfkE2nRSevrA,여드레,161,2022-12-22,,2026-10-05 20:10:05,☾.·͙ 💜 .·͙☽ 🍵,yeodeule_,,mysmallvtuber.net,2026-10-06T11:27:37Z
cALAYgQ7xdJjXFjRbUVU,여드레,,youtube,UC_1vMapwkB0af-_0pk0xJ2w,https://www.youtube.com/channel/UC_1vMapwkB0af-_0pk0xJ2w,여기보기,12,2022-12-22,,2026-10-05 20:10:05,☾.·͙ 💜 .·͙☽ 🍵,yeodeule_,,mysmallvtuber.net,2026-10-06T11:27:37Z
cALAYgQ7xdJjXFjRbUVU,여드레,,chzzk,96bf9f517dcd0c1df7e89260ad7472fd,https://chzzk.naver.com/96bf9f517dcd0c1df7e89260ad7472fd,여드레,730,2022-12-22,,2026-10-05 20:10:05,☾.·͙ 💜 .·͙☽ 🍵,yeodeule_,,mysmallvtuber.net,2026-10-06T11:27:37Z
YbmQva9zFwV7nzGn6mVe,쿠미르,,youtube,UChSoVwQgOucKWx-Hrzg1zfw,https://www.youtube.com/channel/UChSoVwQgOucKWx-Hrzg1zfw,쿠미르,3450,2023-12-21,,2026-10-05 23:09:03,휴일 에반게리온 안본뇌 EOE까지 마무리 하기! / 노휴방 1020일차 [버미육],kumir_vtuber,https://discord.com/invite/D4hauKu4VE,mysmallvtuber.net,2026-10-06T11:27:37Z
YbmQva9zFwV7nzGn6mVe,쿠미르,,youtube,UCCGu1ARvaB38iKT0Gyi4FhA,https://www.youtube.com/channel/UCCGu1ARvaB38iKT0Gyi4FhA,FULL미르,1190,2023-12-21,,2026-10-05 23:09:03,휴일 에반게리온 안본뇌 EOE까지 마무리 하기! / 노휴방 1020일차 [버미육],kumir_vtuber,https://discord.com/invite/D4hauKu4VE,mysmallvtuber.net,2026-10-06T11:27:37Z
YbmQva9zFwV7nzGn6mVe,쿠미르,,chzzk,147592553d18fd240ed2b132f9f3be57,https://chzzk.naver.com/147592553d18fd240ed2b132f9f3be57,쿠미르,3698,2023-12-21,,2026-10-05 23:09:03,휴일 에반게리온 안본뇌 EOE까지 마무리 하기! / 노휴방 1020일차 [버미육],kumir_vtuber,https://discord.com/invite/D4hauKu4VE,mysmallvtuber.net,2026-10-06T11:27:37Z
cpUwv7w4d289D476L3Df,달리♪,,youtube,UCHnglmAl-H2msooJRGlXCig,https://www.youtube.com/channel/UCHnglmAl-H2msooJRGlXCig,달리 DARLI [VRECORD],670,2024-11-23,,2026-10-06 00:08:03,달리와따 ♥️ 룰렛 33/330 연차있음,vrecord_darli,https://cafe.naver.com/vrecord/,mysmallvtuber.net,2026-10-06T11:27:37Z
cpUwv7w4d289D476L3Df,달리♪,,soop,darlida,https://ch.sooplive.co.kr/darlida,달리♪,3188,2024-11-23,,2026-10-06 00:08:03,달리와따 ♥️ 룰렛 33/330 연차있음,vrecord_darli,https://cafe.naver.com/vrecord/,mysmallvtuber.net,2026-10-06T11:27:37Z
bVBnsXxHa6Tp6uTCK3r5,유 르 밍,,youtube,UCbZjXMI62zmCafwdQKR3SIA,https://www.youtube.com/channel/UCbZjXMI62zmCafwdQKR3SIA,우타밍,1140,,,2026-10-05 21:18:03,₍ᐢ..ᐢ₎ 안뇽,yuleuming88888,https://discord.com/invite/qJM8fBkdKt,mysmallvtuber.net,2026-10-06T11:27:37Z
bVBnsXxHa6Tp6uTCK3r5,유 르 밍,,chzzk,bdf93e882bfdee135e110b2fcc7061f2,https://chzzk.naver.com/bdf93e882bfdee135e110b2fcc7061f2,유 르 밍,1031,,,2026-10-05 21:18:03,₍ᐢ..ᐢ₎ 안뇽,yuleuming88888,https://discord.com/invite/qJM8fBkdKt,mysmallvtuber.net,2026-10-06T11:27:37Z
QaATuu83UJkpWfQjH4mR,아자엘,,chzzk,96be3d27abcfe176659dbabb18464d0a,https://chzzk.naver.com/96be3d27abcfe176659dbabb18464d0a,아자엘,1868,,,2026-10-05 22:51:02,저녁 토크는 천사,A_zael_,https://cafe.naver.com/isoropia,mysmallvtuber.net,2026-10-06T11:27:37Z
JHEeLGfKG3AhVtSggJhK,하르.,,youtube,UCtG4mqnjGeg4R0yxJZf5xMg,https://www.youtube.com/channel/UCtG4mqnjGeg4R0yxJZf5xMg,하르 HAREU,5130,2022-07-01,,2026-10-06 02:57:03,✦ 그냥서버! 신의상 51/510 당첨 24퍼  ✦,mashimerohareu,,mysmallvtuber.net,2026-10-06T11:27:37Z
JHEeLGfKG3AhVtSggJhK,하르.,,soop,hareu99,https://ch.sooplive.co.kr/hareu99,하르.,1966,2022-07-01,,2026-10-06 02:57:03,✦ 그냥서버! 신의상 51/510 당첨 24퍼  ✦,mashimerohareu,,mysmallvtuber.net,2026-10-06T11:27:37Z
ascsgSkW9dQbVjknLBDV,앵보,,youtube,UCnwA84tROxLzFSyUl7CI07A,https://www.youtube.com/channel/UCnwA84tROxLzFSyUl7CI07A,앵보,155000,2020-02-21,,2026-10-05 23:23:03,4주년 축하 너무 감사합니다 [4주년 게시판 보기 / 4주년 굿즈],,https://cafe.naver.com/angrybar,mysmallvtuber.net,2026-10-06T11:27:37Z
ascsgSkW9dQbVjknLBDV,앵보,,youtube,UCT7AWhMjf_5RUEHsFC6Vyrg,https://www.youtube.com/channel/UCT7AWhMjf_5RUEHsFC6Vyrg,앵보의 김밥천국,74800,2020-02-21,,2026-10-05 23:23:03,4주년 축하 너무 감사합니다 [4주년 게시판 보기 / 4주년 굿즈],,https://cafe.naver.com/angrybar,mysmallvtuber.net,2026-10-06T11:27:37Z
ascsgSkW9dQbVjknLBDV,앵보,,chzzk,41d1490bd67b3818d7dc53427a4d6cea,https://chzzk.naver.com/41d1490bd67b3818d7dc53427a4d6cea,앵보,57228,2020-02-21,,2026-10-05 23:23:03,4주년 축하 너무 감사합니다 [4주년 게시판 보기 / 4주년 굿즈],,https://cafe.naver.com/angrybar,mysmallvtuber.net,2026-10-06T11:27:37Z
q3jkcLsCwsJ2AXdLZMSK,뿌요,,youtube,UCau7akR1H0oGFBt7V_Ux03g,https://www.youtube.com/channel/UCau7akR1H0oGFBt7V_Ux03g,뿌요ぷよ,2120,2022-10-22,,2026-10-06 02:31:03,그냥서버 착실하게 삽니다,puyo_online,,mysmallvtuber.net,2026-10-06T11:27:37Z
q3jkcLsCwsJ2AXdLZMSK,뿌요,,soop,puyo0805,https://ch.sooplive.co.kr/puyo0805,뿌요,3702,2022-10-22,,2026-10-06 02:31:03,그냥서버 착실하게 삽니다,puyo_online,,mysmallvtuber.net,2026-10-06T11:27:37Z
un7gv2zR45Rc9v57wqsc,코메,,youtube,UCuXBoGY4L2b3V0zPCH3Lc_g,https://www.youtube.com/channel/UCuXBoGY4L2b3V0zPCH3Lc_g,코메 Comet,1490,2023-05-23,,2026-10-06 00:41:03,[죠죠 같이보기!] 레로레로레로레로🤪,Ne_comet,https://cafe.naver.com/necomet,mysmallvtuber.net,2026-10-06T11:27:37Z
un7gv2zR45Rc9v57wqsc,코메,,youtube,UCSOEzTewyLqKfV43ZJy8-tQ,https://www.youtube.com/channel/UCSOEzTewyLqKfV43ZJy8-tQ,코메선장 다시보기,141,2023-05-23,,2026-10-06 00:41:03,[죠죠 같이보기!] 레로레로레로레로🤪,Ne_comet,https://cafe.naver.com/necomet,mysmallvtuber.net,2026-10-06T11:27:37Z
un7gv2zR45Rc9v57wqsc,코메,,chzzk,fde66e266136cea72f06a13b7c8f484a,https://chzzk.naver.com/fde66e266136cea72f06a13b7c8f484a,코메,2204,2023-05-23,,2026-10-06 00:41:03,[죠죠 같이보기!] 레로레로레로레로🤪,Ne_comet,https://cafe.naver.com/necomet,mysmallvtuber.net,2026-10-06T11:27:37Z
5Fzv8R799W6Mz5FyTGq8,카야 KAYA777,KAYA777,youtube,UCYYIzGb9KnQ1kWfaoPIC71g,https://www.youtube.com/channel/UCYYIzGb9KnQ1kWfaoPIC71g,카야 KAYA,124,2026-04-04,,2026-10-06 01:31:02,날씨가 너무 추워어.......,kayalove77,https://cafe.naver.com/kayalove77,mysmallvtuber.net,2026-10-06T11:27:37Z
5Fzv8R799W6Mz5FyTGq8,카야 KAYA777,KAYA777,youtube,UCgbbKQVJVnSykDrobDwIHfA,https://www.youtube.com/channel/UCgbbKQVJVnSykDrobDwIHfA,카야 다시보기,38,2026-04-04,,2026-10-06 01:31:02,날씨가 너무 추워어.......,kayalove77,https://cafe.naver.com/kayalove77,mysmallvtuber.net,2026-10-06T11:27:37Z
5Fzv8R799W6Mz5FyTGq8,카야 KAYA777,KAYA777,chzzk,960e31e711e3cc40c506e4ad8208620a,https://chzzk.naver.com/960e31e711e3cc40c506e4ad8208620a,카야 KAYA777,1297,2026-04-04,,2026-10-06 01:31:02,날씨가 너무 추워어.......,kayalove77,https://cafe.naver.com/kayalove77,mysmallvtuber.net,2026-10-06T11:27:37Z
UkBYGRqDBVsHhj3hGwSc,모 아,,youtube,UCNHCPMgOqOYjk2O4ZkmVB9A,https://www.youtube.com/channel/UCNHCPMgOqOYjk2O4ZkmVB9A,모아,47700,2020-09-07,,2026-10-05 23:04:03,우리 방송 정상영업 합니다🎀,moa_serenity,https://cafe.naver.com/moa0409,mysmallvtuber.net,2026-10-06T11:27:37Z
UkBYGRqDBVsHhj3hGwSc,모 아,,youtube,UCvhGQmLPKRkQyFa_iDIWpmw,https://www.youtube.com/channel/UCvhGQmLPKRkQyFa_iDIWpmw,다시 모아보기,10600,2020-09-07,,2026-10-05 23:04:03,우리 방송 정상영업 합니다🎀,moa_serenity,https://cafe.naver.com/moa0409,mysmallvtuber.net,2026-10-06T11:27:37Z
UkBYGRqDBVsHhj3hGwSc,모 아,,chzzk,61958008140886fe1eda9910cfef5812,https://chzzk.naver.com/61958008140886fe1eda9910cfef5812,모 아,25044,2020-09-07,,2026-10-05 23:04:03,우리 방송 정상영업 합니다🎀,moa_serenity,https://cafe.naver.com/moa0409,mysmallvtuber.net,2026-10-06T11:27:37Z
Q27tm45jjdZR9gyxtNaB,유미호 MiHo,MiHo,youtube,UC29N2eOD2niwzSOkohogQ3w,https://www.youtube.com/channel/UC29N2eOD2niwzSOkohogQ3w,유미호,5390,2025-08-09,,2026-10-06 01:13:03,혼자서 모두를 왕따시켰다... 깨개갱 돌아보기,U_Miho_0809,https://cafe.naver.com/umiho,mysmallvtuber.net,2026-10-06T11:27:37Z
Q27tm45jjdZR9gyxtNaB,유미호 MiHo,MiHo,chzzk,44dae7a2b81746e217082f6ef7f81779,https://chzzk.naver.com/44dae7a2b81746e217082f6ef7f81779,유미호 MiHo,5590,2025-08-09,,2026-10-06 01:13:03,혼자서 모두를 왕따시켰다... 깨개갱 돌아보기,U_Miho_0809,https://cafe.naver.com/umiho,mysmallvtuber.net,2026-10-06T11:27:37Z
AqzJDpwMVNaBfdguWGHu,이루코 니아,,youtube,UCA_uNVIxWhFjcwPeYnuRi_A,https://www.youtube.com/channel/UCA_uNVIxWhFjcwPeYnuRi_A,이루코 니아,2590,2021-10-27,,2026-10-05 23:17:03,제발1승만 하게해주세요 ( ・∇・),nianyang123,,mysmallvtuber.net,2026-10-06T11:27:37Z
AqzJDpwMVNaBfdguWGHu,이루코 니아,,chzzk,d8c3a1ffb0706d6c283752dda2f3c737,https://chzzk.naver.com/d8c3a1ffb0706d6c283752dda2f3c737,이루코 니아,3411,2021-10-27,,2026-10-05 23:17:03,제발1승만 하게해주세요 ( ・∇・),nianyang123,,mysmallvtuber.net,2026-10-06T11:27:37Z
PqUrbyRT8GCAU8fPCDGe,아이덴큐,,youtube,UChR3iUwrHbrI7XcobHGY0tA,https://www.youtube.com/channel/UChR3iUwrHbrI7XcobHGY0tA,아이덴큐 アイデンキュー,10800,2022-02-13,,2026-10-06 01:03:03,[한보름] asmr 포근 마망 레츠고  89%,_IdenQ_,,mysmallvtuber.net,2026-10-06T11:27:37Z
PqUrbyRT8GCAU8fPCDGe,아이덴큐,,soop,idenq9,https://ch.sooplive.co.kr/idenq9,아이덴큐,2488,2022-02-13,,2026-10-06 01:03:03,[한보름] asmr 포근 마망 레츠고  89%,_IdenQ_,,mysmallvtuber.net,2026-10-06T11:27:37Z
gsQyUb3nsuhdzLMsSKYx,밍시,,youtube,UCfafkEX1PEGPoZxhgo_vamA,https://www.youtube.com/channel/UCfafkEX1PEGPoZxhgo_vamA,밍시 되새김질,41,2023-07-31,,2026-10-05 23:31:02,밍녕하세요,_mingsi_,https://discord.gg/d2rRwnBA6H,mysmallvtuber.net,2026-10-06T11:27:37Z
gsQyUb3nsuhdzLMsSKYx,밍시,,chzzk,cbbed4b9f547f2811a4cb79e10f4552f,https://chzzk.naver.com/cbbed4b9f547f2811a4cb79e10f4552f,밍시,1095,2023-07-31,,2026-10-05 23:31:02,밍녕하세요,_mingsi_,https://discord.gg/d2rRwnBA6H,mysmallvtuber.net,2026-10-06T11:27:37Z
sjQgRspvnAez3durQwNq,호앵 메로롱,,youtube,UCptLF4MKtsu0yXvdZCip4GQ,https://www.youtube.com/channel/UCptLF4MKtsu0yXvdZCip4GQ,호앵 메로롱,544,2025-03-03,,2026-10-05 23:17:03,봉누도2 빨간약 마추기💜​,merorong_vpbs,https://cafe.naver.com/playbyschool,mysmallvtuber.net,2026-10-06T11:27:37Z
sjQgRspvnAez3durQwNq,호앵 메로롱,,chzzk,c18e4d94b364804232f017f85e66299e,https://chzzk.naver.com/c18e4d94b364804232f017f85e66299e,호앵 메로롱,5439,2025-03-03,,2026-10-05 23:17:03,봉누도2 빨간약 마추기💜​,merorong_vpbs,https://cafe.naver.com/playbyschool,mysmallvtuber.net,2026-10-06T11:27:37Z
5edDzTqX6uj9dKESkuxW,햄쿠비,,youtube,UC7HNJSsVk_rTYtzH9-TXUYA,https://www.youtube.com/channel/UC7HNJSsVk_rTYtzH9-TXUYA,햄쿠비ㆍlistella,8210,2024-09-15,,2026-10-05 22:26:03,오늘부터 다시 햄쿠비입니다,hamkubby,https://cafe.naver.com/listellaofficial,mysmallvtuber.net,2026-10-06T11:27:37Z
5edDzTqX6uj9dKESkuxW,햄쿠비,,youtube,UCIRNEp28FlHPkNLbM1VxkQw,https://www.youtube.com/channel/UCIRNEp28FlHPkNLbM1VxkQw,햄쿠비 다시보기,2890,2024-09-15,,2026-10-05 22:26:03,오늘부터 다시 햄쿠비입니다,hamkubby,https://cafe.naver.com/listellaofficial,mysmallvtuber.net,2026-10-06T11:27:37Z
5edDzTqX6uj9dKESkuxW,햄쿠비,,chzzk,9351fb8417f73405c84e0846409e3263,https://chzzk.naver.com/9351fb8417f73405c84e0846409e3263,햄쿠비,23579,2024-09-15,,2026-10-05 22:26:03,오늘부터 다시 햄쿠비입니다,hamkubby,https://cafe.naver.com/listellaofficial,mysmallvtuber.net,2026-10-06T11:27:37Z
btdSYPbW6xfHa4ZJK7zk,아 즈 AZ,AZ,youtube,UCG90QwbnFDSkMPnKpRzNWnQ,https://www.youtube.com/channel/UCG90QwbnFDSkMPnKpRzNWnQ,아즈 AZ,8840,2025-11-01,,2026-10-06 03:20:05,"[HEXIA] 오랜만ㅇ ㅔ 합방 / W. 하렌 , 니르 , 아무탈 , 츠밍",Hexia_AZ,,mysmallvtuber.net,2026-10-06T11:27:37Z
btdSYPbW6xfHa4ZJK7zk,아 즈 AZ,AZ,youtube,UC7flM-UuwRJJLCGcJ13Wpag,https://www.youtube.com/channel/UC7flM-UuwRJJLCGcJ13Wpag,아즈 다시보기,593,2025-11-01,,2026-10-06 03:20:05,"[HEXIA] 오랜만ㅇ ㅔ 합방 / W. 하렌 , 니르 , 아무탈 , 츠밍",Hexia_AZ,,mysmallvtuber.net,2026-10-06T11:27:37Z
btdSYPbW6xfHa4ZJK7zk,아 즈 AZ,AZ,chzzk,e2640468861f80d658873c25dc69e32b,https://chzzk.naver.com/e2640468861f80d658873c25dc69e32b,아 즈 AZ,10615,2025-11-01,,2026-10-06 03:20:05,"[HEXIA] 오랜만ㅇ ㅔ 합방 / W. 하렌 , 니르 , 아무탈 , 츠밍",Hexia_AZ,,mysmallvtuber.net,2026-10-06T11:27:37Z
LacsJzkGyXLqNZdGL3wT,야마구치 유키,,youtube,UCG8OUA8ldBHtSCLzr9raqXw,https://www.youtube.com/channel/UCG8OUA8ldBHtSCLzr9raqXw,Yamaguchi Yuki,165,,,2026-10-05 21:35:04,(!시참) 발로란트 짧게 해보기!   ૮꒰ ˶• ༝ •˶꒱ა♡,vtuberyamaguchi,https://discord.com/invite/tZTjbNC7k9,mysmallvtuber.net,2026-10-06T11:27:37Z
LacsJzkGyXLqNZdGL3wT,야마구치 유키,,chzzk,0a0aecc1adf64ddf4f2b7bad7d924860,https://chzzk.naver.com/0a0aecc1adf64ddf4f2b7bad7d924860,야마구치 유키,377,,,2026-10-05 21:35:04,(!시참) 발로란트 짧게 해보기!   ૮꒰ ˶• ༝ •˶꒱ა♡,vtuberyamaguchi,https://discord.com/invite/tZTjbNC7k9,mysmallvtuber.net,2026-10-06T11:27:37Z
dYJKrfqe7BGSwG4hKSLD,양도끼,,youtube,UCcUDG5x6lXnb0etXrBLZQvw,https://www.youtube.com/channel/UCcUDG5x6lXnb0etXrBLZQvw,양도끼,41000,,,2026-10-05 23:27:03,[SBO 신청완 UP] 응답하라 1994 시작,,https://cafe.naver.com/yangdoki,mysmallvtuber.net,2026-10-06T11:27:37Z
dYJKrfqe7BGSwG4hKSLD,양도끼,,youtube,UCz9ExE1dAAetrYVn6D8072Q,https://www.youtube.com/channel/UCz9ExE1dAAetrYVn6D8072Q,양도끼얏호,9220,,,2026-10-05 23:27:03,[SBO 신청완 UP] 응답하라 1994 시작,,https://cafe.naver.com/yangdoki,mysmallvtuber.net,2026-10-06T11:27:37Z
dYJKrfqe7BGSwG4hKSLD,양도끼,,soop,yangdoki,https://ch.sooplive.co.kr/yangdoki,양도끼,42811,,,2026-10-05 23:27:03,[SBO 신청완 UP] 응답하라 1994 시작,,https://cafe.naver.com/yangdoki,mysmallvtuber.net,2026-10-06T11:27:37Z
pM3tTtryuxp2Pwsh6x3v,니프_,,youtube,UCxU0idhVYSxthwFd3QJ7lwg,https://www.youtube.com/channel/UCxU0idhVYSxthwFd3QJ7lwg,니프 Official,887,2022-07-01,,2026-10-06 01:56:03,[그냥서버]우웅하다....,purynif,https://cafe.naver.com/padoproject,mysmallvtuber.net,2026-10-06T11:27:37Z
pM3tTtryuxp2Pwsh6x3v,니프_,,youtube,UChgGllvYYVQURDV1yKERfHw,https://www.youtube.com/channel/UChgGllvYYVQURDV1yKERfHw,퓨어리 니프 PURY NIF,389,2022-07-01,,2026-10-06 01:56:03,[그냥서버]우웅하다....,purynif,https://cafe.naver.com/padoproject,mysmallvtuber.net,2026-10-06T11:27:37Z
pM3tTtryuxp2Pwsh6x3v,니프_,,soop,slvmdpdy,https://ch.sooplive.co.kr/slvmdpdy,니프_,3644,2022-07-01,,2026-10-06 01:56:03,[그냥서버]우웅하다....,purynif,https://cafe.naver.com/padoproject,mysmallvtuber.net,2026-10-06T11:27:37Z
kp8L9zNWTasuwBXh9Cy4,해옥 HAEOK,HAEOK,youtube,UCYHs_t8zn5-jFZ8TwOB7o0w,https://www.youtube.com/channel/UCYHs_t8zn5-jFZ8TwOB7o0w,해옥 HaeOk,1710,,,2026-10-06 00:23:03,🌊오로지 YES or No 로 사건은 해결하라 !,Hae_Ok_,https://cafe.naver.com/haeok,mysmallvtuber.net,2026-10-06T11:27:37Z
kp8L9zNWTasuwBXh9Cy4,해옥 HAEOK,HAEOK,chzzk,e9591b517df39ffae2b9912cffa10e62,https://chzzk.naver.com/e9591b517df39ffae2b9912cffa10e62,해옥 HAEOK,4608,,,2026-10-06 00:23:03,🌊오로지 YES or No 로 사건은 해결하라 !,Hae_Ok_,https://cafe.naver.com/haeok,mysmallvtuber.net,2026-10-06T11:27:37Z
2gDTkMuXAFetmzu2LRDU,세리얀,,youtube,UC3lINKPh9X7olhP8PnYtvPg,https://www.youtube.com/channel/UC3lINKPh9X7olhP8PnYtvPg,세리얀SERIYAN,944,2024-08-31,,2026-10-06 19:49:02,리야니 자고 10시 이리합방으로 오께욤!!(노방종 룰렛 10/15일까지 가능!),seriyan01,https://cafe.naver.com/yan01,mysmallvtuber.net,2026-10-06T11:27:37Z
2gDTkMuXAFetmzu2LRDU,세리얀,,chzzk,3878fc3da3ddcda1fad68457ab9e6783,https://chzzk.naver.com/3878fc3da3ddcda1fad68457ab9e6783,세리얀,5590,2024-08-31,,2026-10-06 19:49:02,리야니 자고 10시 이리합방으로 오께욤!!(노방종 룰렛 10/15일까지 가능!),seriyan01,https://cafe.naver.com/yan01,mysmallvtuber.net,2026-10-06T11:27:37Z
w2zrd6dDaswmaRUTU6pT,빱찌,,youtube,UCTSkjPPvz1b3y4yaHPR8c7w,https://www.youtube.com/channel/UCTSkjPPvz1b3y4yaHPR8c7w,뚜루띠안 빱찌,1460,2025-03-28,,2026-10-05 23:24:03,🛸 빠밤 👽,,https://cafe.naver.com/bbabzzi,mysmallvtuber.net,2026-10-06T11:27:37Z
w2zrd6dDaswmaRUTU6pT,빱찌,,chzzk,b9a9c0046303e93448e799900347a3d2,https://chzzk.naver.com/b9a9c0046303e93448e799900347a3d2,빱찌,903,2025-03-28,,2026-10-05 23:24:03,🛸 빠밤 👽,,https://cafe.naver.com/bbabzzi,mysmallvtuber.net,2026-10-06T11:27:37Z
fHRTdcyuwR88BNmZCdSf,뀨복,,youtube,UCBnZj0OMIbKdXFTSVkSFDJg,https://www.youtube.com/channel/UCBnZj0OMIbKdXFTSVkSFDJg,뀨복,449,,,2026-10-06 07:34:03,fell & sell 신작 종겜 | 몬스터를 약탈하여 거상되기,,https://cafe.naver.com/kkyubog,mysmallvtuber.net,2026-10-06T11:27:37Z
fHRTdcyuwR88BNmZCdSf,뀨복,,soop,kkyubog,https://ch.sooplive.co.kr/kkyubog,뀨복,4264,,,2026-10-06 07:34:03,fell & sell 신작 종겜 | 몬스터를 약탈하여 거상되기,,https://cafe.naver.com/kkyubog,mysmallvtuber.net,2026-10-06T11:27:37Z
q5ZmZNC72TGCmvyrCWHU,팡농이,,youtube,UCHKrAwPtO3h6JTWTlOcS0hA,https://www.youtube.com/channel/UCHKrAwPtO3h6JTWTlOcS0hA,팡농이,682,2024-05-17,,2026-10-05 19:02:02,[가챠내전] 오늘 대회는 뇌 빼고 할 예정입니다 (3분 딜레이),P_NongE,discord.gg/SNR3v4Rj4U,mysmallvtuber.net,2026-10-06T11:27:37Z
q5ZmZNC72TGCmvyrCWHU,팡농이,,chzzk,7377716c1d4389a852b5b3c0189e10c2,https://chzzk.naver.com/7377716c1d4389a852b5b3c0189e10c2,팡농이,994,2024-05-17,,2026-10-05 19:02:02,[가챠내전] 오늘 대회는 뇌 빼고 할 예정입니다 (3분 딜레이),P_NongE,discord.gg/SNR3v4Rj4U,mysmallvtuber.net,2026-10-06T11:27:37Z
REr3Xt6rGxTRXyu4uJV8,나팔뿝뿌,,youtube,UCqZz58cgSq8B2jKv8JsHZkA,https://www.youtube.com/channel/UCqZz58cgSq8B2jKv8JsHZkA,나팔뿝뿌,1550,2024-01-06,,2026-10-06 01:01:03,8-11시) 쇼조모임에 잠시 낑겨 놀기로 했습니다,napalpuppu,https://cafe.naver.com/napalpuppu,mysmallvtuber.net,2026-10-06T11:27:37Z
REr3Xt6rGxTRXyu4uJV8,나팔뿝뿌,,youtube,UChc58GFZ2FOorY-S285Kmmw,https://www.youtube.com/channel/UChc58GFZ2FOorY-S285Kmmw,나팔뿝뿌 다시보기,279,2024-01-06,,2026-10-06 01:01:03,8-11시) 쇼조모임에 잠시 낑겨 놀기로 했습니다,napalpuppu,https://cafe.naver.com/napalpuppu,mysmallvtuber.net,2026-10-06T11:27:37Z
REr3Xt6rGxTRXyu4uJV8,나팔뿝뿌,,chzzk,05fe6d7cecce71ac727f6b7124b05e29,https://chzzk.naver.com/05fe6d7cecce71ac727f6b7124b05e29,나팔뿝뿌,3614,2024-01-06,,2026-10-06 01:01:03,8-11시) 쇼조모임에 잠시 낑겨 놀기로 했습니다,napalpuppu,https://cafe.naver.com/napalpuppu,mysmallvtuber.net,2026-10-06T11:27:37Z
tMyNmFGmSybYX7mX8GsG,니야,,youtube,UC_B3xG40Yn1gRGzbjfWMn5A,https://www.youtube.com/channel/UC_B3xG40Yn1gRGzbjfWMn5A,니야 Music,3300,2022-12-10,,2026-10-05 22:52:03,나 데굴데굴 굴러서 든쟌,,https://cafe.naver.com/niya221210,mysmallvtuber.net,2026-10-06T11:27:37Z
tMyNmFGmSybYX7mX8GsG,니야,,youtube,UCj-68Dva1yMqsbFZykcSn6g,https://www.youtube.com/channel/UCj-68Dva1yMqsbFZykcSn6g,니야 다시보기,1300,2022-12-10,,2026-10-05 22:52:03,나 데굴데굴 굴러서 든쟌,,https://cafe.naver.com/niya221210,mysmallvtuber.net,2026-10-06T11:27:37Z
tMyNmFGmSybYX7mX8GsG,니야,,chzzk,a8b44e07ea2e2a583aab4804f92ae0ba,https://chzzk.naver.com/a8b44e07ea2e2a583aab4804f92ae0ba,니야,11651,2022-12-10,,2026-10-05 22:52:03,나 데굴데굴 굴러서 든쟌,,https://cafe.naver.com/niya221210,mysmallvtuber.net,2026-10-06T11:27:37Z
tsnMZdwRrUWfhmM448Fs,감군장입니다,,youtube,UCKQucJJLSHILoGbyS8kdpLg,https://www.youtube.com/channel/UCKQucJJLSHILoGbyS8kdpLg,감군장,23900,2023-05-20,,2026-10-06 04:23:02,[광고방송] 아스오라 알아보기,gamgunjang,https://cafe.naver.com/gunzzang21,mysmallvtuber.net,2026-10-06T11:27:37Z
tsnMZdwRrUWfhmM448Fs,감군장입니다,,youtube,UCRAicenMg1RNjIflX5egbTg,https://www.youtube.com/channel/UCRAicenMg1RNjIflX5egbTg,감군장(다시보기),2500,2023-05-20,,2026-10-06 04:23:02,[광고방송] 아스오라 알아보기,gamgunjang,https://cafe.naver.com/gunzzang21,mysmallvtuber.net,2026-10-06T11:27:37Z
tsnMZdwRrUWfhmM448Fs,감군장입니다,,chzzk,ba1469a50bdc7f420d775f43f29b1414,https://chzzk.naver.com/ba1469a50bdc7f420d775f43f29b1414,감군장입니다,17212,2023-05-20,,2026-10-06 04:23:02,[광고방송] 아스오라 알아보기,gamgunjang,https://cafe.naver.com/gunzzang21,mysmallvtuber.net,2026-10-06T11:27:37Z
zWRStmgvwrMUjT9BkNNJ,청호련 horyeon,horyeon,youtube,UCw6KRES13zXFV0pA9Wa3MOA,https://www.youtube.com/channel/UCw6KRES13zXFV0pA9Wa3MOA,청호련 horyeon,56,2025-12-12,,2026-10-06 02:47:03,드디어 드림쵸!!!!! 나도 이제 드림쵸 있어!!!,horyeon_fox,https://cafe.naver.com/horong2,mysmallvtuber.net,2026-10-06T11:27:37Z
zWRStmgvwrMUjT9BkNNJ,청호련 horyeon,horyeon,chzzk,1079895a249ffde329d16981e66ebe04,https://chzzk.naver.com/1079895a249ffde329d16981e66ebe04,청호련 horyeon,408,2025-12-12,,2026-10-06 02:47:03,드디어 드림쵸!!!!! 나도 이제 드림쵸 있어!!!,horyeon_fox,https://cafe.naver.com/horong2,mysmallvtuber.net,2026-10-06T11:27:37Z
3xdppdqDKpd9snAXkeL7,루리아Ruria,Ruria,youtube,UCCypnUxMAPJ55XjSRjpxgTg,https://www.youtube.com/channel/UCCypnUxMAPJ55XjSRjpxgTg,루리아,613,,,2026-10-05 23:43:03,"발헤임! 드디어 안개지역으로 간다! (w.검은달밤, 노작, 백서빈)",Ru__Ri_A,https://cafe.naver.com/ruriacandy,mysmallvtuber.net,2026-10-06T11:27:37Z
3xdppdqDKpd9snAXkeL7,루리아Ruria,Ruria,chzzk,aac9c3eb8e66d3caf47924074386fdc5,https://chzzk.naver.com/aac9c3eb8e66d3caf47924074386fdc5,루리아Ruria,867,,,2026-10-05 23:43:03,"발헤임! 드디어 안개지역으로 간다! (w.검은달밤, 노작, 백서빈)",Ru__Ri_A,https://cafe.naver.com/ruriacandy,mysmallvtuber.net,2026-10-06T11:27:37Z
ECeTrZEdDk9bRjHU27fn,Seira 세이라,Seira,youtube,UCk2IpU62VMFUArbcRFQnmRg,https://www.youtube.com/channel/UCk2IpU62VMFUArbcRFQnmRg,Seira,1110,2022-01-23,,2026-10-05 21:08:03,🐚인어도 감기 걸려! 기침도해! 노래도 해! 수다도 해!🐬,000seira000,https://cafe.naver.com/000seira000,mysmallvtuber.net,2026-10-06T11:27:37Z
ECeTrZEdDk9bRjHU27fn,Seira 세이라,Seira,youtube,UCATGvl0GgcpGCA9JS4siiGQ,https://www.youtube.com/channel/UCATGvl0GgcpGCA9JS4siiGQ,세이라의 다시보기 [Seira replay],1160,2022-01-23,,2026-10-05 21:08:03,🐚인어도 감기 걸려! 기침도해! 노래도 해! 수다도 해!🐬,000seira000,https://cafe.naver.com/000seira000,mysmallvtuber.net,2026-10-06T11:27:37Z
ECeTrZEdDk9bRjHU27fn,Seira 세이라,Seira,chzzk,a93901cfd6813947bd499a395e5fbca8,https://chzzk.naver.com/a93901cfd6813947bd499a395e5fbca8,Seira 세이라,2245,2022-01-23,,2026-10-05 21:08:03,🐚인어도 감기 걸려! 기침도해! 노래도 해! 수다도 해!🐬,000seira000,https://cafe.naver.com/000seira000,mysmallvtuber.net,2026-10-06T11:27:37Z
DRSZ93gBqzRGFhauB3AX,김시루콩,,youtube,UCKKj_2P7UWBwDBULFBVPKmw,https://www.youtube.com/channel/UCKKj_2P7UWBwDBULFBVPKmw,김시루콩,27,2025-08-17,,2026-10-05 21:21:03,잠깐 흥이나서 노래부르기,Kim_Sirukong,https://cafe.naver.com/sirukong,mysmallvtuber.net,2026-10-06T11:27:37Z
DRSZ93gBqzRGFhauB3AX,김시루콩,,chzzk,ae36c0e59619e66308b90db60c81057d,https://chzzk.naver.com/ae36c0e59619e66308b90db60c81057d,김시루콩,536,2025-08-17,,2026-10-05 21:21:03,잠깐 흥이나서 노래부르기,Kim_Sirukong,https://cafe.naver.com/sirukong,mysmallvtuber.net,2026-10-06T11:27:37Z
72MCqPuQYCrM6KyWYEaN,에르 Ereu,Ereu,youtube,UCJCmE3Dlm9KitWLjUNAZ__w,https://www.youtube.com/channel/UCJCmE3Dlm9KitWLjUNAZ__w,에르 Ereu,1410,2025-04-17,,2026-10-05 21:45:02,저챗+작업 방송,goddnswld,https://cafe.naver.com/goddnswld,mysmallvtuber.net,2026-10-06T11:27:37Z
72MCqPuQYCrM6KyWYEaN,에르 Ereu,Ereu,chzzk,34dc474cc540a35ee71625eee3c07224,https://chzzk.naver.com/34dc474cc540a35ee71625eee3c07224,에르 Ereu,1824,2025-04-17,,2026-10-05 21:45:02,저챗+작업 방송,goddnswld,https://cafe.naver.com/goddnswld,mysmallvtuber.net,2026-10-06T11:27:37Z
9guCReLDKSscYm2b35NZ,해 닝,,youtube,UCteGDWGFlEb4VOVUUN1y4-Q,https://www.youtube.com/channel/UCteGDWGFlEb4VOVUUN1y4-Q,해닝,1870,2024-03-30,,2026-10-06 03:06:02,후유증..💛 (ゝ◡∂｀)☆,chuhae_ning,https://cafe.naver.com/chumate,mysmallvtuber.net,2026-10-06T11:27:37Z
9guCReLDKSscYm2b35NZ,해 닝,,chzzk,e0c5647a2e5eb0486bc1d87e5c7445ff,https://chzzk.naver.com/e0c5647a2e5eb0486bc1d87e5c7445ff,해 닝,1198,2024-03-30,,2026-10-06 03:06:02,후유증..💛 (ゝ◡∂｀)☆,chuhae_ning,https://cafe.naver.com/chumate,mysmallvtuber.net,2026-10-06T11:27:37Z
zYW3RNwk3bZByTEy4aNq,담아 DamA,DamA,youtube,UCXyGroMxwKGa4IT4a8QF99w,https://www.youtube.com/channel/UCXyGroMxwKGa4IT4a8QF99w,담아 DamA,1830,2025-11-07,,2026-10-06 07:27:03,방종 후 담아의 일상 | 오케이 샤스 수줍달(인데 여자) 잡으면 방종함  - ̗̀(⌯ˊᗜˋ⌯)  ̖́-,DamA_0804,https://cafe.naver.com/dama0804,mysmallvtuber.net,2026-10-06T11:27:37Z
zYW3RNwk3bZByTEy4aNq,담아 DamA,DamA,youtube,UC4KaglyAcBiDhsc6zYUc83w,https://www.youtube.com/channel/UC4KaglyAcBiDhsc6zYUc83w,담아_담시보기,203,2025-11-07,,2026-10-06 07:27:03,방종 후 담아의 일상 | 오케이 샤스 수줍달(인데 여자) 잡으면 방종함  - ̗̀(⌯ˊᗜˋ⌯)  ̖́-,DamA_0804,https://cafe.naver.com/dama0804,mysmallvtuber.net,2026-10-06T11:27:37Z
zYW3RNwk3bZByTEy4aNq,담아 DamA,DamA,chzzk,7ef206fc7c057132698b31b3b1c3acdf,https://chzzk.naver.com/7ef206fc7c057132698b31b3b1c3acdf,담아 DamA,3194,2025-11-07,,2026-10-06 07:27:03,방종 후 담아의 일상 | 오케이 샤스 수줍달(인데 여자) 잡으면 방종함  - ̗̀(⌯ˊᗜˋ⌯)  ̖́-,DamA_0804,https://cafe.naver.com/dama0804,mysmallvtuber.net,2026-10-06T11:27:37Z
XPWjvRz3hQDKeKCs9jv6,도라리 Dorari,Dorari,youtube,UCgDz3YqxJhSmfy4zcSOCo7w,https://www.youtube.com/channel/UCgDz3YqxJhSmfy4zcSOCo7w,도라리,1700,2022-06-10,,2026-10-05 23:31:02,변호사도 힘들군  👽,How_dorari,https://cafe.naver.com/vhowstoryv,mysmallvtuber.net,2026-10-06T11:27:37Z
XPWjvRz3hQDKeKCs9jv6,도라리 Dorari,Dorari,chzzk,7f66725b90a90b53e60277333c8c4264,https://chzzk.naver.com/7f66725b90a90b53e60277333c8c4264,도라리 Dorari,1967,2022-06-10,,2026-10-05 23:31:02,변호사도 힘들군  👽,How_dorari,https://cafe.naver.com/vhowstoryv,mysmallvtuber.net,2026-10-06T11:27:37Z
4mvq45mVx5eKGtDgjmjg,서 리아,,youtube,UCU_1N72wfUi9UKKVEbnaktA,https://www.youtube.com/channel/UCU_1N72wfUi9UKKVEbnaktA,서리아,1580,2024-03-25,,2026-10-05 23:11:03,💙오랜만에 리아트럭! (영도파격 세일 초당 10원!!),seoria815,https://cafe.naver.com/seoria815,mysmallvtuber.net,2026-10-06T11:27:37Z
4mvq45mVx5eKGtDgjmjg,서 리아,,chzzk,abcf5c832694ad4fd6547210ba317b3f,https://chzzk.naver.com/abcf5c832694ad4fd6547210ba317b3f,서 리아,1794,2024-03-25,,2026-10-05 23:11:03,💙오랜만에 리아트럭! (영도파격 세일 초당 10원!!),seoria815,https://cafe.naver.com/seoria815,mysmallvtuber.net,2026-10-06T11:27:37Z
uZNQt3dcqANce9HSr9jZ,꽁구마,,youtube,UC1sF0SOOV23cUiYgaapOWRw,https://www.youtube.com/channel/UC1sF0SOOV23cUiYgaapOWRw,꽁구마,1200,2025-02-01,,2026-10-05 22:54:03,결국 오늘 황금가지 못 얻음......,kkongguma,https://cafe.naver.com/kkonggumas2,mysmallvtuber.net,2026-10-06T11:27:37Z
uZNQt3dcqANce9HSr9jZ,꽁구마,,chzzk,3ea47d1b635b154d30f20ce0e6ce6b13,https://chzzk.naver.com/3ea47d1b635b154d30f20ce0e6ce6b13,꽁구마,1347,2025-02-01,,2026-10-05 22:54:03,결국 오늘 황금가지 못 얻음......,kkongguma,https://cafe.naver.com/kkonggumas2,mysmallvtuber.net,2026-10-06T11:27:37Z
RtzdXPkDy4JmF6fU8XA5,메이린 릴리,,chzzk,159e8e4282990a933f3f47220de437bc,https://chzzk.naver.com/159e8e4282990a933f3f47220de437bc,메이린 릴리,1004,2025-03-09,,2026-10-05 18:46:02,[V] 힐?링 노가다,Mayrin_lily,https://discord.com/invite/Bbw8hVCwWc,mysmallvtuber.net,2026-10-06T11:27:37Z
bXQVD9Z4G9yPzcaHjBzq,팔 량,,youtube,UCL7WQ9B9R56cgTRy3sSBMvw,https://www.youtube.com/channel/UCL7WQ9B9R56cgTRy3sSBMvw,팔량,416,2024-01-05,,2026-10-05 18:55:05,[V/!공약] 오래만에 돌아온 스돌란트 망령 고양이!,,,mysmallvtuber.net,2026-10-06T11:27:37Z
bXQVD9Z4G9yPzcaHjBzq,팔 량,,chzzk,d90971beb37c2b18433c6362234901a1,https://chzzk.naver.com/d90971beb37c2b18433c6362234901a1,팔 량,1931,2024-01-05,,2026-10-05 18:55:05,[V/!공약] 오래만에 돌아온 스돌란트 망령 고양이!,,,mysmallvtuber.net,2026-10-06T11:27:37Z
5ZvVHhdxXAWnJqzV6NS3,강감자,,youtube,UCZV7Hbe42zukWMAp7uAmKfg,https://www.youtube.com/channel/UCZV7Hbe42zukWMAp7uAmKfg,강감자,1360,,,2026-10-06 02:02:03,건축장인 강감자,,https://discord.gg/TvzsfG66wK,mysmallvtuber.net,2026-10-06T11:27:37Z
5ZvVHhdxXAWnJqzV6NS3,강감자,,youtube,UCi0wyQ30wTYWnjKnn68Wphg,https://www.youtube.com/channel/UCi0wyQ30wTYWnjKnn68Wphg,깅감자,236,,,2026-10-06 02:02:03,건축장인 강감자,,https://discord.gg/TvzsfG66wK,mysmallvtuber.net,2026-10-06T11:27:37Z
5ZvVHhdxXAWnJqzV6NS3,강감자,,chzzk,f964cca49eac931fcac2a5be7c1b349f,https://chzzk.naver.com/f964cca49eac931fcac2a5be7c1b349f,강감자,1596,,,2026-10-06 02:02:03,건축장인 강감자,,https://discord.gg/TvzsfG66wK,mysmallvtuber.net,2026-10-06T11:27:37Z
XVLESXAa42gfvnhknEj8,김앵고,,youtube,UC3mcJ4Y8arlCRUAfWegrLDA,https://www.youtube.com/channel/UC3mcJ4Y8arlCRUAfWegrLDA,앵쥐의 해씨창고,1360,,,2026-10-06 04:21:02,잃어버린 9시간..............,gimaenggo,,mysmallvtuber.net,2026-10-06T11:27:37Z
XVLESXAa42gfvnhknEj8,김앵고,,chzzk,8ecadcb05be3f97875b5aa3d8ced1347,https://chzzk.naver.com/8ecadcb05be3f97875b5aa3d8ced1347,김앵고,18237,,,2026-10-06 04:21:02,잃어버린 9시간..............,gimaenggo,,mysmallvtuber.net,2026-10-06T11:27:37Z
ASqe5JHu6RBNVLjGu4F5,시트리,,youtube,UC9_ZjnlpbGykePotEf31aDg,https://www.youtube.com/channel/UC9_ZjnlpbGykePotEf31aDg,시트리 / SITRY 【V-LUP】,6120,2022-09-03,,2026-10-05 22:07:03,[한보름] 시아가랑 세피리아 해요! 즉방 150개,,https://cafe.naver.com/vlup,mysmallvtuber.net,2026-10-06T11:27:37Z
ASqe5JHu6RBNVLjGu4F5,시트리,,youtube,UCZ_myq92Ynhm5TY-uzzVV2A,https://www.youtube.com/channel/UCZ_myq92Ynhm5TY-uzzVV2A,시트리 다시보기,782,2022-09-03,,2026-10-05 22:07:03,[한보름] 시아가랑 세피리아 해요! 즉방 150개,,https://cafe.naver.com/vlup,mysmallvtuber.net,2026-10-06T11:27:37Z
ASqe5JHu6RBNVLjGu4F5,시트리,,soop,vlupsitry,https://ch.sooplive.co.kr/vlupsitry,시트리,4015,2022-09-03,,2026-10-05 22:07:03,[한보름] 시아가랑 세피리아 해요! 즉방 150개,,https://cafe.naver.com/vlup,mysmallvtuber.net,2026-10-06T11:27:37Z
82fvJrhaUBAqXZ6vR2eb,문이유,,youtube,UCilepwsq4q12yeOBz3WO79Q,https://www.youtube.com/channel/UCilepwsq4q12yeOBz3WO79Q,삭제,291,2023-07-20,,2026-10-06 03:31:03,다녀왔다유,moon_eu_,,mysmallvtuber.net,2026-10-06T11:27:37Z
82fvJrhaUBAqXZ6vR2eb,문이유,,youtube,UC-46bCU-q_XY0cwzAowA-jQ,https://www.youtube.com/channel/UC-46bCU-q_XY0cwzAowA-jQ,무늉한 이유,59,2023-07-20,,2026-10-06 03:31:03,다녀왔다유,moon_eu_,,mysmallvtuber.net,2026-10-06T11:27:37Z
82fvJrhaUBAqXZ6vR2eb,문이유,,soop,moon26,https://ch.sooplive.co.kr/moon26,문이유,1511,2023-07-20,,2026-10-06 03:31:03,다녀왔다유,moon_eu_,,mysmallvtuber.net,2026-10-06T11:27:37Z
7qEJGqqvNrbTRfv3Det9,뮬 MYULEE,MYULEE,youtube,UC3yE6DC-KIoOC_DMFfvj7dw,https://www.youtube.com/channel/UC3yE6DC-KIoOC_DMFfvj7dw,뮬 MYULee,7090,,,2026-10-05 20:07:03,💙 기력이없어,Sing_Myu,https://cafe.naver.com/singmyu,mysmallvtuber.net,2026-10-06T11:27:37Z
7qEJGqqvNrbTRfv3Det9,뮬 MYULEE,MYULEE,youtube,UCqaF_dY2MGUuEZA75kqgBwg,https://www.youtube.com/channel/UCqaF_dY2MGUuEZA75kqgBwg,뮬 다시보기 MYULee's Archive,1780,,,2026-10-05 20:07:03,💙 기력이없어,Sing_Myu,https://cafe.naver.com/singmyu,mysmallvtuber.net,2026-10-06T11:27:37Z
7qEJGqqvNrbTRfv3Det9,뮬 MYULEE,MYULEE,chzzk,6b2e39072f3af6e84ee04d34aa164e57,https://chzzk.naver.com/6b2e39072f3af6e84ee04d34aa164e57,뮬 MYULEE,8225,,,2026-10-05 20:07:03,💙 기력이없어,Sing_Myu,https://cafe.naver.com/singmyu,mysmallvtuber.net,2026-10-06T11:27:37Z
dmcgwbXYK2rdJkvuEntk,비화 Bihwa,Bihwa,youtube,UCKdhnPZx9aV7lBkvt3bftpQ,https://www.youtube.com/channel/UCKdhnPZx9aV7lBkvt3bftpQ,비화 Bihwa,4280,2025-11-08,,2026-10-05 22:53:03,[사령화] 안뇽하심니까,Bihwa_SRH2,https://cafe.naver.com/grimproduction,mysmallvtuber.net,2026-10-06T11:27:37Z
dmcgwbXYK2rdJkvuEntk,비화 Bihwa,Bihwa,chzzk,521b37e8cd74b933501d3d1ad4d5031c,https://chzzk.naver.com/521b37e8cd74b933501d3d1ad4d5031c,비화 Bihwa,10592,2025-11-08,,2026-10-05 22:53:03,[사령화] 안뇽하심니까,Bihwa_SRH2,https://cafe.naver.com/grimproduction,mysmallvtuber.net,2026-10-06T11:27:37Z
ACVsAWQ36cmDk6L4qFSt,플로라 코튼,,youtube,UCMn_l2mazR6DkUWefdEk3JQ,https://www.youtube.com/channel/UCMn_l2mazR6DkUWefdEk3JQ,플로라 코튼 flora cotton,1820,,,2026-10-05 21:36:02,후열저챗 소통소통! 🤍,cotton0w0,https://cafe.naver.com/cottonsomsom,mysmallvtuber.net,2026-10-06T11:27:37Z
ACVsAWQ36cmDk6L4qFSt,플로라 코튼,,youtube,UC3q14XykhsNXXxIYm41KwpA,https://www.youtube.com/channel/UC3q14XykhsNXXxIYm41KwpA,솜뭉치를 쓰다듬기,1400,,,2026-10-05 21:36:02,후열저챗 소통소통! 🤍,cotton0w0,https://cafe.naver.com/cottonsomsom,mysmallvtuber.net,2026-10-06T11:27:37Z
ACVsAWQ36cmDk6L4qFSt,플로라 코튼,,chzzk,07d0b756965acfb5fee4042f7ec180d0,https://chzzk.naver.com/07d0b756965acfb5fee4042f7ec180d0,플로라 코튼,2198,,,2026-10-05 21:36:02,후열저챗 소통소통! 🤍,cotton0w0,https://cafe.naver.com/cottonsomsom,mysmallvtuber.net,2026-10-06T11:27:37Z
LhVfRUPLu8hEyFt6Stkg,레비얀 Leviyan,Leviyan,youtube,UCIeK_0-ggO2uUYTQSi4ZsAw,https://www.youtube.com/channel/UCIeK_0-ggO2uUYTQSi4ZsAw,레비얀 Leviyan,15600,2025-11-01,,2026-10-05 20:38:02,[HEXIA] 김한량이었던 것의 봉누도2 후기의 후열,Hexia_Leviyan,,mysmallvtuber.net,2026-10-06T11:27:37Z
LhVfRUPLu8hEyFt6Stkg,레비얀 Leviyan,Leviyan,youtube,UCiaGjrGWKDTqCnrYT42jMrg,https://www.youtube.com/channel/UCiaGjrGWKDTqCnrYT42jMrg,레비얀 다시보기,1140,2025-11-01,,2026-10-05 20:38:02,[HEXIA] 김한량이었던 것의 봉누도2 후기의 후열,Hexia_Leviyan,,mysmallvtuber.net,2026-10-06T11:27:37Z
LhVfRUPLu8hEyFt6Stkg,레비얀 Leviyan,Leviyan,chzzk,bbe12c4cd654528048568aca4e5e6166,https://chzzk.naver.com/bbe12c4cd654528048568aca4e5e6166,레비얀 Leviyan,6268,2025-11-01,,2026-10-05 20:38:02,[HEXIA] 김한량이었던 것의 봉누도2 후기의 후열,Hexia_Leviyan,,mysmallvtuber.net,2026-10-06T11:27:37Z
8ya94rfabuerrEWZ69uA,카코이 유이,,youtube,UCPMp18EGLXMmdIIQPZuArfQ,https://www.youtube.com/channel/UCPMp18EGLXMmdIIQPZuArfQ,카코이 유이 栫井ゆい,1540,2024-09-30,,2026-10-05 21:02:03,영도데이 🎀,Aquabel_yui,https://cafe.naver.com/aquabel,mysmallvtuber.net,2026-10-06T11:27:37Z
8ya94rfabuerrEWZ69uA,카코이 유이,,youtube,UCUPaph7eKOVz0CDN-_gNgpg,https://www.youtube.com/channel/UCUPaph7eKOVz0CDN-_gNgpg,유이 다시보기,44,2024-09-30,,2026-10-05 21:02:03,영도데이 🎀,Aquabel_yui,https://cafe.naver.com/aquabel,mysmallvtuber.net,2026-10-06T11:27:37Z
8ya94rfabuerrEWZ69uA,카코이 유이,,chzzk,a29716533a107b033caf5f16c8d032cc,https://chzzk.naver.com/a29716533a107b033caf5f16c8d032cc,카코이 유이,8227,2024-09-30,,2026-10-05 21:02:03,영도데이 🎀,Aquabel_yui,https://cafe.naver.com/aquabel,mysmallvtuber.net,2026-10-06T11:27:37Z
AMGQq5TFqUHZggyB7hHP,마지나이 쿠로카,,youtube,UCLLTq5nDGMGQwEmqeD3Yezw,https://www.youtube.com/channel/UCLLTq5nDGMGQwEmqeD3Yezw,마지나이 쿠로카 Majinai Kuroka,4470,2024-11-30,,2026-10-05 16:05:02,텐시카 수고했어 이제는 쿠로카의 시간이야 【Re:AcT KR】,Majinai_Kuroka,,mysmallvtuber.net,2026-10-06T11:27:37Z
AMGQq5TFqUHZggyB7hHP,마지나이 쿠로카,,youtube,UCv0Igle5HiAqDFWz2GM5BAA,https://www.youtube.com/channel/UCv0Igle5HiAqDFWz2GM5BAA,쿠로카 다시보기,1220,2024-11-30,,2026-10-05 16:05:02,텐시카 수고했어 이제는 쿠로카의 시간이야 【Re:AcT KR】,Majinai_Kuroka,,mysmallvtuber.net,2026-10-06T11:27:37Z
AMGQq5TFqUHZggyB7hHP,마지나이 쿠로카,,chzzk,90695d782f44f6b7849cba7c0749e093,https://chzzk.naver.com/90695d782f44f6b7849cba7c0749e093,마지나이 쿠로카,10301,2024-11-30,,2026-10-05 16:05:02,텐시카 수고했어 이제는 쿠로카의 시간이야 【Re:AcT KR】,Majinai_Kuroka,,mysmallvtuber.net,2026-10-06T11:27:37Z
u8pHGvARQngqVneKKYgs,치쿠사마,,youtube,UCklxelzjjrkfmgo4doqZmDw,https://www.youtube.com/channel/UCklxelzjjrkfmgo4doqZmDw,치쿠챤네루,118,,,2026-10-05 22:06:03,분노빡빡여자,_chikusama,https://cafe.naver.com/chikulovers,mysmallvtuber.net,2026-10-06T11:27:37Z
u8pHGvARQngqVneKKYgs,치쿠사마,,youtube,UCzPYuIkAOrdHODnsMdi9dhA,https://www.youtube.com/channel/UCzPYuIkAOrdHODnsMdi9dhA,치쿠 다시보기,44,,,2026-10-05 22:06:03,분노빡빡여자,_chikusama,https://cafe.naver.com/chikulovers,mysmallvtuber.net,2026-10-06T11:27:37Z
u8pHGvARQngqVneKKYgs,치쿠사마,,chzzk,8b827c26630c78a3103f7edace82e66a,https://chzzk.naver.com/8b827c26630c78a3103f7edace82e66a,치쿠사마,1428,,,2026-10-05 22:06:03,분노빡빡여자,_chikusama,https://cafe.naver.com/chikulovers,mysmallvtuber.net,2026-10-06T11:27:37Z
J46WtCCDWEv642jpNDJe,윤리즈,,youtube,UCT5LFHEA5hgydO0t4S26yug,https://www.youtube.com/channel/UCT5LFHEA5hgydO0t4S26yug,윤리즈,2280,2023-06-11,,2026-10-05 22:47:03,"아아, 이 앞은 플랫포머의 무덤이다",lizhi0331,https://cafe.naver.com/lizhi0331,mysmallvtuber.net,2026-10-06T11:27:37Z
J46WtCCDWEv642jpNDJe,윤리즈,,youtube,UCCgi3HeyzONEqWbxkQLcnmw,https://www.youtube.com/channel/UCCgi3HeyzONEqWbxkQLcnmw,윤리즈가 잔뜩잔뜩,890,2023-06-11,,2026-10-05 22:47:03,"아아, 이 앞은 플랫포머의 무덤이다",lizhi0331,https://cafe.naver.com/lizhi0331,mysmallvtuber.net,2026-10-06T11:27:37Z
J46WtCCDWEv642jpNDJe,윤리즈,,chzzk,6fb7f73dcb20077d77e6e053d0362228,https://chzzk.naver.com/6fb7f73dcb20077d77e6e053d0362228,윤리즈,5404,2023-06-11,,2026-10-05 22:47:03,"아아, 이 앞은 플랫포머의 무덤이다",lizhi0331,https://cafe.naver.com/lizhi0331,mysmallvtuber.net,2026-10-06T11:27:37Z
rM8RDGYGXnsCWrAhTFBp,권루나,,youtube,UC6jL7jpkxErnD6avsv9wtew,https://www.youtube.com/channel/UC6jL7jpkxErnD6avsv9wtew,루나,9290,2022-11-15,,2026-10-06 00:07:03,쪼심쪼심,kwon_luna_,https://cafe.naver.com/kwonluna,mysmallvtuber.net,2026-10-06T11:27:37Z
rM8RDGYGXnsCWrAhTFBp,권루나,,youtube,UC9IC4jEFj2ccwaJk8P0lfdg,https://www.youtube.com/channel/UC9IC4jEFj2ccwaJk8P0lfdg,루나 다시보기,938,2022-11-15,,2026-10-06 00:07:03,쪼심쪼심,kwon_luna_,https://cafe.naver.com/kwonluna,mysmallvtuber.net,2026-10-06T11:27:37Z
rM8RDGYGXnsCWrAhTFBp,권루나,,chzzk,90d25b47d255d650d20312f8cc9408de,https://chzzk.naver.com/90d25b47d255d650d20312f8cc9408de,권루나,3289,2022-11-15,,2026-10-06 00:07:03,쪼심쪼심,kwon_luna_,https://cafe.naver.com/kwonluna,mysmallvtuber.net,2026-10-06T11:27:37Z
mY2Pxh6RHtBmrPQbPkfs,리라비,,youtube,UCgLO1MC7oMaZajU0lRJdIyw,https://www.youtube.com/channel/UCgLO1MC7oMaZajU0lRJdIyw,리라비,443,2024-03-16,,2026-10-05 15:20:05,너 기다리는중♡,Lirabi44,https://discord.com/invite/7wAr8CQafC,mysmallvtuber.net,2026-10-06T11:27:37Z
mY2Pxh6RHtBmrPQbPkfs,리라비,,youtube,UCRV7YG1_x7FD9Bl5o2aKppQ,https://www.youtube.com/channel/UCRV7YG1_x7FD9Bl5o2aKppQ,리라비 다시보기,745,2024-03-16,,2026-10-05 15:20:05,너 기다리는중♡,Lirabi44,https://discord.com/invite/7wAr8CQafC,mysmallvtuber.net,2026-10-06T11:27:37Z
mY2Pxh6RHtBmrPQbPkfs,리라비,,chzzk,5abd86365fee99b560451266cf8053bb,https://chzzk.naver.com/5abd86365fee99b560451266cf8053bb,리라비,929,2024-03-16,,2026-10-05 15:20:05,너 기다리는중♡,Lirabi44,https://discord.com/invite/7wAr8CQafC,mysmallvtuber.net,2026-10-06T11:27:37Z
hnUJfdMZ9xZTGmWWQfpn,킹설아,,youtube,UCNLf7jeSQO1k0I--u0BvX1w,https://www.youtube.com/channel/UCNLf7jeSQO1k0I--u0BvX1w,킹설아YOUTUBE,17000,2019-07-23,,2026-10-05 19:21:03,봉누도2 빨간약 맞추기,,https://cafe.naver.com/kingseola,mysmallvtuber.net,2026-10-06T11:27:37Z
hnUJfdMZ9xZTGmWWQfpn,킹설아,,youtube,UCDLYkUqjplNKlTIRB7JjzIA,https://www.youtube.com/channel/UCDLYkUqjplNKlTIRB7JjzIA,킹설아 다시보기,1220,2019-07-23,,2026-10-05 19:21:03,봉누도2 빨간약 맞추기,,https://cafe.naver.com/kingseola,mysmallvtuber.net,2026-10-06T11:27:37Z
hnUJfdMZ9xZTGmWWQfpn,킹설아,,chzzk,3eb9808e8ec29e79c6d54060c964b1a5,https://chzzk.naver.com/3eb9808e8ec29e79c6d54060c964b1a5,킹설아,11807,2019-07-23,,2026-10-05 19:21:03,봉누도2 빨간약 맞추기,,https://cafe.naver.com/kingseola,mysmallvtuber.net,2026-10-06T11:27:37Z
d8uPpuvj7cY54mfQz2Ln,유토링,,youtube,UCrls67U6n3qnPui1NW0F7Cg,https://www.youtube.com/channel/UCrls67U6n3qnPui1NW0F7Cg,유토링,1110,2023-12-26,,2026-10-06 01:54:03,🐿️  (´･ω･`),yutoring__,https://cafe.naver.com/terafore,mysmallvtuber.net,2026-10-06T11:27:37Z
d8uPpuvj7cY54mfQz2Ln,유토링,,youtube,UCtnufNgNpsyYDH2rTLR6lww,https://www.youtube.com/channel/UCtnufNgNpsyYDH2rTLR6lww,유토링 다시보기,67,2023-12-26,,2026-10-06 01:54:03,🐿️  (´･ω･`),yutoring__,https://cafe.naver.com/terafore,mysmallvtuber.net,2026-10-06T11:27:37Z
d8uPpuvj7cY54mfQz2Ln,유토링,,chzzk,105c19a2df33594abc805087f483eb1f,https://chzzk.naver.com/105c19a2df33594abc805087f483eb1f,유토링,5565,2023-12-26,,2026-10-06 01:54:03,🐿️  (´･ω･`),yutoring__,https://cafe.naver.com/terafore,mysmallvtuber.net,2026-10-06T11:27:37Z
FksywLpu4QjPrmvgbRbd,샤메이,,youtube,UCjqii_QCCgL4znyTpfcnkkA,https://www.youtube.com/channel/UCjqii_QCCgL4znyTpfcnkkA,샤메이 Syamei,10900,2022-08-16,,2026-10-05 20:18:03,여고생은 끝 . 후열,syameionline,,mysmallvtuber.net,2026-10-06T11:27:37Z
FksywLpu4QjPrmvgbRbd,샤메이,,youtube,UCrlSawJA3yapykwkIY4qacQ,https://www.youtube.com/channel/UCrlSawJA3yapykwkIY4qacQ,샤메이 다시보기 Syamei Archive,1740,2022-08-16,,2026-10-05 20:18:03,여고생은 끝 . 후열,syameionline,,mysmallvtuber.net,2026-10-06T11:27:37Z
FksywLpu4QjPrmvgbRbd,샤메이,,chzzk,6d16804cf98da47ba82bd13c0c029723,https://chzzk.naver.com/6d16804cf98da47ba82bd13c0c029723,샤메이,27287,2022-08-16,,2026-10-05 20:18:03,여고생은 끝 . 후열,syameionline,,mysmallvtuber.net,2026-10-06T11:27:37Z
7JRWY58kdSnYeNdTGJfv,키리사키 세이,,youtube,UCzrdu-My6bm_BbTAdAB1i4A,https://www.youtube.com/channel/UCzrdu-My6bm_BbTAdAB1i4A,키리사키 세이 Ch.,464,2023-04-08,,2026-10-05 17:44:02,[그냥서버] 그냥서버 4일차! 7시간 달린 파쿠르 이제 마무리 짓고! 낚시대 강화시키자!!!!,SEI_VAIVtuber,https://discord.gg/bz8EJjbBqP,mysmallvtuber.net,2026-10-06T11:27:37Z
7JRWY58kdSnYeNdTGJfv,키리사키 세이,,youtube,UCiD62jevoikMx_BvbLSBhNA,https://www.youtube.com/channel/UCiD62jevoikMx_BvbLSBhNA,키리사키 세이의 풀침대,20,2023-04-08,,2026-10-05 17:44:02,[그냥서버] 그냥서버 4일차! 7시간 달린 파쿠르 이제 마무리 짓고! 낚시대 강화시키자!!!!,SEI_VAIVtuber,https://discord.gg/bz8EJjbBqP,mysmallvtuber.net,2026-10-06T11:27:37Z
7JRWY58kdSnYeNdTGJfv,키리사키 세이,,chzzk,a1abeb4c45f5684e549f96f9baf66d07,https://chzzk.naver.com/a1abeb4c45f5684e549f96f9baf66d07,키리사키 세이,1477,2023-04-08,,2026-10-05 17:44:02,[그냥서버] 그냥서버 4일차! 7시간 달린 파쿠르 이제 마무리 짓고! 낚시대 강화시키자!!!!,SEI_VAIVtuber,https://discord.gg/bz8EJjbBqP,mysmallvtuber.net,2026-10-06T11:27:37Z
cn3zuDJY3Q5xUxcnXBXx,이엘 EL,EL,youtube,UC8ChSpwMhm71JRffZfYiuHg,https://www.youtube.com/channel/UC8ChSpwMhm71JRffZfYiuHg,이엘EL_MUSIC,1060,2024-04-04,,2026-10-05 19:38:02,후열 연휴 마무리 노래뱅,2L_el_116,,mysmallvtuber.net,2026-10-06T11:27:37Z
cn3zuDJY3Q5xUxcnXBXx,이엘 EL,EL,youtube,UCU65qxURZE-mKj7JIrCaECQ,https://www.youtube.com/channel/UCU65qxURZE-mKj7JIrCaECQ,이엘 다시보기,65,2024-04-04,,2026-10-05 19:38:02,후열 연휴 마무리 노래뱅,2L_el_116,,mysmallvtuber.net,2026-10-06T11:27:37Z
cn3zuDJY3Q5xUxcnXBXx,이엘 EL,EL,chzzk,b05c77137f47647684406f32511fea8f,https://chzzk.naver.com/b05c77137f47647684406f32511fea8f,이엘 EL,1402,2024-04-04,,2026-10-05 19:38:02,후열 연휴 마무리 노래뱅,2L_el_116,,mysmallvtuber.net,2026-10-06T11:27:37Z
BwHD97CmYwM3j9X4K7b4,말랑개,,youtube,UCBMjxKkuEWO5D_f1qltrVXQ,https://www.youtube.com/channel/UCBMjxKkuEWO5D_f1qltrVXQ,말랑개 하이라이트 클립,341,2025-04-18,,2026-10-05 16:16:03,65급 복귀유저 연습캐 해보기,,https://cafe.naver.com/softdogh,mysmallvtuber.net,2026-10-06T11:27:37Z
BwHD97CmYwM3j9X4K7b4,말랑개,,youtube,UCr7pQv0qHL7scFDINvp7J0w,https://www.youtube.com/channel/UCr7pQv0qHL7scFDINvp7J0w,말랑개 데드바이데이라이트,612,2025-04-18,,2026-10-05 16:16:03,65급 복귀유저 연습캐 해보기,,https://cafe.naver.com/softdogh,mysmallvtuber.net,2026-10-06T11:27:37Z
BwHD97CmYwM3j9X4K7b4,말랑개,,chzzk,0f4307753a48b96d8c1d0e5acc8c3291,https://chzzk.naver.com/0f4307753a48b96d8c1d0e5acc8c3291,말랑개,441,2025-04-18,,2026-10-05 16:16:03,65급 복귀유저 연습캐 해보기,,https://cafe.naver.com/softdogh,mysmallvtuber.net,2026-10-06T11:27:37Z
RpP5cpVTBzrGMT7zwhqr,유아루,,youtube,UCihQdMwLIHREr9n5O2Q0mgg,https://www.youtube.com/channel/UCihQdMwLIHREr9n5O2Q0mgg,유아루,285,2025-11-14,,2026-10-05 18:06:03,[V/게릴라] 히히 왔다~⚙️✨,Chzzk_YuAru,https://fancimm.com/profile/271498,mysmallvtuber.net,2026-10-06T11:27:37Z
RpP5cpVTBzrGMT7zwhqr,유아루,,chzzk,6d395c84c99777272f872171b4dfc122,https://chzzk.naver.com/6d395c84c99777272f872171b4dfc122,유아루,1830,2025-11-14,,2026-10-05 18:06:03,[V/게릴라] 히히 왔다~⚙️✨,Chzzk_YuAru,https://fancimm.com/profile/271498,mysmallvtuber.net,2026-10-06T11:27:37Z
dPwvJaerUqw3m7fn8duF,헤일Haillop,Haillop,youtube,UCih-Dl325CnmQw7o3A0QWug,https://www.youtube.com/channel/UCih-Dl325CnmQw7o3A0QWug,Haillop헤일,479,2023-03-27,,2026-10-05 19:10:04,[V]작업뱅~~,haillop,https://discord.gg/ZmeYNnVVKv,mysmallvtuber.net,2026-10-06T11:27:37Z
dPwvJaerUqw3m7fn8duF,헤일Haillop,Haillop,chzzk,ed5d1ec14256c95d33a5f1ec2b43c1c4,https://chzzk.naver.com/ed5d1ec14256c95d33a5f1ec2b43c1c4,헤일Haillop,383,2023-03-27,,2026-10-05 19:10:04,[V]작업뱅~~,haillop,https://discord.gg/ZmeYNnVVKv,mysmallvtuber.net,2026-10-06T11:27:37Z
kamF4vkcVUPhyHSFhZh7,이토리,,youtube,UCISU8_2d0NH12obgRQD9fmA,https://www.youtube.com/channel/UCISU8_2d0NH12obgRQD9fmA,이토리 다시보기,743,,,2026-10-05 20:04:03,호요랜드 다녀오고 메인스토리 4.6 밀기,itorilv1,https://cafe.naver.com/itoria,mysmallvtuber.net,2026-10-06T11:27:37Z
kamF4vkcVUPhyHSFhZh7,이토리,,chzzk,ecf489fb67472a4a3d71909942132a9c,https://chzzk.naver.com/ecf489fb67472a4a3d71909942132a9c,이토리,926,,,2026-10-05 20:04:03,호요랜드 다녀오고 메인스토리 4.6 밀기,itorilv1,https://cafe.naver.com/itoria,mysmallvtuber.net,2026-10-06T11:27:37Z
mX8XXf8Fx2ye8XQRS7Ld,이 늘,,youtube,UCUADBfdOKf5jhvlhADbgShQ,https://www.youtube.com/channel/UCUADBfdOKf5jhvlhADbgShQ,이늘,1110,,,2026-10-06 02:17:02,소시지 권위자 이늘 : 너무 쉽자나 진짜 후  ///  1부 생일선물로 받은 개쩌는 팬게임 켠왕 (세상에 단하나뿐 !)💖,,https://cafe.naver.com/pingz,mysmallvtuber.net,2026-10-06T11:27:37Z
mX8XXf8Fx2ye8XQRS7Ld,이 늘,,chzzk,1482d68b3478d2962e9d000ed6a33167,https://chzzk.naver.com/1482d68b3478d2962e9d000ed6a33167,이 늘,6685,,,2026-10-06 02:17:02,소시지 권위자 이늘 : 너무 쉽자나 진짜 후  ///  1부 생일선물로 받은 개쩌는 팬게임 켠왕 (세상에 단하나뿐 !)💖,,https://cafe.naver.com/pingz,mysmallvtuber.net,2026-10-06T11:27:37Z
MXhATgF9HxxsAzCL6zvG,코미야미,,soop,kkomiyami,https://ch.sooplive.co.kr/kkomiyami,코미야미,1127,,,2026-10-06 00:14:03,[그냥서버] 입쭈하기 💜 (룰렛 50/51),,,mysmallvtuber.net,2026-10-06T11:27:37Z
5JmbmmL4kTkKa8zfEYNL,폰루루 ㅣ PON RuRu,PON RuRu,youtube,UCvYutS5E0aZGBJsFq4QjwiQ,https://www.youtube.com/channel/UCvYutS5E0aZGBJsFq4QjwiQ,PON RuRu.Ch🦝2️⃣,946,2024-04-26,,2026-10-05 16:45:02,🦝🦝 쌍둥이는 오늘도 협?동?을 하는걸지도 모르겠다고 생각은 하겠지만 사실은 개인플을 하고있을지고 모른다는솨아아아아아아아아아아아ㅏ아아아아아아실 ✨✨,ponjuaS2,,mysmallvtuber.net,2026-10-06T11:27:37Z
5JmbmmL4kTkKa8zfEYNL,폰루루 ㅣ PON RuRu,PON RuRu,youtube,UCLTKwJvT1Sw25BcgUlhtAzg,https://www.youtube.com/channel/UCLTKwJvT1Sw25BcgUlhtAzg,폰루루🦝2️⃣,3460,2024-04-26,,2026-10-05 16:45:02,🦝🦝 쌍둥이는 오늘도 협?동?을 하는걸지도 모르겠다고 생각은 하겠지만 사실은 개인플을 하고있을지고 모른다는솨아아아아아아아아아아아ㅏ아아아아아아실 ✨✨,ponjuaS2,,mysmallvtuber.net,2026-10-06T11:27:37Z
5JmbmmL4kTkKa8zfEYNL,폰루루 ㅣ PON RuRu,PON RuRu,chzzk,051a3090c9566bdfd6af01cb1f463c16,https://chzzk.naver.com/051a3090c9566bdfd6af01cb1f463c16,폰루루 ㅣ PON RuRu,3562,2024-04-26,,2026-10-05 16:45:02,🦝🦝 쌍둥이는 오늘도 협?동?을 하는걸지도 모르겠다고 생각은 하겠지만 사실은 개인플을 하고있을지고 모른다는솨아아아아아아아아아아아ㅏ아아아아아아실 ✨✨,ponjuaS2,,mysmallvtuber.net,2026-10-06T11:27:37Z
vQgwLrj3TDzSsprSdk6A,토로리 코코,,youtube,UCgq07mhOmrjVeZeJYXiAClw,https://www.youtube.com/channel/UCgq07mhOmrjVeZeJYXiAClw,토로리 코코,25600,2024-05-25,,2026-10-05 20:05:04,와따🩵,tororikoko,https://x.com/i/communities/1815041732628873549,mysmallvtuber.net,2026-10-06T11:27:37Z
vQgwLrj3TDzSsprSdk6A,토로리 코코,,youtube,UCVZk1SDgYuKuv1aOGY7eMrQ,https://www.youtube.com/channel/UCVZk1SDgYuKuv1aOGY7eMrQ,Re : 토로리 코코 다시보기,1390,2024-05-25,,2026-10-05 20:05:04,와따🩵,tororikoko,https://x.com/i/communities/1815041732628873549,mysmallvtuber.net,2026-10-06T11:27:37Z
vQgwLrj3TDzSsprSdk6A,토로리 코코,,chzzk,bda7676a8ca63a4acc64167610b5bf53,https://chzzk.naver.com/bda7676a8ca63a4acc64167610b5bf53,토로리 코코,3690,2024-05-25,,2026-10-05 20:05:04,와따🩵,tororikoko,https://x.com/i/communities/1815041732628873549,mysmallvtuber.net,2026-10-06T11:27:37Z
5A8bFm9vwdjrrfGSpVgW,미스정,,youtube,UCzT73Q8CTPy7iRwv-qVr2Vw,https://www.youtube.com/channel/UCzT73Q8CTPy7iRwv-qVr2Vw,미스정,3970,2024-08-04,,2026-10-05 16:52:02,슈가 바니걸  코스프레하고 이벤스 보기 🐰,Miss_Jeoung,https://cafe.naver.com/missjeongfancafe,mysmallvtuber.net,2026-10-06T11:27:37Z
5A8bFm9vwdjrrfGSpVgW,미스정,,youtube,UCReEZzyWu_QPAeOZeawolhA,https://www.youtube.com/channel/UCReEZzyWu_QPAeOZeawolhA,미스정 오래보기,92,2024-08-04,,2026-10-05 16:52:02,슈가 바니걸  코스프레하고 이벤스 보기 🐰,Miss_Jeoung,https://cafe.naver.com/missjeongfancafe,mysmallvtuber.net,2026-10-06T11:27:37Z
5A8bFm9vwdjrrfGSpVgW,미스정,,chzzk,20ed50a69faeb69a6f81d95f05fda35e,https://chzzk.naver.com/20ed50a69faeb69a6f81d95f05fda35e,미스정,3145,2024-08-04,,2026-10-05 16:52:02,슈가 바니걸  코스프레하고 이벤스 보기 🐰,Miss_Jeoung,https://cafe.naver.com/missjeongfancafe,mysmallvtuber.net,2026-10-06T11:27:37Z
4GV2pYgmsKa3hgTZ4ZkY,유 식혜,,youtube,UC1XH6Fj8B0WcCJ2gwYkeKfA,https://www.youtube.com/channel/UC1XH6Fj8B0WcCJ2gwYkeKfA,유식혜,901,2023-03-20,,2026-10-05 19:09:03,흠...............................................,,https://cafe.naver.com/sikhyelove,mysmallvtuber.net,2026-10-06T11:27:37Z
4GV2pYgmsKa3hgTZ4ZkY,유 식혜,,youtube,UCFFGC8jXMnsun4JSWbqstFA,https://www.youtube.com/channel/UCFFGC8jXMnsun4JSWbqstFA,유식혜 다시보기,509,2023-03-20,,2026-10-05 19:09:03,흠...............................................,,https://cafe.naver.com/sikhyelove,mysmallvtuber.net,2026-10-06T11:27:37Z
4GV2pYgmsKa3hgTZ4ZkY,유 식혜,,chzzk,6083cd428f4fe0a2c3c806917827e310,https://chzzk.naver.com/6083cd428f4fe0a2c3c806917827e310,유 식혜,3822,2023-03-20,,2026-10-05 19:09:03,흠...............................................,,https://cafe.naver.com/sikhyelove,mysmallvtuber.net,2026-10-06T11:27:37Z
SKD4y3XKHrS5n9jH3aC6,후츄후츄,,chzzk,8b14aeaab59c1896ff9350a4a03515d3,https://chzzk.naver.com/8b14aeaab59c1896ff9350a4a03515d3,후츄후츄,2127,,,2026-10-05 20:25:06,저녁으로 훈제오리랑 소맥~!!!!!,,,mysmallvtuber.net,2026-10-06T11:27:37Z
hc5uRqMNJc5ZWpR2M7Jn,드알,,youtube,UCSuwQuiJw8YsiiYwdQaUdzA,https://www.youtube.com/channel/UCSuwQuiJw8YsiiYwdQaUdzA,드알,294,,,2026-10-05 13:42:03,💜|˄·͈༝·͈˄₎.｡아아 마이크테스트,deual_m00n,https://discord.com/invite/ywekfRS8Wb,mysmallvtuber.net,2026-10-06T11:27:37Z
hc5uRqMNJc5ZWpR2M7Jn,드알,,youtube,UC5xrHb3ZVBSvspmBVYmRctw,https://www.youtube.com/channel/UC5xrHb3ZVBSvspmBVYmRctw,드알 다시보기,110,,,2026-10-05 13:42:03,💜|˄·͈༝·͈˄₎.｡아아 마이크테스트,deual_m00n,https://discord.com/invite/ywekfRS8Wb,mysmallvtuber.net,2026-10-06T11:27:37Z
hc5uRqMNJc5ZWpR2M7Jn,드알,,chzzk,4698c456176e3b68d56edb55f338c4a2,https://chzzk.naver.com/4698c456176e3b68d56edb55f338c4a2,드알,1409,,,2026-10-05 13:42:03,💜|˄·͈༝·͈˄₎.｡아아 마이크테스트,deual_m00n,https://discord.com/invite/ywekfRS8Wb,mysmallvtuber.net,2026-10-06T11:27:37Z
gfspu8wXbcDakQ94qzTC,유우스즈 무무,,youtube,UCXOV1n3Pd-5qAYurmw5nv5Q,https://www.youtube.com/channel/UCXOV1n3Pd-5qAYurmw5nv5Q,유우스즈 무무 Yuusz Mumu,5370,,,2026-10-05 19:18:03,콜라보 카페 굿즈가 공개되었습니다!,YuuszMumu,https://cafe.naver.com/reactkrofficial,mysmallvtuber.net,2026-10-06T11:27:37Z
gfspu8wXbcDakQ94qzTC,유우스즈 무무,,youtube,UCL2wpb5XxrR2ObBxMp6nkvw,https://www.youtube.com/channel/UCL2wpb5XxrR2ObBxMp6nkvw,무무 무했니,438,,,2026-10-05 19:18:03,콜라보 카페 굿즈가 공개되었습니다!,YuuszMumu,https://cafe.naver.com/reactkrofficial,mysmallvtuber.net,2026-10-06T11:27:37Z
gfspu8wXbcDakQ94qzTC,유우스즈 무무,,chzzk,8272a88361c84d51adebeeba3eb0f901,https://chzzk.naver.com/8272a88361c84d51adebeeba3eb0f901,유우스즈 무무,10610,,,2026-10-05 19:18:03,콜라보 카페 굿즈가 공개되었습니다!,YuuszMumu,https://cafe.naver.com/reactkrofficial,mysmallvtuber.net,2026-10-06T11:27:37Z
d8r9FEb6n4RSe7HfLe2t,메모Memo,Memo,chzzk,9410d980b56423d1fa7b1707703b1279,https://chzzk.naver.com/9410d980b56423d1fa7b1707703b1279,메모Memo,431,,,2026-10-05 15:42:03,🔮[드레스메이커] 화제의 옷만드는 게임♥,,,mysmallvtuber.net,2026-10-06T11:27:37Z
XgpS5G7uUwAudcGzerTH,아일라 Iyla,Iyla,youtube,UC9EcpYvj7GzHzrd-dfQ_uwg,https://www.youtube.com/channel/UC9EcpYvj7GzHzrd-dfQ_uwg,아일라 Iyla,7930,2024-11-30,,2026-10-05 17:55:05,[WISHes] 월요일 놀릴랬는디 놀월이래요,Iyla_WISHes,https://cafe.naver.com/grimproduction,mysmallvtuber.net,2026-10-06T11:27:37Z
XgpS5G7uUwAudcGzerTH,아일라 Iyla,Iyla,chzzk,ff182197eed405b1130d22aa3a4fefa0,https://chzzk.naver.com/ff182197eed405b1130d22aa3a4fefa0,아일라 Iyla,6795,2024-11-30,,2026-10-05 17:55:05,[WISHes] 월요일 놀릴랬는디 놀월이래요,Iyla_WISHes,https://cafe.naver.com/grimproduction,mysmallvtuber.net,2026-10-06T11:27:37Z
TvpMXqWbKBfN4aJy8jcT,루스티카나,,youtube,UCn8_TDVrNQsaefOYFOSisnQ,https://www.youtube.com/channel/UCn8_TDVrNQsaefOYFOSisnQ,루스티카나,157,2024-05-13,,2026-10-05 14:00:04,안뇽,_rusticana,,mysmallvtuber.net,2026-10-06T11:27:37Z
TvpMXqWbKBfN4aJy8jcT,루스티카나,,youtube,UC-jllXscdJ64RUrIP017kBg,https://www.youtube.com/channel/UC-jllXscdJ64RUrIP017kBg,루스티카나 다시보기,256,2024-05-13,,2026-10-05 14:00:04,안뇽,_rusticana,,mysmallvtuber.net,2026-10-06T11:27:37Z
TvpMXqWbKBfN4aJy8jcT,루스티카나,,chzzk,472d8a425bbaaa8a8e837fbdd7b72c09,https://chzzk.naver.com/472d8a425bbaaa8a8e837fbdd7b72c09,루스티카나,1352,2024-05-13,,2026-10-05 14:00:04,안뇽,_rusticana,,mysmallvtuber.net,2026-10-06T11:27:37Z
S5DrwYvZ4wUNRkwnjbJK,이로나묭 치카,,youtube,UCndpBqc3xTaVKdm7TcDWb6g,https://www.youtube.com/channel/UCndpBqc3xTaVKdm7TcDWb6g,이로나묭 치카 【Ch. Mao Chika】,21600,2024-09-07,,2026-10-05 22:02:03,야호!!!,MaoChiKa1220,https://cafe.naver.com/chicaffeine,mysmallvtuber.net,2026-10-06T11:27:37Z
S5DrwYvZ4wUNRkwnjbJK,이로나묭 치카,,youtube,UCN-NbWPpH8CIWlga7XpONig,https://www.youtube.com/channel/UCN-NbWPpH8CIWlga7XpONig,다시보고 치카 【Ch. Mao Chika】,6640,2024-09-07,,2026-10-05 22:02:03,야호!!!,MaoChiKa1220,https://cafe.naver.com/chicaffeine,mysmallvtuber.net,2026-10-06T11:27:37Z
S5DrwYvZ4wUNRkwnjbJK,이로나묭 치카,,chzzk,ec30975bd41d3179fe7734ddbf760acb,https://chzzk.naver.com/ec30975bd41d3179fe7734ddbf760acb,이로나묭 치카,56133,2024-09-07,,2026-10-05 22:02:03,야호!!!,MaoChiKa1220,https://cafe.naver.com/chicaffeine,mysmallvtuber.net,2026-10-06T11:27:37Z
mUMBCFCywGTrBjxdAe6w,연 리,,youtube,UCl5YZQQx3h72rBAwuu4MzaA,https://www.youtube.com/channel/UCl5YZQQx3h72rBAwuu4MzaA,연리,10400,,,2026-10-05 21:19:03,치카 허락 받고 워독스 킴,younri__,https://cafe.naver.com/younribab,mysmallvtuber.net,2026-10-06T11:27:37Z
mUMBCFCywGTrBjxdAe6w,연 리,,youtube,UCphU13JJcU3Ysj-Fn-J861A,https://www.youtube.com/channel/UCphU13JJcU3Ysj-Fn-J861A,연리의 다시보기,1830,,,2026-10-05 21:19:03,치카 허락 받고 워독스 킴,younri__,https://cafe.naver.com/younribab,mysmallvtuber.net,2026-10-06T11:27:37Z
mUMBCFCywGTrBjxdAe6w,연 리,,chzzk,f3228c570a0b3b1f0f8306e3479ea46b,https://chzzk.naver.com/f3228c570a0b3b1f0f8306e3479ea46b,연 리,32657,,,2026-10-05 21:19:03,치카 허락 받고 워독스 킴,younri__,https://cafe.naver.com/younribab,mysmallvtuber.net,2026-10-06T11:27:37Z
M3Haddk4xFSTG4TycgUj,고뇽찌,,youtube,UCL9OnS4bTOMmTt_5ET6L2Hw,https://www.youtube.com/channel/UCL9OnS4bTOMmTt_5ET6L2Hw,고뇽찌,6030,,,2026-10-05 21:08:03,쪼은 아침!,,https://cafe.naver.com/gonyongjji,mysmallvtuber.net,2026-10-06T11:27:37Z
M3Haddk4xFSTG4TycgUj,고뇽찌,,chzzk,78d950b1c85bffff10367c4735aa6cfc,https://chzzk.naver.com/78d950b1c85bffff10367c4735aa6cfc,고뇽찌,6115,,,2026-10-05 21:08:03,쪼은 아침!,,https://cafe.naver.com/gonyongjji,mysmallvtuber.net,2026-10-06T11:27:37Z
5qzvFEdxbmeArR2QAZyF,이토 제로,,youtube,UCRrLMTL9Sx-NnKyf-Jmx3eA,https://www.youtube.com/channel/UCRrLMTL9Sx-NnKyf-Jmx3eA,이토 제로 Ito zerror,1120,2025-09-18,,2026-10-05 22:05:03,[제롱데이] 스페이스 마린2 후열 저챗,Itozerror,https://cafe.naver.com/itozerror,mysmallvtuber.net,2026-10-06T11:27:37Z
5qzvFEdxbmeArR2QAZyF,이토 제로,,youtube,UCJBfb1Riss_l7Uyc7rTYWBQ,https://www.youtube.com/channel/UCJBfb1Riss_l7Uyc7rTYWBQ,이토 제롱,473,2025-09-18,,2026-10-05 22:05:03,[제롱데이] 스페이스 마린2 후열 저챗,Itozerror,https://cafe.naver.com/itozerror,mysmallvtuber.net,2026-10-06T11:27:37Z
5qzvFEdxbmeArR2QAZyF,이토 제로,,chzzk,1162f959f6cc26814d16f5d364d43a06,https://chzzk.naver.com/1162f959f6cc26814d16f5d364d43a06,이토 제로,3099,2025-09-18,,2026-10-05 22:05:03,[제롱데이] 스페이스 마린2 후열 저챗,Itozerror,https://cafe.naver.com/itozerror,mysmallvtuber.net,2026-10-06T11:27:37Z
ua2U3DTKHVeCeHBUGPAM,테 테,,youtube,UCY_QriYZx5S98JMtXwl-A6g,https://www.youtube.com/channel/UCY_QriYZx5S98JMtXwl-A6g,테테,553,,,2026-10-05 17:00:04,[ʚ🩷ɞ] 에반게리온 후기방🩷,,https://cafe.naver.com/tete0701,mysmallvtuber.net,2026-10-06T11:27:37Z
ua2U3DTKHVeCeHBUGPAM,테 테,,chzzk,af51552244c8bdc6d3a8202303554377,https://chzzk.naver.com/af51552244c8bdc6d3a8202303554377,테 테,1803,,,2026-10-05 17:00:04,[ʚ🩷ɞ] 에반게리온 후기방🩷,,https://cafe.naver.com/tete0701,mysmallvtuber.net,2026-10-06T11:27:37Z
w7MefT8WykDNUe2LYYth,감자에이드,,youtube,UC8xyS0vTR59zNJDvypXl0yg,https://www.youtube.com/channel/UC8xyS0vTR59zNJDvypXl0yg,감자에이드 POTATOADE,2150,2022-03-13,,2026-10-05 15:04:02,- 감자 하나를 조심해라고?? -,potatoadegame,https://cafe.naver.com/potatoade,mysmallvtuber.net,2026-10-06T11:27:37Z
w7MefT8WykDNUe2LYYth,감자에이드,,chzzk,9c0820288c20a1d408ece175cae62c37,https://chzzk.naver.com/9c0820288c20a1d408ece175cae62c37,감자에이드,492,2022-03-13,,2026-10-05 15:04:02,- 감자 하나를 조심해라고?? -,potatoadegame,https://cafe.naver.com/potatoade,mysmallvtuber.net,2026-10-06T11:27:37Z
yS4Rj88VLqXTqAHZQMwK,해블린,,youtube,UCm8cHb6dLX6ZpDsV1DevNFA,https://www.youtube.com/channel/UCm8cHb6dLX6ZpDsV1DevNFA,해블린,7520,2021-09-16,,2026-10-05 19:34:03,좋은 수학여행이었다,haevelyn__,https://cafe.naver.com/haevelyn,mysmallvtuber.net,2026-10-06T11:27:37Z
yS4Rj88VLqXTqAHZQMwK,해블린,,youtube,UC2vzJvtMCP-hmOwEkgVUw4g,https://www.youtube.com/channel/UC2vzJvtMCP-hmOwEkgVUw4g,해블린풀코스,867,2021-09-16,,2026-10-05 19:34:03,좋은 수학여행이었다,haevelyn__,https://cafe.naver.com/haevelyn,mysmallvtuber.net,2026-10-06T11:27:37Z
yS4Rj88VLqXTqAHZQMwK,해블린,,chzzk,e14259667937be6e561d28ab156718be,https://chzzk.naver.com/e14259667937be6e561d28ab156718be,해블린,33667,2021-09-16,,2026-10-05 19:34:03,좋은 수학여행이었다,haevelyn__,https://cafe.naver.com/haevelyn,mysmallvtuber.net,2026-10-06T11:27:37Z
WW8PnhJDDpN3N2q62PAL,니니아,,youtube,UCCs6PUrVAbCaN0xuQ35qiLQ,https://www.youtube.com/channel/UCCs6PUrVAbCaN0xuQ35qiLQ,니니아 ninia,27600,2022-03-26,,2026-10-05 20:07:03,기특 듀오 나가신다,,https://cafe.naver.com/niniaovo,mysmallvtuber.net,2026-10-06T11:27:37Z
WW8PnhJDDpN3N2q62PAL,니니아,,youtube,UCqiIPMN7TDZXypmYGqS_BXQ,https://www.youtube.com/channel/UCqiIPMN7TDZXypmYGqS_BXQ,니니아 풀,3860,2022-03-26,,2026-10-05 20:07:03,기특 듀오 나가신다,,https://cafe.naver.com/niniaovo,mysmallvtuber.net,2026-10-06T11:27:37Z
WW8PnhJDDpN3N2q62PAL,니니아,,chzzk,f00f6d46ecc6d735b96ecf376b9e5212,https://chzzk.naver.com/f00f6d46ecc6d735b96ecf376b9e5212,니니아,43277,2022-03-26,,2026-10-05 20:07:03,기특 듀오 나가신다,,https://cafe.naver.com/niniaovo,mysmallvtuber.net,2026-10-06T11:27:37Z
BnA4KZkYEktaZJQkHYuj,티아나 스이,,youtube,UC0o-b9zuF8yEmFodH5YBSVw,https://www.youtube.com/channel/UC0o-b9zuF8yEmFodH5YBSVw,티아나 스이 TIANA SEUI,3110,2024-05-25,,2026-10-05 16:36:03,소시지!!! 소시지를 올리란마리야..!!🌭💙,seui_vpbs,https://cafe.naver.com/playbyschool,mysmallvtuber.net,2026-10-06T11:27:37Z
BnA4KZkYEktaZJQkHYuj,티아나 스이,,youtube,UCJgnhZswQ8itU2Adi_lVP6g,https://www.youtube.com/channel/UCJgnhZswQ8itU2Adi_lVP6g,티아나 스이 다싀보기,1170,2024-05-25,,2026-10-05 16:36:03,소시지!!! 소시지를 올리란마리야..!!🌭💙,seui_vpbs,https://cafe.naver.com/playbyschool,mysmallvtuber.net,2026-10-06T11:27:37Z
BnA4KZkYEktaZJQkHYuj,티아나 스이,,chzzk,8f3661d67e49f0b84736059952d59f06,https://chzzk.naver.com/8f3661d67e49f0b84736059952d59f06,티아나 스이,7516,2024-05-25,,2026-10-05 16:36:03,소시지!!! 소시지를 올리란마리야..!!🌭💙,seui_vpbs,https://cafe.naver.com/playbyschool,mysmallvtuber.net,2026-10-06T11:27:37Z
Bu2WBcGFc5etPnGvDqv3,고순해,,youtube,UCGdAiNQhIeZnvz8nH7wjKyw,https://www.youtube.com/channel/UCGdAiNQhIeZnvz8nH7wjKyw,고순해,426,2023-10-20,,2026-10-05 17:37:03,아침에 일어난 순해가 칙도기를 잡아먹는다 ✿,,https://cafe.naver.com/gosunhae,mysmallvtuber.net,2026-10-06T11:27:37Z
Bu2WBcGFc5etPnGvDqv3,고순해,,chzzk,19f9ece522b9155b4e577d7b9b46103a,https://chzzk.naver.com/19f9ece522b9155b4e577d7b9b46103a,고순해,3289,2023-10-20,,2026-10-05 17:37:03,아침에 일어난 순해가 칙도기를 잡아먹는다 ✿,,https://cafe.naver.com/gosunhae,mysmallvtuber.net,2026-10-06T11:27:37Z
XfHTJv7SCDfLMRXAWtz6,온하얀 ONHAYAN,ONHAYAN,youtube,UC2MteJDOxQAFttPrFoH8MvQ,https://www.youtube.com/channel/UC2MteJDOxQAFttPrFoH8MvQ,온하얀 ONHAYAN,2210,2025-01-26,,2026-10-05 11:52:03,아침 아보카도🥑,onwhite090,https://cafe.naver.com/stardreamco,mysmallvtuber.net,2026-10-06T11:27:37Z
XfHTJv7SCDfLMRXAWtz6,온하얀 ONHAYAN,ONHAYAN,chzzk,91caa53fc6cf5ee3cdbc802bd23bf155,https://chzzk.naver.com/91caa53fc6cf5ee3cdbc802bd23bf155,온하얀 ONHAYAN,4312,2025-01-26,,2026-10-05 11:52:03,아침 아보카도🥑,onwhite090,https://cafe.naver.com/stardreamco,mysmallvtuber.net,2026-10-06T11:27:37Z
S599dTykFBEhNKEZ8n64,손냐미强,,youtube,UCM191-N8PgQ1BYMGNTK-h7Q,https://www.youtube.com/channel/UCM191-N8PgQ1BYMGNTK-h7Q,손냐미,1440,2022-07-11,,2026-10-05 13:49:02,오랜만에 같이 일할래,S_nyami_,https://discord.com/invite/DpmEaD3zJH,mysmallvtuber.net,2026-10-06T11:27:37Z
S599dTykFBEhNKEZ8n64,손냐미强,,soop,snyami,https://ch.sooplive.co.kr/snyami,손냐미强,4462,2022-07-11,,2026-10-05 13:49:02,오랜만에 같이 일할래,S_nyami_,https://discord.com/invite/DpmEaD3zJH,mysmallvtuber.net,2026-10-06T11:27:37Z
5zRyHcKLGYUqJasNcrZh,기션,,youtube,UCkyi1AejDmDwTt-Q5ovXPmg,https://www.youtube.com/channel/UCkyi1AejDmDwTt-Q5ovXPmg,기션,15300,,,2026-10-05 16:16:03,생애 첫 포켓몬 2일차,,https://cafe.naver.com/kisean,mysmallvtuber.net,2026-10-06T11:27:37Z
5zRyHcKLGYUqJasNcrZh,기션,,youtube,UC2S7g832PHOY8caziJdsaMw,https://www.youtube.com/channel/UC2S7g832PHOY8caziJdsaMw,긴션,2560,,,2026-10-05 16:16:03,생애 첫 포켓몬 2일차,,https://cafe.naver.com/kisean,mysmallvtuber.net,2026-10-06T11:27:37Z
5zRyHcKLGYUqJasNcrZh,기션,,chzzk,93f06c016e073c01b6bdb4098a99b1a7,https://chzzk.naver.com/93f06c016e073c01b6bdb4098a99b1a7,기션,11556,,,2026-10-05 16:16:03,생애 첫 포켓몬 2일차,,https://cafe.naver.com/kisean,mysmallvtuber.net,2026-10-06T11:27:37Z
JjUGeJcYpbjb624Fk9YT,롤체고찌,,youtube,UC1aBdmKvC6yAiq4xgPLOzKA,https://www.youtube.com/channel/UC1aBdmKvC6yAiq4xgPLOzKA,롤체고찌 [롤체하는 다마고찌],129000,2025-09-20,,2026-10-05 12:44:03,굿모닝 롤체 라디오 (ᐢ⑅•ᴗ•⑅ᐢ) 🍀,,https://cafe.naver.com/chessgozzi,mysmallvtuber.net,2026-10-06T11:27:37Z
JjUGeJcYpbjb624Fk9YT,롤체고찌,,youtube,UC5QQqPyVKx8v1Nf_wa8_NWg,https://www.youtube.com/channel/UC5QQqPyVKx8v1Nf_wa8_NWg,롱체고찌 [롤체고찌 다시보기],1420,2025-09-20,,2026-10-05 12:44:03,굿모닝 롤체 라디오 (ᐢ⑅•ᴗ•⑅ᐢ) 🍀,,https://cafe.naver.com/chessgozzi,mysmallvtuber.net,2026-10-06T11:27:37Z
JjUGeJcYpbjb624Fk9YT,롤체고찌,,chzzk,a10f2d5e29471eaca4b15f473548996e,https://chzzk.naver.com/a10f2d5e29471eaca4b15f473548996e,롤체고찌,10565,2025-09-20,,2026-10-05 12:44:03,굿모닝 롤체 라디오 (ᐢ⑅•ᴗ•⑅ᐢ) 🍀,,https://cafe.naver.com/chessgozzi,mysmallvtuber.net,2026-10-06T11:27:37Z
hvX2aMhXV56XzXydGCsr,ㅎㄹㄹㅎㄹㄹ,,youtube,UCYjx0U22SkRH4ENX-oKc_yw,https://www.youtube.com/channel/UCYjx0U22SkRH4ENX-oKc_yw,ㅎㄹㄹ,3670,2025-05-26,,2026-10-05 13:52:02,오전지킴이왔어요오💗,,https://cafe.naver.com/hrrhrr,mysmallvtuber.net,2026-10-06T11:27:37Z
hvX2aMhXV56XzXydGCsr,ㅎㄹㄹㅎㄹㄹ,,youtube,UCq34TX7ucXB3UrqUzaEopEQ,https://www.youtube.com/channel/UCq34TX7ucXB3UrqUzaEopEQ,호로롱,152,2025-05-26,,2026-10-05 13:52:02,오전지킴이왔어요오💗,,https://cafe.naver.com/hrrhrr,mysmallvtuber.net,2026-10-06T11:27:37Z
hvX2aMhXV56XzXydGCsr,ㅎㄹㄹㅎㄹㄹ,,chzzk,733ac918d624f6034f8786efc318e433,https://chzzk.naver.com/733ac918d624f6034f8786efc318e433,ㅎㄹㄹㅎㄹㄹ,6299,2025-05-26,,2026-10-05 13:52:02,오전지킴이왔어요오💗,,https://cafe.naver.com/hrrhrr,mysmallvtuber.net,2026-10-06T11:27:37Z
JCKUaq2bq8svF4yMhb62,킴딸기,,youtube,UCFfs-bkSS0bK-55EAecRKyA,https://www.youtube.com/channel/UCFfs-bkSS0bK-55EAecRKyA,사고뭉치 킴딸기,962,2023-08-13,,2026-10-05 17:32:03,그냥.. 그냥 서버!! [글로비],,https://cafe.naver.com/talggysfamilia,mysmallvtuber.net,2026-10-06T11:27:37Z
JCKUaq2bq8svF4yMhb62,킴딸기,,soop,kimtalggy,https://ch.sooplive.co.kr/kimtalggy,킴딸기,1405,2023-08-13,,2026-10-05 17:32:03,그냥.. 그냥 서버!! [글로비],,https://cafe.naver.com/talggysfamilia,mysmallvtuber.net,2026-10-06T11:27:37Z
GJxnUxhqdYa5cmDb2m3P,쥬리JURI,JURI,youtube,UCz1TErEM6UyBkvmmFFbCT8g,https://www.youtube.com/channel/UCz1TErEM6UyBkvmmFFbCT8g,쥬리,423,2024-09-30,,2026-10-05 11:39:03,3 _3,,https://cafe.naver.com/wbfljuri,mysmallvtuber.net,2026-10-06T11:27:37Z
GJxnUxhqdYa5cmDb2m3P,쥬리JURI,JURI,chzzk,5736d20e3e18afc5408e9b54190e6c16,https://chzzk.naver.com/5736d20e3e18afc5408e9b54190e6c16,쥬리JURI,1774,2024-09-30,,2026-10-05 11:39:03,3 _3,,https://cafe.naver.com/wbfljuri,mysmallvtuber.net,2026-10-06T11:27:37Z
Nnb29yRehPF75gJt3xpd,이 유연,,youtube,UCCMSPPMIjcqOQKyUdNcpUZg,https://www.youtube.com/channel/UCCMSPPMIjcqOQKyUdNcpUZg,이유연,16,2022-10-20,,2026-10-05 09:49:03,[V] ( ˘×˘ ),2UY_Chzzk,,mysmallvtuber.net,2026-10-06T11:27:37Z
Nnb29yRehPF75gJt3xpd,이 유연,,chzzk,5039f6fc2fc3de1a77c44ec9b81caeb2,https://chzzk.naver.com/5039f6fc2fc3de1a77c44ec9b81caeb2,이 유연,167,2022-10-20,,2026-10-05 09:49:03,[V] ( ˘×˘ ),2UY_Chzzk,,mysmallvtuber.net,2026-10-06T11:27:37Z
HpAUkRuqRhas3GByHYkU,냐라,,youtube,UCKtS9sxKlZYxKeU4Ah3fpjg,https://www.youtube.com/channel/UCKtS9sxKlZYxKeU4Ah3fpjg,냐라,809,,,2026-10-05 06:33:02,야호 술 한잔(⩌ㅠ⩌)/,nyala1215,https://cafe.naver.com/nyala,mysmallvtuber.net,2026-10-06T11:27:37Z
HpAUkRuqRhas3GByHYkU,냐라,,chzzk,daf2c99a232dd3ebebf5cda474c9763a,https://chzzk.naver.com/daf2c99a232dd3ebebf5cda474c9763a,냐라,1538,,,2026-10-05 06:33:02,야호 술 한잔(⩌ㅠ⩌)/,nyala1215,https://cafe.naver.com/nyala,mysmallvtuber.net,2026-10-06T11:27:37Z
hqnfhg5dPUbbZL5L7gkW,이 아니,,youtube,UC9LG1vUDTffjYNwPKzTFyrA,https://www.youtube.com/channel/UC9LG1vUDTffjYNwPKzTFyrA,아니 노래 한다니깐,5600,2022-11-13,,2026-10-05 16:29:03,이야 지금이 몇시고?!,lee_a_ni,https://cafe.naver.com/goldanghome,mysmallvtuber.net,2026-10-06T11:27:37Z
hqnfhg5dPUbbZL5L7gkW,이 아니,,youtube,UCccyieaT-GL8_5z1CLCIuvg,https://www.youtube.com/channel/UCccyieaT-GL8_5z1CLCIuvg,이아니 VOD,3750,2022-11-13,,2026-10-05 16:29:03,이야 지금이 몇시고?!,lee_a_ni,https://cafe.naver.com/goldanghome,mysmallvtuber.net,2026-10-06T11:27:37Z
hqnfhg5dPUbbZL5L7gkW,이 아니,,chzzk,eef5c2238f1667a915855c644ac4f975,https://chzzk.naver.com/eef5c2238f1667a915855c644ac4f975,이 아니,9830,2022-11-13,,2026-10-05 16:29:03,이야 지금이 몇시고?!,lee_a_ni,https://cafe.naver.com/goldanghome,mysmallvtuber.net,2026-10-06T11:27:37Z
gnPC5GNQR5KStvBMLqmS,비 영,,youtube,UC-mYupfk_ao7F8BtXcjOoeQ,https://www.youtube.com/channel/UC-mYupfk_ao7F8BtXcjOoeQ,Name,6950,,,2026-10-05 03:27:02,돌아왔어.. 오버워치,,,mysmallvtuber.net,2026-10-06T11:27:37Z
gnPC5GNQR5KStvBMLqmS,비 영,,chzzk,b8413baca31cd4540d400c4fab1e7a29,https://chzzk.naver.com/b8413baca31cd4540d400c4fab1e7a29,비 영,8850,,,2026-10-05 03:27:02,돌아왔어.. 오버워치,,,mysmallvtuber.net,2026-10-06T11:27:37Z
f2f7jgDg2mMEHTBf9fsU,치카게 사쿠야,,youtube,UCE5oQRFwdugbx-BzDX_FgUQ,https://www.youtube.com/channel/UCE5oQRFwdugbx-BzDX_FgUQ,치카게 사쿠야,1170,2025-08-23,,2026-10-05 01:26:03,[3dio] 까꿍 /ᐠ ᓀωᓂ.マ,Chikage_Sakuya,https://cafe.naver.com/veritaofficial,mysmallvtuber.net,2026-10-06T11:27:37Z
f2f7jgDg2mMEHTBf9fsU,치카게 사쿠야,,youtube,UCnxFV_NAagIZD5RvD9hJiEw,https://www.youtube.com/channel/UCnxFV_NAagIZD5RvD9hJiEw,사쿠야 다시보기,3780,2025-08-23,,2026-10-05 01:26:03,[3dio] 까꿍 /ᐠ ᓀωᓂ.マ,Chikage_Sakuya,https://cafe.naver.com/veritaofficial,mysmallvtuber.net,2026-10-06T11:27:37Z
f2f7jgDg2mMEHTBf9fsU,치카게 사쿠야,,chzzk,19e50acc081bbbe156c836dde6becb65,https://chzzk.naver.com/19e50acc081bbbe156c836dde6becb65,치카게 사쿠야,4719,2025-08-23,,2026-10-05 01:26:03,[3dio] 까꿍 /ᐠ ᓀωᓂ.マ,Chikage_Sakuya,https://cafe.naver.com/veritaofficial,mysmallvtuber.net,2026-10-06T11:27:37Z
Ttx6xMPYv63C7Sfvaa2Q,우 유 니,,youtube,UC_G0_yfkGVZbnbKq-c9DSYg,https://www.youtube.com/channel/UC_G0_yfkGVZbnbKq-c9DSYg,우유니,4230,2025-06-09,,2026-10-05 00:53:02,오늘새벽부터고구마 캤서! (맛있다),Uynui55,,mysmallvtuber.net,2026-10-06T11:27:37Z
Ttx6xMPYv63C7Sfvaa2Q,우 유 니,,youtube,UCoyXkQo3SXmL7zh0IOCvvZw,https://www.youtube.com/channel/UCoyXkQo3SXmL7zh0IOCvvZw,우유니다시보기,143,2025-06-09,,2026-10-05 00:53:02,오늘새벽부터고구마 캤서! (맛있다),Uynui55,,mysmallvtuber.net,2026-10-06T11:27:37Z
Ttx6xMPYv63C7Sfvaa2Q,우 유 니,,chzzk,2a785e0fceded1ebe9211d0c2060710e,https://chzzk.naver.com/2a785e0fceded1ebe9211d0c2060710e,우 유 니,8342,2025-06-09,,2026-10-05 00:53:02,오늘새벽부터고구마 캤서! (맛있다),Uynui55,,mysmallvtuber.net,2026-10-06T11:27:37Z
ej83s6tJe8PSHwburnYt,양담비,,youtube,UCnT61UeHmEyCCanr9c-lGEw,https://www.youtube.com/channel/UCnT61UeHmEyCCanr9c-lGEw,양담비 YangDambi,1160,2022-07-01,,2026-10-05 02:17:03,안녕요,Yangdambi_,https://cafe.naver.com/luminia,mysmallvtuber.net,2026-10-06T11:27:37Z
ej83s6tJe8PSHwburnYt,양담비,,youtube,UC2MgllF_5RR-bsgF1HLdg_A,https://www.youtube.com/channel/UC2MgllF_5RR-bsgF1HLdg_A,양담비 다시보기,161,2022-07-01,,2026-10-05 02:17:03,안녕요,Yangdambi_,https://cafe.naver.com/luminia,mysmallvtuber.net,2026-10-06T11:27:37Z
ej83s6tJe8PSHwburnYt,양담비,,chzzk,21e45f2d67f33b783e58a0823ac43d2b,https://chzzk.naver.com/21e45f2d67f33b783e58a0823ac43d2b,양담비,3030,2022-07-01,,2026-10-05 02:17:03,안녕요,Yangdambi_,https://cafe.naver.com/luminia,mysmallvtuber.net,2026-10-06T11:27:37Z
TGXXzSc394XT55WdcTzQ,호로라 Horora,Horora,youtube,UCpt1bIJIzBRsMzAC6XyIXqQ,https://www.youtube.com/channel/UCpt1bIJIzBRsMzAC6XyIXqQ,호로라,12000,,,2026-10-05 01:56:02,휴방뱅 2,,https://cafe.naver.com/hxrxra,mysmallvtuber.net,2026-10-06T11:27:37Z
TGXXzSc394XT55WdcTzQ,호로라 Horora,Horora,chzzk,b54e6349785f789d10edc822c0ef4b89,https://chzzk.naver.com/b54e6349785f789d10edc822c0ef4b89,호로라 Horora,1734,,,2026-10-05 01:56:02,휴방뱅 2,,https://cafe.naver.com/hxrxra,mysmallvtuber.net,2026-10-06T11:27:37Z
3Zx9cJwFUZzeZbsJJBpd,이새난,,youtube,UCf1DklM5kyvJz4VyCDSQmTA,https://www.youtube.com/channel/UCf1DklM5kyvJz4VyCDSQmTA,이새난 YouTube,6330,2022-01-09,,2026-10-05 02:57:03,💠내일 왜 공휴일 |•'-'•)و✧,Senan_Note,https://discord.com/invite/YXnZ4wJCwh,mysmallvtuber.net,2026-10-06T11:27:37Z
3Zx9cJwFUZzeZbsJJBpd,이새난,,chzzk,b48485e5e917f5f5896fdf89b1f48c9f,https://chzzk.naver.com/b48485e5e917f5f5896fdf89b1f48c9f,이새난,2842,2022-01-09,,2026-10-05 02:57:03,💠내일 왜 공휴일 |•'-'•)و✧,Senan_Note,https://discord.com/invite/YXnZ4wJCwh,mysmallvtuber.net,2026-10-06T11:27:37Z
UewDfd83CMFZ2LxHrP3S,해루닝,,chzzk,eaa3d33a92b7fb253dd88bcf718b1897,https://chzzk.naver.com/eaa3d33a92b7fb253dd88bcf718b1897,해루닝,874,2025-02-05,,2026-10-05 01:07:03,일요일이여도 기분 좋다ㅏ💜,,https://cafe.naver.com/haeruworld,mysmallvtuber.net,2026-10-06T11:27:37Z
Je8PKnbXft4RDLvCfe9d,리윤°,,soop,mutetwilight,https://ch.sooplive.co.kr/mutetwilight,리윤°,293,2025-12-24,,2026-10-05 05:32:03,이적 뉴걸 25일차 고독방송 1!! (33/330),re_end_R_YN,,mysmallvtuber.net,2026-10-06T11:27:37Z
mFjT7zHdQSmPSsY9JeD9,채우 ChaeWoo,ChaeWoo,youtube,UCg-RF6ZlnldSycuKSUi7ulw,https://www.youtube.com/channel/UCg-RF6ZlnldSycuKSUi7ulw,이채우_ChaeWoo,31,2025-03-15,,2026-10-04 23:48:02,[D!] 일요일은 농사일 하기 (w. 채준),,,mysmallvtuber.net,2026-10-06T11:27:37Z
mFjT7zHdQSmPSsY9JeD9,채우 ChaeWoo,ChaeWoo,chzzk,4514463ca2de9d167b970454e9e51513,https://chzzk.naver.com/4514463ca2de9d167b970454e9e51513,채우 ChaeWoo,53,2025-03-15,,2026-10-04 23:48:02,[D!] 일요일은 농사일 하기 (w. 채준),,,mysmallvtuber.net,2026-10-06T11:27:37Z
pxPud4g4bbmGJFUBN3NR,해마슈,,youtube,UCOUyoARSUlxl5fDFfTuALDQ,https://www.youtube.com/channel/UCOUyoARSUlxl5fDFfTuALDQ,해마슈,573,2022-08-29,,2026-10-05 01:40:04,소통노래마슈슈,seahorshu,https://cafe.naver.com/seahorshu,mysmallvtuber.net,2026-10-06T11:27:37Z
pxPud4g4bbmGJFUBN3NR,해마슈,,soop,saehorshu,https://ch.sooplive.co.kr/saehorshu,해마슈,2244,2022-08-29,,2026-10-05 01:40:04,소통노래마슈슈,seahorshu,https://cafe.naver.com/seahorshu,mysmallvtuber.net,2026-10-06T11:27:37Z
MHe4FmcV47Aa4E9jNsvU,채준 ChaeJun L,ChaeJun L,youtube,UCT1FHrwP0BqYoRSoz_aY3Qg,https://www.youtube.com/channel/UCT1FHrwP0BqYoRSoz_aY3Qg,이채준_ChaeJun,29,2025-03-15,,2026-10-04 23:50:02,"[D!] 농사하면서 이야기하자! | 🧭 바다와 약속, 그리고 선릿밸리",ChaeJun_L,,mysmallvtuber.net,2026-10-06T11:27:37Z
MHe4FmcV47Aa4E9jNsvU,채준 ChaeJun L,ChaeJun L,chzzk,58d67e6b2157dd8cfe7c2f09c702670e,https://chzzk.naver.com/58d67e6b2157dd8cfe7c2f09c702670e,채준 ChaeJun L,112,2025-03-15,,2026-10-04 23:50:02,"[D!] 농사하면서 이야기하자! | 🧭 바다와 약속, 그리고 선릿밸리",ChaeJun_L,,mysmallvtuber.net,2026-10-06T11:27:37Z
c7XjH6TBhV6Qz3KKh2QT,온유 ONUU,ONUU,youtube,UCWMu3puueV9WF6riY3PTWvg,https://www.youtube.com/channel/UCWMu3puueV9WF6riY3PTWvg,온유ONUU 다시보기,208,,,2026-10-05 05:27:02,델타포스에서 뚜드려맞고 러시아에서 폐지줍기💜,,https://cafe.naver.com/withonuu,mysmallvtuber.net,2026-10-06T11:27:37Z
c7XjH6TBhV6Qz3KKh2QT,온유 ONUU,ONUU,chzzk,fcb753fcb6007b1fd8a1275562a31b11,https://chzzk.naver.com/fcb753fcb6007b1fd8a1275562a31b11,온유 ONUU,1887,,,2026-10-05 05:27:02,델타포스에서 뚜드려맞고 러시아에서 폐지줍기💜,,https://cafe.naver.com/withonuu,mysmallvtuber.net,2026-10-06T11:27:37Z
qZaBTEsH5XgHj6wner4G,강재히,,youtube,UC7iUfFL3Z1Y_0K4IbHXRzVg,https://www.youtube.com/channel/UC7iUfFL3Z1Y_0K4IbHXRzVg,강재히 다시보기,35,2024-10-14,,2026-10-05 00:10:04,대회 후열,,https://cafe.naver.com/jaehee1309,mysmallvtuber.net,2026-10-06T11:27:37Z
qZaBTEsH5XgHj6wner4G,강재히,,chzzk,63a1cb463032bb9d88ee5fd17c1a0a3f,https://chzzk.naver.com/63a1cb463032bb9d88ee5fd17c1a0a3f,강재히,1298,2024-10-14,,2026-10-05 00:10:04,대회 후열,,https://cafe.naver.com/jaehee1309,mysmallvtuber.net,2026-10-06T11:27:37Z
hrAXCBu86bWx6Bxfn2ES,마리모O,O,youtube,UCEZx3nZ9x8KBXvlxQmNoS6Q,https://www.youtube.com/channel/UCEZx3nZ9x8KBXvlxQmNoS6Q,마리모💦siren,17900,2021-03-03,,2026-10-05 02:39:02,인류? 그까이거 걍 망하지 뭐ㅋㅋ 세컨드 임팩트때 다 죽었어야하는건데ㅋㅋㅋ 너 에바 안탄다고 다를거 없다? 빨리 대피해라 난 수박이나 보고 갈게~,siren_marimo,https://cafe.naver.com/seilenmarimo,mysmallvtuber.net,2026-10-06T11:27:37Z
hrAXCBu86bWx6Bxfn2ES,마리모O,O,youtube,UCtF8y0eGVTRPM9-9p6yMkfA,https://www.youtube.com/channel/UCtF8y0eGVTRPM9-9p6yMkfA,마리모💦siren 다시보기,410,2021-03-03,,2026-10-05 02:39:02,인류? 그까이거 걍 망하지 뭐ㅋㅋ 세컨드 임팩트때 다 죽었어야하는건데ㅋㅋㅋ 너 에바 안탄다고 다를거 없다? 빨리 대피해라 난 수박이나 보고 갈게~,siren_marimo,https://cafe.naver.com/seilenmarimo,mysmallvtuber.net,2026-10-06T11:27:37Z
hrAXCBu86bWx6Bxfn2ES,마리모O,O,chzzk,10b7410e52f8040ec86ec36c90f8b508,https://chzzk.naver.com/10b7410e52f8040ec86ec36c90f8b508,마리모O,6930,2021-03-03,,2026-10-05 02:39:02,인류? 그까이거 걍 망하지 뭐ㅋㅋ 세컨드 임팩트때 다 죽었어야하는건데ㅋㅋㅋ 너 에바 안탄다고 다를거 없다? 빨리 대피해라 난 수박이나 보고 갈게~,siren_marimo,https://cafe.naver.com/seilenmarimo,mysmallvtuber.net,2026-10-06T11:27:37Z
tbfyFPQLf6EYQ6epDwMb,노엘 Noel,Noel,youtube,UCs9SkboKfkKpaBG4otD18HA,https://www.youtube.com/channel/UCs9SkboKfkKpaBG4otD18HA,노엘 Noel,18500,2023-02-12,,2026-10-04 22:00:04,나왔어~,noel_28_28,https://cafe.naver.com/retale0203,mysmallvtuber.net,2026-10-06T11:27:37Z
tbfyFPQLf6EYQ6epDwMb,노엘 Noel,Noel,chzzk,c6883e9be221c06615447b8792d9d8ba,https://chzzk.naver.com/c6883e9be221c06615447b8792d9d8ba,노엘 Noel,2669,2023-02-12,,2026-10-04 22:00:04,나왔어~,noel_28_28,https://cafe.naver.com/retale0203,mysmallvtuber.net,2026-10-06T11:27:37Z
PMjfStfJDVSGwBKc38Ta,낙엽 NakYeob,NakYeob,youtube,UCtfsLbSMOz7OD7in38tph4A,https://www.youtube.com/channel/UCtfsLbSMOz7OD7in38tph4A,정령 낙엽 NakYeob,700,2024-08-16,,2026-10-05 02:43:02,🍂[전복남음]해산물 도감작 켠왕 •ɞ•,Nakyeob64,https://cafe.naver.com/nakyeob64,mysmallvtuber.net,2026-10-06T11:27:37Z
PMjfStfJDVSGwBKc38Ta,낙엽 NakYeob,NakYeob,chzzk,9703103f5dd1aedb83ce00a6f7cccb47,https://chzzk.naver.com/9703103f5dd1aedb83ce00a6f7cccb47,낙엽 NakYeob,516,2024-08-16,,2026-10-05 02:43:02,🍂[전복남음]해산물 도감작 켠왕 •ɞ•,Nakyeob64,https://cafe.naver.com/nakyeob64,mysmallvtuber.net,2026-10-06T11:27:37Z
vyx3FQ7X3vgFN5XXhpGM,스즈네 Suzune,Suzune,youtube,UCRcFS2Jvl0oJ-jhsY7vFIVQ,https://www.youtube.com/channel/UCRcFS2Jvl0oJ-jhsY7vFIVQ,Suzune Ch. 스즈네,2640,2023-02-04,,2026-10-04 21:58:02,[V][3DIO]ASMR~_~,VirtualSuzune,https://discord.com/invite/TzMcFsNnAq,mysmallvtuber.net,2026-10-06T11:27:37Z
vyx3FQ7X3vgFN5XXhpGM,스즈네 Suzune,Suzune,youtube,UCcvRE-uYSwAnZGg0H3nfuMw,https://www.youtube.com/channel/UCcvRE-uYSwAnZGg0H3nfuMw,Suzune Archive,618,2023-02-04,,2026-10-04 21:58:02,[V][3DIO]ASMR~_~,VirtualSuzune,https://discord.com/invite/TzMcFsNnAq,mysmallvtuber.net,2026-10-06T11:27:37Z
vyx3FQ7X3vgFN5XXhpGM,스즈네 Suzune,Suzune,chzzk,bbbcc4a89ad406826a1d0e4a74ad19cd,https://chzzk.naver.com/bbbcc4a89ad406826a1d0e4a74ad19cd,스즈네 Suzune,2187,2023-02-04,,2026-10-04 21:58:02,[V][3DIO]ASMR~_~,VirtualSuzune,https://discord.com/invite/TzMcFsNnAq,mysmallvtuber.net,2026-10-06T11:27:37Z
2WtJjYxAVFzu3w7gXPfS,다레껍데기,,youtube,UCkl8-nZT5t-oXZANtSvYdWA,https://www.youtube.com/channel/UCkl8-nZT5t-oXZANtSvYdWA,다레껍데기,280,2024-05-03,,2026-10-04 23:36:03,[팰스동] 아레나 두둥 싼토스,Dareskin_,https://discord.gg/cNxpK7kcYs,mysmallvtuber.net,2026-10-06T11:27:37Z
2WtJjYxAVFzu3w7gXPfS,다레껍데기,,youtube,UCb1qv3UoJ84db7JcxwGUZwg,https://www.youtube.com/channel/UCb1qv3UoJ84db7JcxwGUZwg,다레껍데기,46,2024-05-03,,2026-10-04 23:36:03,[팰스동] 아레나 두둥 싼토스,Dareskin_,https://discord.gg/cNxpK7kcYs,mysmallvtuber.net,2026-10-06T11:27:37Z
2WtJjYxAVFzu3w7gXPfS,다레껍데기,,chzzk,d4ad65ba2f4ff478d170822f5fba7051,https://chzzk.naver.com/d4ad65ba2f4ff478d170822f5fba7051,다레껍데기,526,2024-05-03,,2026-10-04 23:36:03,[팰스동] 아레나 두둥 싼토스,Dareskin_,https://discord.gg/cNxpK7kcYs,mysmallvtuber.net,2026-10-06T11:27:37Z
KHNtkXtPJYZ8faFAp4Mn,오하루땅,,youtube,UCXk65mZEUXJWaOTFoj6Vibg,https://www.youtube.com/channel/UCXk65mZEUXJWaOTFoj6Vibg,오하루땅 아카이브,683,2023-11-18,,2026-10-05 04:56:03,"실피아가 말아주는 TRPG (인형회랑) w.실피아,2해,블루,이비,대충2",oharu313,,mysmallvtuber.net,2026-10-06T11:27:37Z
KHNtkXtPJYZ8faFAp4Mn,오하루땅,,chzzk,f3e05c4c8d90ae77db629fa2e12ced40,https://chzzk.naver.com/f3e05c4c8d90ae77db629fa2e12ced40,오하루땅,795,2023-11-18,,2026-10-05 04:56:03,"실피아가 말아주는 TRPG (인형회랑) w.실피아,2해,블루,이비,대충2",oharu313,,mysmallvtuber.net,2026-10-06T11:27:37Z
Zd9FsfsSEsQntdJUVJEC,예시니랑,,youtube,UChsMGKjUlVZE99LvUK3lIbg,https://www.youtube.com/channel/UChsMGKjUlVZE99LvUK3lIbg,예시니랑,306,2021-08-11,,2026-10-05 02:33:02,☪︎ 아포칼립스 세상에서 요리를... ☪︎,yesini_rang,https://cafe.naver.com/yerang0811,mysmallvtuber.net,2026-10-06T11:27:37Z
Zd9FsfsSEsQntdJUVJEC,예시니랑,,youtube,UCqqHe1mNmSoZX7nJ6PcoV7A,https://www.youtube.com/channel/UCqqHe1mNmSoZX7nJ6PcoV7A,긴예랑 채널,5,2021-08-11,,2026-10-05 02:33:02,☪︎ 아포칼립스 세상에서 요리를... ☪︎,yesini_rang,https://cafe.naver.com/yerang0811,mysmallvtuber.net,2026-10-06T11:27:37Z
Zd9FsfsSEsQntdJUVJEC,예시니랑,,chzzk,d12d2b4321e2a1b0de5f0a3d49e45a57,https://chzzk.naver.com/d12d2b4321e2a1b0de5f0a3d49e45a57,예시니랑,1185,2021-08-11,,2026-10-05 02:33:02,☪︎ 아포칼립스 세상에서 요리를... ☪︎,yesini_rang,https://cafe.naver.com/yerang0811,mysmallvtuber.net,2026-10-06T11:27:37Z
qYRad4Q3TUTpKgjv8SCc,버찌 BUZZI,BUZZI,youtube,UCcdw8dm7jGMN9izln7NSC6g,https://www.youtube.com/channel/UCcdw8dm7jGMN9izln7NSC6g,버찌 BUZZI,1210,2025-06-21,,2026-10-05 06:32:03,[찹츄르] 다음 작품에 봄은올까 🐶,cherry_weasel,https://cafe.naver.com/cherryweasel,mysmallvtuber.net,2026-10-06T11:27:37Z
qYRad4Q3TUTpKgjv8SCc,버찌 BUZZI,BUZZI,youtube,UCV05-ptXdC6IcuPnJiA70pQ,https://www.youtube.com/channel/UCV05-ptXdC6IcuPnJiA70pQ,버찌 아카이빙,392,2025-06-21,,2026-10-05 06:32:03,[찹츄르] 다음 작품에 봄은올까 🐶,cherry_weasel,https://cafe.naver.com/cherryweasel,mysmallvtuber.net,2026-10-06T11:27:37Z
qYRad4Q3TUTpKgjv8SCc,버찌 BUZZI,BUZZI,chzzk,85fa9f08b940d363395f6b3f29b91c4c,https://chzzk.naver.com/85fa9f08b940d363395f6b3f29b91c4c,버찌 BUZZI,4752,2025-06-21,,2026-10-05 06:32:03,[찹츄르] 다음 작품에 봄은올까 🐶,cherry_weasel,https://cafe.naver.com/cherryweasel,mysmallvtuber.net,2026-10-06T11:27:37Z
QXtCzUC2G5csmMSGknYr,니니♥♥♥,,soop,honeys2,https://ch.sooplive.co.kr/honeys2,니니♥♥♥,39610,,,2026-10-05 10:37:03,🎀 롤 미션 환영 !!! 듀오 앨리스얌 언닝 🎀,,https://cafe.naver.com/babynini,mysmallvtuber.net,2026-10-06T11:27:37Z
CCkWfjfE3wa5AkzMC5ud,망징이,,youtube,UC_hftLL-ydsJd1YpcBZ_09g,https://www.youtube.com/channel/UC_hftLL-ydsJd1YpcBZ_09g,망징이 다시보기,4260,2025-03-28,,2026-10-05 04:43:03,[봉누도2] 망카의 마지막 날 이야기,mangjing1213,https://cafe.naver.com/mangjing12,mysmallvtuber.net,2026-10-06T11:27:37Z
CCkWfjfE3wa5AkzMC5ud,망징이,,chzzk,5b1edd3b95c1513cb502ca2cdd391670,https://chzzk.naver.com/5b1edd3b95c1513cb502ca2cdd391670,망징이,7760,2025-03-28,,2026-10-05 04:43:03,[봉누도2] 망카의 마지막 날 이야기,mangjing1213,https://cafe.naver.com/mangjing12,mysmallvtuber.net,2026-10-06T11:27:37Z
gWLvFdThKWnEuK34yFbM,강운실,,youtube,UCy9gmfG3B-q42vBOfK2qN3w,https://www.youtube.com/channel/UCy9gmfG3B-q42vBOfK2qN3w,강운실,78,,,2026-10-04 22:50:02,하라드 가보쟈고~,riverunsil,,mysmallvtuber.net,2026-10-06T11:27:37Z
gWLvFdThKWnEuK34yFbM,강운실,,youtube,UCcHXWmYD5MH-6YXujxwy1Sw,https://www.youtube.com/channel/UCcHXWmYD5MH-6YXujxwy1Sw,강운실 다시보기,64,,,2026-10-04 22:50:02,하라드 가보쟈고~,riverunsil,,mysmallvtuber.net,2026-10-06T11:27:37Z
gWLvFdThKWnEuK34yFbM,강운실,,chzzk,a8d295e3e4f1d771e4f29aed42d664b5,https://chzzk.naver.com/a8d295e3e4f1d771e4f29aed42d664b5,강운실,363,,,2026-10-04 22:50:02,하라드 가보쟈고~,riverunsil,,mysmallvtuber.net,2026-10-06T11:27:37Z
Q3GLWXc7HQnp5mdPv35B,카토kato,kato,youtube,UCPKYZNXOiBZZXnLeblQaM8A,https://www.youtube.com/channel/UCPKYZNXOiBZZXnLeblQaM8A,카토 KATO,123000,2022-08-14,,2026-10-05 03:13:03,"마지막.. 교정공 김분내, 모두 감사했습니다",,https://cafe.naver.com/kato,mysmallvtuber.net,2026-10-06T11:27:37Z
Q3GLWXc7HQnp5mdPv35B,카토kato,kato,youtube,UC3f1jlXLQXMfgkEb_e2luPg,https://www.youtube.com/channel/UC3f1jlXLQXMfgkEb_e2luPg,카토 다시보기,9470,2022-08-14,,2026-10-05 03:13:03,"마지막.. 교정공 김분내, 모두 감사했습니다",,https://cafe.naver.com/kato,mysmallvtuber.net,2026-10-06T11:27:37Z
Q3GLWXc7HQnp5mdPv35B,카토kato,kato,chzzk,57aeb13825bf7d402273ecfa936356e4,https://chzzk.naver.com/57aeb13825bf7d402273ecfa936356e4,카토kato,23840,2022-08-14,,2026-10-05 03:13:03,"마지막.. 교정공 김분내, 모두 감사했습니다",,https://cafe.naver.com/kato,mysmallvtuber.net,2026-10-06T11:27:37Z
jX4g48uutXP5zaBTBspp,모모시로 카나,,youtube,UCmkczuFqOKsdPZlLLwEEHUg,https://www.youtube.com/channel/UCmkczuFqOKsdPZlLLwEEHUg,모모시로_카나,28800,2024-08-03,,2026-10-04 22:58:02,다시 골드 갈 수 있을까.. 골드.. 등반하기.. ( ̳- ·̫ - ̳ˆ )◞❤️,momosiro_kana,https://cafe.naver.com/momosirokana,mysmallvtuber.net,2026-10-06T11:27:37Z
jX4g48uutXP5zaBTBspp,모모시로 카나,,youtube,UCuIjcl_wnKv2tWG9t742UAA,https://www.youtube.com/channel/UCuIjcl_wnKv2tWG9t742UAA,카나의 고봉밥 가게,166,2024-08-03,,2026-10-04 22:58:02,다시 골드 갈 수 있을까.. 골드.. 등반하기.. ( ̳- ·̫ - ̳ˆ )◞❤️,momosiro_kana,https://cafe.naver.com/momosirokana,mysmallvtuber.net,2026-10-06T11:27:37Z
jX4g48uutXP5zaBTBspp,모모시로 카나,,chzzk,48cbe6b7ab29b43e61ed75b4beaacaf5,https://chzzk.naver.com/48cbe6b7ab29b43e61ed75b4beaacaf5,모모시로 카나,5006,2024-08-03,,2026-10-04 22:58:02,다시 골드 갈 수 있을까.. 골드.. 등반하기.. ( ̳- ·̫ - ̳ˆ )◞❤️,momosiro_kana,https://cafe.naver.com/momosirokana,mysmallvtuber.net,2026-10-06T11:27:37Z
5F8BsGg3XszJPPXhk5Ms,미네이션 미미,,youtube,UCil3rYSAwpQFxHqMITrb5Jw,https://www.youtube.com/channel/UCil3rYSAwpQFxHqMITrb5Jw,미네이션 미미,1510,2023-12-31,,2026-10-05 01:26:03,에게리 결말 처음 보는 뇌,mi_miwt,https://cafe.naver.com/mination,mysmallvtuber.net,2026-10-06T11:27:37Z
5F8BsGg3XszJPPXhk5Ms,미네이션 미미,,chzzk,15e35c57757dfa3315eee6d13191d13c,https://chzzk.naver.com/15e35c57757dfa3315eee6d13191d13c,미네이션 미미,2796,2023-12-31,,2026-10-05 01:26:03,에게리 결말 처음 보는 뇌,mi_miwt,https://cafe.naver.com/mination,mysmallvtuber.net,2026-10-06T11:27:37Z
CcFAjrfEiYGujdRF2l9Q,오새벽,,youtube,UC2qfEGUpI-xJbJN_QXvkm1Q,https://www.youtube.com/channel/UC2qfEGUpI-xJbJN_QXvkm1Q,오새벽,1980,2022-02-13,,2026-10-04 22:20:05,근육통에 시달리는 사람,oh__dawn,https://cafe.naver.com/chobifam,mysmallvtuber.net,2026-10-06T11:27:37Z
CcFAjrfEiYGujdRF2l9Q,오새벽,,youtube,UCGeBnaOIU1KKv4d-WVc_Xig,https://www.youtube.com/channel/UCGeBnaOIU1KKv4d-WVc_Xig,오새벽 아카이브,365,2022-02-13,,2026-10-04 22:20:05,근육통에 시달리는 사람,oh__dawn,https://cafe.naver.com/chobifam,mysmallvtuber.net,2026-10-06T11:27:37Z
CcFAjrfEiYGujdRF2l9Q,오새벽,,chzzk,95ef23acfc4873eb0908b9cb8c775a62,https://chzzk.naver.com/95ef23acfc4873eb0908b9cb8c775a62,오새벽,4695,2022-02-13,,2026-10-04 22:20:05,근육통에 시달리는 사람,oh__dawn,https://cafe.naver.com/chobifam,mysmallvtuber.net,2026-10-06T11:27:37Z
mgu2LxV7cN8Sw6z8nNbY,반토,,youtube,UCubbaxpK7p-HnIe31IMblvQ,https://www.youtube.com/channel/UCubbaxpK7p-HnIe31IMblvQ,반토,475,2024-04-25,,2026-10-05 01:00:04,[V] ෆ7단도 안바래 5단 달게 해줘ෆ,Banto_425,https://cafe.naver.com/banto425,mysmallvtuber.net,2026-10-06T11:27:37Z
mgu2LxV7cN8Sw6z8nNbY,반토,,youtube,UCJRQnbqJ-9idFFFNNfwWUCA,https://www.youtube.com/channel/UCJRQnbqJ-9idFFFNNfwWUCA,반토 다시보기,16,2024-04-25,,2026-10-05 01:00:04,[V] ෆ7단도 안바래 5단 달게 해줘ෆ,Banto_425,https://cafe.naver.com/banto425,mysmallvtuber.net,2026-10-06T11:27:37Z
mgu2LxV7cN8Sw6z8nNbY,반토,,chzzk,0ce04f529e8a94f4f553bec77b0bd76c,https://chzzk.naver.com/0ce04f529e8a94f4f553bec77b0bd76c,반토,1136,2024-04-25,,2026-10-05 01:00:04,[V] ෆ7단도 안바래 5단 달게 해줘ෆ,Banto_425,https://cafe.naver.com/banto425,mysmallvtuber.net,2026-10-06T11:27:37Z
zrSpCUeMGqbWe2LPc66H,유메아쿠 코롯,,youtube,UCWtBvoh1wYrOx33DHXOBx_A,https://www.youtube.com/channel/UCWtBvoh1wYrOx33DHXOBx_A,유메아쿠 코롯 YUMEAKU COLOT,1630,2025-08-02,,2026-10-05 06:59:03,성대가 집나가서 그림그립니다 죄송합니다,colot0509,https://cafe.naver.com/studiosegno,mysmallvtuber.net,2026-10-06T11:27:37Z
zrSpCUeMGqbWe2LPc66H,유메아쿠 코롯,,chzzk,8b6ddefc6d8df5a5c6bc2e00aa0999f2,https://chzzk.naver.com/8b6ddefc6d8df5a5c6bc2e00aa0999f2,유메아쿠 코롯,1311,2025-08-02,,2026-10-05 06:59:03,성대가 집나가서 그림그립니다 죄송합니다,colot0509,https://cafe.naver.com/studiosegno,mysmallvtuber.net,2026-10-06T11:27:37Z
2NqFsWaZtDbwNRfhfTtQ,하 쁘,,youtube,UCITcfHU-vhr-pti9mifObvA,https://www.youtube.com/channel/UCITcfHU-vhr-pti9mifObvA,하쁘 HALF,4120,2020-07-07,,2026-10-05 04:45:04,<씨드머니> 하얼빈이 하쁘로 돌아갈 시간,,https://cafe.naver.com/halfftime,mysmallvtuber.net,2026-10-06T11:27:37Z
2NqFsWaZtDbwNRfhfTtQ,하 쁘,,youtube,UCvz4aSIS5XOjoPw4v4U9A0g,https://www.youtube.com/channel/UCvz4aSIS5XOjoPw4v4U9A0g,하쁘 다시보기,1140,2020-07-07,,2026-10-05 04:45:04,<씨드머니> 하얼빈이 하쁘로 돌아갈 시간,,https://cafe.naver.com/halfftime,mysmallvtuber.net,2026-10-06T11:27:37Z
2NqFsWaZtDbwNRfhfTtQ,하 쁘,,chzzk,79bc9b927d5c187f9d8fa5a56b194c37,https://chzzk.naver.com/79bc9b927d5c187f9d8fa5a56b194c37,하 쁘,8964,2020-07-07,,2026-10-05 04:45:04,<씨드머니> 하얼빈이 하쁘로 돌아갈 시간,,https://cafe.naver.com/halfftime,mysmallvtuber.net,2026-10-06T11:27:37Z
LPyj8bHQCzYS8jPS6F7X,유레이 UREI,UREI,youtube,UCIU8PajfzHymOudTkvYyRxA,https://www.youtube.com/channel/UCIU8PajfzHymOudTkvYyRxA,Urei,3440,2025-01-26,,2026-10-05 06:39:03,수산시장 경력 23년차 아지매,Urei0w0,,mysmallvtuber.net,2026-10-06T11:27:37Z
LPyj8bHQCzYS8jPS6F7X,유레이 UREI,UREI,chzzk,4f650f02bc4ab38a998d74e3abb1b68b,https://chzzk.naver.com/4f650f02bc4ab38a998d74e3abb1b68b,유레이 UREI,12735,2025-01-26,,2026-10-05 06:39:03,수산시장 경력 23년차 아지매,Urei0w0,,mysmallvtuber.net,2026-10-06T11:27:37Z
Hxe2RdEHFkEe2j9F6vZX,묘링 Myoring,Myoring,youtube,UCGcQFzbYih2BFVso6Y0DJbg,https://www.youtube.com/channel/UCGcQFzbYih2BFVso6Y0DJbg,묘링,469,2024-10-10,,2026-10-05 04:07:03,제가 감히 롤체를 해도 되겠습니까? (영도 할인),myoring_,https://cafe.naver.com/tokkibyeol,mysmallvtuber.net,2026-10-06T11:27:37Z
Hxe2RdEHFkEe2j9F6vZX,묘링 Myoring,Myoring,youtube,UCKdvvWs6ibM21cGHT5vSfhw,https://www.youtube.com/channel/UCKdvvWs6ibM21cGHT5vSfhw,묘링 다시보기,243,2024-10-10,,2026-10-05 04:07:03,제가 감히 롤체를 해도 되겠습니까? (영도 할인),myoring_,https://cafe.naver.com/tokkibyeol,mysmallvtuber.net,2026-10-06T11:27:37Z
Hxe2RdEHFkEe2j9F6vZX,묘링 Myoring,Myoring,chzzk,ff5c50ee96f6871112f776679ea2c4ee,https://chzzk.naver.com/ff5c50ee96f6871112f776679ea2c4ee,묘링 Myoring,1850,2024-10-10,,2026-10-05 04:07:03,제가 감히 롤체를 해도 되겠습니까? (영도 할인),myoring_,https://cafe.naver.com/tokkibyeol,mysmallvtuber.net,2026-10-06T11:27:37Z
T7TRRLJkrLC5LXMH5fYD,코우세이 우키,,youtube,UCjuWigP6skwENUHJZ-DzLGw,https://www.youtube.com/channel/UCjuWigP6skwENUHJZ-DzLGw,코우세이 우키 Kosei Uki,1440,2024-07-17,,2026-10-05 00:17:03,우연희 엔딩 후 애프터 스토리 보기,Kosei_Uki_,https://cafe.naver.com/vivendi,mysmallvtuber.net,2026-10-06T11:27:37Z
T7TRRLJkrLC5LXMH5fYD,코우세이 우키,,chzzk,1b8fadbb141d246c88a8a722ef3bb06f,https://chzzk.naver.com/1b8fadbb141d246c88a8a722ef3bb06f,코우세이 우키,2342,2024-07-17,,2026-10-05 00:17:03,우연희 엔딩 후 애프터 스토리 보기,Kosei_Uki_,https://cafe.naver.com/vivendi,mysmallvtuber.net,2026-10-06T11:27:37Z
kRbbHtWGGwNau9rcLSxm,헵부,,youtube,UCutkNvtcLSb-ewywfH2vZCQ,https://www.youtube.com/channel/UCutkNvtcLSb-ewywfH2vZCQ,헵부,3330,2025-01-05,,2026-10-04 22:33:03,[Ve:live] 수다떨장,hebbu0706,https://cafe.naver.com/hebbuhappy,mysmallvtuber.net,2026-10-06T11:27:37Z
kRbbHtWGGwNau9rcLSxm,헵부,,chzzk,d319cb8491dfd75979d47ca1b19fc083,https://chzzk.naver.com/d319cb8491dfd75979d47ca1b19fc083,헵부,1535,2025-01-05,,2026-10-04 22:33:03,[Ve:live] 수다떨장,hebbu0706,https://cafe.naver.com/hebbuhappy,mysmallvtuber.net,2026-10-06T11:27:37Z
SpBQp456yB2AvJZTKNHu,실키아,,youtube,UC9T6mWOyYRYLb9J7YmDuGMw,https://www.youtube.com/channel/UC9T6mWOyYRYLb9J7YmDuGMw,실키아,1610,2022-06-17,,2026-10-04 23:58:02,[SHL] 실키아 히나세 배 LOL 대회 3-4위전 및 결승전!!,Silkia_Vtuber,,mysmallvtuber.net,2026-10-06T11:27:37Z
SpBQp456yB2AvJZTKNHu,실키아,,chzzk,f9f5fda096ff44d36127036cd18b0db2,https://chzzk.naver.com/f9f5fda096ff44d36127036cd18b0db2,실키아,1639,2022-06-17,,2026-10-04 23:58:02,[SHL] 실키아 히나세 배 LOL 대회 3-4위전 및 결승전!!,Silkia_Vtuber,,mysmallvtuber.net,2026-10-06T11:27:37Z
QBGnjNuTykVh8kEMcfWz,코기사와 코코로,,youtube,UCLk9evD-qCmBgw3SgHYhjBw,https://www.youtube.com/channel/UCLk9evD-qCmBgw3SgHYhjBw,코기사와 코코로,443,2025-07-01,,2026-10-05 02:47:03,오늘 피피들과 같이 플리를 꾸며보쟈!,GNZ_kokoro,https://cafe.naver.com/gnz1234,mysmallvtuber.net,2026-10-06T11:27:37Z
QBGnjNuTykVh8kEMcfWz,코기사와 코코로,,youtube,UCxIuHMZfqV5_BuqSEpTc0fQ,https://www.youtube.com/channel/UCxIuHMZfqV5_BuqSEpTc0fQ,코기사와 코코로 다시보기,352,2025-07-01,,2026-10-05 02:47:03,오늘 피피들과 같이 플리를 꾸며보쟈!,GNZ_kokoro,https://cafe.naver.com/gnz1234,mysmallvtuber.net,2026-10-06T11:27:37Z
QBGnjNuTykVh8kEMcfWz,코기사와 코코로,,chzzk,1d19dc348fdf699e63885944b49ff60c,https://chzzk.naver.com/1d19dc348fdf699e63885944b49ff60c,코기사와 코코로,2769,2025-07-01,,2026-10-05 02:47:03,오늘 피피들과 같이 플리를 꾸며보쟈!,GNZ_kokoro,https://cafe.naver.com/gnz1234,mysmallvtuber.net,2026-10-06T11:27:37Z
HsqDPbPXt2sXVEZuPp8k,독쥐DOKG,DOKG,youtube,UC0-7Ra2KP37Ku3h2ReV9hww,https://www.youtube.com/channel/UC0-7Ra2KP37Ku3h2ReV9hww,독쥐,92,2025-07-14,,2026-10-05 00:38:02,[BIP 연습생] 9시) 무면허의 유로트럭 드라이브 근데 한국맵 어케해요,dokg531,https://cafe.naver.com/dokg531,mysmallvtuber.net,2026-10-06T11:27:37Z
HsqDPbPXt2sXVEZuPp8k,독쥐DOKG,DOKG,soop,dokg531,https://ch.sooplive.co.kr/dokg531,독쥐DOKG,1282,2025-07-14,,2026-10-05 00:38:02,[BIP 연습생] 9시) 무면허의 유로트럭 드라이브 근데 한국맵 어케해요,dokg531,https://cafe.naver.com/dokg531,mysmallvtuber.net,2026-10-06T11:27:37Z
E6MABfkjE5b2mCsvTE4U,동네약사 에이조시,,youtube,UCXsMTqEadQetXNuwopnqBlA,https://www.youtube.com/channel/UCXsMTqEadQetXNuwopnqBlA,약국공사준비중,1450,2024-05-29,,2026-10-04 21:58:02,무료노래방 신청해도 됨,ajosi91,https://cafe.naver.com/ajosi,mysmallvtuber.net,2026-10-06T11:27:37Z
E6MABfkjE5b2mCsvTE4U,동네약사 에이조시,,youtube,UCBy9CaaU1rvcRyQaxBnZuPg,https://www.youtube.com/channel/UCBy9CaaU1rvcRyQaxBnZuPg,풀컨에이조시,38,2024-05-29,,2026-10-04 21:58:02,무료노래방 신청해도 됨,ajosi91,https://cafe.naver.com/ajosi,mysmallvtuber.net,2026-10-06T11:27:37Z
E6MABfkjE5b2mCsvTE4U,동네약사 에이조시,,chzzk,b41b1a0f2f035198fcd0845fb5b3746b,https://chzzk.naver.com/b41b1a0f2f035198fcd0845fb5b3746b,동네약사 에이조시,1148,2024-05-29,,2026-10-04 21:58:02,무료노래방 신청해도 됨,ajosi91,https://cafe.naver.com/ajosi,mysmallvtuber.net,2026-10-06T11:27:37Z
dCJgZTRpWnHRgKrM5Ga7,im미오,im,youtube,UC08o1HYwurkVGc_t8jA9DoA,https://www.youtube.com/channel/UC08o1HYwurkVGc_t8jA9DoA,im미오,5040,2026-04-10,,2026-10-05 05:04:03,네,immi0mi0,,mysmallvtuber.net,2026-10-06T11:27:37Z
dCJgZTRpWnHRgKrM5Ga7,im미오,im,soop,mi0mi0,https://ch.sooplive.co.kr/mi0mi0,im미오,15265,2026-04-10,,2026-10-05 05:04:03,네,immi0mi0,,mysmallvtuber.net,2026-10-06T11:27:37Z
NMqtLDZGSfgWJ6CuXwRp,초깨비,,youtube,UCZnrdNaOFqniv7qEEqQFvIg,https://www.youtube.com/channel/UCZnrdNaOFqniv7qEEqQFvIg,초깨비,344000,,,2026-10-05 02:16:03,[봉누도2]봉누도 스타 야근중과 함께 해주셔서 감사합니다.📗,choggebi,https://cafe.naver.com/choggeb2,mysmallvtuber.net,2026-10-06T11:27:37Z
NMqtLDZGSfgWJ6CuXwRp,초깨비,,chzzk,58fbc220638009db28385db1112d22df,https://chzzk.naver.com/58fbc220638009db28385db1112d22df,초깨비,7996,,,2026-10-05 02:16:03,[봉누도2]봉누도 스타 야근중과 함께 해주셔서 감사합니다.📗,choggebi,https://cafe.naver.com/choggeb2,mysmallvtuber.net,2026-10-06T11:27:37Z
eGW5vrbzkh4rwhg7tMFd,칼바이스,,youtube,UCZE-Z8MbJ5Syt_myjJinfdw,https://www.youtube.com/channel/UCZE-Z8MbJ5Syt_myjJinfdw,보이스테러피(칼바이스 더빙아카이브),3040,2009-05-05,,2026-10-04 21:39:03,KPS 슈퍼쇼 나카비스컵 파이널 이세계 프로레슬링 - 10/4,vvhyuk1,https://cafe.naver.com/viseholic,mysmallvtuber.net,2026-10-06T11:27:37Z
eGW5vrbzkh4rwhg7tMFd,칼바이스,,soop,vvhyuk,https://ch.sooplive.co.kr/vvhyuk,칼바이스,24843,2009-05-05,,2026-10-04 21:39:03,KPS 슈퍼쇼 나카비스컵 파이널 이세계 프로레슬링 - 10/4,vvhyuk1,https://cafe.naver.com/viseholic,mysmallvtuber.net,2026-10-06T11:27:37Z
auZrzjzY3DNDe3Qt5AWz,G 담 유,G,youtube,UC3oqN0f-fuxT1QTESDB8aGw,https://www.youtube.com/channel/UC3oqN0f-fuxT1QTESDB8aGw,G담유,51,2025-09-28,,2026-10-05 01:47:02,[애니모]담유담유다뮤 1부 폴가이즈 2부 애니모,GDAMYOU,,mysmallvtuber.net,2026-10-06T11:27:37Z
auZrzjzY3DNDe3Qt5AWz,G 담 유,G,youtube,UCbck4Aa3uM9c7rtrbF-4-GA,https://www.youtube.com/channel/UCbck4Aa3uM9c7rtrbF-4-GA,G담유 다시보기,11,2025-09-28,,2026-10-05 01:47:02,[애니모]담유담유다뮤 1부 폴가이즈 2부 애니모,GDAMYOU,,mysmallvtuber.net,2026-10-06T11:27:37Z
auZrzjzY3DNDe3Qt5AWz,G 담 유,G,chzzk,6740609e358698ff0f33e6b0f3f0f171,https://chzzk.naver.com/6740609e358698ff0f33e6b0f3f0f171,G 담 유,549,2025-09-28,,2026-10-05 01:47:02,[애니모]담유담유다뮤 1부 폴가이즈 2부 애니모,GDAMYOU,,mysmallvtuber.net,2026-10-06T11:27:37Z
U6YVySURh79SL2h6Afg3,윤이제,,youtube,UCI6GdrsqBTNRA_T5gMq9nBA,https://www.youtube.com/channel/UCI6GdrsqBTNRA_T5gMq9nBA,윤이제 EZE,89300,2023-11-25,,2026-10-05 02:22:03,[블리즈]💙헬진입 언제하냐구우우우웅!!!!!!!!!!!,YunEze1017,https://cafe.naver.com/vlyz,mysmallvtuber.net,2026-10-06T11:27:37Z
U6YVySURh79SL2h6Afg3,윤이제,,youtube,UC0MTwe1hbz8X2J2Ta9L7QXQ,https://www.youtube.com/channel/UC0MTwe1hbz8X2J2Ta9L7QXQ,이제 EZE VOD,1340,2023-11-25,,2026-10-05 02:22:03,[블리즈]💙헬진입 언제하냐구우우우웅!!!!!!!!!!!,YunEze1017,https://cafe.naver.com/vlyz,mysmallvtuber.net,2026-10-06T11:27:37Z
U6YVySURh79SL2h6Afg3,윤이제,,soop,eze1017,https://ch.sooplive.co.kr/eze1017,윤이제,20214,2023-11-25,,2026-10-05 02:22:03,[블리즈]💙헬진입 언제하냐구우우우웅!!!!!!!!!!!,YunEze1017,https://cafe.naver.com/vlyz,mysmallvtuber.net,2026-10-06T11:27:37Z
AExNc9QEMbCsMVANrdU3,모몬 헤닐,,youtube,UCNM23sc8vF7IaCulOrtjhHA,https://www.youtube.com/channel/UCNM23sc8vF7IaCulOrtjhHA,모몬 헤닐,1440,2025-09-27,,2026-10-04 23:13:03,46 누나 버튜버,,https://cafe.naver.com/momonhenyl,mysmallvtuber.net,2026-10-06T11:27:37Z
AExNc9QEMbCsMVANrdU3,모몬 헤닐,,youtube,UCW6Nd9-Wdz6m9GKV2NV_P-w,https://www.youtube.com/channel/UCW6Nd9-Wdz6m9GKV2NV_P-w,모몬 헤닐 VOD,493,2025-09-27,,2026-10-04 23:13:03,46 누나 버튜버,,https://cafe.naver.com/momonhenyl,mysmallvtuber.net,2026-10-06T11:27:37Z
AExNc9QEMbCsMVANrdU3,모몬 헤닐,,chzzk,da7d07e4132e4608de980f50f347ad5c,https://chzzk.naver.com/da7d07e4132e4608de980f50f347ad5c,모몬 헤닐,3404,2025-09-27,,2026-10-04 23:13:03,46 누나 버튜버,,https://cafe.naver.com/momonhenyl,mysmallvtuber.net,2026-10-06T11:27:37Z
Za3Wkcsq93SN3RCZqzVa,토종 아오리,,youtube,UCad0dZKUGJOqTifxLqDi4Wg,https://www.youtube.com/channel/UCad0dZKUGJOqTifxLqDi4Wg,토종 아오리 Aori,12800,2021-07-17,,2026-10-05 11:50:03,[봉누도2] 🚑EMS 총괄실장 윤수아💉나의 마지막 봉누도 나의 마지막 생,,https://cafe.naver.com/aori2313,mysmallvtuber.net,2026-10-06T11:27:37Z
Za3Wkcsq93SN3RCZqzVa,토종 아오리,,chzzk,81bd5b50f0c0728128442daf7db626fc,https://chzzk.naver.com/81bd5b50f0c0728128442daf7db626fc,토종 아오리,22441,2021-07-17,,2026-10-05 11:50:03,[봉누도2] 🚑EMS 총괄실장 윤수아💉나의 마지막 봉누도 나의 마지막 생,,https://cafe.naver.com/aori2313,mysmallvtuber.net,2026-10-06T11:27:37Z
4yYVZsJNBT8E8Fx95vW6,비올레타 모네,,youtube,UC0dF0Yr7PVddxuIHp_xsFZg,https://www.youtube.com/channel/UC0dF0Yr7PVddxuIHp_xsFZg,비올레타 모네 Violeta Mone,9060,,,2026-10-05 00:39:02,안녕히,Mone_Projecti,https://cafe.naver.com/projectiofficial,mysmallvtuber.net,2026-10-06T11:27:37Z
4yYVZsJNBT8E8Fx95vW6,비올레타 모네,,youtube,UCB92N2VKhlyqWm9bFB3xpgQ,https://www.youtube.com/channel/UCB92N2VKhlyqWm9bFB3xpgQ,비올레타 모네 다시보기,1330,,,2026-10-05 00:39:02,안녕히,Mone_Projecti,https://cafe.naver.com/projectiofficial,mysmallvtuber.net,2026-10-06T11:27:37Z
4yYVZsJNBT8E8Fx95vW6,비올레타 모네,,chzzk,5c897b3e639045ca6e314bbaff991f73,https://chzzk.naver.com/5c897b3e639045ca6e314bbaff991f73,비올레타 모네,25134,,,2026-10-05 00:39:02,안녕히,Mone_Projecti,https://cafe.naver.com/projectiofficial,mysmallvtuber.net,2026-10-06T11:27:37Z
gks338YJL7mFr5xVhTyg,블링이1,,youtube,UCCXeFA7c9826Jsbc6zWLTzg,https://www.youtube.com/channel/UCCXeFA7c9826Jsbc6zWLTzg,블링이1,14300,2020-06-05,,2026-10-04 21:35:06,상태 메롱,,,mysmallvtuber.net,2026-10-06T11:27:37Z
gks338YJL7mFr5xVhTyg,블링이1,,youtube,UCO9icj-4REizMiPLmrnxWHQ,https://www.youtube.com/channel/UCO9icj-4REizMiPLmrnxWHQ,블링이1 다시보기,3370,2020-06-05,,2026-10-04 21:35:06,상태 메롱,,,mysmallvtuber.net,2026-10-06T11:27:37Z
gks338YJL7mFr5xVhTyg,블링이1,,chzzk,53ed9aee7fc9f8d45f649f7ba6e63eb7,https://chzzk.naver.com/53ed9aee7fc9f8d45f649f7ba6e63eb7,블링이1,7490,2020-06-05,,2026-10-04 21:35:06,상태 메롱,,,mysmallvtuber.net,2026-10-06T11:27:37Z
ZwBVS3RvyqNL4ZeS5wQv,류시호 RyuSiho,RyuSiho,youtube,UC-9fPSlVjMqG3zwbRT2XhXA,https://www.youtube.com/channel/UC-9fPSlVjMqG3zwbRT2XhXA,류시호 RyuSiho,29300,2025-09-14,,2026-10-05 03:50:03,기본 첫 도전갑니다 기본난이도 무서움 ㄷㄷ,Siho_Projecti,https://cafe.naver.com/projectiofficial,mysmallvtuber.net,2026-10-06T11:27:37Z
ZwBVS3RvyqNL4ZeS5wQv,류시호 RyuSiho,RyuSiho,youtube,UC9znnYSGrZCIUpIW1IMVB2g,https://www.youtube.com/channel/UC9znnYSGrZCIUpIW1IMVB2g,류시호의 성녀일기,5540,2025-09-14,,2026-10-05 03:50:03,기본 첫 도전갑니다 기본난이도 무서움 ㄷㄷ,Siho_Projecti,https://cafe.naver.com/projectiofficial,mysmallvtuber.net,2026-10-06T11:27:37Z
ZwBVS3RvyqNL4ZeS5wQv,류시호 RyuSiho,RyuSiho,chzzk,f36320c432d9f06095ce2cfbbf681c26,https://chzzk.naver.com/f36320c432d9f06095ce2cfbbf681c26,류시호 RyuSiho,54882,2025-09-14,,2026-10-05 03:50:03,기본 첫 도전갑니다 기본난이도 무서움 ㄷㄷ,Siho_Projecti,https://cafe.naver.com/projectiofficial,mysmallvtuber.net,2026-10-06T11:27:37Z
CHMGxQgpQnqPY7cPpfxQ,솜 달,,youtube,UCStm4MowJ7g5tjkC9Bxb31w,https://www.youtube.com/channel/UCStm4MowJ7g5tjkC9Bxb31w,솜 달,127,2026-02-28,,2026-10-04 23:52:02,[신입] 매도대사읽어보기,Som_Dal_0,,mysmallvtuber.net,2026-10-06T11:27:37Z
CHMGxQgpQnqPY7cPpfxQ,솜 달,,chzzk,e00bd4ec1efb5a7c8d540a891974eb17,https://chzzk.naver.com/e00bd4ec1efb5a7c8d540a891974eb17,솜 달,578,2026-02-28,,2026-10-04 23:52:02,[신입] 매도대사읽어보기,Som_Dal_0,,mysmallvtuber.net,2026-10-06T11:27:37Z
cgfU5QSmvmKGZLzqTp7t,하야부사 츠바사,,youtube,UC5FB4WNFz8uTXzAQ6qXLpmA,https://www.youtube.com/channel/UC5FB4WNFz8uTXzAQ6qXLpmA,하야부사 츠바사 Hayabusa Tsubasa,8910,2024-12-21,,2026-10-05 00:03:03,[V] 오늘 구르미의 아내가 될거에요.. ❤️ Women simulator!,S2_tsubasa,https://cafe.naver.com/artisons,mysmallvtuber.net,2026-10-06T11:27:37Z
cgfU5QSmvmKGZLzqTp7t,하야부사 츠바사,,youtube,UCjRg-VxZLhn28AaytzraXzA,https://www.youtube.com/channel/UCjRg-VxZLhn28AaytzraXzA,츠바사 다시보기,138,2024-12-21,,2026-10-05 00:03:03,[V] 오늘 구르미의 아내가 될거에요.. ❤️ Women simulator!,S2_tsubasa,https://cafe.naver.com/artisons,mysmallvtuber.net,2026-10-06T11:27:37Z
cgfU5QSmvmKGZLzqTp7t,하야부사 츠바사,,chzzk,e7104b41f018bb2db3dca526d9f00e53,https://chzzk.naver.com/e7104b41f018bb2db3dca526d9f00e53,하야부사 츠바사,2002,2024-12-21,,2026-10-05 00:03:03,[V] 오늘 구르미의 아내가 될거에요.. ❤️ Women simulator!,S2_tsubasa,https://cafe.naver.com/artisons,mysmallvtuber.net,2026-10-06T11:27:37Z
L7JBEGjWN3RN4cSc8sxH,모코 파르페,,youtube,UCt6LGQPj3P0I4iZ8OC-mumg,https://www.youtube.com/channel/UCt6LGQPj3P0I4iZ8OC-mumg,모코 파르페,8140,2025-03-21,,2026-10-05 01:52:03,"맹순정 18일차 콘서트 참가의 꿈을 이룬 맹순정. 혼자가 아닌, 모두와 함께.",Mocoparfe,https://cafe.naver.com/twillitstudio,mysmallvtuber.net,2026-10-06T11:27:37Z
L7JBEGjWN3RN4cSc8sxH,모코 파르페,,youtube,UCcPcE3bL5guQcENDOlPRNWw,https://www.youtube.com/channel/UCcPcE3bL5guQcENDOlPRNWw,모코와퐁당,553,2025-03-21,,2026-10-05 01:52:03,"맹순정 18일차 콘서트 참가의 꿈을 이룬 맹순정. 혼자가 아닌, 모두와 함께.",Mocoparfe,https://cafe.naver.com/twillitstudio,mysmallvtuber.net,2026-10-06T11:27:37Z
L7JBEGjWN3RN4cSc8sxH,모코 파르페,,chzzk,d20f164fe5946abe0bce2e5a43052923,https://chzzk.naver.com/d20f164fe5946abe0bce2e5a43052923,모코 파르페,8118,2025-03-21,,2026-10-05 01:52:03,"맹순정 18일차 콘서트 참가의 꿈을 이룬 맹순정. 혼자가 아닌, 모두와 함께.",Mocoparfe,https://cafe.naver.com/twillitstudio,mysmallvtuber.net,2026-10-06T11:27:37Z
jap6MCQMKuNnuXdaCZ4y,RED레드,RED,youtube,UCuBY91pXJqh0pkZ7bU_s_uw,https://www.youtube.com/channel/UCuBY91pXJqh0pkZ7bU_s_uw,RED레드,44000,2024-09-01,,2026-10-05 00:47:02,봉누도2 EMS 레도연 마지막날 : 이번생은 살아남았다,RED_vtu,https://cafe.naver.com/redwithcrown,mysmallvtuber.net,2026-10-06T11:27:37Z
jap6MCQMKuNnuXdaCZ4y,RED레드,RED,youtube,UCHOX9c33dQZp6hAxRZZmyxg,https://www.youtube.com/channel/UCHOX9c33dQZp6hAxRZZmyxg,RED레드 다시보기,5540,2024-09-01,,2026-10-05 00:47:02,봉누도2 EMS 레도연 마지막날 : 이번생은 살아남았다,RED_vtu,https://cafe.naver.com/redwithcrown,mysmallvtuber.net,2026-10-06T11:27:37Z
jap6MCQMKuNnuXdaCZ4y,RED레드,RED,chzzk,a96cea2d2c39cec636ba8170c66a0510,https://chzzk.naver.com/a96cea2d2c39cec636ba8170c66a0510,RED레드,48892,2024-09-01,,2026-10-05 00:47:02,봉누도2 EMS 레도연 마지막날 : 이번생은 살아남았다,RED_vtu,https://cafe.naver.com/redwithcrown,mysmallvtuber.net,2026-10-06T11:27:37Z
3L3cgNPDrv3muZz5w5YY,HERA 헤라,HERA,youtube,UCvBwk3Dho_QT-hJ8lSsEA0Q,https://www.youtube.com/channel/UCvBwk3Dho_QT-hJ8lSsEA0Q,헤라헤라,3810,2024-02-24,,2026-10-05 00:56:02,{봉누도2} 🐇EMS 헤간호 간호사 출근 마지막날♥️,HERA_with_you,,mysmallvtuber.net,2026-10-06T11:27:37Z
3L3cgNPDrv3muZz5w5YY,HERA 헤라,HERA,youtube,UCNgPrSBQFG_WSzSjmuuPAmg,https://www.youtube.com/channel/UCNgPrSBQFG_WSzSjmuuPAmg,헤라_다시보기,2090,2024-02-24,,2026-10-05 00:56:02,{봉누도2} 🐇EMS 헤간호 간호사 출근 마지막날♥️,HERA_with_you,,mysmallvtuber.net,2026-10-06T11:27:37Z
3L3cgNPDrv3muZz5w5YY,HERA 헤라,HERA,chzzk,b14e49789bae3c00b6b4c98d60ff036d,https://chzzk.naver.com/b14e49789bae3c00b6b4c98d60ff036d,HERA 헤라,12719,2024-02-24,,2026-10-05 00:56:02,{봉누도2} 🐇EMS 헤간호 간호사 출근 마지막날♥️,HERA_with_you,,mysmallvtuber.net,2026-10-06T11:27:37Z
8xLPfG8Rv2czPPbDneqT,이 신,,youtube,UCkR_KrJ3K2tteNpPvpNxv2A,https://www.youtube.com/channel/UCkR_KrJ3K2tteNpPvpNxv2A,이 신ᆞVtuber,4730,2024-04-04,,2026-10-05 01:32:02,[봉누도2 | 이랑] 흑수협의 이 랑의 마지막 날 🌊,_Shin_0405,https://cafe.naver.com/shin0405,mysmallvtuber.net,2026-10-06T11:27:37Z
8xLPfG8Rv2czPPbDneqT,이 신,,youtube,UC3tEMHafVvJCs9ZLLH8jfUA,https://www.youtube.com/channel/UC3tEMHafVvJCs9ZLLH8jfUA,이 신ㆍArchive,2890,2024-04-04,,2026-10-05 01:32:02,[봉누도2 | 이랑] 흑수협의 이 랑의 마지막 날 🌊,_Shin_0405,https://cafe.naver.com/shin0405,mysmallvtuber.net,2026-10-06T11:27:37Z
8xLPfG8Rv2czPPbDneqT,이 신,,chzzk,8775b3047a658f3f637797c244ba4b34,https://chzzk.naver.com/8775b3047a658f3f637797c244ba4b34,이 신,12086,2024-04-04,,2026-10-05 01:32:02,[봉누도2 | 이랑] 흑수협의 이 랑의 마지막 날 🌊,_Shin_0405,https://cafe.naver.com/shin0405,mysmallvtuber.net,2026-10-06T11:27:37Z
BjWk8JazWTHEah2HPaYj,시오∋,,youtube,UCz4Nw_6epv37rye1uSCA6xA,https://www.youtube.com/channel/UCz4Nw_6epv37rye1uSCA6xA,시오 SIIO [VRECORD],869,2024-11-23,,2026-10-05 18:47:02,그냥서버 낚시꾼 [로스타시티],vrecord_siio,https://cafe.naver.com/vrecord/,mysmallvtuber.net,2026-10-06T11:27:37Z
BjWk8JazWTHEah2HPaYj,시오∋,,soop,siioyeyo,https://ch.sooplive.co.kr/siioyeyo,시오∋,2643,2024-11-23,,2026-10-05 18:47:02,그냥서버 낚시꾼 [로스타시티],vrecord_siio,https://cafe.naver.com/vrecord/,mysmallvtuber.net,2026-10-06T11:27:37Z
CRS8CU3XWwy9GCR8Z4c5,천유정,,youtube,UCJteQK8mnK1gZ5LgBvdNytw,https://www.youtube.com/channel/UCJteQK8mnK1gZ5LgBvdNytw,천유정 Yujeong,3190,2023-07-22,,2026-10-05 04:30:05,"[아이온2] 비탄 어려움 학원팟 운영합니다~ 많은 신청 부탁드려요!! / 이슈타르 1M 치유성, 루드라 1M 궁성",yujeong0605,https://discord.gg/BrEKJE4k9N,mysmallvtuber.net,2026-10-06T11:27:37Z
CRS8CU3XWwy9GCR8Z4c5,천유정,,soop,yujeong0605,https://ch.sooplive.co.kr/yujeong0605,천유정,5113,2023-07-22,,2026-10-05 04:30:05,"[아이온2] 비탄 어려움 학원팟 운영합니다~ 많은 신청 부탁드려요!! / 이슈타르 1M 치유성, 루드라 1M 궁성",yujeong0605,https://discord.gg/BrEKJE4k9N,mysmallvtuber.net,2026-10-06T11:27:37Z
wvaZhRSWTKKDhAnQVFzp,초슈야,,youtube,UCoSLkw1qISMplbLHdmY7GUw,https://www.youtube.com/channel/UCoSLkw1qISMplbLHdmY7GUw,초슈야,4080,,,2026-10-05 02:02:03,[봉누도] 랲린이의 마지막 삶 행복하게 끝내자,,https://cafe.naver.com/dream4364,mysmallvtuber.net,2026-10-06T11:27:37Z
wvaZhRSWTKKDhAnQVFzp,초슈야,,youtube,UC-8upmNmuPnuC5GSw3YxM9A,https://www.youtube.com/channel/UC-8upmNmuPnuC5GSw3YxM9A,초슈야의 전자레인지,617,,,2026-10-05 02:02:03,[봉누도] 랲린이의 마지막 삶 행복하게 끝내자,,https://cafe.naver.com/dream4364,mysmallvtuber.net,2026-10-06T11:27:37Z
wvaZhRSWTKKDhAnQVFzp,초슈야,,chzzk,2589896226ea56ac81886a7b46103975,https://chzzk.naver.com/2589896226ea56ac81886a7b46103975,초슈야,8773,,,2026-10-05 02:02:03,[봉누도] 랲린이의 마지막 삶 행복하게 끝내자,,https://cafe.naver.com/dream4364,mysmallvtuber.net,2026-10-06T11:27:37Z
An4rnJ7YLJ45ZSV8NZXy,레아나 Reana,Reana,youtube,UCL55fBj8__uGXLyukK0SvEQ,https://www.youtube.com/channel/UCL55fBj8__uGXLyukK0SvEQ,레아나 Reana,34900,2018-12-28,,2026-10-05 00:23:03,일식/한식) 25일에 개명 및 성형하는 스머,Reana_Vtuber,https://cafe.naver.com/reanacafe,mysmallvtuber.net,2026-10-06T11:27:37Z
An4rnJ7YLJ45ZSV8NZXy,레아나 Reana,Reana,youtube,UC8KjOvfnLpUU8Sq3qTwpKxQ,https://www.youtube.com/channel/UC8KjOvfnLpUU8Sq3qTwpKxQ,레아나(랙돌) VOD 다시보기,2090,2018-12-28,,2026-10-05 00:23:03,일식/한식) 25일에 개명 및 성형하는 스머,Reana_Vtuber,https://cafe.naver.com/reanacafe,mysmallvtuber.net,2026-10-06T11:27:37Z
An4rnJ7YLJ45ZSV8NZXy,레아나 Reana,Reana,chzzk,dcf8337aa57ed257b1c76bafbdb5c054,https://chzzk.naver.com/dcf8337aa57ed257b1c76bafbdb5c054,레아나 Reana,14328,2018-12-28,,2026-10-05 00:23:03,일식/한식) 25일에 개명 및 성형하는 스머,Reana_Vtuber,https://cafe.naver.com/reanacafe,mysmallvtuber.net,2026-10-06T11:27:37Z
fnBDq9pNjQnPdW2WWUrj,하네ㅣHane,Hane,youtube,UC4Fg7aEB30TAkgCi2bONIgQ,https://www.youtube.com/channel/UC4Fg7aEB30TAkgCi2bONIgQ,하네 Hane,15800,2025-02-22,,2026-10-05 01:30:02,카페해영 마지막 출근~!! 나 쌀먹쥐 데스,otw_hane,https://cafe.naver.com/otwoffical,mysmallvtuber.net,2026-10-06T11:27:37Z
fnBDq9pNjQnPdW2WWUrj,하네ㅣHane,Hane,youtube,UCcZFelgTMiob5kFYdO_q_HQ,https://www.youtube.com/channel/UCcZFelgTMiob5kFYdO_q_HQ,다시하네,1320,2025-02-22,,2026-10-05 01:30:02,카페해영 마지막 출근~!! 나 쌀먹쥐 데스,otw_hane,https://cafe.naver.com/otwoffical,mysmallvtuber.net,2026-10-06T11:27:37Z
fnBDq9pNjQnPdW2WWUrj,하네ㅣHane,Hane,chzzk,7b9c6553913c755812ef2cd9fbe1dc5c,https://chzzk.naver.com/7b9c6553913c755812ef2cd9fbe1dc5c,하네ㅣHane,22742,2025-02-22,,2026-10-05 01:30:02,카페해영 마지막 출근~!! 나 쌀먹쥐 데스,otw_hane,https://cafe.naver.com/otwoffical,mysmallvtuber.net,2026-10-06T11:27:37Z
Jc4yADWnwDAGPMrXgjTr,므므네 mumune,mumune,youtube,UC10QyWBAj8J-A8ch_tyI7Lw,https://www.youtube.com/channel/UC10QyWBAj8J-A8ch_tyI7Lw,므므네 mumune,21100,2024-11-30,,2026-10-04 22:37:03,[WISHes] 노래래,mumune_WISHes,https://cafe.naver.com/grimproduction,mysmallvtuber.net,2026-10-06T11:27:37Z
Jc4yADWnwDAGPMrXgjTr,므므네 mumune,mumune,chzzk,23a256033aae1c6324cec9a69458791d,https://chzzk.naver.com/23a256033aae1c6324cec9a69458791d,므므네 mumune,10750,2024-11-30,,2026-10-04 22:37:03,[WISHes] 노래래,mumune_WISHes,https://cafe.naver.com/grimproduction,mysmallvtuber.net,2026-10-06T11:27:37Z
HjrckKmAvZA7AVwLQFA7,하이얀별,,youtube,UCovHXfbbw7Mt0WKmTPNYHjg,https://www.youtube.com/channel/UCovHXfbbw7Mt0WKmTPNYHjg,하이얀별,230,2023-03-29,,2026-10-04 19:03:02,【V】 히사시부리부리부리부리 ₍ᐢ.ˬ.⑅ᐢ₎,haiyanbyeol_o3o,https://cafe.naver.com/tokkibyeoldotcom,mysmallvtuber.net,2026-10-06T11:27:37Z
HjrckKmAvZA7AVwLQFA7,하이얀별,,chzzk,a4034dd75ee479396aa45c38383bdf7d,https://chzzk.naver.com/a4034dd75ee479396aa45c38383bdf7d,하이얀별,657,2023-03-29,,2026-10-04 19:03:02,【V】 히사시부리부리부리부리 ₍ᐢ.ˬ.⑅ᐢ₎,haiyanbyeol_o3o,https://cafe.naver.com/tokkibyeoldotcom,mysmallvtuber.net,2026-10-06T11:27:37Z
ELTxg2GsT8pAHxrwFT8C,디아 나,,youtube,UCOZAtamIRUYWGwFDdhiM2Cw,https://www.youtube.com/channel/UCOZAtamIRUYWGwFDdhiM2Cw,디아나 Diahna,9500,2023-06-03,,2026-10-05 01:16:03,🐾일요일이야.. 벌써?!,diahnaing,https://cafe.naver.com/diahnaing,mysmallvtuber.net,2026-10-06T11:27:37Z
ELTxg2GsT8pAHxrwFT8C,디아 나,,youtube,UCHVMN0Xqmcu7Il3uqNGOqkQ,https://www.youtube.com/channel/UCHVMN0Xqmcu7Il3uqNGOqkQ,디아나 다시보기,570,2023-06-03,,2026-10-05 01:16:03,🐾일요일이야.. 벌써?!,diahnaing,https://cafe.naver.com/diahnaing,mysmallvtuber.net,2026-10-06T11:27:37Z
ELTxg2GsT8pAHxrwFT8C,디아 나,,chzzk,a80a95f91626493613a7b1093002b26d,https://chzzk.naver.com/a80a95f91626493613a7b1093002b26d,디아 나,5354,2023-06-03,,2026-10-05 01:16:03,🐾일요일이야.. 벌써?!,diahnaing,https://cafe.naver.com/diahnaing,mysmallvtuber.net,2026-10-06T11:27:37Z
sQG6Y4x9K55HJBb5mLRf,디니야,,youtube,UC67af48GhLbIBboRDW0wW-g,https://www.youtube.com/channel/UC67af48GhLbIBboRDW0wW-g,커뮤니티확인,29,2025-08-02,,2026-10-04 18:42:03,고양이랑 밥그릇 싸움 좐나 하고 온 사람의 오후 노래방 짧게!!,diniya_0421,,mysmallvtuber.net,2026-10-06T11:27:37Z
sQG6Y4x9K55HJBb5mLRf,디니야,,youtube,UC64NwP7-NZHIOcFaNao134A,https://www.youtube.com/channel/UC64NwP7-NZHIOcFaNao134A,우주선 메모리,21,2025-08-02,,2026-10-04 18:42:03,고양이랑 밥그릇 싸움 좐나 하고 온 사람의 오후 노래방 짧게!!,diniya_0421,,mysmallvtuber.net,2026-10-06T11:27:37Z
sQG6Y4x9K55HJBb5mLRf,디니야,,chzzk,0767c32a8503a0db37c77f046ec7f5da,https://chzzk.naver.com/0767c32a8503a0db37c77f046ec7f5da,디니야,1158,2025-08-02,,2026-10-04 18:42:03,고양이랑 밥그릇 싸움 좐나 하고 온 사람의 오후 노래방 짧게!!,diniya_0421,,mysmallvtuber.net,2026-10-06T11:27:37Z
85LesX7XrgQFyd4PzxXH,쿠뽀미,,youtube,UCdVN6apP9i8nLQpDr4Nf69g,https://www.youtube.com/channel/UCdVN6apP9i8nLQpDr4Nf69g,쿠뽀미,7980,2025-12-21,,2026-10-05 02:21:03,[봉누도2 구루마] 구루마의 봉누도2 회상,kuppomi,https://cafe.naver.com/kuppomi,mysmallvtuber.net,2026-10-06T11:27:37Z
85LesX7XrgQFyd4PzxXH,쿠뽀미,,youtube,UCqdRRaYWoqFoEdzjDTQHDcQ,https://www.youtube.com/channel/UCqdRRaYWoqFoEdzjDTQHDcQ,롱뽀미,789,2025-12-21,,2026-10-05 02:21:03,[봉누도2 구루마] 구루마의 봉누도2 회상,kuppomi,https://cafe.naver.com/kuppomi,mysmallvtuber.net,2026-10-06T11:27:37Z
85LesX7XrgQFyd4PzxXH,쿠뽀미,,chzzk,73fc52c403eb3485524c02e1a0f2e623,https://chzzk.naver.com/73fc52c403eb3485524c02e1a0f2e623,쿠뽀미,3664,2025-12-21,,2026-10-05 02:21:03,[봉누도2 구루마] 구루마의 봉누도2 회상,kuppomi,https://cafe.naver.com/kuppomi,mysmallvtuber.net,2026-10-06T11:27:37Z
gxcLQt3VGJCHCYyJ2GQm,뵤 오,,youtube,UClEDxMEKiexcSI1F6aQy_FA,https://www.youtube.com/channel/UClEDxMEKiexcSI1F6aQy_FA,뵤오 BYOO,10000,2022-11-03,,2026-10-05 00:14:03,잠시 소란이 있었어요,,https://cafe.naver.com/byoo0,mysmallvtuber.net,2026-10-06T11:27:37Z
gxcLQt3VGJCHCYyJ2GQm,뵤 오,,youtube,UCP5V25hysA0uyaPzeW2A4tA,https://www.youtube.com/channel/UCP5V25hysA0uyaPzeW2A4tA,뵤오 다시보기,1720,2022-11-03,,2026-10-05 00:14:03,잠시 소란이 있었어요,,https://cafe.naver.com/byoo0,mysmallvtuber.net,2026-10-06T11:27:37Z
gxcLQt3VGJCHCYyJ2GQm,뵤 오,,chzzk,6086f17b054010b0657af00aff6e6d05,https://chzzk.naver.com/6086f17b054010b0657af00aff6e6d05,뵤 오,13141,2022-11-03,,2026-10-05 00:14:03,잠시 소란이 있었어요,,https://cafe.naver.com/byoo0,mysmallvtuber.net,2026-10-06T11:27:37Z
2FqzNxSBpLWWnP3q9VCZ,로비아히나 HINA,HINA,youtube,UCiruIvd29KvPGTqZnxqMjYw,https://www.youtube.com/channel/UCiruIvd29KvPGTqZnxqMjYw,로비아 히나,1610,2022-04-24,,2026-10-05 00:32:02,"제일 무서운 것을 고르시오: 길찾기, 퍼즐, 크리쳐 (  •̀ - •́  )",robia_hina,https://cafe.naver.com/babirus,mysmallvtuber.net,2026-10-06T11:27:37Z
2FqzNxSBpLWWnP3q9VCZ,로비아히나 HINA,HINA,youtube,UCUi75gLQOyUDxLLDSTxs24A,https://www.youtube.com/channel/UCUi75gLQOyUDxLLDSTxs24A,히나 다시보기,1420,2022-04-24,,2026-10-05 00:32:02,"제일 무서운 것을 고르시오: 길찾기, 퍼즐, 크리쳐 (  •̀ - •́  )",robia_hina,https://cafe.naver.com/babirus,mysmallvtuber.net,2026-10-06T11:27:37Z
2FqzNxSBpLWWnP3q9VCZ,로비아히나 HINA,HINA,chzzk,71c22f544782791a135ba9d14f1c9e3d,https://chzzk.naver.com/71c22f544782791a135ba9d14f1c9e3d,로비아히나 HINA,2109,2022-04-24,,2026-10-05 00:32:02,"제일 무서운 것을 고르시오: 길찾기, 퍼즐, 크리쳐 (  •̀ - •́  )",robia_hina,https://cafe.naver.com/babirus,mysmallvtuber.net,2026-10-06T11:27:37Z
evcmFYGAY6fL9tkTBhUX,미치르,,youtube,UCDOe-qeSf0sE3WWayKXuNrQ,https://www.youtube.com/channel/UCDOe-qeSf0sE3WWayKXuNrQ,Mytyl Maerchen,27000,2023-12-19,,2026-10-04 19:47:02,F1 바레인 따로같이보기) 야 오늘 비온대!!!,Mytyl_Maerchen,https://cafe.naver.com/maerchenkingdom,mysmallvtuber.net,2026-10-06T11:27:37Z
evcmFYGAY6fL9tkTBhUX,미치르,,youtube,UCSyAvI8--DjnMg_PJKx_DOQ,https://www.youtube.com/channel/UCSyAvI8--DjnMg_PJKx_DOQ,Mytyl Full,2870,2023-12-19,,2026-10-04 19:47:02,F1 바레인 따로같이보기) 야 오늘 비온대!!!,Mytyl_Maerchen,https://cafe.naver.com/maerchenkingdom,mysmallvtuber.net,2026-10-06T11:27:37Z
evcmFYGAY6fL9tkTBhUX,미치르,,chzzk,390efc6c5186f85427b2d61297a9d4ed,https://chzzk.naver.com/390efc6c5186f85427b2d61297a9d4ed,미치르,20576,2023-12-19,,2026-10-04 19:47:02,F1 바레인 따로같이보기) 야 오늘 비온대!!!,Mytyl_Maerchen,https://cafe.naver.com/maerchenkingdom,mysmallvtuber.net,2026-10-06T11:27:37Z
CNKjcbp9wdKFd4wuM4PM,시로우미 미루루,,youtube,UC0ku1TXwKCLuRvwUfQGRogQ,https://www.youtube.com/channel/UC0ku1TXwKCLuRvwUfQGRogQ,Miruru Ch. 시로우미 미루루ASMR,5980,,,2026-10-04 17:29:03,【GAME】쥐..쥐구멍이 어디있지....... | 코어키퍼 100일 챌린지!,SiroumiMiruru,https://cafe.naver.com/rurudrug,mysmallvtuber.net,2026-10-06T11:27:37Z
CNKjcbp9wdKFd4wuM4PM,시로우미 미루루,,chzzk,3e4cec21aa539da475b12e6f294ee766,https://chzzk.naver.com/3e4cec21aa539da475b12e6f294ee766,시로우미 미루루,2998,,,2026-10-04 17:29:03,【GAME】쥐..쥐구멍이 어디있지....... | 코어키퍼 100일 챌린지!,SiroumiMiruru,https://cafe.naver.com/rurudrug,mysmallvtuber.net,2026-10-06T11:27:37Z
hX4CQgvxf6n4hPbU9pSk,유우챠,,youtube,UCoNAZKKlOOTRj4LNALSvNZQ,https://www.youtube.com/channel/UCoNAZKKlOOTRj4LNALSvNZQ,유우챠 YUUCHA,4460,2023-06-26,,2026-10-05 00:40:04,"🏳️[16시 만골드게임] 영차영차유우챠 (w.뮬,김띠모,낭만숟가락)🐤",yuucha0626,https://cafe.naver.com/yuuchav,mysmallvtuber.net,2026-10-06T11:27:37Z
hX4CQgvxf6n4hPbU9pSk,유우챠,,youtube,UCKd7J6vCkj-C_ctMoL3IkKA,https://www.youtube.com/channel/UCKd7J6vCkj-C_ctMoL3IkKA,유우챠의 플래그 회수,512,2023-06-26,,2026-10-05 00:40:04,"🏳️[16시 만골드게임] 영차영차유우챠 (w.뮬,김띠모,낭만숟가락)🐤",yuucha0626,https://cafe.naver.com/yuuchav,mysmallvtuber.net,2026-10-06T11:27:37Z
hX4CQgvxf6n4hPbU9pSk,유우챠,,chzzk,4f9963668012f5b4d4c2647eb77820e6,https://chzzk.naver.com/4f9963668012f5b4d4c2647eb77820e6,유우챠,1629,2023-06-26,,2026-10-05 00:40:04,"🏳️[16시 만골드게임] 영차영차유우챠 (w.뮬,김띠모,낭만숟가락)🐤",yuucha0626,https://cafe.naver.com/yuuchav,mysmallvtuber.net,2026-10-06T11:27:37Z
B5PbmGndmHEkLzmVYfaH,Go항상,Go,youtube,UCZBFUAgY04cBXZZEPOlW9Bg,https://www.youtube.com/channel/UCZBFUAgY04cBXZZEPOlW9Bg,583,1340,2021-11-11,,2026-10-04 20:21:03,〈𝟓𝟖𝟑〉 ㄴㅏㅈ ㅂㅏ ㄷㅔ | ●∀●)ﾉ=͟͟͞͞🍚,gohansan_583,https://cafe.naver.com/gohansan,mysmallvtuber.net,2026-10-06T11:27:37Z
B5PbmGndmHEkLzmVYfaH,Go항상,Go,youtube,UCZTs6WiMl1LCLlFAICamSCg,https://www.youtube.com/channel/UCZTs6WiMl1LCLlFAICamSCg,Go봉밥,315,2021-11-11,,2026-10-04 20:21:03,〈𝟓𝟖𝟑〉 ㄴㅏㅈ ㅂㅏ ㄷㅔ | ●∀●)ﾉ=͟͟͞͞🍚,gohansan_583,https://cafe.naver.com/gohansan,mysmallvtuber.net,2026-10-06T11:27:37Z
B5PbmGndmHEkLzmVYfaH,Go항상,Go,chzzk,5fbfe6e67fbd44b49778f9398446c2cc,https://chzzk.naver.com/5fbfe6e67fbd44b49778f9398446c2cc,Go항상,1259,2021-11-11,,2026-10-04 20:21:03,〈𝟓𝟖𝟑〉 ㄴㅏㅈ ㅂㅏ ㄷㅔ | ●∀●)ﾉ=͟͟͞͞🍚,gohansan_583,https://cafe.naver.com/gohansan,mysmallvtuber.net,2026-10-06T11:27:37Z
RLPDzLakvdynQnsvgg3m,나다n가막,n,youtube,UC6xQYHj3_DzTxhUtwHP5rTQ,https://www.youtube.com/channel/UC6xQYHj3_DzTxhUtwHP5rTQ,나다&가막,1580,2025-05-10,,2026-10-04 22:32:03,비행기 때문에 공군병이 된 까마귀의 | 에이스 컴뱃8 (트러스트 T.16000M),nadangamak,https://cafe.naver.com/nadangamak,mysmallvtuber.net,2026-10-06T11:27:37Z
RLPDzLakvdynQnsvgg3m,나다n가막,n,youtube,UC5Jbe0a2zg3SBIJHqNjc1Ow,https://www.youtube.com/channel/UC5Jbe0a2zg3SBIJHqNjc1Ow,나다가막 다시보기,156,2025-05-10,,2026-10-04 22:32:03,비행기 때문에 공군병이 된 까마귀의 | 에이스 컴뱃8 (트러스트 T.16000M),nadangamak,https://cafe.naver.com/nadangamak,mysmallvtuber.net,2026-10-06T11:27:37Z
RLPDzLakvdynQnsvgg3m,나다n가막,n,chzzk,cde9b4c389b36d38c8b2693a95de7385,https://chzzk.naver.com/cde9b4c389b36d38c8b2693a95de7385,나다n가막,1290,2025-05-10,,2026-10-04 22:32:03,비행기 때문에 공군병이 된 까마귀의 | 에이스 컴뱃8 (트러스트 T.16000M),nadangamak,https://cafe.naver.com/nadangamak,mysmallvtuber.net,2026-10-06T11:27:37Z
SGFtAejDGAN9sKDuHjp2,김먕이,,youtube,UCcQZhe5Wa9PBUKqlZezGBJA,https://www.youtube.com/channel/UCcQZhe5Wa9PBUKqlZezGBJA,김먕이,319,2024-06-29,,2026-10-04 23:29:04,위로받는 노래부르기!🐇🌕,V_myangi,https://cafe.naver.com/myangi0307,mysmallvtuber.net,2026-10-06T11:27:37Z
SGFtAejDGAN9sKDuHjp2,김먕이,,youtube,UCPKI49uJekuqxzHsOgJ2eIg,https://www.youtube.com/channel/UCPKI49uJekuqxzHsOgJ2eIg,먕이의 꿈나라,26,2024-06-29,,2026-10-04 23:29:04,위로받는 노래부르기!🐇🌕,V_myangi,https://cafe.naver.com/myangi0307,mysmallvtuber.net,2026-10-06T11:27:37Z
SGFtAejDGAN9sKDuHjp2,김먕이,,soop,mynagi0307,https://ch.sooplive.co.kr/mynagi0307,김먕이,1114,2024-06-29,,2026-10-04 23:29:04,위로받는 노래부르기!🐇🌕,V_myangi,https://cafe.naver.com/myangi0307,mysmallvtuber.net,2026-10-06T11:27:37Z
HJd6Q4p2k3Ssy4BBWeer,라오 rao,rao,chzzk,33ee55dfebfa254784e07da27566152f,https://chzzk.naver.com/33ee55dfebfa254784e07da27566152f,라오 rao,549,2025-01-08,,2026-10-04 16:04:02,[v] 게임 없는 라오 방송 2일차 | 도파민 디톡스를 할 수 있을까?,dlfkdh_65,https://discord.gg/fJ4uDqd5rQ,mysmallvtuber.net,2026-10-06T11:27:37Z
zQLAxSj2FSBUDpgUdt8M,유하나 Uhana,Uhana,chzzk,a47bbfd15ffd002cc91ffd2025d2a8f9,https://chzzk.naver.com/a47bbfd15ffd002cc91ffd2025d2a8f9,유하나 Uhana,307,,,2026-10-04 18:06:02,[V] 에반게리온 같이보기! 17화부터!💙ฅ^•ﻌ•^ฅ*,HanaU_Virtual,https://discord.com/invite/XfG9w9yhKU,mysmallvtuber.net,2026-10-06T11:27:37Z
MLwdeBAFJykt7gDZXaqx,모래캣,,youtube,UCS0a1GKer53CWja5GYCBeIg,https://www.youtube.com/channel/UCS0a1GKer53CWja5GYCBeIg,모래캣,5270,2019-07-26,,2026-10-04 20:03:02,[74] 우주 고양이와 우주 동면쥐,sablokato,https://cafe.naver.com/moraecat,mysmallvtuber.net,2026-10-06T11:27:37Z
MLwdeBAFJykt7gDZXaqx,모래캣,,youtube,UCp8LKcdY48OLouI8o-C15RA,https://www.youtube.com/channel/UCp8LKcdY48OLouI8o-C15RA,모래캣 아카이브,69,2019-07-26,,2026-10-04 20:03:02,[74] 우주 고양이와 우주 동면쥐,sablokato,https://cafe.naver.com/moraecat,mysmallvtuber.net,2026-10-06T11:27:37Z
MLwdeBAFJykt7gDZXaqx,모래캣,,chzzk,3b81fb5e7fac06929cb64e014a9ab364,https://chzzk.naver.com/3b81fb5e7fac06929cb64e014a9ab364,모래캣,750,2019-07-26,,2026-10-04 20:03:02,[74] 우주 고양이와 우주 동면쥐,sablokato,https://cafe.naver.com/moraecat,mysmallvtuber.net,2026-10-06T11:27:37Z
e6vKFqSyQggH9R5Ekxac,마레토,,youtube,UCd8HIu-bD-MSn-fDo-ZYawg,https://www.youtube.com/channel/UCd8HIu-bD-MSn-fDo-ZYawg,마레토,936,2024-11-02,,2026-10-04 15:50:03,"[문학버튜버] 저스트 책팅, 월초 카페 탐방",mareto_universe,,mysmallvtuber.net,2026-10-06T11:27:37Z
e6vKFqSyQggH9R5Ekxac,마레토,,chzzk,d2bda7d79fb184ecfe2d7aad62a9550c,https://chzzk.naver.com/d2bda7d79fb184ecfe2d7aad62a9550c,마레토,4767,2024-11-02,,2026-10-04 15:50:03,"[문학버튜버] 저스트 책팅, 월초 카페 탐방",mareto_universe,,mysmallvtuber.net,2026-10-06T11:27:37Z
HDcCELQR7rkw52WwCjvn,배비꼬,,youtube,UCVlRspMebofH_Af90wGgUFA,https://www.youtube.com/channel/UCVlRspMebofH_Af90wGgUFA,배비꼬,40100,2023-08-10,,2026-10-04 19:26:03,후열,babekko_39,https://cafe.naver.com/babekko0810,mysmallvtuber.net,2026-10-06T11:27:37Z
HDcCELQR7rkw52WwCjvn,배비꼬,,youtube,UCTYi5wfoWzcK5ePp7M9SUBw,https://www.youtube.com/channel/UCTYi5wfoWzcK5ePp7M9SUBw,꺼진 배비꼬도 다시보자,507,2023-08-10,,2026-10-04 19:26:03,후열,babekko_39,https://cafe.naver.com/babekko0810,mysmallvtuber.net,2026-10-06T11:27:37Z
HDcCELQR7rkw52WwCjvn,배비꼬,,chzzk,361eea6eaa690bcfe8004fd6ade7dda7,https://chzzk.naver.com/361eea6eaa690bcfe8004fd6ade7dda7,배비꼬,20864,2023-08-10,,2026-10-04 19:26:03,후열,babekko_39,https://cafe.naver.com/babekko0810,mysmallvtuber.net,2026-10-06T11:27:37Z
6U79qmxnaKR9HQ2HYgNR,사사44,,youtube,UCdIT6_ySa4CDsc18iPUfmpQ,https://www.youtube.com/channel/UCdIT6_ySa4CDsc18iPUfmpQ,SASA 44,34900,2018-12-24,,2026-10-05 01:51:02,에반게리온 정주행후 후폭풍 몰아친방,,https://cafe.naver.com/sasa44fan,mysmallvtuber.net,2026-10-06T11:27:37Z
6U79qmxnaKR9HQ2HYgNR,사사44,,youtube,UCXeV0VpjHe3fA4V7VOFyrrA,https://www.youtube.com/channel/UCXeV0VpjHe3fA4V7VOFyrrA,사사44풀영상avi,2640,2018-12-24,,2026-10-05 01:51:02,에반게리온 정주행후 후폭풍 몰아친방,,https://cafe.naver.com/sasa44fan,mysmallvtuber.net,2026-10-06T11:27:37Z
6U79qmxnaKR9HQ2HYgNR,사사44,,chzzk,0ac23ae6672e2067492161839e29230e,https://chzzk.naver.com/0ac23ae6672e2067492161839e29230e,사사44,9429,2018-12-24,,2026-10-05 01:51:02,에반게리온 정주행후 후폭풍 몰아친방,,https://cafe.naver.com/sasa44fan,mysmallvtuber.net,2026-10-06T11:27:37Z
q9dnVzUxxUmbRD3hxqSQ,모이 M0I,M0I,youtube,UCvpbKHaE0UNanTWFwln5tyw,https://www.youtube.com/channel/UCvpbKHaE0UNanTWFwln5tyw,모이 MOI,4780,2024-07-10,,2026-10-04 20:42:03,로블록스  시참하러 오세요!,akamoimoi777,https://cafe.naver.com/grimproduction,mysmallvtuber.net,2026-10-06T11:27:37Z
q9dnVzUxxUmbRD3hxqSQ,모이 M0I,M0I,chzzk,be059789e19ac3e46198e15911a80122,https://chzzk.naver.com/be059789e19ac3e46198e15911a80122,모이 M0I,5755,2024-07-10,,2026-10-04 20:42:03,로블록스  시참하러 오세요!,akamoimoi777,https://cafe.naver.com/grimproduction,mysmallvtuber.net,2026-10-06T11:27:37Z
fanumydGE8qEMcxztVQS,이플린,,youtube,UCLWHpq3DcZDRU6Nxajn89HA,https://www.youtube.com/channel/UCLWHpq3DcZDRU6Nxajn89HA,이플린,32400,2019-11-18,,2026-10-04 18:36:03,지제전 기록 구경,,https://cafe.naver.com/flynn,mysmallvtuber.net,2026-10-06T11:27:37Z
fanumydGE8qEMcxztVQS,이플린,,youtube,UCYLHTGR93NBUi1kMD3sl-cg,https://www.youtube.com/channel/UCYLHTGR93NBUi1kMD3sl-cg,긴플린,1750,2019-11-18,,2026-10-04 18:36:03,지제전 기록 구경,,https://cafe.naver.com/flynn,mysmallvtuber.net,2026-10-06T11:27:37Z
fanumydGE8qEMcxztVQS,이플린,,chzzk,bb09c3d77aedaee9c38144d106dd48dd,https://chzzk.naver.com/bb09c3d77aedaee9c38144d106dd48dd,이플린,6383,2019-11-18,,2026-10-04 18:36:03,지제전 기록 구경,,https://cafe.naver.com/flynn,mysmallvtuber.net,2026-10-06T11:27:37Z
GBqTLx7B9bXuyC97pxYY,히미츠 미로,,youtube,UCMmf0Uv6lUVrbxDObS1ynDw,https://www.youtube.com/channel/UCMmf0Uv6lUVrbxDObS1ynDw,히미츠 미로,849,,,2026-10-05 07:18:02,[V] 생일 12시간 6부 - 음주 워독스 시참💛,mi2ro_,https://cafe.naver.com/mi2ro,mysmallvtuber.net,2026-10-06T11:27:37Z
GBqTLx7B9bXuyC97pxYY,히미츠 미로,,youtube,UCEU71T-U5zNQ_9qSUexstkg,https://www.youtube.com/channel/UCEU71T-U5zNQ_9qSUexstkg,히미츠 미롱 다시보기,105,,,2026-10-05 07:18:02,[V] 생일 12시간 6부 - 음주 워독스 시참💛,mi2ro_,https://cafe.naver.com/mi2ro,mysmallvtuber.net,2026-10-06T11:27:37Z
GBqTLx7B9bXuyC97pxYY,히미츠 미로,,chzzk,dd77e835b6fb8190a7dde91013adec6d,https://chzzk.naver.com/dd77e835b6fb8190a7dde91013adec6d,히미츠 미로,3170,,,2026-10-05 07:18:02,[V] 생일 12시간 6부 - 음주 워독스 시참💛,mi2ro_,https://cafe.naver.com/mi2ro,mysmallvtuber.net,2026-10-06T11:27:37Z
LcgscFFpMu6TpA7q6Uyb,자두뇨끼,,youtube,UCIV7zR_Ub9NvZihvxMic7vg,https://www.youtube.com/channel/UCIV7zR_Ub9NvZihvxMic7vg,자두뇨끼,702,,,2026-10-04 18:40:04,좀밍연고 5일차 좀비는 모르겠고 오늘은 증기로 간다 발전한다,,https://cafe.naver.com/zadugnocchi,mysmallvtuber.net,2026-10-06T11:27:37Z
LcgscFFpMu6TpA7q6Uyb,자두뇨끼,,youtube,UCx0th5-FOdYP071oinFN78Q,https://www.youtube.com/channel/UCx0th5-FOdYP071oinFN78Q,자두뇨끼 다시보기,1950,,,2026-10-04 18:40:04,좀밍연고 5일차 좀비는 모르겠고 오늘은 증기로 간다 발전한다,,https://cafe.naver.com/zadugnocchi,mysmallvtuber.net,2026-10-06T11:27:37Z
LcgscFFpMu6TpA7q6Uyb,자두뇨끼,,chzzk,55cad23e436b9b31f5e0fffe3d588194,https://chzzk.naver.com/55cad23e436b9b31f5e0fffe3d588194,자두뇨끼,12404,,,2026-10-04 18:40:04,좀밍연고 5일차 좀비는 모르겠고 오늘은 증기로 간다 발전한다,,https://cafe.naver.com/zadugnocchi,mysmallvtuber.net,2026-10-06T11:27:37Z
enhP93h5vmvPR7Kxw7AQ,우사미 미유,,youtube,UCV35vdFxb1TxfBhZ_t37Zlw,https://www.youtube.com/channel/UCV35vdFxb1TxfBhZ_t37Zlw,Usami Miyu Ch. 宇佐美ミユ,916,2022-12-24,,2026-10-04 20:42:03,[드롭스] 마스터즈 시즌12 페이즈3! 파이널 같이보기!,Miyu_Usami,https://discord.com/invite/G8aYubAHBH,mysmallvtuber.net,2026-10-06T11:27:37Z
enhP93h5vmvPR7Kxw7AQ,우사미 미유,,chzzk,dac66ac2fc9b0d075ca026b136341570,https://chzzk.naver.com/dac66ac2fc9b0d075ca026b136341570,우사미 미유,4847,2022-12-24,,2026-10-04 20:42:03,[드롭스] 마스터즈 시즌12 페이즈3! 파이널 같이보기!,Miyu_Usami,https://discord.com/invite/G8aYubAHBH,mysmallvtuber.net,2026-10-06T11:27:37Z
ZTQTneQPvDBdDnhP2kAw,배쨜이,,youtube,UCwKhlODbGC8sA5RFilkGTZg,https://www.youtube.com/channel/UCwKhlODbGC8sA5RFilkGTZg,배쨜이,5550,2025-04-19,,2026-10-04 13:34:03,"12시부터 느긋한 그림수다뱅 (영도 최저가, 하수구 쓰레기장) 레츠고 기릿",BAEJJAL0_0,https://cafe.naver.com/baejjal00,mysmallvtuber.net,2026-10-06T11:27:37Z
ZTQTneQPvDBdDnhP2kAw,배쨜이,,chzzk,6f377acaaaacc0b5e9bebc70e45eef4f,https://chzzk.naver.com/6f377acaaaacc0b5e9bebc70e45eef4f,배쨜이,7121,2025-04-19,,2026-10-04 13:34:03,"12시부터 느긋한 그림수다뱅 (영도 최저가, 하수구 쓰레기장) 레츠고 기릿",BAEJJAL0_0,https://cafe.naver.com/baejjal00,mysmallvtuber.net,2026-10-06T11:27:37Z
G34zaECfWX7C3Mywbz3X,금이요,,youtube,UCXt29SfJUH62dygvYAiOPvw,https://www.youtube.com/channel/UCXt29SfJUH62dygvYAiOPvw,금이요,254,2025-05-05,,2026-10-04 13:40:04,후열 토크토크,kum_iyo,https://cafe.naver.com/romanciers2,mysmallvtuber.net,2026-10-06T11:27:37Z
G34zaECfWX7C3Mywbz3X,금이요,,chzzk,6baf8d21940686f50a64f63a9d96e0da,https://chzzk.naver.com/6baf8d21940686f50a64f63a9d96e0da,금이요,1538,2025-05-05,,2026-10-04 13:40:04,후열 토크토크,kum_iyo,https://cafe.naver.com/romanciers2,mysmallvtuber.net,2026-10-06T11:27:37Z
JVMymJbCpDZX6xxAMTJH,미도미도 마요,,youtube,UCls95hH--nOEgKDjR2nKNUA,https://www.youtube.com/channel/UCls95hH--nOEgKDjR2nKNUA,미도미도 마요 Midomido Mayo,26800,2024-11-30,,2026-10-04 13:05:02,서브퀘하기  【Re:AcT KR】,Midomido_Mayo,,mysmallvtuber.net,2026-10-06T11:27:37Z
JVMymJbCpDZX6xxAMTJH,미도미도 마요,,youtube,UC2WcZDV2dHgtJp4H-LscyKA,https://www.youtube.com/channel/UC2WcZDV2dHgtJp4H-LscyKA,미도마요,942,2024-11-30,,2026-10-04 13:05:02,서브퀘하기  【Re:AcT KR】,Midomido_Mayo,,mysmallvtuber.net,2026-10-06T11:27:37Z
JVMymJbCpDZX6xxAMTJH,미도미도 마요,,chzzk,051f034c064edd60d48dee2a47bc0790,https://chzzk.naver.com/051f034c064edd60d48dee2a47bc0790,미도미도 마요,12624,2024-11-30,,2026-10-04 13:05:02,서브퀘하기  【Re:AcT KR】,Midomido_Mayo,,mysmallvtuber.net,2026-10-06T11:27:37Z
YG698BDGw63RNjRpYu7j,샤켓,,youtube,UCfxb88EGB-o7z4UDlOAJGJQ,https://www.youtube.com/channel/UCfxb88EGB-o7z4UDlOAJGJQ,샤켓 SHACET,143,2022-01-04,,2026-10-04 02:00:05,[아이라] 골골샤 짧배애앵 토 : 모비숙제 / 일 : 칼바람,sha_cet,https://cafe.naver.com/shacett,mysmallvtuber.net,2026-10-06T11:27:37Z
YG698BDGw63RNjRpYu7j,샤켓,,youtube,UCEDPz-Hu-SuRQlFgwylmjGQ,https://www.youtube.com/channel/UCEDPz-Hu-SuRQlFgwylmjGQ,샤켓 토크,98,2022-01-04,,2026-10-04 02:00:05,[아이라] 골골샤 짧배애앵 토 : 모비숙제 / 일 : 칼바람,sha_cet,https://cafe.naver.com/shacett,mysmallvtuber.net,2026-10-06T11:27:37Z
YG698BDGw63RNjRpYu7j,샤켓,,chzzk,949ae8645613f060665ab4439ff9d8d4,https://chzzk.naver.com/949ae8645613f060665ab4439ff9d8d4,샤켓,1837,2022-01-04,,2026-10-04 02:00:05,[아이라] 골골샤 짧배애앵 토 : 모비숙제 / 일 : 칼바람,sha_cet,https://cafe.naver.com/shacett,mysmallvtuber.net,2026-10-06T11:27:37Z
LX4c6HLVfkc4Tetbr9WK,마왕이노리!,,youtube,UCIvHCM72b5kLUjeh-yfsspw,https://www.youtube.com/channel/UCIvHCM72b5kLUjeh-yfsspw,이노리 inorisama,1430,2025-12-19,,2026-10-03 23:34:03,벭,inorisama162,,mysmallvtuber.net,2026-10-06T11:27:37Z
LX4c6HLVfkc4Tetbr9WK,마왕이노리!,,soop,inorisama,https://ch.sooplive.co.kr/inorisama,마왕이노리!,4866,2025-12-19,,2026-10-03 23:34:03,벭,inorisama162,,mysmallvtuber.net,2026-10-06T11:27:37Z
0MyofpuVR4zPKql961D3,반님l,l,youtube,UCj2qZQT1oF2MULq2MZMqu0w,https://www.youtube.com/channel/UCj2qZQT1oF2MULq2MZMqu0w,반님 Van,52500,2019-12-13,,2026-10-04 05:02:03,히오스에 신캐가 나왔다고,Van_Nim_,https://cafe.naver.com/otwoffical,mysmallvtuber.net,2026-10-06T11:27:37Z
0MyofpuVR4zPKql961D3,반님l,l,youtube,UCWFYA2jG7giYrUaSZ1P9uzQ,https://www.youtube.com/channel/UCWFYA2jG7giYrUaSZ1P9uzQ,반님 다시보기,6440,2019-12-13,,2026-10-04 05:02:03,히오스에 신캐가 나왔다고,Van_Nim_,https://cafe.naver.com/otwoffical,mysmallvtuber.net,2026-10-06T11:27:37Z
0MyofpuVR4zPKql961D3,반님l,l,chzzk,3a2d2f4e9132d822423f6aa879e598c5,https://chzzk.naver.com/3a2d2f4e9132d822423f6aa879e598c5,반님l,39415,2019-12-13,,2026-10-04 05:02:03,히오스에 신캐가 나왔다고,Van_Nim_,https://cafe.naver.com/otwoffical,mysmallvtuber.net,2026-10-06T11:27:37Z
7HeqsVWU64Nv9jma6hGj,엘 레 나,,youtube,UCYUhX1ETBcvrKIngFwVXWdg,https://www.youtube.com/channel/UCYUhX1ETBcvrKIngFwVXWdg,엘레나,107,2023-07-08,,2026-10-04 01:29:03,[V] 구구구구? 구구구!!!,Elena11004,https://cafe.naver.com/elena1004,mysmallvtuber.net,2026-10-06T11:27:37Z
7HeqsVWU64Nv9jma6hGj,엘 레 나,,chzzk,9993a7c163546f42872898fdb35d71de,https://chzzk.naver.com/9993a7c163546f42872898fdb35d71de,엘 레 나,501,2023-07-08,,2026-10-04 01:29:03,[V] 구구구구? 구구구!!!,Elena11004,https://cafe.naver.com/elena1004,mysmallvtuber.net,2026-10-06T11:27:37Z
86Mc7SqkbYSjvrQCbWC2,도사 반야,,chzzk,928d0f3f3aa100dcffdbec87260c30d0,https://chzzk.naver.com/928d0f3f3aa100dcffdbec87260c30d0,도사 반야,946,2024-08-19,,2026-10-03 23:26:03,깜짝,Banya0723,https://cafe.naver.com/zarak,mysmallvtuber.net,2026-10-06T11:27:37Z
hAKyrMRd255e6Eux5neg,이와,,youtube,UClyh1xSrABqbItEr3dBJosQ,https://www.youtube.com/channel/UClyh1xSrABqbItEr3dBJosQ,이와 IWA,38300,2021-11-06,,2026-10-04 00:33:02,🍺공연장에서 시청자 만난썰 품,IWAego,https://shelter.id/IWA/community,mysmallvtuber.net,2026-10-06T11:27:37Z
hAKyrMRd255e6Eux5neg,이와,,chzzk,bbac9a27249735abaa90692f1d67e021,https://chzzk.naver.com/bbac9a27249735abaa90692f1d67e021,이와,17326,2021-11-06,,2026-10-04 00:33:02,🍺공연장에서 시청자 만난썰 품,IWAego,https://shelter.id/IWA/community,mysmallvtuber.net,2026-10-06T11:27:37Z
a5eWQuHvCzLn94YPPRkh,온담,,soop,gangj486,https://ch.sooplive.co.kr/gangj486,온담,911,,,2026-10-04 01:50:04,후열 소통,,,mysmallvtuber.net,2026-10-06T11:27:37Z
t4bgVEgEwfRZF49vKr6U,시스네,,youtube,UC_rXopl6s9UnZwyqfPZtLpg,https://www.youtube.com/channel/UC_rXopl6s9UnZwyqfPZtLpg,시스네,1130,2026-05-05,,2026-10-04 04:37:02,[99일] 집사한테 통나무 시키는게임 / 공안전스,cisnes_,https://cafe.naver.com/cisnes,mysmallvtuber.net,2026-10-06T11:27:37Z
t4bgVEgEwfRZF49vKr6U,시스네,,youtube,UC9A6d9cZ4SxQ_FIEtcL_GyA,https://www.youtube.com/channel/UC9A6d9cZ4SxQ_FIEtcL_GyA,스네 모아보기,258,2026-05-05,,2026-10-04 04:37:02,[99일] 집사한테 통나무 시키는게임 / 공안전스,cisnes_,https://cafe.naver.com/cisnes,mysmallvtuber.net,2026-10-06T11:27:37Z
t4bgVEgEwfRZF49vKr6U,시스네,,chzzk,c3355ea2b3bea6c646789510796379d6,https://chzzk.naver.com/c3355ea2b3bea6c646789510796379d6,시스네,660,2026-05-05,,2026-10-04 04:37:02,[99일] 집사한테 통나무 시키는게임 / 공안전스,cisnes_,https://cafe.naver.com/cisnes,mysmallvtuber.net,2026-10-06T11:27:37Z
GWRgU2byQLxjprfYFnF8,깜장냥말,,youtube,UCO0VFOb6k_JCDCMSoq9q8Fw,https://www.youtube.com/channel/UCO0VFOb6k_JCDCMSoq9q8Fw,다시 보는 냥말 방송,21,2024-02-06,,2026-10-04 00:13:03,[V] 대장의 오리지널 비명 ~ in 마인크래프트 ~,Nnangmmal_,https://discord.gg/bspnq9yuPX,mysmallvtuber.net,2026-10-06T11:27:37Z
GWRgU2byQLxjprfYFnF8,깜장냥말,,chzzk,9e9bc0f007b5c9526dad4a8024bfbbc5,https://chzzk.naver.com/9e9bc0f007b5c9526dad4a8024bfbbc5,깜장냥말,260,2024-02-06,,2026-10-04 00:13:03,[V] 대장의 오리지널 비명 ~ in 마인크래프트 ~,Nnangmmal_,https://discord.gg/bspnq9yuPX,mysmallvtuber.net,2026-10-06T11:27:37Z
KJjzQAm4x2rQGLazGJxj,새싹 Saessack,Saessack,youtube,UCbGEco6cNH4gn5Iowy_g5tg,https://www.youtube.com/channel/UCbGEco6cNH4gn5Iowy_g5tg,새싹,22900,2023-10-01,,2026-10-04 06:28:02,소울 뉴비에요,saessack_ouo,https://cafe.naver.com/saessack42,mysmallvtuber.net,2026-10-06T11:27:37Z
KJjzQAm4x2rQGLazGJxj,새싹 Saessack,Saessack,youtube,UCS713WNUMyVCbZdmUKI6dew,https://www.youtube.com/channel/UCS713WNUMyVCbZdmUKI6dew,풀새싹,1950,2023-10-01,,2026-10-04 06:28:02,소울 뉴비에요,saessack_ouo,https://cafe.naver.com/saessack42,mysmallvtuber.net,2026-10-06T11:27:37Z
KJjzQAm4x2rQGLazGJxj,새싹 Saessack,Saessack,chzzk,2417b47685106ec21b79c8803b7f1ecf,https://chzzk.naver.com/2417b47685106ec21b79c8803b7f1ecf,새싹 Saessack,32300,2023-10-01,,2026-10-04 06:28:02,소울 뉴비에요,saessack_ouo,https://cafe.naver.com/saessack42,mysmallvtuber.net,2026-10-06T11:27:37Z
DWLXE3378x3PWYSDPanM,리아니야,,youtube,UCKWMjBCS5opm6XIebHmPVcg,https://www.youtube.com/channel/UCKWMjBCS5opm6XIebHmPVcg,리아니야 Lianiya,10,2024-02-19,,2026-10-04 02:55:04,[버미육🐱] 1부)아시안게임 축구 한일전 2부)하우스플리퍼,Lianiya_Vtuber,https://discord.gg/ecmjgnuJjB,mysmallvtuber.net,2026-10-06T11:27:37Z
DWLXE3378x3PWYSDPanM,리아니야,,youtube,UCRvwnR1sj3ebcPhIWhr4rZg,https://www.youtube.com/channel/UCRvwnR1sj3ebcPhIWhr4rZg,리아니야 다시보기,41,2024-02-19,,2026-10-04 02:55:04,[버미육🐱] 1부)아시안게임 축구 한일전 2부)하우스플리퍼,Lianiya_Vtuber,https://discord.gg/ecmjgnuJjB,mysmallvtuber.net,2026-10-06T11:27:37Z
DWLXE3378x3PWYSDPanM,리아니야,,chzzk,9d37449ef7d1f404404941248f4e09e5,https://chzzk.naver.com/9d37449ef7d1f404404941248f4e09e5,리아니야,387,2024-02-19,,2026-10-04 02:55:04,[버미육🐱] 1부)아시안게임 축구 한일전 2부)하우스플리퍼,Lianiya_Vtuber,https://discord.gg/ecmjgnuJjB,mysmallvtuber.net,2026-10-06T11:27:37Z
WqeUvPVT7Yk5tj6TLwNn,레이카 REYCA,REYCA,youtube,UCB3ikIf-A-O5C-BuQzXm5qA,https://www.youtube.com/channel/UCB3ikIf-A-O5C-BuQzXm5qA,레이카 REYCA,1950,2025-01-10,,2026-10-03 23:54:02,축구보고 사이퍼즈 ? 👻💀,reycasoul,,mysmallvtuber.net,2026-10-06T11:27:37Z
WqeUvPVT7Yk5tj6TLwNn,레이카 REYCA,REYCA,chzzk,1c35da049f50f88d15736bbe3f26ca13,https://chzzk.naver.com/1c35da049f50f88d15736bbe3f26ca13,레이카 REYCA,1410,2025-01-10,,2026-10-03 23:54:02,축구보고 사이퍼즈 ? 👻💀,reycasoul,,mysmallvtuber.net,2026-10-06T11:27:37Z
L4YFp4MHkMQ5aBKELUcd,주이령,,youtube,UCwbWUyT_pUJ9p4LNDu6xIIw,https://www.youtube.com/channel/UCwbWUyT_pUJ9p4LNDu6xIIw,주이령,358,2024-02-17,,2026-10-04 01:13:03,뎁데데데,Juiryeong,https://discord.gg/aQwwrv5weK,mysmallvtuber.net,2026-10-06T11:27:37Z
L4YFp4MHkMQ5aBKELUcd,주이령,,youtube,UCr19YOtTYLYt9W1xRjASnKw,https://www.youtube.com/channel/UCr19YOtTYLYt9W1xRjASnKw,주이령 기억 보따리(다시 보기),36,2024-02-17,,2026-10-04 01:13:03,뎁데데데,Juiryeong,https://discord.gg/aQwwrv5weK,mysmallvtuber.net,2026-10-06T11:27:37Z
L4YFp4MHkMQ5aBKELUcd,주이령,,chzzk,c06d120ddd406714ef4b22dad8166d03,https://chzzk.naver.com/c06d120ddd406714ef4b22dad8166d03,주이령,329,2024-02-17,,2026-10-04 01:13:03,뎁데데데,Juiryeong,https://discord.gg/aQwwrv5weK,mysmallvtuber.net,2026-10-06T11:27:37Z
f3ay5BMmQP8hUANBWKxs,곰나루,,youtube,UCCRfNnppgfC1IuelYYGNtbg,https://www.youtube.com/channel/UCCRfNnppgfC1IuelYYGNtbg,곰나루 나룻터,3520,2023-12-16,,2026-10-04 00:15:06,4명의 T발놈들,bear_nalu,https://cafe.naver.com/artisons,mysmallvtuber.net,2026-10-06T11:27:37Z
f3ay5BMmQP8hUANBWKxs,곰나루,,youtube,UCKsSdyvYLg0ptuCWicv6fiw,https://www.youtube.com/channel/UCKsSdyvYLg0ptuCWicv6fiw,곰나루 동굴,592,2023-12-16,,2026-10-04 00:15:06,4명의 T발놈들,bear_nalu,https://cafe.naver.com/artisons,mysmallvtuber.net,2026-10-06T11:27:37Z
f3ay5BMmQP8hUANBWKxs,곰나루,,chzzk,cc5b5bfb1483ed369625dd3e84d79d8b,https://chzzk.naver.com/cc5b5bfb1483ed369625dd3e84d79d8b,곰나루,1763,2023-12-16,,2026-10-04 00:15:06,4명의 T발놈들,bear_nalu,https://cafe.naver.com/artisons,mysmallvtuber.net,2026-10-06T11:27:37Z
RYcdKWnELQHvdg5Jsz6G,사이네코 코나타 Wishing,Wishing,youtube,UCz_xNPBcTDH47ENPaRE_mAQ,https://www.youtube.com/channel/UCz_xNPBcTDH47ENPaRE_mAQ,사이네코 코나타 Saineko konata,701,2024-08-04,,2026-10-04 02:20:04,먼가크고귀여운녀석,wishing_konata,https://cafe.naver.com/wishinglive,mysmallvtuber.net,2026-10-06T11:27:37Z
RYcdKWnELQHvdg5Jsz6G,사이네코 코나타 Wishing,Wishing,youtube,UCR_KwgX6rqhCBxVZLwfckZA,https://www.youtube.com/channel/UCR_KwgX6rqhCBxVZLwfckZA,코나타 다시보기,248,2024-08-04,,2026-10-04 02:20:04,먼가크고귀여운녀석,wishing_konata,https://cafe.naver.com/wishinglive,mysmallvtuber.net,2026-10-06T11:27:37Z
RYcdKWnELQHvdg5Jsz6G,사이네코 코나타 Wishing,Wishing,chzzk,dc5a830020254936843b8afeed98949f,https://chzzk.naver.com/dc5a830020254936843b8afeed98949f,사이네코 코나타 Wishing,5197,2024-08-04,,2026-10-04 02:20:04,먼가크고귀여운녀석,wishing_konata,https://cafe.naver.com/wishinglive,mysmallvtuber.net,2026-10-06T11:27:37Z
nuGreVwPzSrpX4Ec4Kp2,도쿠다,,youtube,UCU5689kyf7mfQP9kWeHXO7g,https://www.youtube.com/channel/UCU5689kyf7mfQP9kWeHXO7g,도쿠다 DOKUDA,235,2025-01-20,,2026-10-03 23:29:03,괴짜지휘자 도쿠다라네~~~~~~~~,Dr_DOKUDA,https://cafe.naver.com/dokuda,mysmallvtuber.net,2026-10-06T11:27:37Z
nuGreVwPzSrpX4Ec4Kp2,도쿠다,,chzzk,09ab5a820633bb87ab008bef322ab77d,https://chzzk.naver.com/09ab5a820633bb87ab008bef322ab77d,도쿠다,375,2025-01-20,,2026-10-03 23:29:03,괴짜지휘자 도쿠다라네~~~~~~~~,Dr_DOKUDA,https://cafe.naver.com/dokuda,mysmallvtuber.net,2026-10-06T11:27:37Z
bPCgavZMUbYfwHvXtmS4,뽀실애기,,youtube,UC5ggRkwxlh2JtwfvD4QduXw,https://www.youtube.com/channel/UC5ggRkwxlh2JtwfvD4QduXw,뽀실애기,71,2025-11-10,,2026-10-04 00:12:03,✨후열 노래방,4silbaby_,https://cafe.naver.com/4silbaby,mysmallvtuber.net,2026-10-06T11:27:37Z
bPCgavZMUbYfwHvXtmS4,뽀실애기,,chzzk,1d30969be4ba452d5e9be3ec7bf6316f,https://chzzk.naver.com/1d30969be4ba452d5e9be3ec7bf6316f,뽀실애기,387,2025-11-10,,2026-10-04 00:12:03,✨후열 노래방,4silbaby_,https://cafe.naver.com/4silbaby,mysmallvtuber.net,2026-10-06T11:27:37Z
JTS5T5nvMjcpvFYUSgLt,이무지,,youtube,UCtKaWarbIgekUqjGV_uEw3A,https://www.youtube.com/channel/UCtKaWarbIgekUqjGV_uEw3A,이무지,114000,2023-01-18,,2026-10-04 06:00:03,몰라 5W1H 하자구하덩데? 🐥,,https://cafe.naver.com/moojjcastle,mysmallvtuber.net,2026-10-06T11:27:37Z
JTS5T5nvMjcpvFYUSgLt,이무지,,chzzk,2564aae6bb474dd58c22023afa4cbe72,https://chzzk.naver.com/2564aae6bb474dd58c22023afa4cbe72,이무지,42940,2023-01-18,,2026-10-04 06:00:03,몰라 5W1H 하자구하덩데? 🐥,,https://cafe.naver.com/moojjcastle,mysmallvtuber.net,2026-10-06T11:27:37Z
fBEa44RmPb2Bu2favwRn,아쿠루,,youtube,UCe4SwGmyN6rN154PgCRJKlA,https://www.youtube.com/channel/UCe4SwGmyN6rN154PgCRJKlA,아쿠루 ch.,18500,2021-12-20,,2026-10-04 05:58:03,"TRPG로 밤새자~ [5W1H (육하원칙)] 🩵💀w.여까, 우고, 이무지",Akuru_666,https://cafe.naver.com/isoropia,mysmallvtuber.net,2026-10-06T11:27:37Z
fBEa44RmPb2Bu2favwRn,아쿠루,,youtube,UC2qJ2uWAHnoeg1_Jn1tu15Q,https://www.youtube.com/channel/UC2qJ2uWAHnoeg1_Jn1tu15Q,아쿠루의 꽉찬A,889,2021-12-20,,2026-10-04 05:58:03,"TRPG로 밤새자~ [5W1H (육하원칙)] 🩵💀w.여까, 우고, 이무지",Akuru_666,https://cafe.naver.com/isoropia,mysmallvtuber.net,2026-10-06T11:27:37Z
fBEa44RmPb2Bu2favwRn,아쿠루,,chzzk,78cc61cc55bb3fad7f027d717ce61630,https://chzzk.naver.com/78cc61cc55bb3fad7f027d717ce61630,아쿠루,11549,2021-12-20,,2026-10-04 05:58:03,"TRPG로 밤새자~ [5W1H (육하원칙)] 🩵💀w.여까, 우고, 이무지",Akuru_666,https://cafe.naver.com/isoropia,mysmallvtuber.net,2026-10-06T11:27:37Z
hqmBPfvyRFdt9qkQkd2p,쿠로누마 야미요,,youtube,UCOqo9wR_yi_2ucqDoXVtSLw,https://www.youtube.com/channel/UCOqo9wR_yi_2ucqDoXVtSLw,쿠로누마 야미요黒沼 暗夜,3410,2022-10-01,,2026-10-03 20:18:03,🕯️𝕺𝖈𝖈𝖚𝖑𝖙𝖎𝖈 𝕹𝖎𝖌𝖍𝖙🕯️ 오랜만이에요,96_yamiyo,https://cafe.naver.com/occult666,mysmallvtuber.net,2026-10-06T11:27:37Z
hqmBPfvyRFdt9qkQkd2p,쿠로누마 야미요,,chzzk,2a0480eab6d02992e5b7baf809c91b24,https://chzzk.naver.com/2a0480eab6d02992e5b7baf809c91b24,쿠로누마 야미요,2498,2022-10-01,,2026-10-03 20:18:03,🕯️𝕺𝖈𝖈𝖚𝖑𝖙𝖎𝖈 𝕹𝖎𝖌𝖍𝖙🕯️ 오랜만이에요,96_yamiyo,https://cafe.naver.com/occult666,mysmallvtuber.net,2026-10-06T11:27:37Z
cCZj3ykp5AywudXGx9zy,머렝 Mureng,Mureng,youtube,UCHhpdF2k1WSoRWonrpbklMA,https://www.youtube.com/channel/UCHhpdF2k1WSoRWonrpbklMA,머렝,700,,,2026-10-04 04:37:02,여별 뽑아야겠찌?!? 오늘의 운세는??? (  ˵•́ ᴗ •̀˵)🪄,,https://cafe.naver.com/mureng,mysmallvtuber.net,2026-10-06T11:27:37Z
cCZj3ykp5AywudXGx9zy,머렝 Mureng,Mureng,chzzk,2434c8e01c4582b37b1ab925af938cde,https://chzzk.naver.com/2434c8e01c4582b37b1ab925af938cde,머렝 Mureng,1176,,,2026-10-04 04:37:02,여별 뽑아야겠찌?!? 오늘의 운세는??? (  ˵•́ ᴗ •̀˵)🪄,,https://cafe.naver.com/mureng,mysmallvtuber.net,2026-10-06T11:27:37Z
BA6xrf2Bjn5RrsFyZCxj,알오 AlphaOmega,AlphaOmega,chzzk,469658d4d0ed945a1423db7d97b0f2ad,https://chzzk.naver.com/469658d4d0ed945a1423db7d97b0f2ad,알오 AlphaOmega,272,,,2026-10-04 00:10:04,[V/유입환영] 오늘 논란이 많이 생길 것 같은 수달🦦,alphaomega_01,https://discord.com/invite/Hf6ngSC3HH,mysmallvtuber.net,2026-10-06T11:27:37Z
FHzTW9VLDmrMhu7SaeGa,매화린 Maehwarin,Maehwarin,youtube,UCOArnjXiiLnaI9u7T8pIuOA,https://www.youtube.com/channel/UCOArnjXiiLnaI9u7T8pIuOA,매화린 Maehwarin,1700,2025-11-08,,2026-10-04 02:56:02,[사령화] 후열 잠깐 노래,Maehwarin_SRH3,https://cafe.naver.com/grimproduction,mysmallvtuber.net,2026-10-06T11:27:37Z
FHzTW9VLDmrMhu7SaeGa,매화린 Maehwarin,Maehwarin,chzzk,c62ac389ebfc8942302298df5e9cd71b,https://chzzk.naver.com/c62ac389ebfc8942302298df5e9cd71b,매화린 Maehwarin,4828,2025-11-08,,2026-10-04 02:56:02,[사령화] 후열 잠깐 노래,Maehwarin_SRH3,https://cafe.naver.com/grimproduction,mysmallvtuber.net,2026-10-06T11:27:37Z
hsgbyjKjxVagpjZMTZjS,미엘 스윗하트 HAVEN,HAVEN,youtube,UCiUC_hf5CHzPD2ni2AtEZeg,https://www.youtube.com/channel/UCiUC_hf5CHzPD2ni2AtEZeg,미엘 ASMR Ch,919,2025-08-16,,2026-10-04 05:50:04,🔞좀비들의 도전100곡🎶의 후열토크,MIEL_haven,https://cafe.naver.com/havenproduction,mysmallvtuber.net,2026-10-06T11:27:37Z
hsgbyjKjxVagpjZMTZjS,미엘 스윗하트 HAVEN,HAVEN,youtube,UCKGcVAdwXnWC0JMm-4tw5tw,https://www.youtube.com/channel/UCKGcVAdwXnWC0JMm-4tw5tw,미엘 스윗하트 Miel Sweetheart ch,481,2025-08-16,,2026-10-04 05:50:04,🔞좀비들의 도전100곡🎶의 후열토크,MIEL_haven,https://cafe.naver.com/havenproduction,mysmallvtuber.net,2026-10-06T11:27:37Z
hsgbyjKjxVagpjZMTZjS,미엘 스윗하트 HAVEN,HAVEN,chzzk,cf882ca21960c190dd6af5c8332d3876,https://chzzk.naver.com/cf882ca21960c190dd6af5c8332d3876,미엘 스윗하트 HAVEN,3220,2025-08-16,,2026-10-04 05:50:04,🔞좀비들의 도전100곡🎶의 후열토크,MIEL_haven,https://cafe.naver.com/havenproduction,mysmallvtuber.net,2026-10-06T11:27:37Z
3Ayw4pnLkmDYUcfMKPCT,난 에궁,,youtube,UCbhqOC0YxeDD-ndgL7gqe_Q,https://www.youtube.com/channel/UCbhqOC0YxeDD-ndgL7gqe_Q,에궁,34,2024-11-09,,2026-10-04 01:15:03,스피오 스피오~ 쓰르르르르르르르르,egung_xox,,mysmallvtuber.net,2026-10-06T11:27:37Z
3Ayw4pnLkmDYUcfMKPCT,난 에궁,,youtube,UC8HLTeBSOe7LIP1C2imB7Qg,https://www.youtube.com/channel/UC8HLTeBSOe7LIP1C2imB7Qg,에궁이 다시보기,17,2024-11-09,,2026-10-04 01:15:03,스피오 스피오~ 쓰르르르르르르르르,egung_xox,,mysmallvtuber.net,2026-10-06T11:27:37Z
3Ayw4pnLkmDYUcfMKPCT,난 에궁,,chzzk,9f673229b644e81373811f7e272b2098,https://chzzk.naver.com/9f673229b644e81373811f7e272b2098,난 에궁,774,2024-11-09,,2026-10-04 01:15:03,스피오 스피오~ 쓰르르르르르르르르,egung_xox,,mysmallvtuber.net,2026-10-06T11:27:37Z
NnbSU7PQYyUmkCcpbGp3,리아네,,youtube,UCu6VSEHFB0-pVMYk8RsMNTg,https://www.youtube.com/channel/UCu6VSEHFB0-pVMYk8RsMNTg,리아네,76,2024-11-30,,2026-10-03 22:05:04,주말 방송~💜₍ᐢ.ˬ.ᐢ₎,riane_rabbit,https://cafe.naver.com/liarrabbit,mysmallvtuber.net,2026-10-06T11:27:37Z
NnbSU7PQYyUmkCcpbGp3,리아네,,chzzk,6b8b170a27384ae583a627d936b93492,https://chzzk.naver.com/6b8b170a27384ae583a627d936b93492,리아네,456,2024-11-30,,2026-10-03 22:05:04,주말 방송~💜₍ᐢ.ˬ.ᐢ₎,riane_rabbit,https://cafe.naver.com/liarrabbit,mysmallvtuber.net,2026-10-06T11:27:37Z
rY4MfGdjXz4WJtaBpdhZ,카르페디엠BS,BS,youtube,UCDjmaYxTM9KzSLzXEdSDa-w,https://www.youtube.com/channel/UCDjmaYxTM9KzSLzXEdSDa-w,카르페디엠BS,131,2025-01-04,,2026-10-03 23:20:03,토요일은 카르페디엠 데이!,Carpe_Diem_BS,https://cafe.naver.com/carpediembs,mysmallvtuber.net,2026-10-06T11:27:37Z
rY4MfGdjXz4WJtaBpdhZ,카르페디엠BS,BS,soop,xelloss21c,https://ch.sooplive.co.kr/xelloss21c,카르페디엠BS,84,2025-01-04,,2026-10-03 23:20:03,토요일은 카르페디엠 데이!,Carpe_Diem_BS,https://cafe.naver.com/carpediembs,mysmallvtuber.net,2026-10-06T11:27:37Z
s5nUttcKQVfnyaEs9Wxs,밤비타,,youtube,UCCSXJDWWF3PODU290J5P05Q,https://www.youtube.com/channel/UCCSXJDWWF3PODU290J5P05Q,밤비타,147,,,2026-10-06 19:53:03,[노방종] [스퀘어몬] 뽀스는 귀차는것.. ₍ˆ𓈒݂› ༝ ‹݂𓈒 ྀི₎♡💜룰렛💜,bamvita23,https://cafe.naver.com/bamvita,mysmallvtuber.net,2026-10-06T11:27:37Z
s5nUttcKQVfnyaEs9Wxs,밤비타,,chzzk,c3c8991d780ba0fe7bb7b39d2af4d4c1,https://chzzk.naver.com/c3c8991d780ba0fe7bb7b39d2af4d4c1,밤비타,842,,,2026-10-06 19:53:03,[노방종] [스퀘어몬] 뽀스는 귀차는것.. ₍ˆ𓈒݂› ༝ ‹݂𓈒 ྀི₎♡💜룰렛💜,bamvita23,https://cafe.naver.com/bamvita,mysmallvtuber.net,2026-10-06T11:27:37Z
TND8mqgjxA7aEDZ9CVKD,오데트Odette,Odette,youtube,UCDD5BVvuZI2uiKUOAmO2ycw,https://www.youtube.com/channel/UCDD5BVvuZI2uiKUOAmO2ycw,오데트표 특제 고봉밥집,210,2024-08-04,,2026-10-03 20:29:03,토요일의 오리 ➰✨ ˚₊· ͟͟͞͞➳❥,With_Odette,https://cafe.naver.com/withodette,mysmallvtuber.net,2026-10-06T11:27:37Z
TND8mqgjxA7aEDZ9CVKD,오데트Odette,Odette,chzzk,0f406b5bff5e6f5221f95c10de420232,https://chzzk.naver.com/0f406b5bff5e6f5221f95c10de420232,오데트Odette,1301,2024-08-04,,2026-10-03 20:29:03,토요일의 오리 ➰✨ ˚₊· ͟͟͞͞➳❥,With_Odette,https://cafe.naver.com/withodette,mysmallvtuber.net,2026-10-06T11:27:37Z
fAnTEfNGcpeqfTCMd39u,기령,,youtube,UC1HOT8mt_oGse4J68_WAaWQ,https://www.youtube.com/channel/UC1HOT8mt_oGse4J68_WAaWQ,기령,152000,2021-12-17,,2026-10-04 00:50:03,생일왕 폐위식,Giryung1003,https://cafe.naver.com/kilyung,mysmallvtuber.net,2026-10-06T11:27:37Z
fAnTEfNGcpeqfTCMd39u,기령,,youtube,UCXAOEesg0u_yUF301bZz8HA,https://www.youtube.com/channel/UCXAOEesg0u_yUF301bZz8HA,기이이인령,2660,2021-12-17,,2026-10-04 00:50:03,생일왕 폐위식,Giryung1003,https://cafe.naver.com/kilyung,mysmallvtuber.net,2026-10-06T11:27:37Z
fAnTEfNGcpeqfTCMd39u,기령,,chzzk,2fe88ab2b731edd48b7b11feaedbf294,https://chzzk.naver.com/2fe88ab2b731edd48b7b11feaedbf294,기령,13407,2021-12-17,,2026-10-04 00:50:03,생일왕 폐위식,Giryung1003,https://cafe.naver.com/kilyung,mysmallvtuber.net,2026-10-06T11:27:37Z
kZePysnTRHrgFP4NbdKe,아마이 로비,,youtube,UCf3clQuRsHqNWK1tAmr7hFA,https://www.youtube.com/channel/UCf3clQuRsHqNWK1tAmr7hFA,로비도비다시보기,326,2025-01-18,,2026-10-04 00:54:03,절대 점프를 신중하게 해 ( 켠왕 도전 ) ˖Ი𐑼ֶָ֢݁,Amai_Lovy,https://cafe.naver.com/veritaofficial,mysmallvtuber.net,2026-10-06T11:27:37Z
kZePysnTRHrgFP4NbdKe,아마이 로비,,chzzk,edd8e04e375fb80edd928f174c23c303,https://chzzk.naver.com/edd8e04e375fb80edd928f174c23c303,아마이 로비,3281,2025-01-18,,2026-10-04 00:54:03,절대 점프를 신중하게 해 ( 켠왕 도전 ) ˖Ი𐑼ֶָ֢݁,Amai_Lovy,https://cafe.naver.com/veritaofficial,mysmallvtuber.net,2026-10-06T11:27:37Z
D57RQdFm88DbFxSHKQaC,아이텔 시즈 Aitel Siz,Aitel Siz,youtube,UCyLMoSScYdXqJVGuNQd4tLg,https://www.youtube.com/channel/UCyLMoSScYdXqJVGuNQd4tLg,Siz ch. 아이텔 시즈,3360,2024-05-15,,2026-10-03 17:47:03,마지막 방?송! (이사),aitelsiz,https://cafe.naver.com/lussiacademy,mysmallvtuber.net,2026-10-06T11:27:37Z
D57RQdFm88DbFxSHKQaC,아이텔 시즈 Aitel Siz,Aitel Siz,youtube,UCEY45q9kTg1lCiWzqvxAXsQ,https://www.youtube.com/channel/UCEY45q9kTg1lCiWzqvxAXsQ,시즈의 영상 모음,781,2024-05-15,,2026-10-03 17:47:03,마지막 방?송! (이사),aitelsiz,https://cafe.naver.com/lussiacademy,mysmallvtuber.net,2026-10-06T11:27:37Z
D57RQdFm88DbFxSHKQaC,아이텔 시즈 Aitel Siz,Aitel Siz,chzzk,2629ef26d6abd8cf1fa7d52e83ba3542,https://chzzk.naver.com/2629ef26d6abd8cf1fa7d52e83ba3542,아이텔 시즈 Aitel Siz,2007,2024-05-15,,2026-10-03 17:47:03,마지막 방?송! (이사),aitelsiz,https://cafe.naver.com/lussiacademy,mysmallvtuber.net,2026-10-06T11:27:37Z
PHHCJTCHcRkAmEwefHFW,채의,,youtube,UCvitpVf3DJSz-tRiMUz85RA,https://www.youtube.com/channel/UCvitpVf3DJSz-tRiMUz85RA,채의,584,2025-01-25,,2026-10-03 17:23:03,✨ 라디오라는 건 어떻게 하는 거였지,1chaeUi,https://cafe.naver.com/chaezip,mysmallvtuber.net,2026-10-06T11:27:37Z
PHHCJTCHcRkAmEwefHFW,채의,,youtube,UCz7DgKcPSimQGV9j9R-DCiA,https://www.youtube.com/channel/UCz7DgKcPSimQGV9j9R-DCiA,채의 다시보기,317,2025-01-25,,2026-10-03 17:23:03,✨ 라디오라는 건 어떻게 하는 거였지,1chaeUi,https://cafe.naver.com/chaezip,mysmallvtuber.net,2026-10-06T11:27:37Z
PHHCJTCHcRkAmEwefHFW,채의,,chzzk,5833633de490a73da5d25801584b2ae6,https://chzzk.naver.com/5833633de490a73da5d25801584b2ae6,채의,899,2025-01-25,,2026-10-03 17:23:03,✨ 라디오라는 건 어떻게 하는 거였지,1chaeUi,https://cafe.naver.com/chaezip,mysmallvtuber.net,2026-10-06T11:27:37Z
KGjFkqL5NryERVeFCL8s,메이 May Lee,May Lee,chzzk,5b5123770ffc827fa7f98a8faccb7541,https://chzzk.naver.com/5b5123770ffc827fa7f98a8faccb7541,메이 May Lee,864,,,2026-10-04 00:37:02,메이와 함께 하는 수많은 게임들 (원신/젠존제/스타레일/모비노기.니케 등),,https://cafe.naver.com/carrothouse220206,mysmallvtuber.net,2026-10-06T11:27:37Z
UtLDD4B4wZAwcxXDTXUJ,비비챰,,youtube,UCwvU0ob3jN0w3zXmKaHM1og,https://www.youtube.com/channel/UCwvU0ob3jN0w3zXmKaHM1og,비비챰,800,2023-09-18,,2026-10-03 16:14:02,치ગ카와 인ન섬 보ヱ 병걸યૃ ⋌˫람 (ɷ ꒪ཀ꒪)ɷ,beebcham,https://cafe.naver.com/charmbar,mysmallvtuber.net,2026-10-06T11:27:37Z
UtLDD4B4wZAwcxXDTXUJ,비비챰,,youtube,UCbPE8lcPrguLziDJ6WBFfqA,https://www.youtube.com/channel/UCbPE8lcPrguLziDJ6WBFfqA,비비챰의 비챰식량,188,2023-09-18,,2026-10-03 16:14:02,치ગ카와 인ન섬 보ヱ 병걸યૃ ⋌˫람 (ɷ ꒪ཀ꒪)ɷ,beebcham,https://cafe.naver.com/charmbar,mysmallvtuber.net,2026-10-06T11:27:37Z
UtLDD4B4wZAwcxXDTXUJ,비비챰,,chzzk,5d2d579e1c5ddf327e10b024c0e7caaf,https://chzzk.naver.com/5d2d579e1c5ddf327e10b024c0e7caaf,비비챰,1505,2023-09-18,,2026-10-03 16:14:02,치ગ카와 인ન섬 보ヱ 병걸યૃ ⋌˫람 (ɷ ꒪ཀ꒪)ɷ,beebcham,https://cafe.naver.com/charmbar,mysmallvtuber.net,2026-10-06T11:27:37Z
BQ5sXk6SJBX3NVpedL2W,릴리작가,,youtube,UC2xvs-7qjM4Bsdo2H_rjz5w,https://www.youtube.com/channel/UC2xvs-7qjM4Bsdo2H_rjz5w,릴리작가 lillly,904,2023-07-30,,2026-10-03 20:16:03,짖차오랜만이네영,lillly____,,mysmallvtuber.net,2026-10-06T11:27:37Z
BQ5sXk6SJBX3NVpedL2W,릴리작가,,youtube,UCP55A0I0Z_CPaVlQRd-V0kA,https://www.youtube.com/channel/UCP55A0I0Z_CPaVlQRd-V0kA,lillly 다시보기,410,2023-07-30,,2026-10-03 20:16:03,짖차오랜만이네영,lillly____,,mysmallvtuber.net,2026-10-06T11:27:37Z
BQ5sXk6SJBX3NVpedL2W,릴리작가,,chzzk,e9c8944fd2ec93097c38a555225e4e4c,https://chzzk.naver.com/e9c8944fd2ec93097c38a555225e4e4c,릴리작가,1911,2023-07-30,,2026-10-03 20:16:03,짖차오랜만이네영,lillly____,,mysmallvtuber.net,2026-10-06T11:27:37Z
dknqELNku964HTMV8yJb,엘 카,,youtube,UCXrqgCG1-i9SHPbapDkTT2Q,https://www.youtube.com/channel/UCXrqgCG1-i9SHPbapDkTT2Q,엘카 - 엘 카오스 라이메데,10300,2024-07-13,,2026-10-03 19:14:03,[림버스 컴퍼니] -10장 하편 살려줏메,El_Chaos_,https://cafe.naver.com/vmz,mysmallvtuber.net,2026-10-06T11:27:37Z
dknqELNku964HTMV8yJb,엘 카,,chzzk,947ed33cc008b86f7f0e8796ea388961,https://chzzk.naver.com/947ed33cc008b86f7f0e8796ea388961,엘 카,1413,2024-07-13,,2026-10-03 19:14:03,[림버스 컴퍼니] -10장 하편 살려줏메,El_Chaos_,https://cafe.naver.com/vmz,mysmallvtuber.net,2026-10-06T11:27:37Z
hrXAHNf6UEupzGzeCYWJ,야튀,,youtube,UCMPF2NqOor1fm2Dr4wD6F7A,https://www.youtube.com/channel/UCMPF2NqOor1fm2Dr4wD6F7A,야튀,7050,2023-03-25,,2026-10-03 14:18:02,"1시 점심룰렛 : 흰죽..ㅡ,ㅡ💜",,https://cafe.naver.com/tiyas2,mysmallvtuber.net,2026-10-06T11:27:37Z
hrXAHNf6UEupzGzeCYWJ,야튀,,chzzk,aaeef066de9c7ccf3693297a45ab9d9d,https://chzzk.naver.com/aaeef066de9c7ccf3693297a45ab9d9d,야튀,11162,2023-03-25,,2026-10-03 14:18:02,"1시 점심룰렛 : 흰죽..ㅡ,ㅡ💜",,https://cafe.naver.com/tiyas2,mysmallvtuber.net,2026-10-06T11:27:37Z
fg3ygwr3WBvD2GDksR7T,뮤리벨렌,,youtube,UCL-Grc9abeU61MyN7-2CVhQ,https://www.youtube.com/channel/UCL-Grc9abeU61MyN7-2CVhQ,뮤리벨렌 베타,501,2024-08-01,,2026-10-03 16:08:02,느엥므엥 애니모 첫날,baleine0501,https://cafe.naver.com/baleine0501,mysmallvtuber.net,2026-10-06T11:27:37Z
fg3ygwr3WBvD2GDksR7T,뮤리벨렌,,youtube,UC4BQnAIQr1-pp3rSrCGgdgw,https://www.youtube.com/channel/UC4BQnAIQr1-pp3rSrCGgdgw,뮤리보기,206,2024-08-01,,2026-10-03 16:08:02,느엥므엥 애니모 첫날,baleine0501,https://cafe.naver.com/baleine0501,mysmallvtuber.net,2026-10-06T11:27:37Z
fg3ygwr3WBvD2GDksR7T,뮤리벨렌,,chzzk,92bfebace004726ea337b3b911f579fe,https://chzzk.naver.com/92bfebace004726ea337b3b911f579fe,뮤리벨렌,3517,2024-08-01,,2026-10-03 16:08:02,느엥므엥 애니모 첫날,baleine0501,https://cafe.naver.com/baleine0501,mysmallvtuber.net,2026-10-06T11:27:37Z
JBQjfvKgZQYQMxMgeNHe,짤녀와 많쿠만in텟슈,in,youtube,UCJ-soEmJLdj_fSpBU5RpQyg,https://www.youtube.com/channel/UCJ-soEmJLdj_fSpBU5RpQyg,짤녀와 많쿠만in텟슈,1970,2024-04-10,,2026-10-03 12:43:03,절대 adhd약을 먹고 자1지 마세요,zo90000___,https://cafe.naver.com/90000man,mysmallvtuber.net,2026-10-06T11:27:37Z
JBQjfvKgZQYQMxMgeNHe,짤녀와 많쿠만in텟슈,in,youtube,UCJ-soEmJLdj_fSpBU5RpQyg,https://www.youtube.com/channel/UCJ-soEmJLdj_fSpBU5RpQyg,짤녀와 많쿠만in텟슈,1970,2024-04-10,,2026-10-03 12:43:03,절대 adhd약을 먹고 자1지 마세요,zo90000___,https://cafe.naver.com/90000man,mysmallvtuber.net,2026-10-06T11:27:37Z
JBQjfvKgZQYQMxMgeNHe,짤녀와 많쿠만in텟슈,in,chzzk,9ce95ae0f4a9c2fc99b5ecba1ba91cb7,https://chzzk.naver.com/9ce95ae0f4a9c2fc99b5ecba1ba91cb7,짤녀와 많쿠만in텟슈,3132,2024-04-10,,2026-10-03 12:43:03,절대 adhd약을 먹고 자1지 마세요,zo90000___,https://cafe.naver.com/90000man,mysmallvtuber.net,2026-10-06T11:27:37Z
qXtcmbSx3F26h4suJVwb,세 츠린,,youtube,UCUpRtETAiIgIzK-DvsqvApA,https://www.youtube.com/channel/UCUpRtETAiIgIzK-DvsqvApA,세츠린,1200,2023-11-18,,2026-10-03 14:01:02,이 시지프 백화점과 버스팀 운명은 어케 되는거냐아앗!!!! (10장 하편 part.2),Setsurin_Vtuber,,mysmallvtuber.net,2026-10-06T11:27:37Z
qXtcmbSx3F26h4suJVwb,세 츠린,,chzzk,55b869d787c9298c6497b9ab72da023b,https://chzzk.naver.com/55b869d787c9298c6497b9ab72da023b,세 츠린,870,2023-11-18,,2026-10-03 14:01:02,이 시지프 백화점과 버스팀 운명은 어케 되는거냐아앗!!!! (10장 하편 part.2),Setsurin_Vtuber,,mysmallvtuber.net,2026-10-06T11:27:37Z
AHDEAyxcZwpyMfmju4rP,도엔 Doen,Doen,youtube,UCdWce0Ze5i9iwm3PM-oSoqQ,https://www.youtube.com/channel/UCdWce0Ze5i9iwm3PM-oSoqQ,도엔 디스크 (D:),110,2025-09-20,,2026-10-03 15:17:02,【V-ARA】 노는게 제일 좋아아아아~,doen_ronea,https://cafe.naver.com/novasac,mysmallvtuber.net,2026-10-06T11:27:37Z
AHDEAyxcZwpyMfmju4rP,도엔 Doen,Doen,chzzk,d777edf28d4e27ee8449bf465d36a693,https://chzzk.naver.com/d777edf28d4e27ee8449bf465d36a693,도엔 Doen,931,2025-09-20,,2026-10-03 15:17:02,【V-ARA】 노는게 제일 좋아아아아~,doen_ronea,https://cafe.naver.com/novasac,mysmallvtuber.net,2026-10-06T11:27:37Z
x59beqtuUzpbscyEzJN6,사사야키 리네,,youtube,UCWJzY43dtKa9d2LnFSRcVCQ,https://www.youtube.com/channel/UCWJzY43dtKa9d2LnFSRcVCQ,사사야키 리네 【HIDOCUTION】,1010,2024-11-23,,2026-10-03 11:09:02,🩵오랜만에 생존신고ㅣ💌히도쿠션,Sasayaki_reine,https://hez.gg/fan-city/jFIeg8VIF4oPeVNaTUv2,mysmallvtuber.net,2026-10-06T11:27:37Z
x59beqtuUzpbscyEzJN6,사사야키 리네,,youtube,UC9dKvCFe1-eDgFUrZiXukNg,https://www.youtube.com/channel/UC9dKvCFe1-eDgFUrZiXukNg,긴 리네 다시보기,38,2024-11-23,,2026-10-03 11:09:02,🩵오랜만에 생존신고ㅣ💌히도쿠션,Sasayaki_reine,https://hez.gg/fan-city/jFIeg8VIF4oPeVNaTUv2,mysmallvtuber.net,2026-10-06T11:27:37Z
x59beqtuUzpbscyEzJN6,사사야키 리네,,chzzk,e9009ccf115e0a550d44158bdbb2fc83,https://chzzk.naver.com/e9009ccf115e0a550d44158bdbb2fc83,사사야키 리네,483,2024-11-23,,2026-10-03 11:09:02,🩵오랜만에 생존신고ㅣ💌히도쿠션,Sasayaki_reine,https://hez.gg/fan-city/jFIeg8VIF4oPeVNaTUv2,mysmallvtuber.net,2026-10-06T11:27:37Z
TcLbDxA7AqPLHX8q75JN,해로해롱,,youtube,UCyHXCjX7HjLaKxniN9HAhJg,https://www.youtube.com/channel/UCyHXCjX7HjLaKxniN9HAhJg,해로해롱,71,2024-05-31,,2026-10-03 09:34:03,뭐할지 모르지만 일단 방송을 켜,sea_way1212,https://cafe.naver.com/monglebase,mysmallvtuber.net,2026-10-06T11:27:37Z
TcLbDxA7AqPLHX8q75JN,해로해롱,,chzzk,bca004bab58630f78120d53d583afa71,https://chzzk.naver.com/bca004bab58630f78120d53d583afa71,해로해롱,1154,2024-05-31,,2026-10-03 09:34:03,뭐할지 모르지만 일단 방송을 켜,sea_way1212,https://cafe.naver.com/monglebase,mysmallvtuber.net,2026-10-06T11:27:37Z
K4As5HuKWRqQbQdk82bB,청둥찌덕,,youtube,UCgk1EkzqRVImgdopzZatFgQ,https://www.youtube.com/channel/UCgk1EkzqRVImgdopzZatFgQ,청둥찌덕,2760,2024-10-09,,2026-10-03 10:57:03,♚♚ 청둥찌덕 ☆복귀방송♚♚치지직 채널 $$ 팔로우 시☜☜100% 채팅읽기※ ♜음담패설♜ 무료증정💴 가입코드 §§zziduk§§★악마의 혓바닥★1:1 소통 획득기회@@@,CD_zziduk,https://cafe.naver.com/zzidukzziduk,mysmallvtuber.net,2026-10-06T11:27:37Z
K4As5HuKWRqQbQdk82bB,청둥찌덕,,chzzk,f53081b9a3ceaea1742f413a83258b38,https://chzzk.naver.com/f53081b9a3ceaea1742f413a83258b38,청둥찌덕,2336,2024-10-09,,2026-10-03 10:57:03,♚♚ 청둥찌덕 ☆복귀방송♚♚치지직 채널 $$ 팔로우 시☜☜100% 채팅읽기※ ♜음담패설♜ 무료증정💴 가입코드 §§zziduk§§★악마의 혓바닥★1:1 소통 획득기회@@@,CD_zziduk,https://cafe.naver.com/zzidukzziduk,mysmallvtuber.net,2026-10-06T11:27:37Z
pdbdQaSEJyw9b2h4kEhX,리츄쨩,,youtube,UCigqjGFwap1eUxpLPS5UWiw,https://www.youtube.com/channel/UCigqjGFwap1eUxpLPS5UWiw,리츄쨩 richuu,545,2024-07-18,,2026-10-02 22:42:03,모뱅 잠시..,richuu94,https://cafe.naver.com/richuu,mysmallvtuber.net,2026-10-06T11:27:37Z
pdbdQaSEJyw9b2h4kEhX,리츄쨩,,youtube,UCnz3LNxNfLsDYa5T4MCg2Dw,https://www.youtube.com/channel/UCnz3LNxNfLsDYa5T4MCg2Dw,리츄 풀영상,250,2024-07-18,,2026-10-02 22:42:03,모뱅 잠시..,richuu94,https://cafe.naver.com/richuu,mysmallvtuber.net,2026-10-06T11:27:37Z
pdbdQaSEJyw9b2h4kEhX,리츄쨩,,chzzk,a84af7f8c35b72723e1908452b276cb8,https://chzzk.naver.com/a84af7f8c35b72723e1908452b276cb8,리츄쨩,6572,2024-07-18,,2026-10-02 22:42:03,모뱅 잠시..,richuu94,https://cafe.naver.com/richuu,mysmallvtuber.net,2026-10-06T11:27:37Z
ns4EWsNCRpNdAKsAB55Q,치키쨩,,youtube,UCqJm6I1N1imlPye_Tjocvyw,https://www.youtube.com/channel/UCqJm6I1N1imlPye_Tjocvyw,치키,3790,2026-04-24,,2026-10-02 23:02:02,오느른 진짜진짜진짜 짧뱅이야아아아아,cjsqkd__,https://cafe.naver.com/chikilab,mysmallvtuber.net,2026-10-06T11:27:37Z
ns4EWsNCRpNdAKsAB55Q,치키쨩,,chzzk,a8d3331f7800b3b40287923d80e35f8a,https://chzzk.naver.com/a8d3331f7800b3b40287923d80e35f8a,치키쨩,262,2026-04-24,,2026-10-02 23:02:02,오느른 진짜진짜진짜 짧뱅이야아아아아,cjsqkd__,https://cafe.naver.com/chikilab,mysmallvtuber.net,2026-10-06T11:27:37Z
BA7ctZezW6dvTNP5x8RA,키르슈 아슈,,youtube,UChv_MYJLqw3EZSYiszEMZnw,https://www.youtube.com/channel/UChv_MYJLqw3EZSYiszEMZnw,Asyu CH. 키르슈 아슈,2440,2024-05-15,,2026-10-03 00:04:03,🩸이터너리딴~,kileusyu_asyu,https://cafe.naver.com/lussiacademy,mysmallvtuber.net,2026-10-06T11:27:37Z
BA7ctZezW6dvTNP5x8RA,키르슈 아슈,,chzzk,f90f9a806fe5446bd87c7f4244451e00,https://chzzk.naver.com/f90f9a806fe5446bd87c7f4244451e00,키르슈 아슈,1285,2024-05-15,,2026-10-03 00:04:03,🩸이터너리딴~,kileusyu_asyu,https://cafe.naver.com/lussiacademy,mysmallvtuber.net,2026-10-06T11:27:37Z
2cj2BWAgEQt3KkHAn9SP,박지크,,chzzk,c35e9fd23206ca9e3b620a3dd4c110e1,https://chzzk.naver.com/c35e9fd23206ca9e3b620a3dd4c110e1,박지크,832,2024-02-21,,2026-10-03 03:28:02,[VCZ] 마크의달인 대항전 [ 블루팀 ] 벌칙: 메이드복 반캠,zeke781202,https://discord.com/invite/pBn35J4jvA,mysmallvtuber.net,2026-10-06T11:27:37Z
NQGEeQjAwmYK8kn7u9Yw,정베르 JEONG BER,JEONG BER,youtube,UCs0wkvWKwqg-U09fvrVg3DA,https://www.youtube.com/channel/UCs0wkvWKwqg-U09fvrVg3DA,비활성화,218,2024-12-07,,2026-10-03 03:13:03,【!데뷔】🎵노래 추천 받으며 부르기도 하는 잔잔 저챗 방송이랍니다.,berte_v_,https://cafe.naver.com/vertev,mysmallvtuber.net,2026-10-06T11:27:37Z
NQGEeQjAwmYK8kn7u9Yw,정베르 JEONG BER,JEONG BER,youtube,UCzFcsMQRmgzaPG0qFGMQ9oA,https://www.youtube.com/channel/UCzFcsMQRmgzaPG0qFGMQ9oA,베르의 다시보기,35,2024-12-07,,2026-10-03 03:13:03,【!데뷔】🎵노래 추천 받으며 부르기도 하는 잔잔 저챗 방송이랍니다.,berte_v_,https://cafe.naver.com/vertev,mysmallvtuber.net,2026-10-06T11:27:37Z
NQGEeQjAwmYK8kn7u9Yw,정베르 JEONG BER,JEONG BER,chzzk,f83b18e17d760163fdbd6e9512d5fdfb,https://chzzk.naver.com/f83b18e17d760163fdbd6e9512d5fdfb,정베르 JEONG BER,3166,2024-12-07,,2026-10-03 03:13:03,【!데뷔】🎵노래 추천 받으며 부르기도 하는 잔잔 저챗 방송이랍니다.,berte_v_,https://cafe.naver.com/vertev,mysmallvtuber.net,2026-10-06T11:27:37Z
GaSWXe7FgkAjmUbU93su,유쟝이,,youtube,UCvfsKEhUPZHbewhoZKazZ4A,https://www.youtube.com/channel/UCvfsKEhUPZHbewhoZKazZ4A,유쟝이,8730,2018-01-14,,2026-10-02 23:08:02,건강 매롱한 청년=게이지 오늘종료!=,YJI0805,https://discord.com/invite/SbPvE8V,mysmallvtuber.net,2026-10-06T11:27:37Z
GaSWXe7FgkAjmUbU93su,유쟝이,,youtube,UCqmGTvWui-kG8m5dX7XvA6A,https://www.youtube.com/channel/UCqmGTvWui-kG8m5dX7XvA6A,Yujang ASMR,173,2018-01-14,,2026-10-02 23:08:02,건강 매롱한 청년=게이지 오늘종료!=,YJI0805,https://discord.com/invite/SbPvE8V,mysmallvtuber.net,2026-10-06T11:27:37Z
GaSWXe7FgkAjmUbU93su,유쟝이,,chzzk,26957114ae96093a6c58f3ecf9a47aae,https://chzzk.naver.com/26957114ae96093a6c58f3ecf9a47aae,유쟝이,3368,2018-01-14,,2026-10-02 23:08:02,건강 매롱한 청년=게이지 오늘종료!=,YJI0805,https://discord.com/invite/SbPvE8V,mysmallvtuber.net,2026-10-06T11:27:37Z
JGPH4tjqzfcGyt3NWbRu,모잉,,youtube,UCHzre37UF4o64HRhp-7CDzQ,https://www.youtube.com/channel/UCHzre37UF4o64HRhp-7CDzQ,모잉,145000,2018-02-22,,2026-10-02 22:56:02,[V] 카톡 레전드 고백 이상형 월드컵💜,,https://cafe.naver.com/moinge,mysmallvtuber.net,2026-10-06T11:27:37Z
JGPH4tjqzfcGyt3NWbRu,모잉,,youtube,UC2fJutQqQRGmlbqiAYFsBuQ,https://www.youtube.com/channel/UC2fJutQqQRGmlbqiAYFsBuQ,모잉 다시보기,17800,2018-02-22,,2026-10-02 22:56:02,[V] 카톡 레전드 고백 이상형 월드컵💜,,https://cafe.naver.com/moinge,mysmallvtuber.net,2026-10-06T11:27:37Z
JGPH4tjqzfcGyt3NWbRu,모잉,,chzzk,1d333ff175b4db5bd06f87a88579ec1e,https://chzzk.naver.com/1d333ff175b4db5bd06f87a88579ec1e,모잉,49209,2018-02-22,,2026-10-02 22:56:02,[V] 카톡 레전드 고백 이상형 월드컵💜,,https://cafe.naver.com/moinge,mysmallvtuber.net,2026-10-06T11:27:37Z
PDZZpQ7cq5tQmZ8TRWFj,시애,,youtube,UCMrZvR9JQC2MjP1Amz-wEVg,https://www.youtube.com/channel/UCMrZvR9JQC2MjP1Amz-wEVg,시애,1940,,,2026-10-02 22:39:03,초심찾기,sie3141,,mysmallvtuber.net,2026-10-06T11:27:37Z
PDZZpQ7cq5tQmZ8TRWFj,시애,,chzzk,b3aed32fb4b62f27765a4d890acbd695,https://chzzk.naver.com/b3aed32fb4b62f27765a4d890acbd695,시애,914,,,2026-10-02 22:39:03,초심찾기,sie3141,,mysmallvtuber.net,2026-10-06T11:27:37Z
gA6GjuDTuRBUeH2MfSHL,비야무,,youtube,UC63oOGcY5LJeRZih7TPSYbw,https://www.youtube.com/channel/UC63oOGcY5LJeRZih7TPSYbw,B_yamu,19600,2022-10-30,,2026-10-02 22:14:03,친절하지는 못한 증바람 시참,beeyamu,,mysmallvtuber.net,2026-10-06T11:27:37Z
gA6GjuDTuRBUeH2MfSHL,비야무,,youtube,UCI9sJgPLQnP7l_T6ZeTpvIg,https://www.youtube.com/channel/UCI9sJgPLQnP7l_T6ZeTpvIg,B_yamu Archive,350,2022-10-30,,2026-10-02 22:14:03,친절하지는 못한 증바람 시참,beeyamu,,mysmallvtuber.net,2026-10-06T11:27:37Z
gA6GjuDTuRBUeH2MfSHL,비야무,,chzzk,e8ff504bacb0216638849e6a7932615a,https://chzzk.naver.com/e8ff504bacb0216638849e6a7932615a,비야무,1790,2022-10-30,,2026-10-02 22:14:03,친절하지는 못한 증바람 시참,beeyamu,,mysmallvtuber.net,2026-10-06T11:27:37Z
lf5D82a6YmUpqY33I3Re,데인문 언체인드,,youtube,UCuTzELh43r6Ns9MtNlzgc-g,https://www.youtube.com/channel/UCuTzELh43r6Ns9MtNlzgc-g,데인문 언체인드 / THEINMOON UNCHAINED,1680,2022-08-15,,2026-10-03 02:10:04,이제 곧 헌랭 100!!,Theinmoon_,,mysmallvtuber.net,2026-10-06T11:27:37Z
lf5D82a6YmUpqY33I3Re,데인문 언체인드,,youtube,UCKHd02p3iKO7gpSfCtdKeFQ,https://www.youtube.com/channel/UCKHd02p3iKO7gpSfCtdKeFQ,데인문 아카이브 / THEINMOON ARCHIVE,182,2022-08-15,,2026-10-03 02:10:04,이제 곧 헌랭 100!!,Theinmoon_,,mysmallvtuber.net,2026-10-06T11:27:37Z
lf5D82a6YmUpqY33I3Re,데인문 언체인드,,chzzk,14a147ac667ed76ae97fe61cb6837c32,https://chzzk.naver.com/14a147ac667ed76ae97fe61cb6837c32,데인문 언체인드,593,2022-08-15,,2026-10-03 02:10:04,이제 곧 헌랭 100!!,Theinmoon_,,mysmallvtuber.net,2026-10-06T11:27:37Z
wsVwFF3HwKdq6mz9J3VC,이제티,,youtube,UCIuOr6ncaZhbQLGw7w7f3-g,https://www.youtube.com/channel/UCIuOr6ncaZhbQLGw7w7f3-g,이제티,2220,,,2026-10-02 20:54:02,이 바보야!!!!!!!!,,https://cafe.naver.com/2jeti,mysmallvtuber.net,2026-10-06T11:27:37Z
wsVwFF3HwKdq6mz9J3VC,이제티,,chzzk,59d1ee13557da26ad445edd67fa8e453,https://chzzk.naver.com/59d1ee13557da26ad445edd67fa8e453,이제티,535,,,2026-10-02 20:54:02,이 바보야!!!!!!!!,,https://cafe.naver.com/2jeti,mysmallvtuber.net,2026-10-06T11:27:37Z
NSckdr2LqSFrxzBK6Pkm,김모야moya,moya,youtube,UCkVtqHuPtnVDdT-GY35mdyA,https://www.youtube.com/channel/UCkVtqHuPtnVDdT-GY35mdyA,김모야,31,2025-03-04,,2026-10-03 01:22:03,일하러 가기전 지오 깔랄라,,https://cafe.naver.com/gimmoya,mysmallvtuber.net,2026-10-06T11:27:37Z
NSckdr2LqSFrxzBK6Pkm,김모야moya,moya,youtube,UCIM-IX9s1nUI1NzoPsovWcw,https://www.youtube.com/channel/UCIM-IX9s1nUI1NzoPsovWcw,김모야 다시보기,34,2025-03-04,,2026-10-03 01:22:03,일하러 가기전 지오 깔랄라,,https://cafe.naver.com/gimmoya,mysmallvtuber.net,2026-10-06T11:27:37Z
NSckdr2LqSFrxzBK6Pkm,김모야moya,moya,chzzk,e1acdaf981a068dedb3edfdd9c0ad452,https://chzzk.naver.com/e1acdaf981a068dedb3edfdd9c0ad452,김모야moya,887,2025-03-04,,2026-10-03 01:22:03,일하러 가기전 지오 깔랄라,,https://cafe.naver.com/gimmoya,mysmallvtuber.net,2026-10-06T11:27:37Z
wFG1z1e3TBd84eYD8yW2,라모 LAMO,LAMO,youtube,UCxhekwz6B78uEMNwkzbKXRw,https://www.youtube.com/channel/UCxhekwz6B78uEMNwkzbKXRw,라모 LAMO Channel,1550,2022-05-27,,2026-10-02 19:28:03,자기좋은거하기(리버스1999),lamo_vtuber,https://cafe.naver.com/gaemigool,mysmallvtuber.net,2026-10-06T11:27:37Z
wFG1z1e3TBd84eYD8yW2,라모 LAMO,LAMO,youtube,UC05HxgrO69ROuEKD8_s8rwA,https://www.youtube.com/channel/UC05HxgrO69ROuEKD8_s8rwA,LONG라모,971,2022-05-27,,2026-10-02 19:28:03,자기좋은거하기(리버스1999),lamo_vtuber,https://cafe.naver.com/gaemigool,mysmallvtuber.net,2026-10-06T11:27:37Z
wFG1z1e3TBd84eYD8yW2,라모 LAMO,LAMO,chzzk,c663e425e015731a5665a57fbac30bb6,https://chzzk.naver.com/c663e425e015731a5665a57fbac30bb6,라모 LAMO,2047,2022-05-27,,2026-10-02 19:28:03,자기좋은거하기(리버스1999),lamo_vtuber,https://cafe.naver.com/gaemigool,mysmallvtuber.net,2026-10-06T11:27:37Z
LMA7yWTyXGfVL4NBLXz8,양 치기,,youtube,UCk_ns23dzTbkrcuWLeaJjcw,https://www.youtube.com/channel/UCk_ns23dzTbkrcuWLeaJjcw,양치기,1310,2025-07-07,,2026-10-02 20:43:03,라오어만 키면 버츄얼이 안되는 사람이 있다네🧟,yang_cg1,https://cafe.naver.com/romanciers2,mysmallvtuber.net,2026-10-06T11:27:37Z
LMA7yWTyXGfVL4NBLXz8,양 치기,,youtube,UCgZA8FbDJc9xZGrEOfhJ3GA,https://www.youtube.com/channel/UCgZA8FbDJc9xZGrEOfhJ3GA,양치기 다시보기,353,2025-07-07,,2026-10-02 20:43:03,라오어만 키면 버츄얼이 안되는 사람이 있다네🧟,yang_cg1,https://cafe.naver.com/romanciers2,mysmallvtuber.net,2026-10-06T11:27:37Z
LMA7yWTyXGfVL4NBLXz8,양 치기,,chzzk,41bb3c0d8601b085337900ef18f4f695,https://chzzk.naver.com/41bb3c0d8601b085337900ef18f4f695,양 치기,1356,2025-07-07,,2026-10-02 20:43:03,라오어만 키면 버츄얼이 안되는 사람이 있다네🧟,yang_cg1,https://cafe.naver.com/romanciers2,mysmallvtuber.net,2026-10-06T11:27:37Z
krm9UnnywYvByYJYKeGL,한작희,,youtube,UCYPxb8PLl_AxPjAF8nUf1dw,https://www.youtube.com/channel/UCYPxb8PLl_AxPjAF8nUf1dw,한작희 JAKHEE,381,2024-02-24,,2026-10-01 23:28:03,자기 전 인사🦊🌺,jakheeyam,https://cafe.naver.com/vpik,mysmallvtuber.net,2026-10-06T11:27:37Z
krm9UnnywYvByYJYKeGL,한작희,,youtube,UCI9icvJgFkeIIzuladz1WOQ,https://www.youtube.com/channel/UCI9icvJgFkeIIzuladz1WOQ,두작희 채널,53,2024-02-24,,2026-10-01 23:28:03,자기 전 인사🦊🌺,jakheeyam,https://cafe.naver.com/vpik,mysmallvtuber.net,2026-10-06T11:27:37Z
krm9UnnywYvByYJYKeGL,한작희,,chzzk,356301b927585e2a88ce475882049ca0,https://chzzk.naver.com/356301b927585e2a88ce475882049ca0,한작희,803,2024-02-24,,2026-10-01 23:28:03,자기 전 인사🦊🌺,jakheeyam,https://cafe.naver.com/vpik,mysmallvtuber.net,2026-10-06T11:27:37Z
L4QdxkE5u3X4NAjqmPXD,므메 mume,mume,youtube,UC2ip4HC1PemGNePtle6eKdg,https://www.youtube.com/channel/UC2ip4HC1PemGNePtle6eKdg,므메 mume,39,2025-11-07,,2026-10-01 23:08:02,"˚₊‧꒰ა[띵엘표류기] 아델라 쫌만 연습하고 마크들어갈뤵.,,, ໒꒱ ‧₊˚",muemei1107,https://cafe.naver.com/muemeicafe,mysmallvtuber.net,2026-10-06T11:27:37Z
L4QdxkE5u3X4NAjqmPXD,므메 mume,mume,chzzk,1719cd70a390172a286f31eeea644272,https://chzzk.naver.com/1719cd70a390172a286f31eeea644272,므메 mume,846,2025-11-07,,2026-10-01 23:08:02,"˚₊‧꒰ა[띵엘표류기] 아델라 쫌만 연습하고 마크들어갈뤵.,,, ໒꒱ ‧₊˚",muemei1107,https://cafe.naver.com/muemeicafe,mysmallvtuber.net,2026-10-06T11:27:37Z
XpCAEUyJscNUyyHhcdJ5,우엉초,,chzzk,cf508ad755c0e3bf1a66d7649cf2cbf0,https://chzzk.naver.com/cf508ad755c0e3bf1a66d7649cf2cbf0,우엉초,211,,,2026-10-02 00:16:03,마듀스 시참 및 영상보기 합니다. (룸 정보: 927074) 브금 추천스 언젠든지 가능,,https://cafe.naver.com/ueoncho,mysmallvtuber.net,2026-10-06T11:27:37Z
zkVgNbF6AkATsCdGBdzj,유논 YUNON,YUNON,youtube,UCtD8lp3h303iLyIJZ9c2lYA,https://www.youtube.com/channel/UCtD8lp3h303iLyIJZ9c2lYA,유논 YUNON [VRECORD],11600,2022-01-22,,2026-10-01 23:22:03,저 내일 임플란트 해요,vrecord_yunon,https://cafe.naver.com/vrecord,mysmallvtuber.net,2026-10-06T11:27:37Z
zkVgNbF6AkATsCdGBdzj,유논 YUNON,YUNON,chzzk,575b8dd00630a025c9ad3729df908abf,https://chzzk.naver.com/575b8dd00630a025c9ad3729df908abf,유논 YUNON,8090,2022-01-22,,2026-10-01 23:22:03,저 내일 임플란트 해요,vrecord_yunon,https://cafe.naver.com/vrecord,mysmallvtuber.net,2026-10-06T11:27:37Z
juta44EjgNwJaVs2KNtY,뽀땃쥐,,youtube,UCTsdKQlyrUyKwOmwkrTm-tg,https://www.youtube.com/channel/UCTsdKQlyrUyKwOmwkrTm-tg,뽀땃쥐,137,2026-02-14,,2026-10-01 23:28:03,"분유내 아니라고 ! w.김루샤, 하뉴엘 리 잔느, 루드 [V/유입환영]",bboshrew,https://discord.com/invite/SWuTD2rerE,mysmallvtuber.net,2026-10-06T11:27:37Z
juta44EjgNwJaVs2KNtY,뽀땃쥐,,youtube,UCjRdQ7da8B1rUS2Hl2zXEQA,https://www.youtube.com/channel/UCjRdQ7da8B1rUS2Hl2zXEQA,땃시보기,25,2026-02-14,,2026-10-01 23:28:03,"분유내 아니라고 ! w.김루샤, 하뉴엘 리 잔느, 루드 [V/유입환영]",bboshrew,https://discord.com/invite/SWuTD2rerE,mysmallvtuber.net,2026-10-06T11:27:37Z
juta44EjgNwJaVs2KNtY,뽀땃쥐,,chzzk,e19ec9ca473e36a0b6c1bc164684229b,https://chzzk.naver.com/e19ec9ca473e36a0b6c1bc164684229b,뽀땃쥐,632,2026-02-14,,2026-10-01 23:28:03,"분유내 아니라고 ! w.김루샤, 하뉴엘 리 잔느, 루드 [V/유입환영]",bboshrew,https://discord.com/invite/SWuTD2rerE,mysmallvtuber.net,2026-10-06T11:27:37Z
m9krbDjQQfSqunKYrwQt,평온히,,youtube,UC91PV99qZBpPPbHgjjf7AZQ,https://www.youtube.com/channel/UC91PV99qZBpPPbHgjjf7AZQ,평온히,46,,,2026-10-01 21:10:05,냐므냐므방송,,https://discord.com/invite/rRehMWkgJ5,mysmallvtuber.net,2026-10-06T11:27:37Z
m9krbDjQQfSqunKYrwQt,평온히,,chzzk,35bea071d345d0b1318d996f1b06d2b6,https://chzzk.naver.com/35bea071d345d0b1318d996f1b06d2b6,평온히,403,,,2026-10-01 21:10:05,냐므냐므방송,,https://discord.com/invite/rRehMWkgJ5,mysmallvtuber.net,2026-10-06T11:27:37Z
hD6vDqyvxc26v3RHF6XX,나기농 Naginong,Naginong,youtube,UCNU8VMjVkYK9INB_rMy0nyg,https://www.youtube.com/channel/UCNU8VMjVkYK9INB_rMy0nyg,나기농의 하루나기,2610,2020-05-20,,2026-10-01 21:52:03,새 마이크와 함께하는 고구마 리뷰읽기!,Nagi_nong,https://cafe.naver.com/vnonghyup,mysmallvtuber.net,2026-10-06T11:27:37Z
hD6vDqyvxc26v3RHF6XX,나기농 Naginong,Naginong,chzzk,815e59f45c098781bc94e7832bf682b9,https://chzzk.naver.com/815e59f45c098781bc94e7832bf682b9,나기농 Naginong,930,2020-05-20,,2026-10-01 21:52:03,새 마이크와 함께하는 고구마 리뷰읽기!,Nagi_nong,https://cafe.naver.com/vnonghyup,mysmallvtuber.net,2026-10-06T11:27:37Z
xwAcyNDA6baGf9Sc6Nq3,우냐냥,,youtube,UCvQ-PAkKB4OMABHY5dOi8uw,https://www.youtube.com/channel/UCvQ-PAkKB4OMABHY5dOi8uw,우냐냥,501,,,2026-10-01 23:36:03,이제 진짜 가을이 온 거 같지 않음?,QUICHE_E,https://cafe.naver.com/vcanvas,mysmallvtuber.net,2026-10-06T11:27:37Z
xwAcyNDA6baGf9Sc6Nq3,우냐냥,,youtube,UCMtvf6TQrb8forMcWjzMgHA,https://www.youtube.com/channel/UCMtvf6TQrb8forMcWjzMgHA,우냐냥의 다시보기,121,,,2026-10-01 23:36:03,이제 진짜 가을이 온 거 같지 않음?,QUICHE_E,https://cafe.naver.com/vcanvas,mysmallvtuber.net,2026-10-06T11:27:37Z
xwAcyNDA6baGf9Sc6Nq3,우냐냥,,chzzk,7f9142e6c0a044d845b5c8dc6cba45ef,https://chzzk.naver.com/7f9142e6c0a044d845b5c8dc6cba45ef,우냐냥,1271,,,2026-10-01 23:36:03,이제 진짜 가을이 온 거 같지 않음?,QUICHE_E,https://cafe.naver.com/vcanvas,mysmallvtuber.net,2026-10-06T11:27:37Z
F3b5kFuVE8VeGhHTxRLT,쿠마 4호,,youtube,UCy1zFoWE_5h1g8XXXOG99nA,https://www.youtube.com/channel/UCy1zFoWE_5h1g8XXXOG99nA,쿠마 4호 Kuma Mk.4,341,2023-07-16,,2026-10-01 20:06:02,오늘의 기분은 약간 환절기 비염,shiroKuma4go,,mysmallvtuber.net,2026-10-06T11:27:37Z
F3b5kFuVE8VeGhHTxRLT,쿠마 4호,,chzzk,576a1f338cf99caf24d05f9fd96c481f,https://chzzk.naver.com/576a1f338cf99caf24d05f9fd96c481f,쿠마 4호,897,2023-07-16,,2026-10-01 20:06:02,오늘의 기분은 약간 환절기 비염,shiroKuma4go,,mysmallvtuber.net,2026-10-06T11:27:37Z
8CpyphwzpkeuQbQyMcAp,토랴몽,,youtube,UCynbm114m3o-rb93TUBM-oQ,https://www.youtube.com/channel/UCynbm114m3o-rb93TUBM-oQ,토랴몽,7200,2023-12-19,,2026-10-01 19:11:02,빕어님 건실 유튜브 영상 같이 보고 퇴근합시다 [유부녀즈],toryamong09,https://cafe.naver.com/soldoutvtuber,mysmallvtuber.net,2026-10-06T11:27:37Z
8CpyphwzpkeuQbQyMcAp,토랴몽,,youtube,UC3mZlbuDv_WxtSp5tJM1gaA,https://www.youtube.com/channel/UC3mZlbuDv_WxtSp5tJM1gaA,토랴몽의 먹다 남은 이유식,438,2023-12-19,,2026-10-01 19:11:02,빕어님 건실 유튜브 영상 같이 보고 퇴근합시다 [유부녀즈],toryamong09,https://cafe.naver.com/soldoutvtuber,mysmallvtuber.net,2026-10-06T11:27:37Z
8CpyphwzpkeuQbQyMcAp,토랴몽,,soop,choisy200009,https://ch.sooplive.co.kr/choisy200009,토랴몽,2515,2023-12-19,,2026-10-01 19:11:02,빕어님 건실 유튜브 영상 같이 보고 퇴근합시다 [유부녀즈],toryamong09,https://cafe.naver.com/soldoutvtuber,mysmallvtuber.net,2026-10-06T11:27:37Z
ZyZjQvs2EemXTdhTVvta,타마요yo,yo,youtube,UCrri_esYVyXjCPA2Fk1lppg,https://www.youtube.com/channel/UCrri_esYVyXjCPA2Fk1lppg,타마요yo,97,,,2026-10-01 09:16:03,🍳 쫀아!! 너무 추어. 너무 추어탕. 감기조심해요 모두 ( •̀ .̫ •́ )✧,,https://cafe.naver.com/ttamayo,mysmallvtuber.net,2026-10-06T11:27:37Z
ZyZjQvs2EemXTdhTVvta,타마요yo,yo,youtube,UCinuUL3tzlOWcz2BpNwOejg,https://www.youtube.com/channel/UCinuUL3tzlOWcz2BpNwOejg,타마요 다시보기,34,,,2026-10-01 09:16:03,🍳 쫀아!! 너무 추어. 너무 추어탕. 감기조심해요 모두 ( •̀ .̫ •́ )✧,,https://cafe.naver.com/ttamayo,mysmallvtuber.net,2026-10-06T11:27:37Z
ZyZjQvs2EemXTdhTVvta,타마요yo,yo,chzzk,2e80c78ddd03eb6aec73535746e821ca,https://chzzk.naver.com/2e80c78ddd03eb6aec73535746e821ca,타마요yo,216,,,2026-10-01 09:16:03,🍳 쫀아!! 너무 추어. 너무 추어탕. 감기조심해요 모두 ( •̀ .̫ •́ )✧,,https://cafe.naver.com/ttamayo,mysmallvtuber.net,2026-10-06T11:27:37Z
RrPrGBCaHH3rpfaMn2xD,레우로,,youtube,UCgfbaijcPkUWMw0HOpYuLUw,https://www.youtube.com/channel/UCgfbaijcPkUWMw0HOpYuLUw,Leuro_레우로_レウロ,266,2022-02-26,,2026-10-01 10:06:03,[동시송출] 쁘띠플래닛으로 힐링하며 토크,Leuro_v,https://cafe.naver.com/leurogreen,mysmallvtuber.net,2026-10-06T11:27:37Z
RrPrGBCaHH3rpfaMn2xD,레우로,,chzzk,3ac36eead7d987339191808f06e066db,https://chzzk.naver.com/3ac36eead7d987339191808f06e066db,레우로,881,2022-02-26,,2026-10-01 10:06:03,[동시송출] 쁘띠플래닛으로 힐링하며 토크,Leuro_v,https://cafe.naver.com/leurogreen,mysmallvtuber.net,2026-10-06T11:27:37Z
ubPNDRKaYk4XWgGV8zf7,미호 콘코드 Miho Concord,Miho Concord,youtube,UCj3m5yiHnImxRAoQ_btYr6g,https://www.youtube.com/channel/UCj3m5yiHnImxRAoQ_btYr6g,【V】紺紅土みほ　Miho Concord ch.,743,2021-01-14,,2026-10-01 01:32:03,광기의 3게임 가챠 파티  【Vtuber/일본어/한국어OK】,Mihoming_2021,https://discord.com/invite/aNAgyPuyPx,mysmallvtuber.net,2026-10-06T11:27:37Z
ubPNDRKaYk4XWgGV8zf7,미호 콘코드 Miho Concord,Miho Concord,chzzk,24f5b5a031da2c173a8aaab088790194,https://chzzk.naver.com/24f5b5a031da2c173a8aaab088790194,미호 콘코드 Miho Concord,608,2021-01-14,,2026-10-01 01:32:03,광기의 3게임 가챠 파티  【Vtuber/일본어/한국어OK】,Mihoming_2021,https://discord.com/invite/aNAgyPuyPx,mysmallvtuber.net,2026-10-06T11:27:37Z
jJ2NQWzL4aZsTCtmm8Gu,사야 세리카,,youtube,UCYE_P_X3dJt1I1xjiiBWTtw,https://www.youtube.com/channel/UCYE_P_X3dJt1I1xjiiBWTtw,SAYA SERICA 사야 세리카 ch.,1120,2025-03-15,,2026-10-01 00:28:03,저를 사랑해주시는 건가용? 기뻐용 히히,Otome_scarlet,https://cafe.naver.com/otometale,mysmallvtuber.net,2026-10-06T11:27:37Z
jJ2NQWzL4aZsTCtmm8Gu,사야 세리카,,youtube,UCsl0EW6-DboEVsJoPoPIzwg,https://www.youtube.com/channel/UCsl0EW6-DboEVsJoPoPIzwg,사야 세리카 다시보기,125,2025-03-15,,2026-10-01 00:28:03,저를 사랑해주시는 건가용? 기뻐용 히히,Otome_scarlet,https://cafe.naver.com/otometale,mysmallvtuber.net,2026-10-06T11:27:37Z
jJ2NQWzL4aZsTCtmm8Gu,사야 세리카,,chzzk,4a372ebe1371e867cf160dcd4deeaf2c,https://chzzk.naver.com/4a372ebe1371e867cf160dcd4deeaf2c,사야 세리카,1663,2025-03-15,,2026-10-01 00:28:03,저를 사랑해주시는 건가용? 기뻐용 히히,Otome_scarlet,https://cafe.naver.com/otometale,mysmallvtuber.net,2026-10-06T11:27:37Z
uKNfrN8xnySNxdWsXCmV,꾸이링,,youtube,UCbxsSGvSbl3HeWno4jxTCHg,https://www.youtube.com/channel/UCbxsSGvSbl3HeWno4jxTCHg,꾸이링튜브,1020,2020-02-07,,2026-10-01 01:48:03,노오뤠,0guiling01,https://cafe.naver.com/guiling,mysmallvtuber.net,2026-10-06T11:27:37Z
uKNfrN8xnySNxdWsXCmV,꾸이링,,youtube,UC4xN-bNVarW_gH5WWAjiZxg,https://www.youtube.com/channel/UC4xN-bNVarW_gH5WWAjiZxg,꾸이링다시보기,753,2020-02-07,,2026-10-01 01:48:03,노오뤠,0guiling01,https://cafe.naver.com/guiling,mysmallvtuber.net,2026-10-06T11:27:37Z
uKNfrN8xnySNxdWsXCmV,꾸이링,,chzzk,27b38f9ce948643d639f6abfc2788b15,https://chzzk.naver.com/27b38f9ce948643d639f6abfc2788b15,꾸이링,3873,2020-02-07,,2026-10-01 01:48:03,노오뤠,0guiling01,https://cafe.naver.com/guiling,mysmallvtuber.net,2026-10-06T11:27:37Z
5Bn96MTbpy5ukBzNLqdA,아츠키 Atsuki,Atsuki,youtube,UCMoIq0MVwFyrXpPuh_1Nc0g,https://www.youtube.com/channel/UCMoIq0MVwFyrXpPuh_1Nc0g,아츠키 Atsuki,2440,2024-08-10,,2026-10-01 00:48:03,소녀 랭크에 출동할 것이와요 하와와와- ₍^˶⦁༝⦁˶^₎◞ ̑̑,tsuki_dayo0723,https://cafe.naver.com/atsukidayo,mysmallvtuber.net,2026-10-06T11:27:37Z
5Bn96MTbpy5ukBzNLqdA,아츠키 Atsuki,Atsuki,youtube,UCOTF5v7D5bSY6AAdSKQ1kIg,https://www.youtube.com/channel/UCOTF5v7D5bSY6AAdSKQ1kIg,아츠키 다시보기,57,2024-08-10,,2026-10-01 00:48:03,소녀 랭크에 출동할 것이와요 하와와와- ₍^˶⦁༝⦁˶^₎◞ ̑̑,tsuki_dayo0723,https://cafe.naver.com/atsukidayo,mysmallvtuber.net,2026-10-06T11:27:37Z
5Bn96MTbpy5ukBzNLqdA,아츠키 Atsuki,Atsuki,chzzk,5851c2186efcfb2850d9f0b0ea70deb4,https://chzzk.naver.com/5851c2186efcfb2850d9f0b0ea70deb4,아츠키 Atsuki,689,2024-08-10,,2026-10-01 00:48:03,소녀 랭크에 출동할 것이와요 하와와와- ₍^˶⦁༝⦁˶^₎◞ ̑̑,tsuki_dayo0723,https://cafe.naver.com/atsukidayo,mysmallvtuber.net,2026-10-06T11:27:37Z
b5mwDq7VE8CBGPXTAtNh,샤치_ξ,,youtube,UCBdLDaJRUzg_gIGkcrtw1bA,https://www.youtube.com/channel/UCBdLDaJRUzg_gIGkcrtw1bA,잡다샤치,242,2022-05-03,,2026-10-01 08:34:02,🥑[모가리] 유유 자적 하고싶은 그냥서버 운영자 cctv (버츄얼 x) 🥑,sharchi_TWC,https://cafe.naver.com/sharchi,mysmallvtuber.net,2026-10-06T11:27:37Z
b5mwDq7VE8CBGPXTAtNh,샤치_ξ,,soop,catmusic1016,https://ch.sooplive.co.kr/catmusic1016,샤치_ξ,1552,2022-05-03,,2026-10-01 08:34:02,🥑[모가리] 유유 자적 하고싶은 그냥서버 운영자 cctv (버츄얼 x) 🥑,sharchi_TWC,https://cafe.naver.com/sharchi,mysmallvtuber.net,2026-10-06T11:27:37Z
hzEEJDZwZ4FxkaxYLy7v,디롬,,youtube,UCct-Nw-7tAlYWgB9iCktJ5g,https://www.youtube.com/channel/UCct-Nw-7tAlYWgB9iCktJ5g,디롬,981,2021-04-25,,2026-10-01 00:09:03,사이버도박중독,romromroo,https://www.vlum.co/club/romromroo,mysmallvtuber.net,2026-10-06T11:27:37Z
hzEEJDZwZ4FxkaxYLy7v,디롬,,youtube,UC_5vkMA4WL45G_KNSlSKIHw,https://www.youtube.com/channel/UC_5vkMA4WL45G_KNSlSKIHw,디롬 다시보기,152,2021-04-25,,2026-10-01 00:09:03,사이버도박중독,romromroo,https://www.vlum.co/club/romromroo,mysmallvtuber.net,2026-10-06T11:27:37Z
hzEEJDZwZ4FxkaxYLy7v,디롬,,chzzk,aee61e81bb92a9688139b7642ed94866,https://chzzk.naver.com/aee61e81bb92a9688139b7642ed94866,디롬,1451,2021-04-25,,2026-10-01 00:09:03,사이버도박중독,romromroo,https://www.vlum.co/club/romromroo,mysmallvtuber.net,2026-10-06T11:27:37Z
RuRnhsdTqHZxGswvL9ht,러비비,,youtube,UCEq0bUl2mx6Y3zP-oc3lsVA,https://www.youtube.com/channel/UCEq0bUl2mx6Y3zP-oc3lsVA,러비비,2210,,,2026-10-01 00:32:02,경찰서 갔다온 썰 푼다 (21:00 w.코멧 합방),,https://discord.com/invite/WxGg6QyBp4,mysmallvtuber.net,2026-10-06T11:27:37Z
RuRnhsdTqHZxGswvL9ht,러비비,,youtube,UCfJ9RQvhEtSbz40AKRSENAQ,https://www.youtube.com/channel/UCfJ9RQvhEtSbz40AKRSENAQ,러비비 다시보기,672,,,2026-10-01 00:32:02,경찰서 갔다온 썰 푼다 (21:00 w.코멧 합방),,https://discord.com/invite/WxGg6QyBp4,mysmallvtuber.net,2026-10-06T11:27:37Z
RuRnhsdTqHZxGswvL9ht,러비비,,chzzk,b47bf4acc15db13ce1b888ef1b54e622,https://chzzk.naver.com/b47bf4acc15db13ce1b888ef1b54e622,러비비,1083,,,2026-10-01 00:32:02,경찰서 갔다온 썰 푼다 (21:00 w.코멧 합방),,https://discord.com/invite/WxGg6QyBp4,mysmallvtuber.net,2026-10-06T11:27:37Z
RZXbqKDKW66m9vXrzLrh,하랑히,,youtube,UCe2SrHYN5yv8s4sD76jJVLA,https://www.youtube.com/channel/UCe2SrHYN5yv8s4sD76jJVLA,하랑히,355,2025-06-28,,2026-09-30 20:06:02,잘쉬다오겠습니다!,heocho_vpbs,https://cafe.naver.com/playbyschool,mysmallvtuber.net,2026-10-06T11:27:37Z
RZXbqKDKW66m9vXrzLrh,하랑히,,youtube,UCobSfJK1gHDH4w3jaWHs_Sw,https://www.youtube.com/channel/UCobSfJK1gHDH4w3jaWHs_Sw,하랑히 다시보기,178,2025-06-28,,2026-09-30 20:06:02,잘쉬다오겠습니다!,heocho_vpbs,https://cafe.naver.com/playbyschool,mysmallvtuber.net,2026-10-06T11:27:37Z
RZXbqKDKW66m9vXrzLrh,하랑히,,chzzk,746201a013be741f2d751e63c8d317ae,https://chzzk.naver.com/746201a013be741f2d751e63c8d317ae,하랑히,2187,2025-06-28,,2026-09-30 20:06:02,잘쉬다오겠습니다!,heocho_vpbs,https://cafe.naver.com/playbyschool,mysmallvtuber.net,2026-10-06T11:27:37Z
2pjSQWAuEsuxUSzacLNt,천네아,,youtube,UC1dNo0e4h7ZnuZ3w2aajV5g,https://www.youtube.com/channel/UC1dNo0e4h7ZnuZ3w2aajV5g,천네아,3030,2018-10-24,,2026-09-30 22:36:03,D-day,,https://cafe.naver.com/neaaaaa,mysmallvtuber.net,2026-10-06T11:27:37Z
2pjSQWAuEsuxUSzacLNt,천네아,,youtube,UCYBtkBA0bwnsq3dDtWB2sjQ,https://www.youtube.com/channel/UCYBtkBA0bwnsq3dDtWB2sjQ,다시보네아,86,2018-10-24,,2026-09-30 22:36:03,D-day,,https://cafe.naver.com/neaaaaa,mysmallvtuber.net,2026-10-06T11:27:37Z
2pjSQWAuEsuxUSzacLNt,천네아,,chzzk,49b29986be8ae251cd98397afac2e91b,https://chzzk.naver.com/49b29986be8ae251cd98397afac2e91b,천네아,3070,2018-10-24,,2026-09-30 22:36:03,D-day,,https://cafe.naver.com/neaaaaa,mysmallvtuber.net,2026-10-06T11:27:37Z
PqCb7pLGua6g7pGU9Ynt,아니짱,,chzzk,d6838be024ce1f3dee9c0c2e1e7f3175,https://chzzk.naver.com/d6838be024ce1f3dee9c0c2e1e7f3175,아니짱,242,2024-05-31,,2026-09-30 12:45:05,달려야하는 아니짱(짧뱅),myang26,,mysmallvtuber.net,2026-10-06T11:27:37Z
mnVLnDhtSxPGAewJ7KcM,도화비,,youtube,UCYNFG4jEDt-W6_DwVErEIhQ,https://www.youtube.com/channel/UCYNFG4jEDt-W6_DwVErEIhQ,도화비 DoHwaBi,61,2024-02-29,,2026-09-30 03:20:04,치이카와[먼작귀] 보고싶어서 씻구 먹을거 챙겨서 와따! 먹을거 먹으면서 편하게 보기!,Do77HBi_DoHwaBi,https://cafe.naver.com/exceptionalstudio,mysmallvtuber.net,2026-10-06T11:27:37Z
mnVLnDhtSxPGAewJ7KcM,도화비,,youtube,UCA_3FVoNoJbtxXzLXg7ZV0g,https://www.youtube.com/channel/UCA_3FVoNoJbtxXzLXg7ZV0g,도겜비 다시보기,190,2024-02-29,,2026-09-30 03:20:04,치이카와[먼작귀] 보고싶어서 씻구 먹을거 챙겨서 와따! 먹을거 먹으면서 편하게 보기!,Do77HBi_DoHwaBi,https://cafe.naver.com/exceptionalstudio,mysmallvtuber.net,2026-10-06T11:27:37Z
mnVLnDhtSxPGAewJ7KcM,도화비,,chzzk,b2382c5940fe09f71f6de5a740d2de2b,https://chzzk.naver.com/b2382c5940fe09f71f6de5a740d2de2b,도화비,2039,2024-02-29,,2026-09-30 03:20:04,치이카와[먼작귀] 보고싶어서 씻구 먹을거 챙겨서 와따! 먹을거 먹으면서 편하게 보기!,Do77HBi_DoHwaBi,https://cafe.naver.com/exceptionalstudio,mysmallvtuber.net,2026-10-06T11:27:37Z
bkQEnmxhhg52mkmJU8yY,롱비 Rongbi,Rongbi,chzzk,adc415be8cfb79044395e664db4e2e45,https://chzzk.naver.com/adc415be8cfb79044395e664db4e2e45,롱비 Rongbi,173,2026-01-30,,2026-09-30 01:55:05,!방송 79일차! 아안녕 안녕 좋은 밤,Rongbi_vtuber,,mysmallvtuber.net,2026-10-06T11:27:37Z
3uqa5cfMnNZ5nhyrCVpW,파피푸 페포,,chzzk,3a8b3fda88cec6b17c7923b77491fedc,https://chzzk.naver.com/3a8b3fda88cec6b17c7923b77491fedc,파피푸 페포,487,2025-11-15,,2026-09-30 00:48:03,૮ ˙Ⱉ˙ ა,peporang129,,mysmallvtuber.net,2026-10-06T11:27:37Z
f8NWLWPPrgfHYdDKtxPR,사케나리,,youtube,UClT7w5VLJDPivTTgfMCPN1w,https://www.youtube.com/channel/UClT7w5VLJDPivTTgfMCPN1w,사케나리 Music,335,2022-10-19,,2026-09-29 22:05:04,(talk) 나는 석두와 한 몸이 된다,Vtuber_Sakenari,https://discord.com/invite/MfpZrbcXeU,mysmallvtuber.net,2026-10-06T11:27:37Z
f8NWLWPPrgfHYdDKtxPR,사케나리,,youtube,UC8r0FYuLsakbenAFK8fFJmA,https://www.youtube.com/channel/UC8r0FYuLsakbenAFK8fFJmA,사케나리의 숙취해소,89,2022-10-19,,2026-09-29 22:05:04,(talk) 나는 석두와 한 몸이 된다,Vtuber_Sakenari,https://discord.com/invite/MfpZrbcXeU,mysmallvtuber.net,2026-10-06T11:27:37Z
f8NWLWPPrgfHYdDKtxPR,사케나리,,chzzk,fe5ae41844b843f3bac8dfe3a6eff347,https://chzzk.naver.com/fe5ae41844b843f3bac8dfe3a6eff347,사케나리,390,2022-10-19,,2026-09-29 22:05:04,(talk) 나는 석두와 한 몸이 된다,Vtuber_Sakenari,https://discord.com/invite/MfpZrbcXeU,mysmallvtuber.net,2026-10-06T11:27:37Z
RG46Cfxj57V4tXeEFvP9,레다 LeDA,LeDA,youtube,UC6y3Hyqkh1nUz8CMibWam-w,https://www.youtube.com/channel/UC6y3Hyqkh1nUz8CMibWam-w,레다 LeDA,6930,2025-01-11,,2026-09-29 23:09:03,감기 조심 하세요~,Leda_sw_,https://cafe.naver.com/g9g9fancafe,mysmallvtuber.net,2026-10-06T11:27:37Z
RG46Cfxj57V4tXeEFvP9,레다 LeDA,LeDA,chzzk,fab43b20c3bb5a106d8481defda881be,https://chzzk.naver.com/fab43b20c3bb5a106d8481defda881be,레다 LeDA,2351,2025-01-11,,2026-09-29 23:09:03,감기 조심 하세요~,Leda_sw_,https://cafe.naver.com/g9g9fancafe,mysmallvtuber.net,2026-10-06T11:27:37Z
gCCtHzuvP43ArJaxYxPQ,올빰이,,youtube,UCzThWGnoy839sTJsg_3j9xw,https://www.youtube.com/channel/UCzThWGnoy839sTJsg_3j9xw,올빰이,523,,,2026-09-29 21:30:02,그동안 고마워써~🎓💐,olppami_OvO,https://cafe.naver.com/olppamishack,mysmallvtuber.net,2026-10-06T11:27:37Z
gCCtHzuvP43ArJaxYxPQ,올빰이,,chzzk,c9dc205ac495d296638327c6ae471a65,https://chzzk.naver.com/c9dc205ac495d296638327c6ae471a65,올빰이,663,,,2026-09-29 21:30:02,그동안 고마워써~🎓💐,olppami_OvO,https://cafe.naver.com/olppamishack,mysmallvtuber.net,2026-10-06T11:27:37Z
Yqe8hdFm3dcJacvrjjc3,시스터 서애,,youtube,UCI1edtdyWcxGuWl8i1pFa7A,https://www.youtube.com/channel/UCI1edtdyWcxGuWl8i1pFa7A,시스터 서애,1270,2025-06-29,,2026-09-29 20:48:03,공지,,https://cafe.naver.com/ccsofficial,mysmallvtuber.net,2026-10-06T11:27:37Z
Yqe8hdFm3dcJacvrjjc3,시스터 서애,,youtube,UCqWQM2eOxe3xkq77TioSjzw,https://www.youtube.com/channel/UCqWQM2eOxe3xkq77TioSjzw,서애 다시보기,146,2025-06-29,,2026-09-29 20:48:03,공지,,https://cafe.naver.com/ccsofficial,mysmallvtuber.net,2026-10-06T11:27:37Z
Yqe8hdFm3dcJacvrjjc3,시스터 서애,,chzzk,8c341b627588590585f269e69778ec93,https://chzzk.naver.com/8c341b627588590585f269e69778ec93,시스터 서애,1328,2025-06-29,,2026-09-29 20:48:03,공지,,https://cafe.naver.com/ccsofficial,mysmallvtuber.net,2026-10-06T11:27:37Z
hZaEn84g4abY6HKS3bRk,정머키,,youtube,UClJWYTR3-ZF8Op18nQsDU1w,https://www.youtube.com/channel/UClJWYTR3-ZF8Op18nQsDU1w,정머키,247,2024-05-28,,2026-09-29 13:06:03,✨베스 도전중✨안녕하세요 ? 안죽고 살아왔습니다,muckey0622,,mysmallvtuber.net,2026-10-06T11:27:37Z
hZaEn84g4abY6HKS3bRk,정머키,,soop,nmuckeyjung,https://ch.sooplive.co.kr/nmuckeyjung,정머키,1030,2024-05-28,,2026-09-29 13:06:03,✨베스 도전중✨안녕하세요 ? 안죽고 살아왔습니다,muckey0622,,mysmallvtuber.net,2026-10-06T11:27:37Z
Swsg4BzvgAebt5GsXMJD,루비 포르테스,,youtube,UCH2J0xN3viCMS6ngq8hCl8Q,https://www.youtube.com/channel/UCH2J0xN3viCMS6ngq8hCl8Q,루비 포르테스,472,2024-04-14,,2026-09-29 02:07:03,마음 다잡기,,https://cafe.naver.com/rubyfortese,mysmallvtuber.net,2026-10-06T11:27:37Z
Swsg4BzvgAebt5GsXMJD,루비 포르테스,,youtube,UC_SpEpEQhCvMjPdy0JBaG7g,https://www.youtube.com/channel/UC_SpEpEQhCvMjPdy0JBaG7g,루비(잠시봉인),111,2024-04-14,,2026-09-29 02:07:03,마음 다잡기,,https://cafe.naver.com/rubyfortese,mysmallvtuber.net,2026-10-06T11:27:37Z
Swsg4BzvgAebt5GsXMJD,루비 포르테스,,chzzk,e6c1912127a136be2cbce1db7ef0a816,https://chzzk.naver.com/e6c1912127a136be2cbce1db7ef0a816,루비 포르테스,1757,2024-04-14,,2026-09-29 02:07:03,마음 다잡기,,https://cafe.naver.com/rubyfortese,mysmallvtuber.net,2026-10-06T11:27:37Z
ttVDpPsMvW7XreWkt3te,모부이,,youtube,UClOTBiZzh3hXhfqqMwJWPHg,https://www.youtube.com/channel/UClOTBiZzh3hXhfqqMwJWPHg,모부이,420,2025-03-04,,2026-09-28 22:01:03,안녕하세요,mobui0304,https://cafe.naver.com/mobuuu,mysmallvtuber.net,2026-10-06T11:27:37Z
ttVDpPsMvW7XreWkt3te,모부이,,chzzk,e5c088b7846ce73c07e27d9bacc719f0,https://chzzk.naver.com/e5c088b7846ce73c07e27d9bacc719f0,모부이,529,2025-03-04,,2026-09-28 22:01:03,안녕하세요,mobui0304,https://cafe.naver.com/mobuuu,mysmallvtuber.net,2026-10-06T11:27:37Z
pWCcvXjZgWDVTDCMUVvn,루시에,,youtube,UCaOGr5gpE0XD4yNR5FuxHHA,https://www.youtube.com/channel/UCaOGr5gpE0XD4yNR5FuxHHA,루시에,106,,,2026-09-28 21:22:03,[V] 저에요. 림버스 조금 할지도,Rucie_V,,mysmallvtuber.net,2026-10-06T11:27:37Z
pWCcvXjZgWDVTDCMUVvn,루시에,,chzzk,1a635a02601ada4d570f5a685cfd896e,https://chzzk.naver.com/1a635a02601ada4d570f5a685cfd896e,루시에,413,,,2026-09-28 21:22:03,[V] 저에요. 림버스 조금 할지도,Rucie_V,,mysmallvtuber.net,2026-10-06T11:27:37Z
G7M85s978J6seXPZxdgM,민부릉,,youtube,UClcl8Yqz5-Oekx5S9ssOwyw,https://www.youtube.com/channel/UClcl8Yqz5-Oekx5S9ssOwyw,민부릉,3710,2023-06-10,,2026-09-28 02:09:03,[V] 좋아한다고 말해 [3DIO],wannabezonjal,,mysmallvtuber.net,2026-10-06T11:27:37Z
G7M85s978J6seXPZxdgM,민부릉,,youtube,UCmc7XrCKBNM3rscAblPB9UQ,https://www.youtube.com/channel/UCmc7XrCKBNM3rscAblPB9UQ,민부릉 다시보기,3920,2023-06-10,,2026-09-28 02:09:03,[V] 좋아한다고 말해 [3DIO],wannabezonjal,,mysmallvtuber.net,2026-10-06T11:27:37Z
G7M85s978J6seXPZxdgM,민부릉,,chzzk,e35575039cab265fd84493ebcbdb8ad9,https://chzzk.naver.com/e35575039cab265fd84493ebcbdb8ad9,민부릉,4480,2023-06-10,,2026-09-28 02:09:03,[V] 좋아한다고 말해 [3DIO],wannabezonjal,,mysmallvtuber.net,2026-10-06T11:27:37Z
SMrhLuB6EMP2NCrUCybW,수이 Sui,Sui,chzzk,480b68ce14032a572f8bb6b0f0cb2f66,https://chzzk.naver.com/480b68ce14032a572f8bb6b0f0cb2f66,수이 Sui,540,2026-02-18,,2026-09-27 22:57:02,죽음에서 벗아낟다. 아겜 야구 금메달 ㅅㅅㅅㅅㅅㅅ,,https://cafe.naver.com/suisansijang,mysmallvtuber.net,2026-10-06T11:27:37Z
DHmJGGmU89BUbDHXMpmW,모야지,,youtube,UCMWXv0lfTyi2zjOSkW-OCkg,https://www.youtube.com/channel/UCMWXv0lfTyi2zjOSkW-OCkg,모야지moyaji,51600,2023-08-13,,2026-09-27 22:54:02,❣️[黑3DIO] 한복+건전 ASMR~,moyaji77,https://cafe.naver.com/moyaji700,mysmallvtuber.net,2026-10-06T11:27:37Z
DHmJGGmU89BUbDHXMpmW,모야지,,youtube,UCi4fCWCQtM6RTRRveJoHO7w,https://www.youtube.com/channel/UCi4fCWCQtM6RTRRveJoHO7w,모야지 다시보기,3370,2023-08-13,,2026-09-27 22:54:02,❣️[黑3DIO] 한복+건전 ASMR~,moyaji77,https://cafe.naver.com/moyaji700,mysmallvtuber.net,2026-10-06T11:27:37Z
DHmJGGmU89BUbDHXMpmW,모야지,,chzzk,ff8a77860f5a1da0bd6991c5041525f5,https://chzzk.naver.com/ff8a77860f5a1da0bd6991c5041525f5,모야지,12098,2023-08-13,,2026-09-27 22:54:02,❣️[黑3DIO] 한복+건전 ASMR~,moyaji77,https://cafe.naver.com/moyaji700,mysmallvtuber.net,2026-10-06T11:27:37Z
LUSjcAQEQQqq4yDH3aBQ,함준,,youtube,UCqBmT6Hrgoe0zTr3I5hy12Q,https://www.youtube.com/channel/UCqBmT6Hrgoe0zTr3I5hy12Q,함준,57,2024-03-11,,2026-09-27 23:12:02,추석 보낸 후 댇지방송,hamjoon_2,https://discord.com/invite/v7saCqBQ4C,mysmallvtuber.net,2026-10-06T11:27:37Z
LUSjcAQEQQqq4yDH3aBQ,함준,,youtube,UC8IGANH7PJoPe5SeETqRO3Q,https://www.youtube.com/channel/UC8IGANH7PJoPe5SeETqRO3Q,함준 다시보기,46,2024-03-11,,2026-09-27 23:12:02,추석 보낸 후 댇지방송,hamjoon_2,https://discord.com/invite/v7saCqBQ4C,mysmallvtuber.net,2026-10-06T11:27:37Z
LUSjcAQEQQqq4yDH3aBQ,함준,,chzzk,adb0d1cd905f534677f1ff8662d5e33d,https://chzzk.naver.com/adb0d1cd905f534677f1ff8662d5e33d,함준,486,2024-03-11,,2026-09-27 23:12:02,추석 보낸 후 댇지방송,hamjoon_2,https://discord.com/invite/v7saCqBQ4C,mysmallvtuber.net,2026-10-06T11:27:37Z
2QM66FjFxXwpdceStZ9d,유나기,,youtube,UCcFK1gOtKkaze4gc51qWosQ,https://www.youtube.com/channel/UCcFK1gOtKkaze4gc51qWosQ,유나기,12700,2023-06-25,,2026-09-28 00:51:03,안넝 (방셀 500/1324),,https://cafe.naver.com/eurii,mysmallvtuber.net,2026-10-06T11:27:37Z
2QM66FjFxXwpdceStZ9d,유나기,,soop,nagi0413,https://ch.sooplive.co.kr/nagi0413,유나기,14850,2023-06-25,,2026-09-28 00:51:03,안넝 (방셀 500/1324),,https://cafe.naver.com/eurii,mysmallvtuber.net,2026-10-06T11:27:37Z
xME4RpJ9k7MNkEBGjM42,페리스 울프,,youtube,UCRuvX85rEXgbwq425YLG2gg,https://www.youtube.com/channel/UCRuvX85rEXgbwq425YLG2gg,페리스 울프 / FerirsWolf,575,2022-03-25,,2026-09-27 23:27:03,샷건을 들고 옹기종기 모여 앉아,,https://discord.com/invite/GRaNZ9MxXB,mysmallvtuber.net,2026-10-06T11:27:37Z
xME4RpJ9k7MNkEBGjM42,페리스 울프,,chzzk,8edb3df561efb7f67f3b4533ee285574,https://chzzk.naver.com/8edb3df561efb7f67f3b4533ee285574,페리스 울프,562,2022-03-25,,2026-09-27 23:27:03,샷건을 들고 옹기종기 모여 앉아,,https://discord.com/invite/GRaNZ9MxXB,mysmallvtuber.net,2026-10-06T11:27:37Z
evYFWS6TuvasRu7DRDGw,니스 로벨리아,,youtube,UC3h69VcntH34jxRsRfcplEQ,https://www.youtube.com/channel/UC3h69VcntH34jxRsRfcplEQ,니스 로벨리아 / Nis Lobelia,1390,2024-08-10,,2026-09-27 22:35:04,졸려!!! / CCS 합방,Nis_v_r,https://cafe.naver.com/ccsofficial,mysmallvtuber.net,2026-10-06T11:27:37Z
evYFWS6TuvasRu7DRDGw,니스 로벨리아,,chzzk,9d6de0a964e060e0d5b41ca3f564e486,https://chzzk.naver.com/9d6de0a964e060e0d5b41ca3f564e486,니스 로벨리아,606,2024-08-10,,2026-09-27 22:35:04,졸려!!! / CCS 합방,Nis_v_r,https://cafe.naver.com/ccsofficial,mysmallvtuber.net,2026-10-06T11:27:37Z
4W8BACrw9F88hfm4YKvh,연 하젤콩,,youtube,UCIw3hOAwU_X6uvCTL0Z0cbg,https://www.youtube.com/channel/UCIw3hOAwU_X6uvCTL0Z0cbg,연하젤콩,402,2023-11-07,,2026-09-26 22:46:03,왜 자꾸 연패 시켜 이러다가 브론즈가,jellikong6956,https://cafe.naver.com/jelkongkong,mysmallvtuber.net,2026-10-06T11:27:37Z
4W8BACrw9F88hfm4YKvh,연 하젤콩,,chzzk,cccbb46dc713d793a747c00ea15129c1,https://chzzk.naver.com/cccbb46dc713d793a747c00ea15129c1,연 하젤콩,1712,2023-11-07,,2026-09-26 22:46:03,왜 자꾸 연패 시켜 이러다가 브론즈가,jellikong6956,https://cafe.naver.com/jelkongkong,mysmallvtuber.net,2026-10-06T11:27:37Z
kcv6e3tcp7PNqQQ7JYDG,킹끄끄,,youtube,UCRdbMlbhXtPFvWRA0ZM8IuQ,https://www.youtube.com/channel/UCRdbMlbhXtPFvWRA0ZM8IuQ,킹끄끄,76,2025-10-03,,2026-09-26 18:05:03,추석엔 노래를 해야겠어요,Chzzk_K99,https://discord.gg/fTRKceYJve,mysmallvtuber.net,2026-10-06T11:27:37Z
kcv6e3tcp7PNqQQ7JYDG,킹끄끄,,youtube,UCIcJ6KrzBzeZ-MNkfhKOS5w,https://www.youtube.com/channel/UCIcJ6KrzBzeZ-MNkfhKOS5w,긴끄끄,15,2025-10-03,,2026-09-26 18:05:03,추석엔 노래를 해야겠어요,Chzzk_K99,https://discord.gg/fTRKceYJve,mysmallvtuber.net,2026-10-06T11:27:37Z
kcv6e3tcp7PNqQQ7JYDG,킹끄끄,,chzzk,edbd742b5e23b6b698f531638eb3c7ec,https://chzzk.naver.com/edbd742b5e23b6b698f531638eb3c7ec,킹끄끄,1170,2025-10-03,,2026-09-26 18:05:03,추석엔 노래를 해야겠어요,Chzzk_K99,https://discord.gg/fTRKceYJve,mysmallvtuber.net,2026-10-06T11:27:37Z
4qcrf23D3dYXZX899YLB,듀어,,soop,msple1006,https://ch.sooplive.co.kr/msple1006,듀어,333,2024-03-16,,2026-09-26 20:51:03,오랜만에 왔는데 촉각슈트 입는 사람이 있다?!,Dyueo1006,https://cafe.naver.com/dyueo,mysmallvtuber.net,2026-10-06T11:27:37Z
k3aEJnPVT4vvDX8kUW42,나츄,,youtube,UCHl1MJHP_ejGyMpGJvJGWeA,https://www.youtube.com/channel/UCHl1MJHP_ejGyMpGJvJGWeA,나츄,2570,,,2026-09-26 00:47:03,쟘간노러옴😺,nachu_vtuber,https://cafe.naver.com/nachufan,mysmallvtuber.net,2026-10-06T11:27:37Z
k3aEJnPVT4vvDX8kUW42,나츄,,youtube,UC1Ldog26SePesVUp1K4JCsA,https://www.youtube.com/channel/UC1Ldog26SePesVUp1K4JCsA,나츄 다시보기,4300,,,2026-09-26 00:47:03,쟘간노러옴😺,nachu_vtuber,https://cafe.naver.com/nachufan,mysmallvtuber.net,2026-10-06T11:27:37Z
k3aEJnPVT4vvDX8kUW42,나츄,,chzzk,b192cb11dec2630c8e01102daef7b76f,https://chzzk.naver.com/b192cb11dec2630c8e01102daef7b76f,나츄,6569,,,2026-09-26 00:47:03,쟘간노러옴😺,nachu_vtuber,https://cafe.naver.com/nachufan,mysmallvtuber.net,2026-10-06T11:27:37Z
cnfXMhpsX2EGJXNjA3nK,연모란,,youtube,UCPP9yoK4NTzGgTHVRcG-P_A,https://www.youtube.com/channel/UCPP9yoK4NTzGgTHVRcG-P_A,연모란 / Yeon · Moran,14900,2018-06-06,,2026-09-26 01:32:02,🐸파리쿤~ 개구리가 방청소해줄게~ [시즈카나 오소우지],peony6_6,,mysmallvtuber.net,2026-10-06T11:27:37Z
cnfXMhpsX2EGJXNjA3nK,연모란,,youtube,UCXI4tlt_ELDxRPizz-JXfhQ,https://www.youtube.com/channel/UCXI4tlt_ELDxRPizz-JXfhQ,연구리의 관찰일기,41,2018-06-06,,2026-09-26 01:32:02,🐸파리쿤~ 개구리가 방청소해줄게~ [시즈카나 오소우지],peony6_6,,mysmallvtuber.net,2026-10-06T11:27:37Z
cnfXMhpsX2EGJXNjA3nK,연모란,,chzzk,0d966a180d9db733138ec78d70269dca,https://chzzk.naver.com/0d966a180d9db733138ec78d70269dca,연모란,1172,2018-06-06,,2026-09-26 01:32:02,🐸파리쿤~ 개구리가 방청소해줄게~ [시즈카나 오소우지],peony6_6,,mysmallvtuber.net,2026-10-06T11:27:37Z
acPnCzJRZkqzgGwK7Wfg,도깨비 느루,,chzzk,43f75bba1b8b94c00d7e07453d6cada4,https://chzzk.naver.com/43f75bba1b8b94c00d7e07453d6cada4,도깨비 느루,398,2025-04-19,,2026-09-25 18:57:02,배부르고 졸립고... W. 다율서,neuruowo,https://cafe.naver.com/neuruhouse,mysmallvtuber.net,2026-10-06T11:27:37Z
qe8wVC7cGwXSVsRY99Es,루가 Rouga,Rouga,youtube,UCHp_hZSrjWYOwPapvD4BUdQ,https://www.youtube.com/channel/UCHp_hZSrjWYOwPapvD4BUdQ,Erica Rouga | 에리카 루가,1610,2022-03-19,,2026-09-24 22:34:03,"노래, 그것은 직장인의 애환.",erica_rouga,https://discord.com/invite/596tRyNQww,mysmallvtuber.net,2026-10-06T11:27:37Z
qe8wVC7cGwXSVsRY99Es,루가 Rouga,Rouga,youtube,UCMVbVIPKGFa_fqU1btm3o_w,https://www.youtube.com/channel/UCMVbVIPKGFa_fqU1btm3o_w,Rouga Archive | 루가 아카이브,132,2022-03-19,,2026-09-24 22:34:03,"노래, 그것은 직장인의 애환.",erica_rouga,https://discord.com/invite/596tRyNQww,mysmallvtuber.net,2026-10-06T11:27:37Z
qe8wVC7cGwXSVsRY99Es,루가 Rouga,Rouga,chzzk,9e4da31c1063859075f036cfeca2776d,https://chzzk.naver.com/9e4da31c1063859075f036cfeca2776d,루가 Rouga,1141,2022-03-19,,2026-09-24 22:34:03,"노래, 그것은 직장인의 애환.",erica_rouga,https://discord.com/invite/596tRyNQww,mysmallvtuber.net,2026-10-06T11:27:37Z
LgbQyQR5gNMPvpty8jVf,타니TANII,TANII,chzzk,b8c177e5c274f3005936e6594fdb1de5,https://chzzk.naver.com/b8c177e5c274f3005936e6594fdb1de5,타니TANII,1148,,,2026-09-24 21:07:02,[신입] 타니가 돌아왔타니!!!💛😈🩶,TANII_0606,,mysmallvtuber.net,2026-10-06T11:27:37Z
6PT44unYH4QWYmBEfX2R,도비애오:>,,youtube,UCRPk2p69g6EX7EtIY49gpTw,https://www.youtube.com/channel/UCRPk2p69g6EX7EtIY49gpTw,도비애오,221,2025-01-28,,2026-09-23 22:55:03,테스트~~~,dobbyaeo8282,https://cafe.naver.com/dobby8282,mysmallvtuber.net,2026-10-06T11:27:37Z
6PT44unYH4QWYmBEfX2R,도비애오:>,,soop,dobby82,https://ch.sooplive.co.kr/dobby82,도비애오:>,182,2025-01-28,,2026-09-23 22:55:03,테스트~~~,dobbyaeo8282,https://cafe.naver.com/dobby8282,mysmallvtuber.net,2026-10-06T11:27:37Z
UrUcJ27dRMlH2hAnSCQi,향아치,,youtube,UCQV6pkNkEGBpQXzCh4G19WQ,https://www.youtube.com/channel/UCQV6pkNkEGBpQXzCh4G19WQ,Hyang Ah Chi 향아치,581000,2022-03-20,,2026-09-23 23:12:03,조선시대 미디어와 언론 및 정보습득방법 (T/F),,https://cafe.naver.com/hyangahchi,mysmallvtuber.net,2026-10-06T11:27:37Z
UrUcJ27dRMlH2hAnSCQi,향아치,,chzzk,f3f7af23c948938651fd244014ff1204,https://chzzk.naver.com/f3f7af23c948938651fd244014ff1204,향아치,68430,2022-03-20,,2026-09-23 23:12:03,조선시대 미디어와 언론 및 정보습득방법 (T/F),,https://cafe.naver.com/hyangahchi,mysmallvtuber.net,2026-10-06T11:27:37Z
pbUcYCqyV3FFhwTrraFB,베티PIa,PIa,youtube,UCMt3JxVtzm8IAzx2UtZkdgA,https://www.youtube.com/channel/UCMt3JxVtzm8IAzx2UtZkdgA,마골베티,80,2023-02-24,,2026-09-23 21:40:05,노래추천하는방(여러분이해줘야됨),marigoldbat,,mysmallvtuber.net,2026-10-06T11:27:37Z
pbUcYCqyV3FFhwTrraFB,베티PIa,PIa,chzzk,65db9c280a03f74f2b0fb25438002e92,https://chzzk.naver.com/65db9c280a03f74f2b0fb25438002e92,베티PIa,514,2023-02-24,,2026-09-23 21:40:05,노래추천하는방(여러분이해줘야됨),marigoldbat,,mysmallvtuber.net,2026-10-06T11:27:37Z
dCb7ARcJuUBjhrNF94cp,리리스_,,youtube,UCzRDavN21iJ5X4MCwwpM8Jw,https://www.youtube.com/channel/UCzRDavN21iJ5X4MCwwpM8Jw,리리스 LILITH,1350,2024-03-16,,2026-09-23 23:44:02,후열,vrecord_lilith,https://cafe.naver.com/vrecord,mysmallvtuber.net,2026-10-06T11:27:37Z
dCb7ARcJuUBjhrNF94cp,리리스_,,youtube,UC6lwwCv0K9Wawn-__o4Rbgg,https://www.youtube.com/channel/UC6lwwCv0K9Wawn-__o4Rbgg,리리스 다시보기,397,2024-03-16,,2026-09-23 23:44:02,후열,vrecord_lilith,https://cafe.naver.com/vrecord,mysmallvtuber.net,2026-10-06T11:27:37Z
dCb7ARcJuUBjhrNF94cp,리리스_,,soop,lilith1211,https://ch.sooplive.co.kr/lilith1211,리리스_,4591,2024-03-16,,2026-09-23 23:44:02,후열,vrecord_lilith,https://cafe.naver.com/vrecord,mysmallvtuber.net,2026-10-06T11:27:37Z
uJfKPhXpb8HwCMDwmTW6,시얀인뎅,,youtube,UCIVhJ8IPrVnpWOdKyT1Skiw,https://www.youtube.com/channel/UCIVhJ8IPrVnpWOdKyT1Skiw,시얀_【플라이벨】,104,2024-05-11,,2026-09-23 00:40:03,🦋 [V] 쁘띠플래닛 CBT 진짜 해보고 싶었어요!!!!!!!!!! 🦋,12siyan03,https://t.co/M5r9UfwDv6,mysmallvtuber.net,2026-10-06T11:27:37Z
uJfKPhXpb8HwCMDwmTW6,시얀인뎅,,chzzk,d130c25b59453dfec9eb4a9936975b6c,https://chzzk.naver.com/d130c25b59453dfec9eb4a9936975b6c,시얀인뎅,389,2024-05-11,,2026-09-23 00:40:03,🦋 [V] 쁘띠플래닛 CBT 진짜 해보고 싶었어요!!!!!!!!!! 🦋,12siyan03,https://t.co/M5r9UfwDv6,mysmallvtuber.net,2026-10-06T11:27:37Z
7Q3nUKd7rmeSG3rK8dHW,베일리 베리,,youtube,UCFxq7aGlBPZXnN2eZhiy97w,https://www.youtube.com/channel/UCFxq7aGlBPZXnN2eZhiy97w,베리또봐,78,2025-04-12,,2026-09-22 20:34:02,(짧) 코로나 후각 돌아온 기념 방송,Bailee_Berry_,https://cafe.naver.com/novasac,mysmallvtuber.net,2026-10-06T11:27:37Z
7Q3nUKd7rmeSG3rK8dHW,베일리 베리,,chzzk,8cfe484e0a722db2b4422092c6520bc0,https://chzzk.naver.com/8cfe484e0a722db2b4422092c6520bc0,베일리 베리,597,2025-04-12,,2026-09-22 20:34:02,(짧) 코로나 후각 돌아온 기념 방송,Bailee_Berry_,https://cafe.naver.com/novasac,mysmallvtuber.net,2026-10-06T11:27:37Z
pjxV572ms9hSynsCRZZA,료쿤,,youtube,UCa13y32z4Hvgl4NBGxS_nEw,https://www.youtube.com/channel/UCa13y32z4Hvgl4NBGxS_nEw,료쿤,231,2024-01-19,,2026-09-22 21:11:03,[V] 저녁 고양이  ^꜆. ̫.꜀^,ryocun0312,https://discord.gg/S7dKNHKWWE,mysmallvtuber.net,2026-10-06T11:27:37Z
pjxV572ms9hSynsCRZZA,료쿤,,chzzk,9d8f3109e278b2709347e2589de8c485,https://chzzk.naver.com/9d8f3109e278b2709347e2589de8c485,료쿤,701,2024-01-19,,2026-09-22 21:11:03,[V] 저녁 고양이  ^꜆. ̫.꜀^,ryocun0312,https://discord.gg/S7dKNHKWWE,mysmallvtuber.net,2026-10-06T11:27:37Z
QGVwCtjXcZQ7TwDHM2RN,유리리,,youtube,UCYKj50FFG5zzjr4x_vky-9Q,https://www.youtube.com/channel/UCYKj50FFG5zzjr4x_vky-9Q,유리리 U-Lili,7490,2022-11-13,,2026-09-22 19:36:02,일주일간의 병원여정기 끝내고 왔숩니다!   ꜀(^. . ^꜀ )੭,U_LiLi__,https://cafe.naver.com/s2dia,mysmallvtuber.net,2026-10-06T11:27:37Z
QGVwCtjXcZQ7TwDHM2RN,유리리,,youtube,UCuCwJt4AAxjHiPFOY01H0zg,https://www.youtube.com/channel/UCuCwJt4AAxjHiPFOY01H0zg,유리리 VOD,3470,2022-11-13,,2026-09-22 19:36:02,일주일간의 병원여정기 끝내고 왔숩니다!   ꜀(^. . ^꜀ )੭,U_LiLi__,https://cafe.naver.com/s2dia,mysmallvtuber.net,2026-10-06T11:27:37Z
QGVwCtjXcZQ7TwDHM2RN,유리리,,chzzk,29a1ed5c0829fa620fab900dba7e011b,https://chzzk.naver.com/29a1ed5c0829fa620fab900dba7e011b,유리리,8777,2022-11-13,,2026-09-22 19:36:02,일주일간의 병원여정기 끝내고 왔숩니다!   ꜀(^. . ^꜀ )੭,U_LiLi__,https://cafe.naver.com/s2dia,mysmallvtuber.net,2026-10-06T11:27:37Z
ZHXWLtPv9X8wGsmzwLxa,쿠로카미 아우 Wishing,Wishing,youtube,UCTpSTKncfIevw7O9hAM62HQ,https://www.youtube.com/channel/UCTpSTKncfIevw7O9hAM62HQ,쿠로카미 아우,768,2024-08-04,,2026-09-21 11:29:02,안녕하세요,wishing_awoo,https://cafe.naver.com/wishinglive,mysmallvtuber.net,2026-10-06T11:27:37Z
ZHXWLtPv9X8wGsmzwLxa,쿠로카미 아우 Wishing,Wishing,youtube,UCh8mdWEcyyu0r49bJmdF1BA,https://www.youtube.com/channel/UCh8mdWEcyyu0r49bJmdF1BA,아우 다시보기,140,2024-08-04,,2026-09-21 11:29:02,안녕하세요,wishing_awoo,https://cafe.naver.com/wishinglive,mysmallvtuber.net,2026-10-06T11:27:37Z
ZHXWLtPv9X8wGsmzwLxa,쿠로카미 아우 Wishing,Wishing,chzzk,87ab79cf66adbbba8dc854ff8a030636,https://chzzk.naver.com/87ab79cf66adbbba8dc854ff8a030636,쿠로카미 아우 Wishing,2925,2024-08-04,,2026-09-21 11:29:02,안녕하세요,wishing_awoo,https://cafe.naver.com/wishinglive,mysmallvtuber.net,2026-10-06T11:27:37Z
LaFutXkTPPQSzXAa6Cyv,데너,,youtube,UCXGTSs-BQsWA4Yi4F_-Uvbg,https://www.youtube.com/channel/UCXGTSs-BQsWA4Yi4F_-Uvbg,데너의 작업물 저장소,464,2020-10-31,,2026-09-13 22:07:03,[V] 253번째 시간 _ 내 생일! (시참),denu0193,https://discord.gg/79GJfraHCY,mysmallvtuber.net,2026-10-06T11:27:37Z
LaFutXkTPPQSzXAa6Cyv,데너,,youtube,UCybLtWqgY_Si22mbKSkKamA,https://www.youtube.com/channel/UCybLtWqgY_Si22mbKSkKamA,테너의 시간 기록소,33,2020-10-31,,2026-09-13 22:07:03,[V] 253번째 시간 _ 내 생일! (시참),denu0193,https://discord.gg/79GJfraHCY,mysmallvtuber.net,2026-10-06T11:27:37Z
LaFutXkTPPQSzXAa6Cyv,데너,,chzzk,ef032d51099c26e55c1caa02fbc0ab5f,https://chzzk.naver.com/ef032d51099c26e55c1caa02fbc0ab5f,데너,390,2020-10-31,,2026-09-13 22:07:03,[V] 253번째 시간 _ 내 생일! (시참),denu0193,https://discord.gg/79GJfraHCY,mysmallvtuber.net,2026-10-06T11:27:37Z
bjhvUZVnJDqgnWRds3kF,넴 넴,,youtube,UCt5EcV7tRNKu-f7wu_M3gWQ,https://www.youtube.com/channel/UCt5EcV7tRNKu-f7wu_M3gWQ,넴바넴보,125,2024-02-02,,2026-09-12 03:42:02,안뇽,nemnem_S2_,https://cafe.naver.com/nemnemyamyam/menu/9,mysmallvtuber.net,2026-10-06T11:27:37Z
bjhvUZVnJDqgnWRds3kF,넴 넴,,youtube,UCXeX-QM7Yrb2v5lJCAf_KDw,https://www.youtube.com/channel/UCXeX-QM7Yrb2v5lJCAf_KDw,다시보넴,41,2024-02-02,,2026-09-12 03:42:02,안뇽,nemnem_S2_,https://cafe.naver.com/nemnemyamyam/menu/9,mysmallvtuber.net,2026-10-06T11:27:37Z
bjhvUZVnJDqgnWRds3kF,넴 넴,,chzzk,2a53adf05f634016c2b164bb0a882777,https://chzzk.naver.com/2a53adf05f634016c2b164bb0a882777,넴 넴,1362,2024-02-02,,2026-09-12 03:42:02,안뇽,nemnem_S2_,https://cafe.naver.com/nemnemyamyam/menu/9,mysmallvtuber.net,2026-10-06T11:27:37Z
tWcHbgSfGj9fZaJrByyh,라가초,,youtube,UCtibtN_RI0e2ZYxhVtIDO7A,https://www.youtube.com/channel/UCtibtN_RI0e2ZYxhVtIDO7A,라가초 Ragacho,3910,2023-04-23,,2026-09-12 00:10:03,"[v]  (감기 이슈) 빅워크 합방 해요( w.아오디, 우미미즈)",Ragacho00,https://cafe.naver.com/ragacho,mysmallvtuber.net,2026-10-06T11:27:37Z
tWcHbgSfGj9fZaJrByyh,라가초,,youtube,UCKCBbsmIOZizPbdvYsXjUzQ,https://www.youtube.com/channel/UCKCBbsmIOZizPbdvYsXjUzQ,풀 라가초 다시보기,59,2023-04-23,,2026-09-12 00:10:03,"[v]  (감기 이슈) 빅워크 합방 해요( w.아오디, 우미미즈)",Ragacho00,https://cafe.naver.com/ragacho,mysmallvtuber.net,2026-10-06T11:27:37Z
tWcHbgSfGj9fZaJrByyh,라가초,,chzzk,38fe4b3ae2fb9f7cdcc15560d8837f6e,https://chzzk.naver.com/38fe4b3ae2fb9f7cdcc15560d8837f6e,라가초,692,2023-04-23,,2026-09-12 00:10:03,"[v]  (감기 이슈) 빅워크 합방 해요( w.아오디, 우미미즈)",Ragacho00,https://cafe.naver.com/ragacho,mysmallvtuber.net,2026-10-06T11:27:37Z
BQ2hENxWKBhVAeFry9uu,임 설,,youtube,UCuHdQWW6e3I9Tn34OxyyR7A,https://www.youtube.com/channel/UCuHdQWW6e3I9Tn34OxyyR7A,임설 limseol,3060,2023-03-16,,2026-09-11 23:48:03,오늘도 알차고 재밌었따 ! (ᐢᗜᐢ),,https://cafe.naver.com/limseols2,mysmallvtuber.net,2026-10-06T11:27:37Z
BQ2hENxWKBhVAeFry9uu,임 설,,youtube,UC2qq_Yy__LPUhHIIbBR2SZg,https://www.youtube.com/channel/UC2qq_Yy__LPUhHIIbBR2SZg,또 다시 임설,334,2023-03-16,,2026-09-11 23:48:03,오늘도 알차고 재밌었따 ! (ᐢᗜᐢ),,https://cafe.naver.com/limseols2,mysmallvtuber.net,2026-10-06T11:27:37Z
BQ2hENxWKBhVAeFry9uu,임 설,,chzzk,1ddbc0a60a6a3289c2873ed6b43b20af,https://chzzk.naver.com/1ddbc0a60a6a3289c2873ed6b43b20af,임 설,4169,2023-03-16,,2026-09-11 23:48:03,오늘도 알차고 재밌었따 ! (ᐢᗜᐢ),,https://cafe.naver.com/limseols2,mysmallvtuber.net,2026-10-06T11:27:37Z
sgCjPLT3HAuWDxszPEbD,코히루,,youtube,UCT_IpIzbIoQjkZCwmWzkHOA,https://www.youtube.com/channel/UCT_IpIzbIoQjkZCwmWzkHOA,코히루,8860,2025-05-26,,2026-09-09 21:22:03,진지하게 드릴 얘기가 있어요,,https://cafe.naver.com/cohiru,mysmallvtuber.net,2026-10-06T11:27:37Z
sgCjPLT3HAuWDxszPEbD,코히루,,youtube,UCVlAnrb5D5V7fOnN_33asjg,https://www.youtube.com/channel/UCVlAnrb5D5V7fOnN_33asjg,코히루 다시보기,441,2025-05-26,,2026-09-09 21:22:03,진지하게 드릴 얘기가 있어요,,https://cafe.naver.com/cohiru,mysmallvtuber.net,2026-10-06T11:27:37Z
sgCjPLT3HAuWDxszPEbD,코히루,,chzzk,4780ce79757a7c82057fab72a35453e8,https://chzzk.naver.com/4780ce79757a7c82057fab72a35453e8,코히루,5289,2025-05-26,,2026-09-09 21:22:03,진지하게 드릴 얘기가 있어요,,https://cafe.naver.com/cohiru,mysmallvtuber.net,2026-10-06T11:27:37Z
Jvk63HbJkvZubVDp9zfm,프링짱,,youtube,UCj1hUaLHtYVNjIpt406RLnQ,https://www.youtube.com/channel/UCj1hUaLHtYVNjIpt406RLnQ,프튜브,100,,,2026-09-09 00:25:05,생각 정리 2일차 (❁´◡`❁),pring1211,https://cafe.naver.com/pring1211,mysmallvtuber.net,2026-10-06T11:27:37Z
Jvk63HbJkvZubVDp9zfm,프링짱,,chzzk,d8a90a9973e6ab4dca94b638b39933cb,https://chzzk.naver.com/d8a90a9973e6ab4dca94b638b39933cb,프링짱,848,,,2026-09-09 00:25:05,생각 정리 2일차 (❁´◡`❁),pring1211,https://cafe.naver.com/pring1211,mysmallvtuber.net,2026-10-06T11:27:37Z
QaHN66wdZqHFB1Mbq7c2,요나,,youtube,UChSejVxK1nHkvKaPSNeqBnA,https://www.youtube.com/channel/UChSejVxK1nHkvKaPSNeqBnA,요나,12100,2021-02-28,,2026-08-29 17:11:03,카페에서 2000일 월페이퍼 배포중 🐳,yona_whale,https://cafe.naver.com/iotayona,mysmallvtuber.net,2026-10-06T11:27:37Z
QaHN66wdZqHFB1Mbq7c2,요나,,youtube,UCRSUoZSQ4rLi42dupd0dAQg,https://www.youtube.com/channel/UCRSUoZSQ4rLi42dupd0dAQg,하이퍼요나슈퍼째트킥,3210,2021-02-28,,2026-08-29 17:11:03,카페에서 2000일 월페이퍼 배포중 🐳,yona_whale,https://cafe.naver.com/iotayona,mysmallvtuber.net,2026-10-06T11:27:37Z
QaHN66wdZqHFB1Mbq7c2,요나,,chzzk,7c52f0becffdf297fcd74c037aeca750,https://chzzk.naver.com/7c52f0becffdf297fcd74c037aeca750,요나,6223,2021-02-28,,2026-08-29 17:11:03,카페에서 2000일 월페이퍼 배포중 🐳,yona_whale,https://cafe.naver.com/iotayona,mysmallvtuber.net,2026-10-06T11:27:37Z
8gZCAW8p5auQM79PKE5x,이른 밤,,youtube,UCZZiM0Mr9SsVvUwK-UMVmEQ,https://www.youtube.com/channel/UCZZiM0Mr9SsVvUwK-UMVmEQ,이른 밤,432,2024-04-19,,2026-08-27 19:22:03,하라버지으이르믈걸고,early_bam,https://cafe.naver.com/earlybam,mysmallvtuber.net,2026-10-06T11:27:37Z
8gZCAW8p5auQM79PKE5x,이른 밤,,youtube,UCFkCyZ2ngFH6jWR2ZmMMoLQ,https://www.youtube.com/channel/UCFkCyZ2ngFH6jWR2ZmMMoLQ,다시 밤,96,2024-04-19,,2026-08-27 19:22:03,하라버지으이르믈걸고,early_bam,https://cafe.naver.com/earlybam,mysmallvtuber.net,2026-10-06T11:27:37Z
8gZCAW8p5auQM79PKE5x,이른 밤,,chzzk,8ea457ce3ccbd22b965c7e02a6b24ee6,https://chzzk.naver.com/8ea457ce3ccbd22b965c7e02a6b24ee6,이른 밤,434,2024-04-19,,2026-08-27 19:22:03,하라버지으이르믈걸고,early_bam,https://cafe.naver.com/earlybam,mysmallvtuber.net,2026-10-06T11:27:37Z
yD37qd9dNHxMcrLp4s3u,점술가 이꾼,,youtube,UC7WpfGKMlfBAo8D5_LQHYwQ,https://www.youtube.com/channel/UC7WpfGKMlfBAo8D5_LQHYwQ,점술가 이꾼,63,2022-06-14,,2026-08-15 00:29:03,[v] 보스 트라이만 nnn번째...제발 좀 깨보자 좀,iggun0,https://www.fancity.io/city/3ynERv1TbAULlrxr150t,mysmallvtuber.net,2026-10-06T11:27:37Z
yD37qd9dNHxMcrLp4s3u,점술가 이꾼,,chzzk,40261f9628063e1ce764bd09124c6ced,https://chzzk.naver.com/40261f9628063e1ce764bd09124c6ced,점술가 이꾼,284,2022-06-14,,2026-08-15 00:29:03,[v] 보스 트라이만 nnn번째...제발 좀 깨보자 좀,iggun0,https://www.fancity.io/city/3ynERv1TbAULlrxr150t,mysmallvtuber.net,2026-10-06T11:27:37Z
